$version
    FreeRTOS trace logger
$end
$timeScale 1us $end
$scope module task $end
$var wire 1 ! (0000)tick_event $end
$var wire 1 " (0001)Runner $end
$var wire 1 # (0002)IDLE0 $end
$var wire 1 $ (0003)IDLE1 $end
$var wire 1 % (0004)IDLE2 $end
$var wire 1 & (0005)IDLE3 $end
$var wire 1 ' (0006)Tmr_Svc $end
$var wire 1 ( (0007)CS $end
$var wire 1 ) (0008)CS $end
$var wire 1 * (0009)CS $end
$var wire 1 + (0010)CS $end
$var wire 1 , (0011)CS $end
$var wire 1 - (0012)CS $end
$var wire 1 . (0013)CS $end
$var wire 1 / (0014)CS $end
$var wire 1 0 (0015)CS $end
$var wire 1 1 (0016)CS $end
$var wire 1 ; (0026)MX $end
$var wire 1 < (0027)MX $end
$var wire 1 = (0028)MX $end
$var wire 1 > (0029)MX $end
$var wire 1 ? (0030)MX $end
$var wire 1 @ (0031)MX $end
$var wire 1 A (0032)MX $end
$var wire 1 B (0033)MX $end
$var wire 1 C (0034)MX $end
$var wire 1 D (0035)MX $end
$var wire 1 O (0046)SM $end
$var wire 1 P (0047)SM $end
$var wire 1 Q (0048)SM $end
$var wire 1 R (0049)SM $end
$var wire 1 S (0050)SM $end
$var wire 1 T (0051)SM $end
$var wire 1 U (0052)SM $end
$var wire 1 V (0053)SM $end
$var wire 1 W (0054)SM $end
$var wire 1 X (0055)SM $end
$var wire 1 c (0066)NC $end
$var wire 1 d (0067)NW $end
$var wire 1 e (0068)NW $end
$var wire 1 f (0069)NW $end
$var wire 1 g (0070)NW $end
$var wire 1 h (0071)NW $end
$var wire 1 i (0072)NW $end
$var wire 1 j (0073)NW $end
$var wire 1 k (0074)NW $end
$var wire 1 l (0075)NW $end
$var wire 1 m (0076)NW $end
$var wire 1 y (0088)EV $end
$var wire 1 z (0089)EV $end
$var wire 1 { (0090)EV $end
$var wire 1 | (0091)EV $end
$var wire 1 } (0092)EV $end
$var wire 1 ~ (0093)EV $end
$var wire 1 !! (0094)EV $end
$var wire 1 "! (0095)EV $end
$var wire 1 #! (0096)EV $end
$var wire 1 $! (0097)EV $end
$var wire 1 /! (0108)QP $end
$var wire 1 0! (0109)QP $end
$var wire 1 1! (0110)QP $end
$var wire 1 2! (0111)QP $end
$var wire 1 3! (0112)QP $end
$var wire 1 4! (0113)QC $end
$var wire 1 5! (0114)QC $end
$var wire 1 6! (0115)QC $end
$var wire 1 7! (0116)QC $end
$var wire 1 8! (0117)QC $end
$var wire 1 C! (0128)PS $end
$var wire 1 D! (0129)PF $end
$var wire 1 E! (0130)PF $end
$var wire 1 F! (0131)PF $end
$var wire 1 G! (0132)PF $end
$var wire 1 H! (0133)PF $end
$var wire 1 I! (0134)PF $end
$var wire 1 J! (0135)PF $end
$var wire 1 K! (0136)PF $end
$var wire 1 L! (0137)PF $end
$var wire 1 M! (0138)PF $end
$var wire 1 Y! (0150)IL $end
$var wire 1 Z! (0151)IH $end
$var wire 1 [! (0152)IM $end
$var wire 1 ^! (0155)SR $end
$var wire 1 _! (0156)SF $end
$var wire 1 `! (0157)SF $end
$var wire 1 a! (0158)SF $end
$var wire 1 b! (0159)SF $end
$var wire 1 c! (0160)SF $end
$var wire 1 d! (0161)SF $end
$var wire 1 e! (0162)SF $end
$var wire 1 f! (0163)SF $end
$var wire 1 g! (0164)SF $end
$var wire 1 h! (0165)SF $end
$upscope $end
$enddefinitions $end
$dumpvars
#1013461
0"
#1013501
0#
#1013539
0$
#1013576
0%
#1013614
0&
#1013627
#1013666
0'
#1013673
1#
#1013694
0#
#1013707
1"
#1013718
0$
#1013731
1'
#1013741
0&
#1013757
1#
#1013820
0'
#1013833
1$
#1013844
0%
#1013859
1&
#1014275
#1014320
#1014363
#1014386
#1014432
#1014520
0(
#1014611
0)
#1014689
1!
#1014690
0!
#1014695
#1014727
0*
#1014818
0+
#1014909
0,
#1015000
0-
#1015091
0.
#1015183
0/
#1015274
00
#1015365
01
#1015463
0"
#1015479
1(
#1015490
0$
#1015503
1)
#1015514
#1015524
#1015541
0&
#1015554
1*
#1015566
#1015583
0#
#1015598
1+
#1015609
#1015621
#1015631
#1015647
0(
#1015662
1,
#1015673
#1015691
0)
#1015705
1-
#1015716
#1015728
#1015738
#1015748
0*
#1015762
1.
#1015779
0+
#1015793
1/
#1015812
#1015822
#1015839
1!
#1015840
0!
#1015845
#1015922
0-
#1015934
10
#1016092
#1016101
0.
#1016113
11
#1016123
0/
#1016135
1(
#1016212
#1016222
0(
#1016235
1)
#1016246
0,
#1016258
1*
#1016275
0)
#1016290
1+
#1016307
0*
#1016321
1(
#1016339
0+
#1016353
1)
#1016483
0(
#1016496
1*
#1016507
01
#1016518
1+
#1016528
00
#1016540
1(
#1016550
0)
#1016565
1)
#1016575
0*
#1016589
1*
#1016606
0+
#1016621
1+
#1016632
#1016740
#1016763
0+
#1016778
1+
#1016789
#1016815
1!
#1016816
0!
#1016821
#1016832
0(
#1016846
1(
#1016871
0(
#1016885
1(
#1016963
#1017038
0+
#1017052
1+
#1017063
0(
#1017077
1(
#1017088
#1017100
0)
#1017114
1)
#1017145
0)
#1017159
1)
#1017238
#1017261
0*
#1017276
1*
#1017286
0+
#1017300
1+
#1017311
0)
#1017325
1)
#1017336
#1017348
0+
#1017362
1+
#1017374
#1017410
#1017433
#1017443
#1017454
#1017468
#1017477
0+
#1017491
1-
#1017502
0*
#1017516
1.
#1017534
#1017546
#1017556
#1017567
0-
#1017582
1+
#1017592
0(
#1017606
1*
#1017638
0*
#1017652
1-
#1017663
#1017737
#1017749
#1017765
0-
#1017780
1(
#1017850
#1017859
0)
#1017871
1*
#1017882
1!
#1017883
0!
#1017888
#1017906
0.
#1017920
1/
#1017938
0*
#1017952
1-
#1018029
0(
#1018043
1.
#1018113
0+
#1018124
1*
#1018135
0-
#1018149
1(
#1018159
0/
#1018171
1-
#1018181
0.
#1018195
1.
#1018219
0.
#1018234
1.
#1018245
#1018267
0(
#1018281
1,
#1018293
#1018305
#1018338
0,
#1018352
1(
#1018363
#1018377
#1018387
0-
#1018401
1,
#1018463
#1018480
#1018581
0,
#1018595
1-
#1018665
0(
#1018676
1,
#1018686
0-
#1018700
1-
#1018710
0*
#1018723
1%
#1018733
0,
#1018747
1,
#1018758
1!
#1018759
0!
#1018764
#1018790
#1018815
0%
#1018829
1(
#1018840
#1018852
0.
#1018867
1.
#1018884
0.
#1018898
1.
#1018909
#1018922
0.
#1018937
1.
#1018947
0-
#1018961
1-
#1018978
0,
#1018993
1,
#1019004
#1019027
#1019039
0,
#1019053
10
#1019078
#1019090
#1019104
#1019127
#1019136
0(
#1019151
1,
#1019161
00
#1019176
11
#1019187
#1019197
#1019206
0,
#1019221
1(
#1019232
#1019250
0(
#1019264
10
#1019274
01
#1019289
1,
#1019300
#1019317
00
#1019331
1(
#1019408
0(
#1019422
11
#1019446
0.
#1019458
10
#1019468
01
#1019483
1(
#1019560
#1019583
0-
#1019594
11
#1019606
#1019628
00
#1019642
1)
#1019653
#1019663
01
#1019677
1+
#1019688
#1019698
1!
#1019699
0!
#1019704
#1019716
#1019726
#1019745
#1019755
#1019781
0+
#1019795
10
#1019820
0)
#1019834
11
#1019964
0,
#1019975
1+
#1019986
#1020005
0(
#1020017
1)
#1020027
0+
#1020041
1+
#1020058
0)
#1020073
1)
#1020083
0+
#1020097
1+
#1020109
#1020122
0)
#1020136
1)
#1020146
00
#1020161
10
#1020178
00
#1020192
10
#1020203
#1020215
00
#1020230
10
#1020255
#1020269
#1020287
0)
#1020302
1)
#1020319
0)
#1020333
1)
#1020344
#1020358
0)
#1020372
1)
#1020382
0+
#1020396
1+
#1020414
0+
#1020428
1+
#1020439
#1020462
#1020485
#1020498
#1020508
#1020518
#1020528
0+
#1020542
1/
#1020567
#1020581
#1020593
#1020605
#1020614
0/
#1020628
1*
#1020639
0)
#1020653
1+
#1020684
01
#1020699
1/
#1020776
1!
#1020777
0!
#1020782
#1020793
0/
#1020807
1)
#1020877
0)
#1020890
11
#1020902
#1020924
0*
#1020935
1/
#1020946
#1020956
00
#1020967
1)
#1020978
01
#1020992
1.
#1021003
#1021014
#1021024
0/
#1021039
11
#1021056
01
#1021070
1/
#1021081
0)
#1021095
11
#1021120
0.
#1021134
1)
#1021212
#1021242
#1021254
#1021278
0+
#1021290
1.
#1021301
#1021315
#1021375
0/
#1021389
1-
#1021408
#1021420
#1021438
01
#1021453
1/
#1021464
#1021477
0/
#1021491
11
#1021502
0)
#1021516
1/
#1021526
0.
#1021541
1)
#1021551
0/
#1021565
1.
#1021576
0)
#1021590
1/
#1021607
01
#1021622
1)
#1021639
0)
#1021653
11
#1021664
#1021737
01
#1021752
1)
#1021762
0.
#1021776
1,
#1021787
1!
#1021788
0!
#1021793
#1021805
#1021817
#1021834
#1021910
0,
#1021923
11
#1021941
0-
#1021952
1.
#1021978
#1022058
#1022071
#1022083
#1022101
#1022125
#1022145
01
#1022160
1,
#1022170
0/
#1022184
1(
#1022195
0,
#1022209
11
#1022396
01
#1022410
1/
#1022420
0)
#1022431
1,
#1022442
0(
#1022454
11
#1022465
#1022477
0,
#1022491
1,
#1022501
01
#1022516
11
#1022547
0/
#1022561
1/
#1022579
#1022593
0/
#1022607
1/
#1022618
#1022640
0.
#1022654
1*
#1022689
1!
#1022690
0!
#1022694
#1022731
1!
#1022732
0!
#1022754
#1022766
#1022778
0*
#1022792
1.
#1022817
#1022827
0.
#1022841
1*
#1022852
#1022866
#1022876
0,
#1022890
1.
#1022959
#1022978
0*
#1022993
1,
#1023063
0,
#1023077
1*
#1023087
0.
#1023101
1,
#1023111
01
#1023123
1.
#1023133
0*
#1023148
1*
#1023165
0,
#1023179
1,
#1023190
#1023234
#1023264
#1023274
#1023339
#1023349
#1023360
#1023376
0/
#1023390
10
#1023401
#1023413
#1023425
#1023444
0,
#1023458
1+
#1023543
#1023563
00
#1023577
1/
#1023588
0*
#1023601
1,
#1023671
0,
#1023685
10
#1023695
0/
#1023709
1*
#1023719
0+
#1023730
1,
#1023741
0.
#1023752
1/
#1023763
00
#1023777
10
#1023788
1!
#1023789
0!
#1023794
#1023805
0*
#1023819
1*
#1023830
0/
#1023844
1/
#1023854
00
#1023869
10
#1023879
0,
#1023893
1,
#1023918
#1023941
#1023975
#1024039
0*
#1024054
1-
#1024064
00
#1024078
1*
#1024090
#1024102
#1024114
#1024137
0-
#1024152
10
#1024163
#1024173
#1024195
00
#1024209
1-
#1024227
#1024238
#1024252
#1024263
0,
#1024277
1(
#1024287
0-
#1024302
10
#1024312
0/
#1024326
1,
#1024338
#1024354
00
#1024368
1-
#1024378
0,
#1024393
1/
#1024410
0-
#1024424
10
#1024435
0/
#1024449
1,
#1024586
0(
#1024597
1-
#1024615
0*
#1024626
1/
#1024643
0/
#1024658
1/
#1024669
#1024703
#1024725
0,
#1024740
1)
#1024817
1!
#1024818
0!
#1024823
#1024835
0/
#1024846
1,
#1024858
#1024882
#1024898
0-
#1024913
1/
#1024924
#1024934
#1024964
#1024976
#1024988
#1024998
#1025010
00
#1025024
1-
#1025034
0)
#1025049
11
#1025067
#1025077
#1025097
0-
#1025111
10
#1025129
00
#1025144
1)
#1025220
0/
#1025234
1-
#1025304
0,
#1025315
10
#1025326
0-
#1025340
1/
#1025350
0)
#1025364
1-
#1025374
01
#1025386
1)
#1025396
0/
#1025411
1/
#1025428
00
#1025442
10
#1025452
0)
#1025467
1)
#1025484
0/
#1025498
1/
#1025509
#1025539
#1025640
#1025663
#1025672
0)
#1025684
1.
#1025695
#1025705
#1025715
1!
#1025716
0!
#1025721
#1025740
#1025751
#1025762
#1025781
#1025805
0.
#1025819
1+
#1025829
00
#1025844
1)
#1025862
0-
#1025876
1.
#1025954
#1025965
0/
#1025977
10
#1025988
0.
#1026002
1-
#1026019
00
#1026033
1.
#1026044
0-
#1026058
10
#1026128
0.
#1026142
1-
#1026152
00
#1026166
1.
#1026177
0+
#1026188
10
#1026221
#1026244
#1026308
0-
#1026322
1(
#1026332
0)
#1026347
1-
#1026358
#1026375
#1026387
#1026399
0(
#1026413
1)
#1026424
#1026448
#1026512
0)
#1026526
1(
#1026537
0-
#1026551
1)
#1026569
#1026589
0)
#1026603
1-
#1026613
0(
#1026628
1)
#1026711
00
#1026723
1(
#1026733
0-
#1026748
1-
#1026759
1!
#1026760
0!
#1026764
#1026776
0-
#1026790
1-
#1026801
#1026824
#1026837
0(
#1026852
1*
#1026869
0.
#1026883
1(
#1026894
#1026906
#1026929
#1026946
0*
#1026960
1.
#1026971
#1026984
#1026994
#1027010
0.
#1027025
1,
#1027036
#1027050
#1027066
0(
#1027080
1*
#1027092
#1027109
0*
#1027124
1.
#1027134
0,
#1027148
1(
#1027166
0.
#1027181
1*
#1027191
0(
#1027205
1,
#1027223
0*
#1027237
1.
#1027248
0,
#1027262
1(
#1027399
#1027422
0(
#1027435
1*
#1027445
0-
#1027457
1,
#1027467
0)
#1027479
11
#1027490
#1027500
#1027512
#1027536
#1027623
#1027636
0.
#1027648
1(
#1027658
0*
#1027673
1*
#1027690
0*
#1027704
1*
#1027715
#1027737
0,
#1027752
1/
#1027762
0*
#1027776
1,
#1027787
01
#1027801
1*
#1027812
#1027824
1!
#1027825
0!
#1027830
#1027841
0/
#1027855
11
#1027874
#1027891
#1027914
#1027926
01
#1027940
1/
#1027957
0/
#1027971
1+
#1027983
#1027997
#1028008
0,
#1028022
11
#1028033
#1028044
#1028053
01
#1028067
1/
#1028078
0+
#1028092
1,
#1028109
0,
#1028123
11
#1028141
0/
#1028156
1+
#1028233
#1028243
#1028277
#1028350
01
#1028364
1,
#1028374
0(
#1028385
1/
#1028396
0+
#1028410
11
#1028420
0*
#1028432
1+
#1028442
0,
#1028456
1,
#1028480
0+
#1028495
1+
#1028506
#1028529
#1028541
01
#1028555
10
#1028588
#1028599
#1028677
#1028700
00
#1028714
11
#1028725
#1028735
0/
#1028749
10
#1028760
0+
#1028774
1/
#1028784
01
#1028799
1+
#1028809
1!
#1028810
0!
#1028815
#1028827
00
#1028841
11
#1028852
#1028885
#1028908
#1028919
0/
#1028934
10
#1028944
0,
#1028958
1)
#1028970
#1028980
#1029000
00
#1029014
1/
#1029024
0+
#1029039
1,
#1029109
0/
#1029123
10
#1029133
0,
#1029147
1+
#1029157
0)
#1029169
1/
#1029194
#1029207
#1029236
#1029247
#1029267
00
#1029281
1,
#1029292
#1029303
0,
#1029318
1-
#1029328
01
#1029342
10
#1029353
0+
#1029367
1,
#1029392
#1029461
00
#1029475
11
#1029486
#1029495
0-
#1029507
1+
#1029517
01
#1029531
10
#1029543
#1029561
0+
#1029576
11
#1029586
00
#1029600
1+
#1029692
#1029715
01
#1029728
10
#1029739
0/
#1029750
1.
#1029761
1!
#1029762
0!
#1029767
#1029780
#1029798
#1029809
#1029823
#1029845
0.
#1029859
11
#1029869
0,
#1029884
1(
#1029895
#1029905
#1029916
#1029940
0(
#1029954
1.
#1029972
0.
#1029987
1,
#1029998
#1030007
0,
#1030021
1(
#1030033
#1030118
0+
#1030130
1.
#1030140
0(
#1030155
1,
#1030225
0,
#1030239
1(
#1030249
0.
#1030263
1,
#1030273
00
#1030285
1.
#1030310
#1030332
0(
#1030346
1*
#1030357
#1030378
#1030389
01
#1030404
1(
#1030414
0*
#1030428
11
#1030446
#1030459
#1030469
01
#1030483
1*
#1030501
#1030591
0(
#1030603
11
#1030614
#1030638
01
#1030652
1(
#1030670
0*
#1030685
11
#1030695
0.
#1030709
1*
#1030721
#1030733
1!
#1030734
0!
#1030739
#1030817
0*
#1030831
1.
#1030841
0,
#1030853
1*
#1030864
#1030893
0.
#1030907
1)
#1030925
#1030939
#1030951
#1030964
#1030973
0(
#1030988
1.
#1031006
#1031015
0)
#1031029
1(
#1031041
#1031060
0.
#1031075
1)
#1031093
0)
#1031107
1.
#1031117
0*
#1031132
1)
#1031209
0(
#1031222
1*
#1031234
#1031256
0)
#1031270
1(
#1031280
01
#1031292
1-
#1031303
#1031312
0*
#1031327
1)
#1031337
0(
#1031351
1*
#1031370
#1031381
#1031393
0*
#1031408
1(
#1031419
#1031435
0-
#1031449
1*
#1031461
#1031497
#1031527
#1031541
#1031552
0)
#1031566
1-
#1031577
0.
#1031591
1/
#1031602
#1031612
#1031623
#1031634
0-
#1031648
1+
#1031659
#1031670
#1031708
1!
#1031709
0!
#1031713
#1031843
0(
#1031855
1)
#1031873
0)
#1031886
1.
#1031897
0+
#1031909
1-
#1031979
0-
#1031992
1)
#1032003
0/
#1032017
1-
#1032027
0*
#1032039
1/
#1032056
0.
#1032070
1.
#1032081
0/
#1032095
1/
#1032106
#1032118
0/
#1032132
1/
#1032149
0.
#1032164
1.
#1032175
#1032202
0-
#1032216
1-
#1032227
#1032239
0-
#1032253
1-
#1032278
0)
#1032292
1)
#1032303
0-
#1032317
1-
#1032328
#1032400
#1032422
0.
#1032436
10
#1032454
#1032465
#1032487
#1032498
#1032516
00
#1032530
1.
#1032541
#1032552
0.
#1032567
1,
#1032578
#1032590
0)
#1032604
10
#1032615
#1032632
#1032715
00
#1032729
1.
#1032747
#1032821
1!
#1032822
0!
#1032827
#1032838
0,
#1032849
1)
#1032859
0-
#1032871
10
#1032882
0/
#1032896
1/
#1032906
0.
#1032920
1.
#1032931
0)
#1032945
1)
#1032955
00
#1032970
10
#1032980
0/
#1032994
1/
#1033018
0/
#1033033
1/
#1033044
#1033070
#1033092
0)
#1033107
11
#1033118
#1033132
#1033142
#1033153
00
#1033168
1)
#1033179
#1033189
#1033225
01
#1033239
10
#1033250
#1033261
00
#1033276
1(
#1033287
#1033306
#1033316
0.
#1033330
11
#1033348
#1033358
01
#1033372
10
#1033449
#1033470
0)
#1033484
1.
#1033494
00
#1033508
11
#1033518
0(
#1033530
1)
#1033541
0.
#1033555
10
#1033565
01
#1033580
1.
#1033590
0)
#1033604
11
#1033681
0/
#1033693
1)
#1033704
#1033716
0)
#1033730
1)
#1033755
#1033769
#1033798
01
#1033813
1+
#1033824
#1033846
0.
#1033860
11
#1033872
#1033883
1!
#1033884
0!
#1033889
#1033901
#1033911
#1033921
0+
#1033935
1*
#1033946
#1033957
#1033974
#1033992
0*
#1034007
1.
#1034098
01
#1034111
1+
#1034123
#1034134
0)
#1034146
1*
#1034157
0+
#1034171
11
#1034181
0*
#1034196
1+
#1034273
0+
#1034286
1*
#1034298
#1034311
0*
#1034325
1+
#1034335
00
#1034347
1*
#1034357
01
#1034371
11
#1034396
#1034430
#1034452
0.
#1034467
1,
#1034478
#1034492
#1034501
0*
#1034516
1.
#1034578
#1034588
#1034600
0.
#1034614
1*
#1034639
#1034658
#1034731
0+
#1034745
1.
#1034755
0*
#1034769
1+
#1034779
0,
#1034791
1*
#1034801
0.
#1034816
1.
#1034826
01
#1034840
11
#1034858
1!
#1034859
0!
#1034864
#1034875
0*
#1034889
1*
#1034901
#1034923
0+
#1034937
1-
#1034954
01
#1034969
1+
#1034980
#1035003
#1035015
#1035024
0+
#1035038
11
#1035049
#1035059
0-
#1035073
1(
#1035084
#1035095
#1035106
#1035116
0(
#1035130
1+
#1035236
#1035258
01
#1035272
1-
#1035334
0.
#1035345
1(
#1035357
#1035366
0-
#1035380
1/
#1035391
0(
#1035405
11
#1035416
#1035426
#1035465
0*
#1035480
1-
#1035550
#1035562
0+
#1035574
1(
#1035651
0(
#1035665
1*
#1035676
#1035689
0*
#1035703
1(
#1035714
0/
#1035725
1*
#1035736
0-
#1035750
1-
#1035760
01
#1035775
11
#1035786
1!
#1035787
0!
#1035791
#1035816
0*
#1035831
1*
#1035842
#1035854
01
#1035868
11
#1035908
#1035972
0-
#1035986
1-
#1035996
01
#1036011
11
#1036072
0-
#1036086
1-
#1036097
#1036109
0-
#1036124
1-
#1036148
#1036162
#1036186
#1036204
0*
#1036219
1)
#1036230
#1036260
#1036270
#1036284
#1036293
0(
#1036308
1*
#1036319
#1036337
0)
#1036351
10
#1036362
#1036373
0*
#1036388
1(
#1036398
01
#1036412
1)
#1036430
#1036440
0(
#1036454
1*
#1036464
0)
#1036479
11
#1036490
#1036499
01
#1036513
1(
#1036524
0*
#1036538
1)
#1036615
0)
#1036629
11
#1036646
01
#1036660
1*
#1036671
00
#1036682
1)
#1036700
1!
#1036701
0!
#1036706
#1036778
#1036800
0-
#1036812
11
#1036823
#1036847
#1036940
0(
#1036954
1,
#1036965
#1036990
#1036999
0)
#1037013
1(
#1037024
#1037049
01
#1037063
1)
#1037075
#1037097
0,
#1037111
11
#1037121
0)
#1037136
1.
#1037147
#1037159
#1037176
#1037245
#1037264
0.
#1037276
1,
#1037293
0*
#1037307
1)
#1037319
#1037332
0,
#1037346
1*
#1037364
0*
#1037378
1,
#1037389
01
#1037403
1*
#1037413
0,
#1037428
11
#1037438
0)
#1037452
1,
#1037463
01
#1037477
1)
#1037487
0*
#1037502
11
#1037585
0(
#1037597
1*
#1037608
#1037631
01
#1037645
1+
#1037663
#1037673
#1037685
#1037705
#1037715
1!
#1037716
0!
#1037721
#1037739
0+
#1037753
11
#1037786
#1037927
#1037937
#1037961
#1037971
0,
#1037985
1+
#1038002
0+
#1038016
1/
#1038027
#1038045
0*
#1038059
1,
#1038069
01
#1038084
1+
#1038154
0,
#1038167
1*
#1038178
0+
#1038192
11
#1038202
0/
#1038214
1,
#1038225
#1038237
0,
#1038251
1+
#1038268
01
#1038283
1,
#1038374
#1038387
0)
#1038399
11
#1038410
#1038422
01
#1038436
11
#1038454
#1038477
#1038491
#1038501
0*
#1038515
10
#1038525
0+
#1038540
1*
#1038558
#1038570
#1038582
0*
#1038596
1+
#1038606
00
#1038621
1*
#1038639
#1038649
#1038669
01
#1038684
10
#1038701
00
#1038716
11
#1038786
0+
#1038800
10
#1038810
0,
#1038822
1+
#1038832
0*
#1038847
1*
#1038857
01
#1038871
11
#1038881
00
#1038896
10
#1038906
0+
#1038920
1+
#1038938
01
#1038952
11
#1038963
#1038989
#1039019
1!
#1039020
0!
#1039025
#1039037
#1039057
00
#1039071
1-
#1039083
#1039106
#1039116
#1039139
#1039151
#1039161
#1039171
#1039181
0-
#1039195
10
#1039213
#1039223
#1039233
#1039251
01
#1039265
1.
#1039277
#1039301
0*
#1039316
1(
#1039393
00
#1039407
1-
#1039483
0.
#1039494
11
#1039505
0+
#1039517
1*
#1039527
0-
#1039541
10
#1039611
01
#1039625
1-
#1039635
00
#1039649
11
#1039660
0(
#1039671
10
#1039682
0*
#1039696
1*
#1039707
1!
#1039708
0!
#1039713
#1039724
0*
#1039738
1*
#1039749
0-
#1039763
1-
#1039780
01
#1039794
11
#1039806
#1039913
#1039937
01
#1039951
11
#1039963
#1039992
0*
#1040006
1/
#1040017
#1040030
#1040049
#1040066
#1040076
#1040096
0/
#1040110
1*
#1040128
0*
#1040143
1/
#1040204
0-
#1040218
1*
#1040288
0*
#1040302
1-
#1040313
#1040325
00
#1040337
1*
#1040347
0-
#1040361
1-
#1040386
#1040408
0/
#1040423
1)
#1040434
#1040448
#1040457
0-
#1040472
1/
#1040482
01
#1040496
1-
#1040508
#1040518
#1040536
0/
#1040550
11
#1040568
01
#1040582
1/
#1040667
#1040690
#1040702
0)
#1040716
11
#1040733
01
#1040747
1,
#1040758
#1040772
#1040783
0/
#1040797
1)
#1040808
#1040818
0*
#1040829
11
#1040840
0,
#1040854
1/
#1040865
1!
#1040866
0!
#1040871
#1040882
0/
#1040896
1,
#1040907
#1040931
#1040954
0)
#1040968
1/
#1040979
#1040991
#1041000
0/
#1041015
1.
#1041025
0,
#1041039
1)
#1041050
#1041060
0)
#1041074
1/
#1041172
0.
#1041184
1,
#1041195
#1041217
0-
#1041231
1)
#1041242
0,
#1041256
1+
#1041325
#1041337
#1041355
0+
#1041370
1-
#1041381
#1041450
0-
#1041464
1,
#1041475
#1041491
01
#1041503
1+
#1041527
0+
#1041542
1-
#1041560
0-
#1041574
1+
#1041719
#1041743
0+
#1041756
1-
#1041766
0/
#1041778
1+
#1041789
1!
#1041790
0!
#1041795
#1041813
0)
#1041827
1)
#1041838
#1041864
0)
#1041878
1)
#1041890
#1041903
0)
#1041917
1)
#1041927
0+
#1041942
1+
#1041960
#1041972
0,
#1041986
1,
#1041996
0+
#1042011
1+
#1042022
#1042057
0+
#1042072
1(
#1042083
#1042093
#1042158
#1042169
0-
#1042183
1+
#1042195
#1042212
#1042231
#1042261
#1042273
#1042286
0)
#1042301
1-
#1042311
0(
#1042325
10
#1042336
0,
#1042350
1)
#1042361
#1042377
0-
#1042392
1(
#1042403
#1042472
0(
#1042486
1,
#1042503
0)
#1042517
1-
#1042527
00
#1042539
1(
#1042549
0,
#1042563
1)
#1042574
0-
#1042588
1,
#1042598
0)
#1042613
1-
#1042623
0(
#1042637
1)
#1042662
#1042685
#1042696
0,
#1042711
1(
#1042722
#1042735
#1042752
#1042762
#1042782
0)
#1042796
1*
#1042815
1!
#1042816
0!
#1042821
#1042899
#1042918
0-
#1042929
1,
#1042940
0+
#1042954
1)
#1042979
#1042993
#1043015
0)
#1043030
1+
#1043091
0(
#1043105
1.
#1043116
#1043128
#1043137
0+
#1043152
1)
#1043169
0*
#1043183
1(
#1043194
#1043204
0(
#1043218
1+
#1043235
0)
#1043250
1*
#1043387
0*
#1043400
1(
#1043411
0.
#1043422
1)
#1043432
0+
#1043446
1*
#1043456
0,
#1043468
1+
#1043479
0(
#1043493
1(
#1043510
0*
#1043524
1*
#1043536
#1043570
#1043640
0+
#1043655
1+
#1043666
#1043678
0+
#1043692
1+
#1043703
#1043740
1!
#1043741
0!
#1043746
#1043758
#1043781
#1043795
#1043804
0+
#1043819
11
#1043829
0*
#1043843
1/
#1043854
#1043865
#1043875
#1043887
#1043905
0/
#1043919
1+
#1043929
01
#1043944
1*
#1043955
#1044039
#1044061
0*
#1044075
1/
#1044092
0)
#1044104
11
#1044115
#1044124
0/
#1044139
10
#1044150
#1044168
01
#1044182
1*
#1044193
#1044203
0*
#1044217
1/
#1044294
00
#1044305
11
#1044316
0(
#1044330
1*
#1044355
0/
#1044369
1(
#1044439
0(
#1044453
1/
#1044463
01
#1044477
1(
#1044488
0+
#1044499
11
#1044511
#1044539
0(
#1044554
1-
#1044565
#1044578
#1044596
0-
#1044610
1(
#1044621
#1044641
01
#1044656
1-
#1044667
#1044679
0-
#1044693
11
#1044711
#1044728
#1044742
1!
#1044743
0!
#1044748
#1044760
#1044772
01
#1044786
1-
#1044797
0(
#1044811
11
#1044828
0-
#1044843
1(
#1044853
01
#1044867
1-
#1044878
#1044895
#1044909
#1044944
#1045016
0-
#1045030
11
#1045041
0/
#1045055
1-
#1045065
0*
#1045077
1/
#1045087
0(
#1045101
1(
#1045118
0/
#1045133
1/
#1045143
0(
#1045157
1(
#1045169
#1045191
0-
#1045205
1.
#1045223
#1045235
#1045258
#1045267
0/
#1045282
1-
#1045292
0.
#1045306
1,
#1045318
#1045328
#1045337
0-
#1045352
1/
#1045377
#1045388
#1045411
#1045423
#1045433
#1045444
#1045460
01
#1045474
1.
#1045492
0.
#1045506
1-
#1045590
0(
#1045602
1)
#1045612
0,
#1045627
11
#1045692
1!
#1045693
0!
#1045697
#1045712
1!
#1045713
0!
#1045727
01
#1045741
1.
#1045765
0/
#1045776
1,
#1045787
0.
#1045801
11
#1045871
01
#1045885
1.
#1045895
0,
#1045909
11
#1045920
0)
#1045931
1,
#1045942
#1045978
0,
#1045993
10
#1046004
#1046014
#1046027
#1046045
00
#1046060
1,
#1046085
#1046099
#1046111
#1046128
0.
#1046142
10
#1046153
#1046166
00
#1046181
1.
#1046191
0,
#1046205
10
#1046223
00
#1046237
1,
#1046366
#1046378
0.
#1046392
10
#1046402
0-
#1046414
1.
#1046431
0,
#1046446
1,
#1046456
0.
#1046470
1.
#1046563
#1046592
00
#1046604
1+
#1046614
0,
#1046628
1,
#1046639
#1046650
#1046662
#1046685
0+
#1046699
10
#1046718
#1046730
#1046753
#1046763
1!
#1046764
0!
#1046769
#1046795
#1046806
01
#1046820
1+
#1046831
#1046842
#1046855
0+
#1046869
1*
#1046880
#1046890
0.
#1046904
11
#1046914
00
#1046929
1+
#1046946
01
#1046960
1.
#1046971
0+
#1046985
10
#1046995
0.
#1047010
11
#1047027
00
#1047041
1+
#1047125
01
#1047139
1.
#1047150
#1047229
0,
#1047240
10
#1047250
0.
#1047264
11
#1047276
#1047289
00
#1047303
1.
#1047320
0+
#1047334
10
#1047352
#1047374
0*
#1047386
1+
#1047404
#1047416
0+
#1047430
1(
#1047448
#1047458
#1047470
#1047493
#1047503
#1047519
0(
#1047534
1+
#1047545
#1047556
0+
#1047570
1/
#1047581
#1047592
#1047605
01
#1047619
1(
#1047636
0.
#1047651
1+
#1047675
0(
#1047689
11
#1047708
1!
#1047709
0!
#1047713
#1047774
1!
#1047775
0!
#1047797
01
#1047811
1.
#1047881
#1047903
0.
#1047917
1(
#1047927
0/
#1047939
11
#1047949
00
#1047961
1)
#1047972
#1047981
0(
#1047996
1.
#1048006
01
#1048020
1(
#1048032
#1048049
0)
#1048064
11
#1048075
#1048109
#1048174
#1048184
#1048196
0(
#1048210
1)
#1048242
0)
#1048256
1(
#1048267
#1048281
0.
#1048295
1)
#1048365
0)
#1048379
1.
#1048389
0(
#1048403
1)
#1048413
0+
#1048425
1(
#1048442
01
#1048457
11
#1048467
0(
#1048481
1(
#1048492
#1048518
01
#1048532
11
#1048544
#1048557
01
#1048571
11
#1048581
0)
#1048596
1)
#1048614
#1048643
0)
#1048657
1-
#1048668
#1048691
#1048703
#1048726
#1048736
#1048746
1!
#1048747
0!
#1048752
#1048764
#1048774
#1048798
#1048810
#1048821
0-
#1048836
1)
#1048846
0(
#1048860
1,
#1048871
#1048888
0)
#1048902
1*
#1048972
#1048982
0,
#1048994
1-
#1049004
0.
#1049018
1(
#1049042
0(
#1049057
1)
#1049074
0-
#1049089
1.
#1049225
0.
#1049238
1(
#1049250
#1049272
0*
#1049283
1-
#1049294
#1049304
01
#1049315
1.
#1049326
0(
#1049340
1/
#1049350
0-
#1049365
1(
#1049375
0.
#1049389
1-
#1049401
#1049412
#1049422
0/
#1049436
1.
#1049461
#1049509
#1049524
#1049602
0-
#1049616
1/
#1049627
#1049640
0/
#1049654
1-
#1049664
0.
#1049678
1/
#1049689
0)
#1049700
1.
#1049720
1!
#1049721
0!
#1049725
#1049777
1!
#1049778
0!
#1049792
0/
#1049806
1/
#1049816
0.
#1049831
1.
#1049841
0-
#1049855
1-
#1049874
#1049885
0-
#1049900
1-
#1049917
0.
#1049932
1.
#1050024
#1050055
#1050078
#1050100
0/
#1050115
10
#1050126
#1050135
0(
#1050150
1+
#1050161
#1050173
#1050183
#1050193
#1050210
#1050229
0+
#1050243
1/
#1050260
00
#1050274
1(
#1050292
0(
#1050307
1+
#1050318
#1050389
0+
#1050403
10
#1050473
0-
#1050484
1(
#1050495
00
#1050509
1+
#1050526
0(
#1050540
10
#1050550
0+
#1050564
1(
#1050574
0.
#1050586
1+
#1050596
00
#1050611
10
#1050643
#1050657
#1050737
0/
#1050751
1,
#1050762
#1050775
#1050866
1!
#1050867
0!
#1050871
#1050883
#1050908
#1050917
00
#1050931
1/
#1050948
0+
#1050963
10
#1050974
#1050985
00
#1050999
1+
#1051016
0/
#1051031
10
#1051042
#1051054
00
#1051068
1/
#1051138
0/
#1051152
10
#1051163
0(
#1051176
1/
#1051194
0,
#1051205
1(
#1051230
#1051253
#1051266
0(
#1051281
1*
#1051292
#1051302
#1051325
#1051335
#1051345
0+
#1051359
1(
#1051370
#1051389
#1051398
0(
#1051413
11
#1051423
0*
#1051437
1+
#1051455
#1051473
0+
#1051487
1(
#1051498
00
#1051512
1*
#1051596
01
#1051608
1+
#1051619
#1051631
0+
#1051645
10
#1051663
0*
#1051677
1+
#1051688
#1051768
00
#1051782
1*
#1051793
#1051815
0/
#1051827
10
#1051838
1!
#1051839
0!
#1051844
#1051856
#1051865
00
#1051880
1)
#1051890
0*
#1051904
10
#1051915
0(
#1051929
1*
#1051940
#1051964
#1051984
#1052016
0)
#1052031
1(
#1052102
#1052115
0+
#1052127
1)
#1052188
00
#1052202
10
#1052212
0)
#1052227
1)
#1052237
0(
#1052251
1(
#1052263
#1052275
0)
#1052289
1)
#1052306
00
#1052320
10
#1052332
#1052345
00
#1052359
10
#1052369
0*
#1052384
1*
#1052401
0*
#1052415
1*
#1052426
#1052455
0*
#1052470
1-
#1052481
#1052493
0(
#1052507
1*
#1052532
#1052542
#1052554
#1052577
#1052591
#1052600
0-
#1052615
1(
#1052626
#1052642
0)
#1052657
1.
#1052668
#1052691
#1052702
1!
#1052703
0!
#1052708
#1052720
#1052737
#1052755
#1052765
#1052783
0.
#1052797
1-
#1052807
0*
#1052822
1)
#1052847
0-
#1052861
1,
#1052871
0)
#1052886
1.
#1053022
0.
#1053035
1*
#1053045
0(
#1053057
1-
#1053127
00
#1053138
1)
#1053148
0*
#1053162
1.
#1053173
0,
#1053184
1*
#1053195
0)
#1053209
1)
#1053219
0-
#1053234
1-
#1053244
0.
#1053258
1.
#1053283
#1053295
0*
#1053309
1*
#1053327
#1053364
#1053374
#1053388
#1053408
#1053498
0-
#1053512
11
#1053524
#1053542
#1053566
0.
#1053580
1-
#1053591
0)
#1053605
1.
#1053676
#1053688
01
#1053700
1)
#1053710
0*
#1053724
1*
#1053735
0-
#1053749
1-
#1053760
1!
#1053761
0!
#1053766
#1053777
0*
#1053791
1*
#1053801
0-
#1053816
1-
#1053833
0)
#1053847
1)
#1053858
0*
#1053872
1*
#1053889
0)
#1053903
1)
#1053928
#1053951
#1053974
#1053988
#1054000
0.
#1054015
1/
#1054026
#1054036
#1054046
#1054065
#1054075
#1054099
#1054118
0/
#1054132
1+
#1054142
0*
#1054157
1.
#1054168
#1054247
0)
#1054261
1/
#1054272
0-
#1054283
1*
#1054353
0.
#1054367
1)
#1054378
0*
#1054392
1.
#1054402
0+
#1054414
1*
#1054424
0/
#1054438
1/
#1054449
0)
#1054463
1)
#1054473
0.
#1054488
1.
#1054498
0*
#1054512
1*
#1054537
#1054560
#1054572
0/
#1054586
1(
#1054605
#1054616
0)
#1054630
1/
#1054641
#1054662
#1054671
0*
#1054686
1)
#1054696
0(
#1054710
1*
#1054722
#1054739
#1054758
1!
#1054759
0!
#1054764
#1054783
#1054806
#1054817
#1054827
0*
#1054841
1(
#1054852
0.
#1054866
10
#1054877
#1054898
#1054967
0/
#1054981
1*
#1054998
00
#1055010
1.
#1055020
0*
#1055034
1/
#1055045
0.
#1055059
1*
#1055077
0(
#1055091
1.
#1055161
0.
#1055175
1(
#1055185
0/
#1055199
1.
#1055210
0)
#1055221
1/
#1055232
0(
#1055246
1(
#1055270
0/
#1055284
1/
#1055295
#1055322
#1055345
#1055359
#1055369
#1055398
0.
#1055413
1,
#1055424
#1055434
#1055453
#1055464
#1055475
#1055485
0*
#1055499
11
#1055524
#1055538
#1055549
0(
#1055563
1.
#1055587
0/
#1055602
1*
#1055612
0.
#1055626
1(
#1055637
0*
#1055651
1/
#1055721
0/
#1055735
1.
#1055745
0(
#1055759
1*
#1055769
0,
#1055781
1/
#1055851
0.
#1055865
1(
#1055875
0/
#1055889
1.
#1055900
01
#1055911
1/
#1055922
1!
#1055923
0!
#1055928
#1055946
0*
#1055961
1*
#1055972
#1056008
#1056019
#1056031
#1056063
#1056077
#1056088
0*
#1056102
1-
#1056112
0(
#1056127
1*
#1056195
0.
#1056209
1(
#1056220
#1056232
0*
#1056247
1.
#1056331
#1056353
0-
#1056365
1*
#1056376
#1056386
#1056400
0*
#1056414
1+
#1056425
#1056434
0/
#1056449
1*
#1056459
0.
#1056473
1/
#1056498
#1056517
#1056539
0/
#1056553
1.
#1056615
0(
#1056629
10
#1056640
#1056659
#1056668
0.
#1056683
1/
#1056752
0+
#1056766
1(
#1056777
00
#1056789
1.
#1056800
#1056810
1!
#1056811
0!
#1056815
#1056834
0(
#1056848
1+
#1056866
0+
#1056880
1(
#1056957
0/
#1056971
1+
#1056981
0*
#1056993
1/
#1057003
0(
#1057018
1(
#1057029
#1057047
0+
#1057062
1+
#1057080
#1057116
#1057130
#1057151
#1057235
#1057245
#1057269
0(
#1057283
1)
#1057300
0+
#1057314
1(
#1057326
#1057337
0.
#1057351
1+
#1057370
#1057382
0+
#1057396
1.
#1057406
0)
#1057421
1+
#1057491
0+
#1057505
1)
#1057515
0.
#1057529
1+
#1057539
0/
#1057551
1.
#1057575
0.
#1057589
1.
#1057601
#1057615
#1057637
0)
#1057651
1,
#1057661
0(
#1057676
1)
#1057687
#1057704
#1057716
#1057739
#1057749
#1057759
0)
#1057773
1(
#1057791
#1057801
1!
#1057802
0!
#1057807
#1057825
0(
#1057839
11
#1057850
#1057868
0,
#1057883
1)
#1057960
0.
#1057974
1(
#1057991
01
#1058003
1,
#1058013
0(
#1058027
1.
#1058038
0,
#1058052
1(
#1058063
#1058142
0+
#1058153
1,
#1058164
0.
#1058178
1.
#1058196
#1058209
0,
#1058224
1,
#1058234
0.
#1058248
1.
#1058259
#1058296
#1058390
#1058400
0)
#1058414
1-
#1058425
#1058449
0.
#1058463
1)
#1058474
#1058485
0,
#1058500
1.
#1058510
0)
#1058524
1,
#1058535
0-
#1058549
1)
#1058560
#1058573
#1058582
0)
#1058597
1-
#1058607
0,
#1058621
1)
#1058638
0-
#1058653
1,
#1058671
0,
#1058685
1-
#1058762
1!
#1058763
0!
#1058768
#1058779
0(
#1058791
1,
#1058802
#1058822
0-
#1058837
1-
#1058847
0.
#1058861
1.
#1058873
#1058909
#1058932
#1058942
#1058953
#1058963
#1058989
#1059001
#1059014
0,
#1059029
10
#1059039
0.
#1059053
1*
#1059064
0-
#1059078
1,
#1059089
#1059099
0,
#1059113
1.
#1059124
#1059142
0*
#1059157
1-
#1059181
0.
#1059196
1,
#1059325
0-
#1059339
1*
#1059349
00
#1059360
1.
#1059371
0)
#1059382
1-
#1059399
0-
#1059414
1-
#1059425
#1059447
0,
#1059461
1/
#1059472
0*
#1059486
1,
#1059498
#1059523
#1059546
#1059556
#1059566
#1059577
#1059595
0/
#1059610
1*
#1059621
#1059632
0*
#1059646
11
#1059663
0.
#1059678
1/
#1059689
#1059702
0/
#1059716
1*
#1059741
#1059751
1!
#1059752
0!
#1059757
#1059776
#1059855
01
#1059867
1.
#1059884
0.
#1059898
1/
#1059908
0,
#1059923
1.
#1059934
#1059947
0.
#1059961
1,
#1059972
0/
#1059986
1.
#1059996
0*
#1060011
1/
#1060095
0-
#1060106
1*
#1060117
#1060129
0*
#1060144
1*
#1060168
0,
#1060183
1,
#1060193
0*
#1060207
1*
#1060218
#1060232
0,
#1060246
1,
#1060256
0/
#1060270
1/
#1060294
0/
#1060309
1/
#1060320
#1060393
0/
#1060407
1+
#1060418
#1060429
#1060452
#1060464
#1060476
#1060487
#1060496
0+
#1060510
1/
#1060535
#1060545
#1060559
#1060577
0.
#1060592
1(
#1060602
0,
#1060616
1+
#1060634
#1060657
#1060677
#1060686
0(
#1060700
1.
#1060711
0+
#1060725
1,
#1060736
#1060746
1!
#1060747
0!
#1060752
#1060822
0,
#1060836
1)
#1060847
0.
#1060861
1(
#1060871
0*
#1060883
1+
#1060907
0(
#1060921
1,
#1060991
0+
#1061005
1.
#1061023
0,
#1061037
1(
#1061107
0(
#1061120
1+
#1061130
0)
#1061142
1,
#1061152
0.
#1061166
1(
#1061176
0/
#1061188
1.
#1061213
#1061247
#1061277
#1061291
#1061300
0(
#1061314
10
#1061326
#1061405
#1061415
0,
#1061426
1(
#1061451
#1061475
0(
#1061489
1,
#1061500
#1061520
#1061532
0+
#1061546
1(
#1061556
00
#1061571
1+
#1061588
0+
#1061602
10
#1061673
#1061686
00
#1061700
1+
#1061711
0,
#1061725
10
#1061735
0.
#1061747
1,
#1061757
0(
#1061771
1(
#1061782
0+
#1061796
1+
#1061807
1!
#1061808
0!
#1061813
#1061831
0,
#1061845
1,
#1061856
#1061885
00
#1061900
11
#1061911
#1061934
#1061943
0,
#1061958
10
#1061969
#1061981
#1061991
#1062001
#1062025
#1062043
01
#1062057
1-
#1062083
#1062154
0+
#1062168
1,
#1062245
0-
#1062256
11
#1062273
0(
#1062285
1+
#1062295
01
#1062310
11
#1062321
#1062344
#1062357
0+
#1062371
1*
#1062382
#1062392
01
#1062406
1+
#1062418
#1062429
#1062439
0*
#1062453
11
#1062463
0+
#1062478
1*
#1062509
00
#1062524
1+
#1062535
#1062547
0*
#1062561
10
#1062578
00
#1062593
1*
#1062604
#1062617
0*
#1062631
10
#1062701
00
#1062715
1*
#1062726
01
#1062739
10
#1062750
0,
#1062761
11
#1062779
1!
#1062780
0!
#1062785
#1062803
01
#1062817
11
#1062829
#1062840
01
#1062855
11
#1062880
#1062894
#1062917
#1062935
0+
#1062950
1)
#1062961
#1062984
#1062996
#1063013
#1063023
#1063044
#1063053
0)
#1063068
1+
#1063079
#1063091
#1063100
00
#1063114
1/
#1063125
0*
#1063139
1)
#1063163
0)
#1063177
10
#1063195
00
#1063209
1*
#1063279
0+
#1063293
1)
#1063363
0)
#1063377
10
#1063387
0/
#1063398
1+
#1063409
0*
#1063422
1)
#1063433
01
#1063445
1*
#1063455
00
#1063469
10
#1063486
0*
#1063501
1*
#1063512
#1063538
#1063568
#1063582
#1063592
0)
#1063606
1.
#1063617
#1063629
0+
#1063643
1)
#1063655
#1063664
0)
#1063678
1+
#1063696
1!
#1063697
0!
#1063702
#1063714
#1063733
#1063753
0.
#1063767
1)
#1063778
#1063801
#1063812
00
#1063827
1.
#1063837
0*
#1063851
1-
#1063863
#1063872
0)
#1063886
10
#1063903
0.
#1063918
1*
#1063988
0*
#1064001
1)
#1064013
#1064029
0-
#1064041
1.
#1064052
#1064081
0.
#1064095
1*
#1064106
#1064117
0*
#1064132
1(
#1064143
#1064160
#1064229
00
#1064243
1.
#1064260
0(
#1064271
1*
#1064357
#1064369
0)
#1064380
10
#1064398
00
#1064412
10
#1064423
#1064443
0*
#1064457
1*
#1064469
#1064491
0+
#1064505
1,
#1064515
0*
#1064530
1+
#1064548
#1064560
#1064572
0+
#1064586
1*
#1064597
#1064607
0,
#1064621
1+
#1064632
#1064641
0+
#1064656
1,
#1064681
#1064701
0,
#1064716
1+
#1064726
0*
#1064740
1,
#1064751
1!
#1064752
0!
#1064757
#1064768
0,
#1064783
1*
#1064867
#1064889
00
#1064901
1,
#1064912
#1064929
#1065024
#1065047
0.
#1065061
1/
#1065072
#1065082
0,
#1065096
1.
#1065107
#1065125
0.
#1065139
1,
#1065150
0/
#1065164
1.
#1065183
#1065261
0+
#1065275
1/
#1065286
0*
#1065297
1+
#1065309
#1065322
0.
#1065336
1.
#1065346
0,
#1065361
1,
#1065371
0/
#1065385
1/
#1065402
0,
#1065417
1,
#1065427
0/
#1065441
1/
#1065453
#1065475
0+
#1065489
11
#1065499
0,
#1065514
1+
#1065532
#1065543
0+
#1065557
1,
#1065568
01
#1065582
1+
#1065600
#1065613
#1065637
#1065647
#1065670
#1065693
#1065703
#1065713
#1065734
#1065744
#1065768
#1065780
#1065792
1!
#1065793
0!
#1065798
#1065816
0+
#1065831
11
#1065841
0,
#1065855
1-
#1065866
0/
#1065880
1(
#1065963
01
#1065977
1+
#1066047
0.
#1066058
1,
#1066069
0+
#1066083
1/
#1066093
0-
#1066105
11
#1066115
0,
#1066129
1+
#1066140
0/
#1066154
1,
#1066164
01
#1066179
1/
#1066249
0/
#1066263
11
#1066273
0,
#1066287
1/
#1066297
0(
#1066309
1,
#1066319
0+
#1066334
1+
#1066358
#1066395
#1066489
#1066507
#1066531
0+
#1066545
1)
#1066606
0,
#1066621
1+
#1066632
#1066644
#1066654
#1066673
0)
#1066687
1,
#1066712
#1066733
01
#1066747
1)
#1066766
1!
#1066767
0!
#1066771
#1066824
1!
#1066825
0!
#1066838
0,
#1066853
11
#1066923
0)
#1066937
1,
#1066948
#1066960
01
#1066974
1)
#1066984
0/
#1066996
11
#1067006
0,
#1067020
1,
#1067038
01
#1067052
11
#1067063
#1067076
0)
#1067091
1)
#1067108
0+
#1067122
1+
#1067133
#1067162
0+
#1067177
10
#1067188
#1067211
#1067230
#1067240
#1067249
00
#1067264
1+
#1067275
#1067288
#1067298
#1067322
#1067340
#1067361
0+
#1067375
1*
#1067386
01
#1067400
10
#1067410
0)
#1067425
1+
#1067508
0,
#1067520
11
#1067591
#1067613
00
#1067627
1)
#1067637
01
#1067651
1.
#1067661
0*
#1067673
10
#1067684
#1067696
1!
#1067697
0!
#1067702
#1067714
#1067723
0)
#1067738
11
#1067748
00
#1067762
1)
#1067773
#1067783
0.
#1067797
10
#1067808
0)
#1067822
1.
#1067847
#1067859
0.
#1067873
1)
#1067905
#1067927
01
#1067942
1.
#1067953
#1067967
#1067976
0.
#1067991
1-
#1068001
00
#1068015
11
#1068027
#1068088
#1068112
0-
#1068127
1.
#1068152
#1068297
0+
#1068308
10
#1068320
#1068333
0)
#1068344
1-
#1068355
01
#1068369
11
#1068379
00
#1068394
10
#1068405
#1068417
0-
#1068431
1-
#1068441
01
#1068456
11
#1068466
00
#1068480
10
#1068498
01
#1068512
11
#1068536
0-
#1068550
1-
#1068561
#1068584
#1068607
#1068628
#1068638
#1068649
#1068659
#1068685
#1068697
#1068707
0.
#1068721
1(
#1068731
01
#1068746
1/
#1068764
#1068782
1!
#1068783
0!
#1068788
#1068807
0(
#1068821
1.
#1068952
#1068965
0/
#1068976
11
#1068986
00
#1068998
1(
#1069008
0.
#1069023
1.
#1069033
0-
#1069047
1-
#1069058
01
#1069072
11
#1069082
0(
#1069097
1(
#1069107
0.
#1069121
1.
#1069132
0-
#1069146
1-
#1069156
01
#1069171
11
#1069181
0(
#1069195
1(
#1069212
0-
#1069227
1-
#1069238
#1069264
#1069294
#1069312
#1069326
#1069342
01
#1069356
1,
#1069368
#1069391
#1069460
#1069473
#1069482
0,
#1069497
11
#1069508
#1069527
#1069537
#1069557
0(
#1069571
1*
#1069589
01
#1069603
1,
#1069673
0-
#1069687
1(
#1069704
0.
#1069716
11
#1069726
0,
#1069741
1-
#1069752
1!
#1069753
0!
#1069757
#1069828
01
#1069842
1,
#1069853
0-
#1069867
11
#1069877
0*
#1069889
1-
#1069906
0(
#1069920
1(
#1069930
0-
#1069945
1-
#1069956
#1069985
0,
#1069999
1+
#1070011
#1070023
#1070035
#1070045
0(
#1070059
1,
#1070077
#1070108
#1070180
0+
#1070194
1(
#1070205
0-
#1070219
1+
#1070290
#1070309
01
#1070320
1-
#1070337
0+
#1070352
1+
#1070362
0-
#1070376
1-
#1070388
#1070401
0+
#1070415
1+
#1070425
0-
#1070440
1-
#1070450
0,
#1070464
1,
#1070482
#1070504
0,
#1070519
1)
#1070530
#1070540
#1070553
#1070570
#1070582
#1070595
0)
#1070610
1,
#1070620
0+
#1070634
1)
#1070651
0)
#1070666
1+
#1070751
#1070773
0,
#1070787
1)
#1070798
0(
#1070809
10
#1070820
1!
#1070821
0!
#1070826
#1070838
#1070850
#1070860
0)
#1070874
1,
#1070884
0+
#1070899
1)
#1070910
#1070933
00
#1070947
1+
#1070965
#1070987
0+
#1071001
10
#1071013
#1071025
#1071035
#1071047
00
#1071061
1/
#1071071
0-
#1071086
1+
#1071111
#1071190
0)
#1071204
10
#1071215
#1071238
#1071247
00
#1071261
1-
#1071272
0/
#1071283
1)
#1071295
#1071312
#1071322
#1071333
0-
#1071347
1.
#1071364
0)
#1071379
10
#1071397
0,
#1071411
1-
#1071555
#1071567
0.
#1071578
1)
#1071595
0)
#1071609
1,
#1071621
#1071634
0+
#1071646
1)
#1071656
0-
#1071670
1-
#1071681
0,
#1071695
1,
#1071712
0,
#1071726
1,
#1071738
#1071773
00
#1071788
1*
#1071799
#1071812
#1071824
#1071834
1!
#1071835
0!
#1071839
#1071858
#1071876
#1071955
#1071967
0,
#1071981
10
#1071992
0*
#1072006
1,
#1072023
0,
#1072038
1*
#1072049
#1072062
0*
#1072076
1,
#1072146
00
#1072160
1*
#1072171
0-
#1072184
10
#1072195
0,
#1072209
1-
#1072219
00
#1072233
1,
#1072243
0*
#1072257
10
#1072268
0)
#1072279
1*
#1072290
0-
#1072304
1-
#1072328
0-
#1072342
1-
#1072353
#1072373
#1072403
#1072413
#1072427
#1072450
#1072466
0*
#1072481
11
#1072499
#1072522
#1072534
#1072546
#1072556
#1072565
01
#1072579
1(
#1072591
#1072600
00
#1072614
1*
#1072626
#1072644
0*
#1072658
1/
#1072668
0(
#1072683
11
#1072708
#1072784
1!
#1072785
0!
#1072790
#1072801
0/
#1072813
10
#1072883
00
#1072897
1*
#1072915
01
#1072928
1(
#1072939
0,
#1072951
10
#1072961
0*
#1072975
11
#1072986
0(
#1073000
1*
#1073010
01
#1073025
1(
#1073035
00
#1073049
11
#1073127
#1073156
0-
#1073168
10
#1073179
#1073198
#1073216
#1073307
#1073331
0(
#1073345
1+
#1073356
#1073367
01
#1073381
1(
#1073466
#1073478
0+
#1073489
11
#1073507
01
#1073521
11
#1073532
#1073545
01
#1073560
11
#1073570
00
#1073584
10
#1073595
0*
#1073609
1*
#1073620
#1073639
0(
#1073653
1(
#1073664
#1073693
0(
#1073708
1.
#1073719
#1073732
0*
#1073746
1(
#1073757
00
#1073771
1*
#1073782
1!
#1073783
0!
#1073788
#1073799
0*
#1073813
10
#1073824
0(
#1073838
1*
#1073849
#1073859
00
#1073873
1(
#1073891
#1073910
#1073919
0.
#1073934
10
#1073952
#1073975
#1073987
00
#1074001
1.
#1074012
#1074024
#1074033
0.
#1074048
1)
#1074066
#1074076
#1074103
01
#1074117
10
#1074135
0*
#1074149
1.
#1074285
0.
#1074299
11
#1074309
0)
#1074321
1*
#1074332
#1074354
0(
#1074366
1.
#1074376
01
#1074390
1/
#1074401
0*
#1074415
11
#1074426
#1074443
#1074455
#1074464
0/
#1074479
1*
#1074489
01
#1074504
1/
#1074521
0/
#1074535
11
#1074554
#1074566
0*
#1074580
1/
#1074604
0/
#1074618
1*
#1074630
#1074644
#1074729
00
#1074741
1/
#1074751
0.
#1074765
1.
#1074776
1!
#1074777
0!
#1074782
#1074793
0.
#1074808
1.
#1074819
#1074832
0.
#1074846
1.
#1074863
01
#1074878
11
#1074889
#1074908
01
#1074922
11
#1074939
01
#1074953
11
#1074965
#1074985
0/
#1074999
1/
#1075010
#1075033
#1075056
#1075079
#1075089
#1075100
#1075110
#1075119
0/
#1075134
1,
#1075152
#1075163
#1075174
#1075185
0,
#1075199
1-
#1075209
01
#1075224
1+
#1075242
#1075260
0-
#1075275
1/
#1075345
#1075355
0.
#1075366
1,
#1075383
0,
#1075398
11
#1075423
0/
#1075437
1-
#1075566
01
#1075580
1,
#1075590
0+
#1075602
1/
#1075612
0*
#1075624
11
#1075641
01
#1075655
11
#1075666
#1075688
0-
#1075703
1)
#1075714
1!
#1075715
0!
#1075720
#1075732
#1075743
0,
#1075757
1-
#1075768
#1075778
0)
#1075792
1,
#1075802
0-
#1075817
1)
#1075828
#1075852
#1075864
0)
#1075878
1-
#1075984
01
#1075996
1)
#1076088
#1076112
0)
#1076126
11
#1076136
0-
#1076148
1)
#1076159
#1076252
0/
#1076264
1$
#1076275
0,
#1076289
1,
#1076300
#1076325
0$
#1076339
1-
#1076350
0,
#1076364
1,
#1076426
#1076438
01
#1076452
11
#1076469
0,
#1076484
1,
#1076494
01
#1076508
11
#1076519
#1076540
#1076552
0-
#1076567
1-
#1076578
#1076607
0-
#1076621
1(
#1076632
#1076643
#1076654
#1076668
#1076678
0)
#1076692
1-
#1076702
01
#1076717
1)
#1076734
0-
#1076748
11
#1076759
0)
#1076773
1-
#1076783
0(
#1076798
1)
#1076830
#1076853
1!
#1076854
0!
#1076858
#1076871
#1076881
#1076955
#1076965
#1076974
0)
#1076989
1(
#1077007
#1077017
#1077029
#1077047
0(
#1077061
10
#1077086
0,
#1077100
1.
#1077229
01
#1077243
1)
#1077267
00
#1077278
1(
#1077349
#1077371
0-
#1077382
1,
#1077393
#1077403
0(
#1077417
11
#1077427
0.
#1077439
1*
#1077449
0,
#1077463
1(
#1077475
#1077492
#1077510
0*
#1077524
1,
#1077543
#1077555
01
#1077569
1*
#1077639
0*
#1077653
11
#1077670
0)
#1077682
1*
#1077692
01
#1077706
11
#1077718
#1077731
1!
#1077732
0!
#1077737
#1077748
0,
#1077763
1,
#1077788
#1077881
0*
#1077895
1*
#1077905
0(
#1077919
1(
#1077929
0,
#1077942
1&
#1077952
0(
#1077966
1(
#1077984
#1078009
0&
#1078024
1,
#1078035
#1078047
0(
#1078061
1(
#1078071
01
#1078085
11
#1078103
01
#1078117
11
#1078128
#1078141
01
#1078156
11
#1078173
0*
#1078187
1*
#1078198
#1078227
0*
#1078242
1+
#1078253
#1078276
#1078289
#1078307
#1078318
#1078327
0+
#1078341
1*
#1078353
#1078363
#1078387
#1078406
#1078419
0(
#1078434
1/
#1078444
0*
#1078458
1+
#1078535
01
#1078547
1(
#1078557
0+
#1078571
1*
#1078648
0,
#1078662
1+
#1078673
#1078695
0/
#1078707
1,
#1078718
0(
#1078732
1-
#1078742
0+
#1078757
1(
#1078768
#1078778
1!
#1078779
0!
#1078784
#1078796
#1078805
0,
#1078819
1+
#1078838
#1078856
0-
#1078870
1,
#1078881
0(
#1078895
1-
#1078972
0-
#1078986
1(
#1078996
0*
#1079008
1-
#1079019
#1079031
0,
#1079045
1,
#1079077
#1079091
#1079114
#1079126
0-
#1079140
10
#1079159
#1079170
0+
#1079184
1-
#1079195
#1079216
#1079225
0(
#1079240
1+
#1079250
00
#1079264
1(
#1079276
#1079285
0(
#1079299
10
#1079310
#1079329
0+
#1079343
1(
#1079361
0(
#1079376
1+
#1079386
00
#1079400
1(
#1079484
0,
#1079496
10
#1079507
#1079529
0+
#1079543
1.
#1079554
00
#1079568
1+
#1079579
#1079589
#1079604
#1079621
0-
#1079636
10
#1079647
#1079670
#1079686
0.
#1079700
1-
#1079718
0-
#1079732
1)
#1079743
#1079755
#1079768
#1079784
0(
#1079798
1.
#1079875
0.
#1079889
1-
#1079900
#1079914
1!
#1079915
0!
#1079920
#1079931
0)
#1079943
1(
#1079953
0-
#1079968
1.
#1079978
00
#1079992
1-
#1080003
0(
#1080017
10
#1080027
0.
#1080042
1(
#1080060
#1080069
00
#1080083
1.
#1080094
0(
#1080108
10
#1080119
#1080156
#1080166
#1080178
#1080188
#1080207
0+
#1080221
1(
#1080387
#1080411
00
#1080425
11
#1080435
0-
#1080446
1+
#1080457
0(
#1080471
10
#1080495
0.
#1080509
1(
#1080580
#1080603
#1080615
01
#1080627
1.
#1080637
0+
#1080652
1/
#1080670
#1080680
#1080694
#1080703
0(
#1080718
1+
#1080728
0.
#1080742
1(
#1080753
1!
#1080754
0!
#1080759
#1080770
0(
#1080785
1.
#1080795
0+
#1080809
1(
#1080820
0.
#1080834
1+
#1080845
#1080863
0(
#1080878
1.
#1080970
#1080993
#1081005
#1081022
00
#1081033
1(
#1081045
#1081065
#1081075
0/
#1081089
1*
#1081099
0+
#1081114
1/
#1081132
#1081150
0/
#1081165
1+
#1081176
#1081249
0+
#1081263
1/
#1081273
0*
#1081288
1,
#1081298
0/
#1081313
1+
#1081324
#1081334
#1081352
0+
#1081366
1*
#1081377
#1081387
0*
#1081401
1/
#1081484
0,
#1081496
1+
#1081514
0.
#1081528
1*
#1081540
#1081618
0*
#1081632
1.
#1081643
#1081673
#1081682
0(
#1081694
1*
#1081704
0.
#1081719
1)
#1081730
1!
#1081731
0!
#1081735
#1081748
#1081759
#1081769
0)
#1081783
1.
#1081815
0.
#1081829
1)
#1081840
#1081912
0)
#1081926
1.
#1081936
0/
#1081951
1)
#1082022
#1082040
0)
#1082054
1/
#1082071
0+
#1082083
1)
#1082093
0/
#1082108
1/
#1082125
0/
#1082139
1/
#1082158
#1082223
#1082248
0*
#1082263
1*
#1082340
0*
#1082354
1*
#1082365
#1082395
0)
#1082410
1)
#1082420
0*
#1082434
1*
#1082446
#1082458
0.
#1082472
1.
#1082496
0.
#1082510
1.
#1082521
#1082535
#1082558
#1082580
0)
#1082595
1-
#1082606
#1082615
0.
#1082630
11
#1082641
#1082653
#1082663
#1082673
#1082690
#1082708
0-
#1082723
1)
#1082740
0)
#1082755
1.
#1082766
1!
#1082767
0!
#1082771
#1082798
#1082820
01
#1082834
1-
#1082897
#1082957
0-
#1082971
1)
#1082983
#1082994
#1083011
0)
#1083025
10
#1083235
0*
#1083246
11
#1083256
00
#1083267
1-
#1083278
0/
#1083292
1)
#1083302
0.
#1083314
1/
#1083324
01
#1083338
11
#1083355
0/
#1083370
1/
#1083380
01
#1083394
11
#1083406
#1083435
0/
#1083449
1,
#1083460
#1083472
0-
#1083486
1/
#1083511
#1083522
#1083541
#1083618
#1083642
0/
#1083656
1-
#1083673
01
#1083688
1/
#1083712
0,
#1083727
11
#1083738
1!
#1083739
0!
#1083743
#1083756
#1083767
01
#1083782
1,
#1083865
0,
#1083879
11
#1083891
#1083904
0)
#1083915
1,
#1083977
0,
#1083991
1,
#1084001
0-
#1084016
1-
#1084033
0-
#1084047
1-
#1084058
#1084070
0-
#1084084
1-
#1084102
01
#1084116
11
#1084141
#1084211
0,
#1084226
1,
#1084237
#1084260
#1084283
#1084296
#1084305
0,
#1084320
1(
#1084338
#1084348
#1084358
#1084375
#1084387
#1084398
0(
#1084412
1+
#1084429
0-
#1084444
1,
#1084462
0,
#1084476
1(
#1084553
#1084567
0(
#1084581
1-
#1084591
0/
#1084605
1,
#1084675
01
#1084686
1(
#1084703
0+
#1084715
1/
#1084725
0(
#1084740
1(
#1084750
0-
#1084764
1-
#1084781
0/
#1084796
1/
#1084806
0-
#1084820
1-
#1084832
#1084844
1!
#1084845
0!
#1084850
#1084868
0/
#1084882
1/
#1084894
#1084914
0(
#1084928
1(
#1084939
#1084962
#1084991
0(
#1085005
10
#1085017
#1085029
#1085040
#1085058
#1085068
#1085086
#1085100
#1085111
00
#1085125
1*
#1085135
0/
#1085150
1(
#1085161
#1085170
0(
#1085184
10
#1085275
0-
#1085289
1/
#1085359
0/
#1085373
1(
#1085383
00
#1085397
1-
#1085407
0,
#1085418
1/
#1085435
0-
#1085449
10
#1085461
#1085483
0*
#1085494
1-
#1085506
#1085515
0/
#1085529
1.
#1085540
0-
#1085554
1/
#1085565
#1085574
00
#1085589
1-
#1085600
#1085632
#1085655
0.
#1085669
10
#1085680
#1085692
#1085702
#1085715
#1085739
#1085752
0(
#1085766
1)
#1085784
0/
#1085798
1.
#1085822
0.
#1085837
1(
#1085848
1!
#1085849
0!
#1085854
#1085924
0(
#1085938
1/
#1085949
#1085961
0-
#1085973
1.
#1085983
0/
#1085998
1(
#1086068
0(
#1086082
1/
#1086092
0.
#1086106
1(
#1086116
0)
#1086128
1.
#1086159
0/
#1086174
1/
#1086265
0(
#1086278
1#
#1086363
#1086387
0.
#1086398
11
#1086409
0#
#1086424
1%
#1086435
#1086445
#1086457
#1086467
#1086492
01
#1086506
1(
#1086524
00
#1086537
11
#1086549
#1086561
0%
#1086575
10
#1086585
01
#1086600
11
#1086617
01
#1086632
11
#1086657
#1086680
00
#1086695
1.
#1086706
#1086724
0(
#1086739
10
#1086876
1!
#1086877
0!
#1086882
#1086893
0/
#1086905
1(
#1086915
00
#1086929
10
#1086939
0.
#1086952
1$
#1086962
0(
#1086976
1(
#1086993
0(
#1087007
1(
#1087018
#1087042
0$
#1087056
1+
#1087081
#1087091
#1087114
#1087125
#1087142
0+
#1087157
1*
#1087168
#1087187
#1087197
#1087281
#1087290
01
#1087304
1+
#1087314
00
#1087328
1.
#1087346
#1087358
0*
#1087370
11
#1087395
0+
#1087409
10
#1087420
#1087433
01
#1087448
1+
#1087518
00
#1087532
11
#1087542
0.
#1087556
10
#1087566
0+
#1087580
1.
#1087590
00
#1087604
1+
#1087615
0.
#1087629
10
#1087639
0(
#1087651
1.
#1087661
01
#1087675
11
#1087700
#1087713
1!
#1087714
0!
#1087719
#1087752
#1087765
0.
#1087779
1.
#1087790
0+
#1087804
1+
#1087822
#1087844
0+
#1087858
1,
#1087920
#1087931
#1087953
#1087964
#1087974
#1087993
#1088006
#1088017
0,
#1088031
1+
#1088049
#1088058
01
#1088073
1-
#1088083
0+
#1088097
1,
#1088115
#1088143
0,
#1088157
11
#1088167
00
#1088182
1+
#1088251
01
#1088265
1,
#1088335
0,
#1088349
10
#1088366
0.
#1088377
11
#1088388
0-
#1088399
1,
#1088410
00
#1088424
10
#1088435
#1088464
00
#1088478
1)
#1088490
#1088499
01
#1088513
10
#1088525
#1088544
#1088556
#1088586
#1088596
#1088613
#1088627
#1088639
#1088648
0,
#1088663
11
#1088673
0+
#1088687
1/
#1088711
0)
#1088726
1,
#1088744
1!
#1088745
0!
#1088750
#1088768
0,
#1088782
1+
#1088794
#1088805
0+
#1088820
1)
#1088949
0/
#1088961
1,
#1088978
00
#1088989
1+
#1089000
0,
#1089014
1,
#1089025
#1089038
0+
#1089053
1+
#1089063
01
#1089077
11
#1089095
01
#1089109
11
#1089120
#1089132
01
#1089146
11
#1089171
#1089185
#1089207
0)
#1089222
1*
#1089232
0+
#1089246
1)
#1089265
#1089276
#1089299
#1089310
#1089320
#1089330
#1089346
0*
#1089361
1+
#1089372
#1089383
0+
#1089397
1(
#1089414
01
#1089429
1*
#1089446
0*
#1089461
1+
#1089537
0)
#1089551
11
#1089562
0+
#1089576
1*
#1089646
0,
#1089657
1)
#1089667
01
#1089681
1+
#1089692
0(
#1089703
11
#1089714
0*
#1089728
1*
#1089753
#1089766
#1089788
1!
#1089789
0!
#1089794
#1089805
01
#1089820
1.
#1089845
#1089859
#1089871
#1089882
0)
#1089897
11
#1089922
#1089939
#1090017
#1090040
0.
#1090054
1)
#1090071
01
#1090086
1.
#1090103
0*
#1090118
11
#1090189
#1090201
0)
#1090215
1*
#1090225
0+
#1090237
1)
#1090247
0.
#1090261
1.
#1090278
0)
#1090293
1)
#1090303
0.
#1090317
1.
#1090336
#1090350
#1090372
0*
#1090386
1-
#1090396
01
#1090411
1*
#1090429
#1090441
#1090453
0*
#1090467
11
#1090477
0-
#1090492
1*
#1090517
#1090531
#1090553
0.
#1090567
1-
#1090578
#1090588
01
#1090602
1/
#1090613
#1090623
0-
#1090637
1.
#1090648
#1090658
#1090668
0.
#1090682
11
#1090693
#1090711
01
#1090725
1-
#1090736
1!
#1090737
0!
#1090742
#1090753
0-
#1090768
1.
#1090792
0.
#1090807
11
#1090884
0/
#1090898
1-
#1090915
0*
#1090927
1.
#1090938
#1091019
#1091029
#1091041
#1091071
#1091080
0)
#1091094
1/
#1091106
#1091117
0/
#1091132
10
#1091157
#1091175
#1091248
0-
#1091262
1,
#1091273
#1091282
01
#1091296
1)
#1091306
00
#1091318
1/
#1091336
#1091405
0/
#1091419
1-
#1091436
0,
#1091448
11
#1091458
0-
#1091472
1/
#1091483
01
#1091497
1-
#1091515
0-
#1091529
11
#1091546
0)
#1091561
1-
#1091572
#1091584
01
#1091598
1)
#1091675
0)
#1091689
11
#1091700
#1091714
1!
#1091715
0!
#1091720
#1091731
0.
#1091743
1)
#1091760
0/
#1091774
1/
#1091799
#1091812
#1091843
#1091852
0/
#1091866
1(
#1091884
#1091895
#1091916
#1091926
01
#1091941
1/
#1092002
0(
#1092016
11
#1092027
0/
#1092041
1(
#1092052
#1092072
01
#1092086
1/
#1092096
0(
#1092111
11
#1092195
#1092208
0-
#1092220
1(
#1092231
#1092253
01
#1092268
1+
#1092278
0(
#1092292
11
#1092304
#1092320
0)
#1092334
1(
#1092345
#1092368
#1092379
#1092396
0+
#1092411
1)
#1092422
#1092433
0)
#1092447
1*
#1092464
0/
#1092479
1+
#1092490
#1092502
0+
#1092516
1)
#1092541
#1092550
0)
#1092565
1/
#1092576
#1092590
#1092659
0(
#1092673
1+
#1092690
0*
#1092702
1)
#1092712
0+
#1092726
1(
#1092744
0(
#1092758
1+
#1092835
0/
#1092849
1(
#1092860
#1092872
0(
#1092886
1/
#1092897
1!
#1092898
0!
#1092903
#1092929
#1092943
#1092965
0+
#1092979
1(
#1092989
01
#1093001
10
#1093011
0/
#1093026
1+
#1093037
#1093054
#1093064
#1093087
#1093106
#1093115
00
#1093130
1/
#1093141
#1093153
#1093162
0)
#1093176
1,
#1093201
#1093213
0+
#1093227
10
#1093245
00
#1093260
1)
#1093277
0)
#1093291
1+
#1093369
#1093382
0(
#1093394
10
#1093404
0+
#1093418
1)
#1093429
0/
#1093443
1+
#1093513
00
#1093527
1/
#1093544
0,
#1093556
10
#1093566
0/
#1093580
1/
#1093592
#1093614
0)
#1093628
1.
#1093638
0/
#1093653
1)
#1093664
#1093688
#1093700
1!
#1093701
0!
#1093706
#1093733
#1093797
#1093808
#1093820
0)
#1093834
1/
#1093859
#1093883
0+
#1093898
1)
#1093968
0)
#1093982
1+
#1093993
#1094006
0.
#1094018
1)
#1094028
00
#1094042
10
#1094054
#1094076
0+
#1094090
1-
#1094100
0)
#1094115
1+
#1094126
#1094136
#1094147
0+
#1094161
1)
#1094173
#1094196
0-
#1094210
1+
#1094295
#1094308
#1094330
00
#1094344
1-
#1094354
0/
#1094366
1*
#1094384
#1094394
0-
#1094408
10
#1094419
#1094431
#1094440
00
#1094455
1-
#1094465
0*
#1094479
10
#1094497
0-
#1094511
1*
#1094529
0*
#1094543
1-
#1094628
#1094651
#1094664
0)
#1094675
1*
#1094686
0+
#1094700
11
#1094711
#1094724
#1094734
#1094746
1!
#1094747
0!
#1094752
#1094764
#1094773
0*
#1094788
1+
#1094813
#1094833
01
#1094848
1*
#1094858
0-
#1094872
11
#1094883
0+
#1094897
1-
#1094967
0-
#1094981
1+
#1094991
01
#1095005
1-
#1095016
00
#1095027
11
#1095045
0-
#1095059
1-
#1095069
01
#1095083
11
#1095095
#1095121
#1095150
0+
#1095164
1(
#1095176
#1095190
#1095202
#1095212
#1095224
0(
#1095238
1+
#1095249
#1095265
0*
#1095280
1(
#1095291
#1095318
01
#1095332
1*
#1095350
0*
#1095364
11
#1095375
#1095398
0(
#1095412
1*
#1095422
01
#1095437
1,
#1095448
#1095509
#1095520
0*
#1095534
1(
#1095546
#1095562
0,
#1095576
11
#1095593
01
#1095608
1*
#1095745
1!
#1095746
0!
#1095751
#1095769
0+
#1095780
1,
#1095791
0-
#1095803
11
#1095814
#1095836
0(
#1095850
1.
#1095860
0,
#1095875
1(
#1095893
#1095911
0.
#1095925
1,
#1095936
#1095949
#1095972
#1095981
0,
#1095996
1.
#1096014
#1096024
#1096033
0.
#1096048
1/
#1096059
#1096080
#1096091
0(
#1096105
1,
#1096131
#1096140
0/
#1096154
1.
#1096232
#1096251
0*
#1096263
1(
#1096273
0.
#1096288
1/
#1096305
0(
#1096319
1.
#1096330
0/
#1096344
1(
#1096355
#1096435
0,
#1096449
1/
#1096459
01
#1096471
1,
#1096482
#1096494
0/
#1096508
1/
#1096519
0,
#1096533
1,
#1096550
0,
#1096564
1,
#1096576
#1096589
0(
#1096603
1(
#1096620
0.
#1096635
1.
#1096646
#1096665
0.
#1096679
1.
#1096696
0.
#1096710
1.
#1096722
#1096748
0/
#1096763
1/
#1096774
#1096797
#1096820
#1096830
#1096853
#1096863
#1096873
0/
#1096887
1)
#1096898
1!
#1096899
0!
#1096904
#1096916
#1096926
#1096943
#1096955
#1096966
0)
#1096980
10
#1096991
#1097002
#1097042
0(
#1097056
1-
#1097132
0.
#1097144
1/
#1097154
00
#1097169
1)
#1097298
0/
#1097312
1(
#1097322
0-
#1097333
10
#1097344
0)
#1097357
1/
#1097368
0,
#1097380
1)
#1097390
0(
#1097404
1(
#1097414
00
#1097429
10
#1097446
0)
#1097460
1)
#1097471
0(
#1097485
1(
#1097495
00
#1097510
10
#1097528
#1097551
#1097563
#1097587
#1097602
#1097620
0)
#1097635
1+
#1097660
#1097725
#1097735
#1097747
0(
#1097762
1)
#1097786
#1097797
0)
#1097812
1(
#1097823
#1097843
0(
#1097857
1)
#1097867
0/
#1097882
1(
#1097893
1!
#1097894
0!
#1097899
#1097910
0(
#1097924
1/
#1097994
00
#1098008
1(
#1098018
0/
#1098032
10
#1098050
0+
#1098061
1/
#1098072
0)
#1098086
1)
#1098096
00
#1098111
10
#1098128
0/
#1098142
1/
#1098152
00
#1098167
10
#1098185
#1098208
#1098238
#1098250
#1098273
#1098283
#1098294
#1098304
#1098314
#1098338
#1098350
#1098362
#1098378
0)
#1098392
1*
#1098410
0(
#1098424
11
#1098435
#1098447
#1098460
00
#1098474
1.
#1098505
0/
#1098519
1)
#1098649
0)
#1098662
1(
#1098672
0*
#1098684
10
#1098694
01
#1098706
1/
#1098776
0(
#1098790
1)
#1098800
0/
#1098814
1(
#1098824
0.
#1098836
1/
#1098847
1!
#1098848
0!
#1098853
#1098864
0(
#1098878
1(
#1098889
0/
#1098903
1/
#1098913
00
#1098928
10
#1098945
0)
#1098959
1)
#1098969
00
#1098984
10
#1098995
#1099103
#1099133
0)
#1099147
1)
#1099159
#1099171
#1099200
0(
#1099215
1-
#1099226
#1099240
#1099252
#1099262
#1099274
00
#1099288
1(
#1099299
0-
#1099313
10
#1099324
#1099334
00
#1099348
1-
#1099373
#1099394
0)
#1099408
10
#1099418
0(
#1099433
1)
#1099443
0-
#1099457
1(
#1099527
00
#1099541
1-
#1099551
0)
#1099565
10
#1099576
0(
#1099590
1)
#1099607
0)
#1099621
1(
#1099632
#1099661
0/
#1099673
1)
#1099683
0-
#1099697
1,
#1099709
#1099732
#1099742
#1099759
1!
#1099760
0!
#1099764
#1099776
#1099787
#1099817
#1099828
#1099839
0,
#1099854
1-
#1099864
00
#1099878
1+
#1099889
#1099900
#1099910
#1099929
#1099960
#1100047
#1100060
0)
#1100072
1*
#1100082
0+
#1100096
1,
#1100107
0-
#1100121
10
#1100191
00
#1100205
1+
#1100215
0,
#1100229
1-
#1100239
0(
#1100251
10
#1100268
0+
#1100283
1,
#1100293
0-
#1100307
1+
#1100377
0+
#1100391
1-
#1100401
0,
#1100415
1+
#1100426
0*
#1100437
1,
#1100455
00
#1100469
10
#1100480
#1100588
#1100612
0-
#1100626
1-
#1100636
00
#1100650
10
#1100662
#1100674
0+
#1100688
1+
#1100706
1!
#1100707
0!
#1100711
#1100730
0+
#1100744
1+
#1100755
#1100768
0+
#1100783
1+
#1100793
0,
#1100807
1,
#1100825
#1100848
#1100860
0,
#1100874
11
#1100886
#1100896
#1100919
#1100936
#1100954
01
#1100968
1,
#1100979
#1100990
#1101002
#1101015
#1101025
0-
#1101039
1.
#1101050
0,
#1101064
11
#1101088
01
#1101102
1-
#1101172
00
#1101186
1,
#1101211
0-
#1101224
11
#1101294
0.
#1101306
10
#1101316
01
#1101330
1-
#1101340
00
#1101354
11
#1101365
#1101388
0-
#1101401
10
#1101412
0+
#1101424
1/
#1101442
#1101454
#1101466
#1101476
00
#1101490
1-
#1101508
#1101518
0/
#1101532
10
#1101646
#1101669
#1101743
0-
#1101757
1/
#1101769
#1101778
01
#1101792
1)
#1101803
1!
#1101804
0!
#1101809
#1101821
#1101839
0/
#1101853
1-
#1101865
#1101875
#1101894
0)
#1101908
11
#1101986
#1101999
01
#1102013
1/
#1102023
0,
#1102035
1)
#1102045
0-
#1102059
11
#1102077
01
#1102092
1-
#1102162
0/
#1102176
11
#1102186
00
#1102198
1/
#1102215
0)
#1102229
1)
#1102239
0-
#1102254
1-
#1102265
#1102295
#1102304
0)
#1102319
1(
#1102330
#1102343
#1102354
0-
#1102368
1)
#1102386
#1102395
0(
#1102410
1-
#1102449
#1102479
#1102594
0/
#1102608
1(
#1102620
#1102630
#1102642
#1102655
#1102671
0(
#1102685
1*
#1102703
#1102724
0)
#1102738
1/
#1102749
1!
#1102750
0!
#1102755
#1102766
0/
#1102781
1(
#1102857
01
#1102871
1)
#1102882
0-
#1102893
1/
#1102904
0(
#1102918
11
#1102928
0/
#1102943
1(
#1102953
01
#1102967
1/
#1103052
#1103074
0*
#1103086
11
#1103096
0)
#1103110
1.
#1103122
#1103134
#1103151
01
#1103165
1)
#1103176
#1103189
0)
#1103204
11
#1103215
#1103226
0(
#1103240
1)
#1103251
#1103290
#1103313
#1103325
0.
#1103339
1(
#1103356
0(
#1103370
1+
#1103382
#1103396
#1103407
01
#1103421
1.
#1103432
#1103501
0.
#1103515
1(
#1103525
0+
#1103539
11
#1103550
0/
#1103561
1.
#1103572
0(
#1103586
1+
#1103596
01
#1103611
1(
#1103622
#1103638
0.
#1103652
11
#1103664
#1103693
01
#1103707
1.
#1103717
0+
#1103732
1,
#1103743
#1103754
1!
#1103755
0!
#1103760
#1103772
0)
#1103786
11
#1103804
#1103880
#1103891
#1103919
0,
#1103931
1+
#1103942
#1103968
0+
#1103982
1)
#1103994
#1104007
0)
#1104021
10
#1104032
#1104044
#1104061
#1104130
0(
#1104144
1+
#1104161
00
#1104173
1)
#1104190
0)
#1104204
1(
#1104216
#1104227
0(
#1104242
1)
#1104267
#1104281
#1104293
0+
#1104307
1(
#1104325
0(
#1104339
1+
#1104356
0.
#1104371
1(
#1104382
#1104395
0+
#1104409
1.
#1104479
0.
#1104493
1+
#1104504
0)
#1104518
1.
#1104528
01
#1104540
1)
#1104557
0.
#1104571
1.
#1104581
0)
#1104596
1)
#1104607
#1104619
0)
#1104633
1)
#1104658
#1104672
#1104694
0+
#1104709
1-
#1104719
0(
#1104733
1+
#1104744
1!
#1104745
0!
#1104750
#1104762
#1104781
#1104790
0-
#1104805
1(
#1104816
#1104826
#1104862
0(
#1104876
1-
#1104887
#1104898
0-
#1104913
1*
#1104924
#1104947
#1104959
#1104969
#1104978
0.
#1104993
1(
#1105003
0*
#1105018
1-
#1105029
#1105039
#1105077
0(
#1105092
1/
#1105221
0-
#1105234
1.
#1105251
0)
#1105262
1*
#1105273
0+
#1105285
1(
#1105295
0.
#1105309
1-
#1105320
0*
#1105334
1.
#1105359
#1105433
#1105445
#1105456
#1105473
0.
#1105488
1*
#1105499
#1105512
0*
#1105527
1,
#1105538
#1105561
0-
#1105575
1.
#1105652
0/
#1105666
1*
#1105677
0,
#1105688
1-
#1105758
0-
#1105772
1/
#1105789
0(
#1105801
1-
#1105819
#1105831
0/
#1105845
1/
#1105856
1!
#1105857
0!
#1105862
#1105873
0/
#1105888
1/
#1105912
0-
#1105927
1-
#1106005
#1106042
0*
#1106057
1*
#1106067
0.
#1106081
1.
#1106092
#1106113
#1106209
#1106220
#1106243
0.
#1106257
10
#1106268
0/
#1106282
1.
#1106293
#1106305
#1106314
00
#1106329
1/
#1106339
0.
#1106353
10
#1106372
#1106391
0*
#1106405
1.
#1106416
00
#1106430
1*
#1106515
#1106528
0-
#1106539
10
#1106551
#1106573
0/
#1106587
11
#1106597
00
#1106612
1/
#1106623
#1106633
#1106644
0*
#1106659
10
#1106670
#1106686
0/
#1106700
1*
#1106718
01
#1106732
1/
#1106742
0*
#1106757
11
#1106767
1!
#1106768
0!
#1106773
#1106785
#1106797
01
#1106812
1*
#1106822
0/
#1106836
11
#1106868
01
#1106882
1/
#1106893
#1106974
#1106988
#1107010
00
#1107024
11
#1107036
#1107046
#1107058
#1107075
#1107085
#1107112
#1107124
#1107137
0/
#1107151
1)
#1107162
#1107172
0.
#1107186
1+
#1107196
01
#1107211
10
#1107235
00
#1107249
1/
#1107326
0+
#1107338
1.
#1107355
0/
#1107369
11
#1107439
0.
#1107453
10
#1107463
01
#1107477
1/
#1107547
0/
#1107561
1.
#1107571
0*
#1107582
11
#1107593
00
#1107606
1/
#1107617
0)
#1107629
10
#1107639
0.
#1107653
1.
#1107663
01
#1107678
11
#1107703
#1107732
1!
#1107733
0!
#1107738
#1107750
#1107844
#1107875
0/
#1107889
1,
#1107901
#1107923
#1107933
0.
#1107947
1/
#1107959
#1107970
#1107980
#1107991
#1108008
#1108021
#1108038
0,
#1108053
1(
#1108064
#1108077
00
#1108091
1.
#1108109
0/
#1108123
1,
#1108141
0.
#1108155
10
#1108232
00
#1108246
1/
#1108256
0,
#1108270
1.
#1108280
01
#1108292
10
#1108302
0/
#1108317
1,
#1108387
0,
#1108401
1/
#1108411
0.
#1108425
1,
#1108435
0(
#1108447
1.
#1108457
0/
#1108471
1/
#1108482
00
#1108496
10
#1108521
#1108551
#1108570
#1108601
#1108611
#1108695
#1108719
00
#1108733
1-
#1108744
#1108755
#1108764
0,
#1108778
1+
#1108790
#1108808
1!
#1108809
0!
#1108814
#1108826
#1108844
0-
#1108858
10
#1108944
#1108956
0+
#1108970
1,
#1108980
0.
#1108992
1-
#1109062
0,
#1109076
1+
#1109093
0-
#1109107
1,
#1109118
#1109131
0/
#1109143
1-
#1109153
0+
#1109167
1+
#1109178
00
#1109192
10
#1109202
0,
#1109217
1,
#1109227
0-
#1109241
1-
#1109252
0+
#1109266
1+
#1109276
00
#1109291
10
#1109308
00
#1109322
10
#1109333
#1109367
#1109438
0-
#1109452
1-
#1109464
#1109476
0-
#1109490
1-
#1109508
#1109537
0-
#1109551
1*
#1109562
#1109585
#1109597
#1109611
#1109622
#1109631
0*
#1109645
1-
#1109656
0+
#1109670
1)
#1109681
#1109691
#1109715
#1109727
1!
#1109728
0!
#1109733
#1109745
#1109767
00
#1109781
1*
#1109792
#1109804
#1109814
0*
#1109828
1+
#1109846
#1109855
0+
#1109870
11
#1109887
0)
#1109901
10
#1109926
00
#1109940
1*
#1109958
0*
#1109972
1+
#1110101
0+
#1110115
1)
#1110185
0)
#1110198
10
#1110208
01
#1110219
1*
#1110229
0,
#1110241
1+
#1110251
0-
#1110263
1)
#1110273
00
#1110287
10
#1110312
#1110342
#1110355
#1110379
#1110393
#1110403
0)
#1110417
1(
#1110427
0*
#1110442
1)
#1110460
#1110529
0(
#1110544
1*
#1110555
#1110633
0*
#1110647
1(
#1110664
0+
#1110676
1*
#1110686
0(
#1110701
1(
#1110712
#1110725
0(
#1110739
1(
#1110750
00
#1110764
10
#1110781
00
#1110796
10
#1110807
#1110819
00
#1110833
10
#1110858
#1110872
#1110895
#1110907
1!
#1110908
0!
#1110913
#1110931
0(
#1110946
1.
#1110957
#1110970
0*
#1110984
1(
#1110996
#1111007
0)
#1111021
1*
#1111031
0(
#1111046
1)
#1111056
0.
#1111070
1(
#1111082
#1111098
0(
#1111112
1.
#1111123
#1111145
0)
#1111160
1(
#1111170
0.
#1111184
1/
#1111196
#1111206
#1111216
#1111235
#1111266
#1111288
0/
#1111303
1)
#1111314
#1111385
#1111395
0)
#1111408
1.
#1111419
00
#1111431
1-
#1111441
0*
#1111455
1/
#1111467
#1111476
0.
#1111490
1)
#1111521
0/
#1111535
1*
#1111547
#1111570
#1111581
#1111651
#1111660
0-
#1111672
1.
#1111682
0*
#1111697
1/
#1111728
0(
#1111743
11
#1111813
#1111825
0)
#1111837
1*
#1111855
1!
#1111856
0!
#1111861
#1111872
0*
#1111886
1(
#1111904
#1111977
0.
#1111991
1*
#1112001
0/
#1112015
1.
#1112026
01
#1112037
1/
#1112048
0(
#1112062
1(
#1112086
0(
#1112100
1(
#1112112
#1112206
#1112229
0.
#1112244
1.
#1112254
0/
#1112268
1/
#1112285
0.
#1112300
1.
#1112311
#1112323
0*
#1112337
1*
#1112361
0*
#1112376
1*
#1112387
#1112416
#1112427
#1112441
#1112450
0(
#1112465
1,
#1112475
0*
#1112489
1(
#1112558
#1112570
#1112589
0(
#1112603
1*
#1112627
0.
#1112641
1(
#1112653
#1112676
#1112689
0(
#1112703
1.
#1112764
0.
#1112779
1+
#1112789
1!
#1112790
0!
#1112795
#1112807
#1112818
#1112829
0/
#1112843
1(
#1112854
#1112951
0+
#1112963
1.
#1112974
#1112996
0,
#1113011
1/
#1113073
#1113082
0/
#1113096
10
#1113108
#1113119
0.
#1113133
1,
#1113150
0*
#1113164
1/
#1113175
#1113185
0/
#1113199
1.
#1113209
0,
#1113224
1*
#1113308
00
#1113320
1/
#1113345
#1113358
#1113387
0*
#1113401
1,
#1113412
#1113425
0,
#1113440
1-
#1113501
0.
#1113515
1*
#1113526
#1113544
0*
#1113559
1,
#1113569
0-
#1113583
1.
#1113594
#1113664
#1113680
0(
#1113692
1*
#1113710
#1113797
#1113810
0/
#1113822
1-
#1113832
0,
#1113847
1,
#1113857
0.
#1113871
1.
#1113882
1!
#1113883
0!
#1113888
#1113899
0.
#1113914
1.
#1113931
0-
#1113945
1-
#1113955
0,
#1113970
1,
#1113981
#1114007
0-
#1114021
1-
#1114031
0,
#1114045
1,
#1114063
#1114094
#1114178
#1114201
#1114211
#1114235
0-
#1114249
1)
#1114266
0*
#1114281
11
#1114292
#1114304
#1114314
#1114332
0)
#1114346
1-
#1114357
#1114367
0.
#1114381
1*
#1114458
0*
#1114472
1)
#1114489
0)
#1114503
1.
#1114514
01
#1114525
1*
#1114537
#1114615
0,
#1114627
1)
#1114638
#1114651
0)
#1114666
1)
#1114676
0.
#1114690
1.
#1114701
0*
#1114715
1*
#1114725
0-
#1114740
1-
#1114751
1!
#1114752
0!
#1114756
#1114768
0-
#1114782
1-
#1114799
0-
#1114813
1-
#1114825
#1114861
#1114884
#1114896
0.
#1114911
1+
#1114929
#1114941
#1114951
#1114961
#1114971
#1114988
#1115002
#1115020
0+
#1115034
10
#1115052
0)
#1115067
1.
#1115077
0*
#1115091
1+
#1115228
0+
#1115241
1)
#1115251
0-
#1115263
1*
#1115280
00
#1115292
1+
#1115302
0)
#1115316
1)
#1115327
0*
#1115341
1*
#1115352
#1115364
0+
#1115378
1+
#1115389
0)
#1115403
1)
#1115413
0*
#1115428
1*
#1115460
#1115638
#1115662
0+
#1115676
1(
#1115686
0*
#1115698
1+
#1115709
#1115721
#1115731
0.
#1115745
1.
#1115756
#1115768
0.
#1115782
1.
#1115800
0(
#1115814
1(
#1115825
1!
#1115826
0!
#1115831
#1115842
0(
#1115856
1(
#1115866
0.
#1115881
1.
#1115892
#1115922
0(
#1115937
1*
#1115947
0+
#1115961
1(
#1115973
#1115996
#1116015
#1116026
#1116043
#1116074
#1116160
#1116184
0)
#1116198
1+
#1116268
0(
#1116282
1/
#1116292
0.
#1116304
1)
#1116314
0*
#1116328
1(
#1116347
#1116358
0+
#1116373
1*
#1116450
0)
#1116463
1+
#1116475
#1116488
0+
#1116502
1)
#1116512
0(
#1116526
1+
#1116536
0*
#1116550
1(
#1116561
0/
#1116572
1*
#1116583
0)
#1116597
1)
#1116614
0*
#1116629
1*
#1116640
#1116662
0(
#1116676
11
#1116694
1!
#1116695
0!
#1116700
#1116712
#1116742
#1116754
#1116764
#1116777
#1116786
01
#1116801
1(
#1116812
#1116822
#1116831
0(
#1116846
1,
#1116870
#1116884
#1116909
0+
#1116923
11
#1116941
01
#1116956
1(
#1117025
0)
#1117039
1+
#1117056
0,
#1117068
11
#1117079
0+
#1117093
1)
#1117103
01
#1117118
1+
#1117188
#1117211
0+
#1117224
11
#1117235
0*
#1117247
1-
#1117257
0)
#1117271
1+
#1117289
#1117300
#1117318
#1117329
#1117363
#1117435
01
#1117449
1)
#1117460
0-
#1117474
11
#1117484
0(
#1117496
1-
#1117506
0)
#1117520
1)
#1117532
#1117557
0-
#1117571
1-
#1117583
#1117596
0-
#1117610
1-
#1117620
0+
#1117635
1+
#1117653
#1117675
01
#1117689
10
#1117699
0+
#1117714
11
#1117725
#1117735
#1117748
1!
#1117749
0!
#1117754
#1117773
#1117783
#1117795
#1117815
01
#1117829
1+
#1117839
0-
#1117854
11
#1117939
#1117961
00
#1117975
1-
#1117985
0)
#1117997
1.
#1118008
0+
#1118022
10
#1118033
#1118044
0-
#1118059
1+
#1118070
#1118079
0.
#1118093
1-
#1118111
00
#1118125
1.
#1118136
#1118159
#1118169
#1118186
0-
#1118200
10
#1118211
#1118223
#1118232
0.
#1118247
1/
#1118257
01
#1118271
1-
#1118429
0/
#1118440
1.
#1118451
0+
#1118462
11
#1118474
#1118496
00
#1118510
1,
#1118520
01
#1118535
10
#1118545
0.
#1118559
11
#1118571
#1118588
01
#1118603
1.
#1118613
0,
#1118627
11
#1118639
#1118680
#1118694
#1118706
#1118725
1!
#1118726
0!
#1118730
#1118798
1!
#1118799
0!
#1118821
#1118830
01
#1118842
1,
#1118860
#1118883
0,
#1118898
11
#1118908
00
#1118922
1,
#1118933
0.
#1118947
10
#1118965
00
#1118979
1.
#1118991
#1119002
0.
#1119017
10
#1119087
0,
#1119101
1.
#1119118
00
#1119132
1,
#1119143
#1119156
0-
#1119168
10
#1119178
01
#1119192
11
#1119203
0.
#1119217
1.
#1119234
01
#1119249
11
#1119260
#1119289
01
#1119303
1*
#1119314
#1119344
#1119354
#1119366
#1119379
#1119389
#1119399
0*
#1119413
11
#1119438
#1119452
#1119470
#1119480
0,
#1119494
1(
#1119504
00
#1119519
1*
#1119537
#1119560
#1119571
0*
#1119585
1,
#1119597
#1119613
0(
#1119628
10
#1119697
0,
#1119711
1)
#1119722
0.
#1119734
1*
#1119745
#1119754
0*
#1119768
1(
#1119779
00
#1119793
1,
#1119811
1!
#1119812
0!
#1119817
#1119828
0,
#1119842
1*
#1119852
0(
#1119867
10
#1119944
0)
#1119955
1,
#1119973
#1120067
#1120081
#1120103
0*
#1120117
1(
#1120127
00
#1120141
1/
#1120152
#1120162
01
#1120174
1*
#1120185
#1120196
0*
#1120210
10
#1120220
0/
#1120235
1*
#1120245
0(
#1120260
1/
#1120277
#1120287
0/
#1120301
1(
#1120319
#1120331
0*
#1120346
1/
#1120370
0/
#1120384
1*
#1120395
#1120409
#1120443
#1120457
#1120479
0(
#1120493
1/
#1120504
00
#1120518
1+
#1120587
#1120599
#1120618
0+
#1120632
1(
#1120643
#1120712
0(
#1120726
10
#1120737
#1120753
0,
#1120765
1+
#1120782
0+
#1120796
1(
#1120814
0(
#1120829
1+
#1120840
1!
#1120841
0!
#1120845
#1120858
#1120930
0/
#1120944
1(
#1120955
0+
#1120968
1/
#1120979
0*
#1120991
1+
#1121001
00
#1121015
10
#1121039
00
#1121053
10
#1121065
#1121091
#1121113
0/
#1121128
1-
#1121139
#1121153
#1121163
#1121174
0+
#1121188
1/
#1121200
#1121209
0/
#1121223
1+
#1121234
0-
#1121248
1/
#1121281
#1121304
#1121326
0+
#1121340
1-
#1121402
#1121412
#1121421
0-
#1121436
1.
#1121447
#1121459
#1121469
#1121486
#1121505
0.
#1121519
1)
#1121529
0(
#1121544
1+
#1121627
0+
#1121641
1-
#1121711
0/
#1121722
1.
#1121740
0.
#1121754
1(
#1121765
1!
#1121766
0!
#1121770
#1121782
0)
#1121794
1+
#1121804
0-
#1121818
1.
#1121888
0(
#1121902
1-
#1121913
00
#1121924
1(
#1121949
#1121971
0.
#1121986
11
#1121997
#1122010
#1122026
0(
#1122040
1.
#1122051
#1122072
#1122083
#1122094
0-
#1122108
1(
#1122125
01
#1122139
1-
#1122157
0-
#1122172
11
#1122190
#1122268
01
#1122282
1-
#1122293
#1122307
#1122319
0.
#1122333
11
#1122343
0+
#1122355
1.
#1122372
01
#1122386
11
#1122397
0.
#1122411
1.
#1122428
0-
#1122443
1-
#1122453
0.
#1122467
1.
#1122485
#1122499
#1122521
0(
#1122536
1,
#1122547
#1122567
#1122584
0,
#1122599
1(
#1122610
#1122624
#1122647
#1122656
0(
#1122671
1,
#1122681
01
#1122696
1*
#1122707
#1122717
#1122727
1!
#1122728
0!
#1122733
#1122751
0,
#1122765
1(
#1122777
#1122795
#1122864
0-
#1122878
11
#1122895
0*
#1122907
1,
#1122917
01
#1122931
1-
#1122942
0(
#1122956
11
#1122966
0,
#1122981
1(
#1122999
0-
#1123013
1,
#1123023
01
#1123038
1-
#1123122
#1123144
0.
#1123156
11
#1123167
#1123180
#1123196
0-
#1123211
1/
#1123222
#1123236
#1123248
#1123257
0/
#1123271
1-
#1123282
0,
#1123296
1/
#1123328
0/
#1123342
1,
#1123353
#1123439
#1123453
#1123475
0,
#1123489
1/
#1123500
0(
#1123511
1)
#1123522
0-
#1123536
1,
#1123548
#1123559
#1123569
0/
#1123583
1-
#1123593
0)
#1123608
1/
#1123619
#1123628
0,
#1123643
1)
#1123667
0-
#1123681
1,
#1123706
0)
#1123720
1-
#1123790
0-
#1123804
1)
#1123815
#1123827
01
#1123839
1-
#1123850
#1123872
0)
#1123886
10
#1123897
1!
#1123898
0!
#1123903
#1123922
#1123934
#1123957
#1123967
#1123978
#1124001
00
#1124015
1)
#1124026
#1124044
0,
#1124058
1+
#1124077
#1124142
#1124152
#1124164
0/
#1124178
10
#1124202
00
#1124217
1,
#1124228
#1124255
0)
#1124270
1/
#1124399
0,
#1124413
10
#1124423
0+
#1124434
1)
#1124445
0-
#1124456
1,
#1124467
0/
#1124481
1/
#1124491
00
#1124506
10
#1124516
0)
#1124530
1)
#1124541
0,
#1124555
1,
#1124565
0/
#1124580
1/
#1124597
0)
#1124611
1)
#1124622
#1124649
#1124679
#1124689
#1124719
#1124733
#1124743
#1124753
1!
#1124754
0!
#1124759
#1124777
#1124788
#1124800
#1124818
0)
#1124833
1*
#1124844
#1124857
0,
#1124871
1.
#1124882
00
#1124896
1)
#1124907
#1124925
0)
#1124939
1,
#1124950
0*
#1124964
10
#1125048
0,
#1125062
1)
#1125073
00
#1125086
1*
#1125097
0.
#1125109
1,
#1125119
0)
#1125133
10
#1125144
0*
#1125158
1)
#1125235
0,
#1125249
1*
#1125260
#1125272
0*
#1125286
1,
#1125311
#1125325
#1125347
0)
#1125361
1*
#1125371
0/
#1125383
1(
#1125393
00
#1125407
1)
#1125419
#1125436
#1125446
#1125472
#1125484
#1125497
0,
#1125512
10
#1125529
0)
#1125543
1,
#1125554
0*
#1125568
1)
#1125638
0)
#1125652
1*
#1125662
0,
#1125676
1)
#1125686
0(
#1125698
1,
#1125715
0,
#1125730
1,
#1125741
#1125763
0*
#1125777
11
#1125796
#1125807
#1125819
01
#1125834
1*
#1125851
1!
#1125852
0!
#1125857
#1125869
#1125889
0,
#1125904
11
#1125915
#1125938
#1125947
0*
#1125962
1,
#1125972
01
#1125986
1-
#1125998
#1126008
#1126017
0,
#1126031
1*
#1126057
#1126068
#1126091
#1126103
#1126113
#1126124
#1126140
00
#1126154
11
#1126172
01
#1126186
1,
#1126263
0,
#1126277
1+
#1126287
0)
#1126299
10
#1126317
00
#1126331
11
#1126407
0-
#1126421
1,
#1126439
0*
#1126450
10
#1126462
#1126473
00
#1126488
1-
#1126572
#1126586
0+
#1126597
10
#1126608
0-
#1126622
1-
#1126633
#1126662
0-
#1126676
1.
#1126688
#1126697
01
#1126711
1-
#1126723
#1126735
1!
#1126736
0!
#1126741
#1126760
#1126772
#1126786
#1126802
00
#1126816
11
#1126828
#1126839
01
#1126854
10
#1126878
0.
#1126892
11
#1126903
#1126916
01
#1126931
1.
#1126949
00
#1126963
11
#1126973
0-
#1126988
10
#1126998
0.
#1127012
1-
#1127029
0-
#1127044
1.
#1127115
#1127137
0.
#1127151
1-
#1127161
0,
#1127173
1/
#1127183
00
#1127198
1.
#1127209
#1127218
0-
#1127232
10
#1127251
#1127262
#1127275
#1127284
0/
#1127299
1-
#1127337
#1127360
#1127372
#1127382
#1127396
01
#1127410
1/
#1127421
#1127444
#1127454
#1127464
0.
#1127478
1(
#1127495
0/
#1127510
11
#1127521
#1127532
01
#1127546
1)
#1127557
#1127654
0-
#1127668
1.
#1127694
1!
#1127695
0!
#1127699
#1127753
1!
#1127754
0!
#1127768
0)
#1127779
1/
#1127789
0.
#1127803
11
#1127814
0/
#1127828
1-
#1127898
0(
#1127909
1.
#1127919
0-
#1127933
1/
#1127944
0.
#1127957
1-
#1127975
00
#1127986
1.
#1127997
01
#1128011
11
#1128021
0-
#1128036
1-
#1128061
#1128084
#1128118
#1128182
#1128208
01
#1128222
1*
#1128300
#1128325
#1128335
#1128346
0-
#1128361
11
#1128371
0/
#1128385
1-
#1128396
01
#1128410
1/
#1128421
#1128431
0/
#1128445
11
#1128456
#1128475
0*
#1128489
1/
#1128507
01
#1128522
1*
#1128592
0/
#1128605
11
#1128623
0.
#1128634
1/
#1128652
0*
#1128666
1*
#1128683
0*
#1128697
1*
#1128709
#1128732
#1128754
1!
#1128755
0!
#1128760
#1128772
#1128792
0-
#1128807
1+
#1128818
#1128828
#1128838
#1128850
#1128862
0+
#1128876
1,
#1128888
#1128898
#1128924
#1128945
#1128954
0*
#1128969
1-
#1129045
0-
#1129059
1+
#1129077
0+
#1129091
1*
#1129101
0,
#1129115
1-
#1129185
0-
#1129199
1+
#1129209
0*
#1129222
1,
#1129233
01
#1129244
1-
#1129254
0+
#1129268
1*
#1129279
0/
#1129290
1+
#1129301
0,
#1129315
1,
#1129339
0,
#1129353
1,
#1129364
#1129383
0*
#1129397
1*
#1129415
#1129445
#1129456
#1129479
#1129493
#1129503
#1129522
0+
#1129536
1)
#1129547
#1129565
0-
#1129579
1(
#1129590
#1129605
#1129615
#1129626
0,
#1129640
1+
#1129658
#1129727
0+
#1129741
1-
#1129758
0(
#1129770
1,
#1129781
1!
#1129782
0!
#1129786
#1129798
0,
#1129812
1+
#1129830
0+
#1129844
1,
#1129855
0-
#1129869
1+
#1129946
0*
#1129958
1-
#1129969
#1129991
0)
#1130005
10
#1130016
0-
#1130030
1)
#1130040
0,
#1130055
1-
#1130066
#1130078
#1130095
#1130105
#1130124
0)
#1130138
1,
#1130163
00
#1130177
1)
#1130188
#1130269
#1130282
0)
#1130296
10
#1130308
#1130317
0-
#1130331
1.
#1130343
#1130353
#1130371
00
#1130385
1)
#1130418
#1130429
0.
#1130444
1-
#1130520
0-
#1130534
10
#1130545
#1130559
00
#1130573
1.
#1130643
0.
#1130656
1-
#1130666
0)
#1130680
10
#1130690
0+
#1130701
1.
#1130712
0,
#1130723
1)
#1130741
1!
#1130742
0!
#1130747
#1130758
0)
#1130773
1)
#1130784
#1130796
0)
#1130810
1)
#1130827
0-
#1130842
1-
#1130852
0.
#1130866
1.
#1130884
#1130905
#1130928
#1130958
#1130967
00
#1130982
1/
#1130993
#1131006
#1131017
#1131028
#1131037
0/
#1131051
11
#1131062
#1131080
#1131098
01
#1131112
10
#1131136
00
#1131151
1/
#1131162
#1131183
0.
#1131197
11
#1131267
0/
#1131281
10
#1131351
01
#1131364
1.
#1131374
0)
#1131386
1/
#1131396
00
#1131410
11
#1131420
0/
#1131434
10
#1131445
0-
#1131456
1/
#1131467
0.
#1131481
1.
#1131498
0.
#1131512
1.
#1131524
#1131546
01
#1131560
1(
#1131578
#1131590
#1131602
0(
#1131616
11
#1131641
#1131655
#1131667
0/
#1131682
1(
#1131705
0(
#1131720
1/
#1131731
1!
#1131732
0!
#1131737
#1131749
#1131758
0/
#1131772
1(
#1131784
#1131807
#1131817
#1131837
01
#1131851
1/
#1131862
0(
#1131876
1*
#1131887
#1131905
0/
#1131919
11
#1131930
00
#1131944
1(
#1131955
#1132032
#1132044
01
#1132057
1/
#1132082
0*
#1132093
10
#1132104
#1132115
#1132129
#1132151
00
#1132165
11
#1132176
0(
#1132190
1,
#1132201
#1132218
#1132238
#1132247
01
#1132261
10
#1132338
00
#1132352
1(
#1132370
0(
#1132384
11
#1132394
0.
#1132406
10
#1132416
0,
#1132430
1(
#1132515
#1132538
#1132550
0(
#1132564
1,
#1132581
0,
#1132595
1+
#1132606
#1132620
#1132631
00
#1132645
1(
#1132655
0/
#1132667
1,
#1132678
#1132695
0,
#1132709
10
#1132720
#1132729
0+
#1132744
1,
#1132754
00
#1132769
1+
#1132793
#1132805
0+
#1132820
10
#1132838
1!
#1132839
0!
#1132844
#1132863
#1132886
#1132900
#1132909
00
#1132924
1+
#1132934
0,
#1132948
1)
#1133010
#1133021
#1133039
0)
#1133053
10
#1133138
#1133160
0+
#1133174
1,
#1133185
#1133196
0(
#1133208
1)
#1133219
#1133229
0,
#1133243
1-
#1133253
0)
#1133268
1+
#1133279
#1133288
01
#1133303
1,
#1133341
0,
#1133355
1)
#1133426
#1133438
00
#1133450
11
#1133527
01
#1133540
1,
#1133552
#1133572
0-
#1133583
11
#1133594
0)
#1133608
1)
#1133618
0+
#1133633
1+
#1133644
#1133666
01
#1133680
1*
#1133698
#1133709
#1133721
#1133745
#1133764
0*
#1133778
11
#1133789
#1133869
0)
#1133883
1*
#1133893
0+
#1133907
1)
#1133917
0,
#1133929
1+
#1133940
0*
#1133954
1*
#1133965
1!
#1133966
0!
#1133971
#1133982
0*
#1133996
1*
#1134007
#1134026
0)
#1134040
1)
#1134058
0)
#1134072
1)
#1134083
#1134103
0+
#1134117
1+
#1134128
01
#1134142
11
#1134153
#1134176
#1134189
#1134213
#1134223
#1134245
01
#1134260
1.
#1134271
#1134292
#1134302
#1134313
0*
#1134327
1/
#1134338
#1134349
#1134367
0.
#1134381
11
#1134399
01
#1134413
1*
#1134431
0*
#1134445
1.
#1134456
0/
#1134470
11
#1134540
0.
#1134554
1*
#1134571
0)
#1134583
1/
#1134653
0/
#1134666
1.
#1134678
#1134700
0+
#1134712
1/
#1134722
0*
#1134736
1(
#1134747
#1134757
0/
#1134771
1*
#1134782
#1134794
#1134804
0(
#1134818
1/
#1134843
#1134873
#1134884
#1134894
0.
#1134908
1(
#1134919
#1134931
01
#1134946
10
#1134956
1!
#1134957
0!
#1134962
#1134974
#1135005
#1135026
0/
#1135040
1.
#1135050
0(
#1135065
11
#1135201
0*
#1135213
1/
#1135224
#1135236
0/
#1135249
1(
#1135267
00
#1135279
1/
#1135289
01
#1135303
11
#1135313
0(
#1135328
1(
#1135339
#1135359
0/
#1135373
1/
#1135384
01
#1135398
11
#1135423
#1135446
#1135539
0.
#1135553
1-
#1135564
#1135589
#1135598
01
#1135612
1.
#1135623
#1135634
0(
#1135649
11
#1135659
0-
#1135673
1(
#1135685
#1135694
0.
#1135708
1-
#1135726
1!
#1135727
0!
#1135732
#1135751
0-
#1135765
1.
#1135775
01
#1135790
1-
#1135860
0-
#1135874
11
#1135884
0.
#1135898
1-
#1135908
0/
#1135920
1.
#1135938
#1135958
01
#1135972
11
#1136057
#1136087
0-
#1136102
1-
#1136120
#1136143
#1136165
0(
#1136179
1,
#1136190
#1136201
#1136214
#1136225
#1136236
#1136246
#1136270
#1136288
0,
#1136302
1)
#1136327
#1136460
0-
#1136473
1(
#1136483
01
#1136495
1,
#1136505
0.
#1136519
1-
#1136529
0)
#1136541
1.
#1136551
0(
#1136566
1(
#1136576
0,
#1136590
1,
#1136601
0-
#1136615
1-
#1136625
0.
#1136640
1.
#1136650
0(
#1136664
1(
#1136675
0,
#1136689
1,
#1136706
0.
#1136720
1.
#1136744
0-
#1136759
1-
#1136770
1!
#1136771
0!
#1136775
#1136788
#1136888
#1136912
0.
#1136926
1.
#1136938
#1136960
0,
#1136974
1+
#1136985
#1136998
#1137010
#1137033
#1137043
#1137053
#1137077
0+
#1137091
1,
#1137102
#1137113
0,
#1137127
10
#1137139
#1137152
0(
#1137166
1+
#1137177
#1137187
0+
#1137201
1,
#1137218
0.
#1137232
1(
#1137250
0(
#1137264
1+
#1137282
0,
#1137296
1.
#1137426
0+
#1137439
1(
#1137450
00
#1137461
1,
#1137471
0-
#1137483
1+
#1137493
0.
#1137508
1.
#1137525
0.
#1137539
1.
#1137550
#1137572
0(
#1137587
1*
#1137605
#1137617
#1137629
0*
#1137643
1(
#1137668
#1137682
#1137694
0+
#1137708
1*
#1137732
0*
#1137746
1+
#1137757
1!
#1137758
0!
#1137763
#1137775
#1137785
0+
#1137799
1*
#1137810
#1137833
#1137843
#1137864
0(
#1137878
1+
#1137888
0*
#1137903
1/
#1137914
#1137932
0+
#1137946
1(
#1137956
0,
#1137971
1*
#1137982
#1138058
#1138070
0(
#1138084
1+
#1138108
0/
#1138120
1,
#1138131
#1138141
#1138155
#1138177
0,
#1138192
1(
#1138202
0*
#1138216
11
#1138228
#1138245
#1138264
#1138274
0(
#1138288
1,
#1138365
0,
#1138378
1*
#1138396
0*
#1138410
1(
#1138421
0.
#1138432
1,
#1138443
01
#1138457
1*
#1138542
#1138565
#1138576
0*
#1138590
11
#1138608
01
#1138621
1)
#1138633
#1138647
#1138658
0,
#1138672
1*
#1138682
0+
#1138694
11
#1138705
#1138714
0)
#1138729
1,
#1138739
01
#1138753
1)
#1138764
#1138774
0)
#1138788
11
#1138820
1!
#1138821
0!
#1138826
#1138838
0,
#1138852
1)
#1138863
#1138875
0)
#1138889
1,
#1138914
#1138937
#1138951
#1139011
01
#1139026
1)
#1139037
#1139046
0,
#1139061
1-
#1139079
#1139104
0-
#1139119
11
#1139189
#1139208
0*
#1139220
1,
#1139230
01
#1139244
1-
#1139269
#1139283
#1139305
0-
#1139320
11
#1139381
0)
#1139395
10
#1139406
#1139418
#1139428
01
#1139442
1-
#1139459
0(
#1139473
1)
#1139485
#1139494
0)
#1139508
11
#1139540
0-
#1139554
1(
#1139565
#1139690
#1139700
#1139711
0(
#1139726
1)
#1139737
#1139747
1!
#1139748
0!
#1139753
#1139771
0,
#1139785
1-
#1139810
0)
#1139824
1/
#1139835
#1139927
01
#1139939
1(
#1139950
#1139963
0(
#1139977
1,
#1139988
0-
#1140002
1)
#1140132
0,
#1140145
1(
#1140155
0/
#1140167
1-
#1140191
0-
#1140205
1,
#1140215
00
#1140227
1-
#1140238
#1140261
#1140274
#1140291
#1140301
#1140321
0(
#1140335
1.
#1140347
#1140358
0,
#1140372
1(
#1140382
0)
#1140397
1,
#1140407
0-
#1140421
1)
#1140506
#1140518
0.
#1140529
1-
#1140547
0(
#1140561
1(
#1140571
0)
#1140586
1)
#1140604
#1140617
0(
#1140631
1(
#1140642
0)
#1140656
1)
#1140667
#1140704
#1140727
#1140739
#1140749
0,
#1140763
1+
#1140781
#1140791
#1140808
1!
#1140809
0!
#1140814
#1140826
#1140836
#1140848
#1140867
#1140880
0+
#1140894
1*
#1140905
0-
#1140919
1,
#1140937
0,
#1140951
1+
#1141028
0)
#1141042
1-
#1141112
0(
#1141123
1,
#1141133
0-
#1141147
1)
#1141158
0+
#1141171
1-
#1141182
0*
#1141194
1+
#1141204
0)
#1141218
1)
#1141229
0,
#1141243
1,
#1141253
0-
#1141267
1-
#1141278
0+
#1141292
1+
#1141309
0)
#1141324
1)
#1141342
#1141365
#1141399
#1141463
#1141480
0-
#1141494
11
#1141505
#1141518
#1141528
#1141551
#1141577
#1141586
01
#1141600
1-
#1141612
#1141624
#1141637
0,
#1141651
1/
#1141662
#1141685
0+
#1141700
11
#1141770
1!
#1141771
0!
#1141776
#1141787
0/
#1141799
1,
#1141817
0-
#1141831
1+
#1141841
0,
#1141856
1-
#1141866
01
#1141880
1,
#1141950
0+
#1141964
11
#1141975
0-
#1141989
1+
#1141999
0,
#1142013
1-
#1142023
0+
#1142037
1,
#1142047
0)
#1142059
1+
#1142069
01
#1142084
11
#1142109
#1142122
#1142158
#1142168
#1142182
#1142192
0,
#1142206
10
#1142217
#1142251
#1142263
#1142277
#1142300
#1142311
01
#1142325
1,
#1142335
0+
#1142350
1.
#1142360
0,
#1142374
11
#1142386
#1142395
00
#1142409
1+
#1142426
01
#1142441
1,
#1142452
#1142461
0,
#1142476
10
#1142493
0+
#1142507
11
#1142644
01
#1142658
1,
#1142668
0.
#1142679
1+
#1142697
0-
#1142708
11
#1142719
0+
#1142733
1+
#1142744
#1142773
00
#1142787
1(
#1142799
#1142812
#1142823
1!
#1142824
0!
#1142829
#1142847
0(
#1142861
10
#1142873
#1142886
00
#1142900
1(
#1142917
0+
#1142932
10
#1142943
#1142966
#1142982
0(
#1142996
1+
#1143008
#1143019
0+
#1143034
1*
#1143045
#1143055
#1143072
#1143084
#1143098
#1143114
00
#1143129
1(
#1143146
0(
#1143161
1+
#1143237
0+
#1143251
10
#1143262
0*
#1143275
1(
#1143361
#1143373
01
#1143384
1+
#1143409
#1143423
#1143445
0,
#1143457
1*
#1143467
00
#1143482
1/
#1143492
0(
#1143506
10
#1143517
0*
#1143531
1(
#1143542
#1143554
#1143563
0(
#1143578
1*
#1143588
00
#1143602
1(
#1143614
#1143623
0*
#1143637
10
#1143648
0/
#1143662
1*
#1143679
0(
#1143693
1/
#1143726
1!
#1143727
0!
#1143731
#1143744
#1143766
0/
#1143780
1(
#1143849
#1143859
#1143872
#1143891
#1143913
0+
#1143927
1)
#1143938
#1143952
#1143963
#1143974
0*
#1143988
1/
#1143999
#1144008
0/
#1144023
1.
#1144033
0)
#1144048
1+
#1144071
0+
#1144086
1*
#1144097
#1144114
0*
#1144128
1/
#1144278
0.
#1144290
1)
#1144300
0(
#1144312
1+
#1144323
#1144401
0+
#1144415
1*
#1144427
#1144440
0*
#1144454
1+
#1144464
0/
#1144478
1*
#1144488
00
#1144500
1/
#1144510
0)
#1144525
1)
#1144542
0/
#1144556
1/
#1144566
0)
#1144581
1)
#1144592
#1144621
0/
#1144635
1-
#1144646
#1144680
#1144745
#1144756
#1144766
0)
#1144781
1/
#1144792
#1144804
0-
#1144818
1)
#1144829
1!
#1144830
0!
#1144835
#1144846
0)
#1144861
1-
#1144885
0-
#1144899
1)
#1144910
#1144924
#1144946
0+
#1144961
1-
#1144972
#1144981
0)
#1144995
1,
#1145007
#1145016
0-
#1145030
1+
#1145042
#1145060
0,
#1145074
1)
#1145085
#1145176
0+
#1145190
1-
#1145266
0*
#1145278
1,
#1145295
0/
#1145307
1+
#1145318
#1145330
0+
#1145344
1+
#1145361
0,
#1145375
1,
#1145387
#1145410
#1145423
0,
#1145437
11
#1145448
#1145459
#1145470
0-
#1145484
1,
#1145495
#1145519
#1145549
#1145561
#1145573
01
#1145587
1-
#1145597
0)
#1145612
1.
#1145629
0-
#1145643
11
#1145654
#1145668
01
#1145682
1)
#1145700
#1145709
0,
#1145724
1-
#1145794
#1145804
1!
#1145805
0!
#1145810
#1145828
0-
#1145842
11
#1145852
0)
#1145866
1,
#1145877
0.
#1145888
1-
#1145899
01
#1145913
1)
#1145923
0,
#1145938
11
#1145970
#1146043
0)
#1146057
1,
#1146069
#1146081
#1146092
#1146103
0,
#1146117
1(
#1146135
#1146159
#1146239
01
#1146253
1)
#1146323
0(
#1146334
1,
#1146344
0-
#1146356
11
#1146373
01
#1146388
11
#1146399
#1146428
01
#1146442
10
#1146452
0+
#1146467
11
#1146478
#1146497
#1146508
#1146520
#1146549
#1146559
00
#1146573
1+
#1146584
#1146601
#1146615
#1146626
#1146643
0+
#1146658
1*
#1146676
0,
#1146690
10
#1146700
0)
#1146715
1+
#1146784
00
#1146798
1,
#1146809
1!
#1146810
0!
#1146815
#1146833
01
#1146845
1)
#1146855
0,
#1146870
10
#1146880
0+
#1146894
1,
#1146964
0,
#1146978
1+
#1146988
00
#1147002
1,
#1147013
0*
#1147024
10
#1147035
0)
#1147049
1)
#1147073
0)
#1147087
1)
#1147098
#1147140
#1147211
0,
#1147225
1,
#1147286
0,
#1147300
1,
#1147312
#1147324
0,
#1147338
1,
#1147356
#1147386
#1147396
#1147461
#1147471
#1147483
00
#1147497
1/
#1147522
#1147541
#1147555
#1147577
0+
#1147591
10
#1147602
0)
#1147616
1.
#1147627
#1147646
#1147655
00
#1147670
1+
#1147740
#1147750
0/
#1147763
1)
#1147774
0.
#1147786
10
#1147803
0+
#1147817
1/
#1147836
1!
#1147837
0!
#1147842
#1147853
0)
#1147867
1+
#1147937
0+
#1147951
1)
#1147961
00
#1147975
1+
#1147986
0,
#1147997
10
#1148008
0/
#1148022
1/
#1148032
0)
#1148047
1)
#1148064
0/
#1148078
1/
#1148089
#1148126
#1148149
#1148183
#1148248
#1148258
#1148268
#1148278
#1148296
#1148308
#1148326
0+
#1148341
1(
#1148352
#1148363
0/
#1148377
1-
#1148387
00
#1148402
1+
#1148426
0+
#1148440
1/
#1148511
#1148531
0/
#1148545
10
#1148555
0)
#1148569
1+
#1148639
0+
#1148652
1/
#1148663
00
#1148676
1)
#1148686
0(
#1148698
1+
#1148708
0-
#1148720
10
#1148730
0/
#1148744
1/
#1148762
0)
#1148776
1)
#1148787
1!
#1148788
0!
#1148793
#1148812
#1148824
00
#1148838
10
#1148849
#1148871
0)
#1148885
11
#1148910
#1148924
#1148937
#1148946
0+
#1148961
1)
#1148972
#1148991
#1149015
#1149037
01
#1149051
1+
#1149062
#1149074
#1149083
0+
#1149098
1*
#1149109
#1149123
#1149132
00
#1149147
11
#1149157
0/
#1149171
1+
#1149195
01
#1149210
10
#1149220
0+
#1149234
1/
#1149304
00
#1149318
11
#1149328
0/
#1149342
1+
#1149428
#1149450
0*
#1149461
10
#1149471
01
#1149485
1/
#1149495
0)
#1149507
1.
#1149518
00
#1149532
11
#1149542
0/
#1149557
10
#1149568
#1149593
#1149606
#1149629
#1149638
0.
#1149653
1/
#1149671
#1149681
#1149691
#1149718
01
#1149732
1,
#1149744
#1149754
#1149765
1!
#1149766
0!
#1149771
#1149782
0+
#1149797
1.
#1149808
#1149834
0.
#1149848
11
#1149865
01
#1149879
1+
#1149891
#1149963
0/
#1149977
1.
#1149995
0.
#1150009
11
#1150019
0,
#1150031
1/
#1150101
0/
#1150115
1.
#1150125
0+
#1150139
1/
#1150150
00
#1150161
1+
#1150172
01
#1150186
11
#1150203
0+
#1150217
1+
#1150229
#1150247
0/
#1150262
1/
#1150368
#1150392
0+
#1150406
1+
#1150417
#1150439
0.
#1150453
1-
#1150465
#1150478
#1150490
#1150512
#1150523
#1150533
#1150556
0-
#1150570
1.
#1150582
#1150592
0.
#1150607
1(
#1150618
#1150631
01
#1150645
1-
#1150657
#1150666
0-
#1150680
1.
#1150697
0+
#1150712
11
#1150730
1!
#1150731
0!
#1150735
#1150754
0.
#1150769
1-
#1150898
01
#1150912
1+
#1150922
0(
#1150933
1.
#1150944
0/
#1150955
11
#1150966
0-
#1150980
1-
#1150997
01
#1151011
11
#1151023
#1151045
0+
#1151059
1*
#1151077
#1151089
#1151101
0*
#1151115
1+
#1151140
#1151155
#1151167
#1151177
0+
#1151191
1*
#1151201
01
#1151216
1+
#1151234
#1151251
#1151272
#1151295
#1151306
0*
#1151320
11
#1151330
0.
#1151345
1)
#1151356
#1151365
0-
#1151379
1*
#1151397
01
#1151411
1.
#1151481
0.
#1151495
1-
#1151506
#1151515
0*
#1151529
11
#1151539
0)
#1151551
1.
#1151562
0-
#1151576
1*
#1151593
01
#1151607
1-
#1151625
0-
#1151640
11
#1151724
#1151737
#1151759
0.
#1151773
1-
#1151784
1!
#1151785
0!
#1151790
#1151801
0+
#1151813
1,
#1151824
#1151834
#1151853
#1151870
#1151891
#1151913
0*
#1151927
1.
#1151938
#1151956
0,
#1151971
10
#1151981
01
#1151995
1*
#1152006
#1152017
#1152029
#1152053
#1152074
0.
#1152088
1,
#1152106
0*
#1152120
11
#1152190
0,
#1152204
1.
#1152214
01
#1152228
1*
#1152298
0*
#1152311
1,
#1152322
0-
#1152333
11
#1152343
0.
#1152357
1*
#1152367
00
#1152379
1.
#1152389
0,
#1152404
1,
#1152414
01
#1152428
11
#1152453
#1152473
#1152495
0.
#1152509
1/
#1152527
#1152538
#1152552
#1152564
#1152581
0,
#1152595
1.
#1152606
#1152626
01
#1152641
1,
#1152652
#1152663
0,
#1152677
11
#1152687
0*
#1152702
1,
#1152726
1!
#1152727
0!
#1152732
#1152804
#1152826
01
#1152840
1*
#1152850
0/
#1152862
1(
#1152872
0,
#1152887
11
#1152898
#1152910
#1152919
0*
#1152934
1,
#1152944
01
#1152959
1*
#1152976
0(
#1152990
11
#1153001
#1153031
#1153041
#1153058
#1153081
#1153093
#1153103
#1153113
0*
#1153127
1(
#1153137
0.
#1153152
1)
#1153169
0(
#1153183
1+
#1153194
#1153213
#1153288
0,
#1153302
1*
#1153454
#1153466
0)
#1153477
1.
#1153494
0.
#1153507
1(
#1153518
#1153532
0+
#1153543
1,
#1153553
01
#1153565
1.
#1153575
0(
#1153590
1(
#1153600
0*
#1153614
1*
#1153625
0,
#1153639
1,
#1153649
0.
#1153664
1.
#1153681
0,
#1153695
1,
#1153713
#1153807
#1153831
0*
#1153845
1*
#1153856
1!
#1153857
0!
#1153862
#1153873
0*
#1153888
1*
#1153905
0.
#1153919
1.
#1153929
0(
#1153944
1(
#1153962
#1153974
0(
#1153988
1(
#1153999
#1154029
#1154113
#1154123
#1154147
0.
#1154161
1-
#1154179
0,
#1154193
1.
#1154204
#1154215
0(
#1154229
1,
#1154248
#1154260
0,
#1154274
1(
#1154285
0-
#1154299
1,
#1154369
0,
#1154383
1-
#1154400
0*
#1154412
1,
#1154430
#1154453
#1154467
#1154476
0-
#1154491
10
#1154501
0.
#1154516
1-
#1154527
#1154536
0-
#1154550
1.
#1154562
#1154580
00
#1154594
1-
#1154626
#1154648
0.
#1154663
10
#1154674
#1154687
#1154696
00
#1154710
1/
#1154728
1!
#1154729
0!
#1154734
#1154746
#1154760
#1154771
0-
#1154786
1.
#1154856
0.
#1154870
10
#1154880
0(
#1154892
1-
#1154903
#1154912
0/
#1154927
1.
#1154937
0-
#1154951
1/
#1154975
00
#1154990
1-
#1155001
#1155023
0/
#1155037
10
#1155048
0-
#1155062
1+
#1155073
#1155085
#1155102
#1155184
0+
#1155196
1/
#1155215
#1155227
0,
#1155241
1-
#1155311
0/
#1155325
1,
#1155342
0.
#1155354
1/
#1155364
0,
#1155379
1,
#1155390
#1155419
0,
#1155433
11
#1155459
#1155523
#1155534
#1155545
00
#1155559
1,
#1155570
#1155588
#1155755
1!
#1155756
0!
#1155761
#1155772
01
#1155786
10
#1155796
0-
#1155807
11
#1155818
0,
#1155830
1&
#1155842
#1155867
00
#1155881
1,
#1155891
0&
#1155905
10
#1155917
#1155929
01
#1155943
11
#1155953
0/
#1155967
1/
#1155985
01
#1155999
11
#1156009
0/
#1156024
1/
#1156035
#1156048
0/
#1156062
1/
#1156073
00
#1156087
10
#1156104
0,
#1156118
1,
#1156130
#1156148
0,
#1156163
1,
#1156180
0,
#1156194
1,
#1156205
#1156232
01
#1156246
11
#1156258
#1156281
#1156304
#1156314
#1156337
#1156347
#1156357
#1156367
01
#1156381
1)
#1156399
#1156409
#1156419
#1156431
#1156449
0,
#1156463
1*
#1156474
0)
#1156488
1(
#1156499
#1156531
0/
#1156545
11
#1156622
01
#1156636
1,
#1156646
0*
#1156658
1)
#1156728
0,
#1156742
1/
#1156812
0(
#1156823
11
#1156834
1!
#1156835
0!
#1156840
#1156851
0)
#1156865
1,
#1156875
00
#1156887
1)
#1156897
0/
#1156912
1/
#1156929
0/
#1156943
1/
#1156954
#1156977
0,
#1156991
1+
#1157008
0)
#1157022
1,
#1157034
#1157047
#1157058
#1157075
0+
#1157089
1)
#1157100
#1157110
#1157130
0/
#1157145
1+
#1157169
0+
#1157184
1/
#1157254
0/
#1157268
1+
#1157279
#1157298
01
#1157309
1/
#1157320
0+
#1157334
1+
#1157351
0/
#1157365
1/
#1157398
#1157421
#1157486
#1157511
0)
#1157526
1.
#1157537
#1157602
#1157613
0,
#1157627
1)
#1157638
#1157649
#1157660
0.
#1157675
1,
#1157685
0)
#1157699
1.
#1157710
#1157720
0.
#1157734
1)
#1157758
0,
#1157773
1.
#1157791
1!
#1157792
0!
#1157797
#1157869
#1157882
0)
#1157896
1,
#1157906
0/
#1157918
1)
#1157928
0.
#1157942
1.
#1157959
0+
#1157974
1+
#1157984
0,
#1157998
1,
#1158010
#1158046
#1158056
0+
#1158070
1-
#1158081
#1158104
#1158116
#1158125
0-
#1158140
1+
#1158151
#1158164
#1158188
#1158198
#1158217
#1158237
0)
#1158251
1*
#1158262
0+
#1158276
1-
#1158346
0.
#1158360
1)
#1158370
0,
#1158382
1+
#1158399
0-
#1158413
1.
#1158484
0)
#1158497
1-
#1158508
0*
#1158520
1)
#1158537
0)
#1158551
1)
#1158562
#1158591
0.
#1158606
1(
#1158617
#1158630
#1158641
0-
#1158655
1.
#1158672
0.
#1158687
1-
#1158698
#1158711
0(
#1158725
1.
#1158736
0)
#1158750
1(
#1158761
1!
#1158762
0!
#1158767
#1158778
0(
#1158792
1)
#1158817
#1158840
#1158853
#1158862
0)
#1158877
1(
#1158895
#1158905
#1158922
#1158936
#1158947
0(
#1158961
10
#1158972
0+
#1158986
1)
#1158997
#1159007
0)
#1159021
1(
#1159059
0-
#1159074
1+
#1159085
#1159097
0+
#1159111
1)
#1159136
#1159150
#1159172
0(
#1159187
1-
#1159249
#1159258
0-
#1159272
1+
#1159284
#1159355
#1159364
0+
#1159378
11
#1159388
00
#1159402
1(
#1159426
0(
#1159440
1-
#1159450
0.
#1159462
1+
#1159532
0-
#1159546
10
#1159570
01
#1159582
1(
#1159592
00
#1159607
1-
#1159617
0(
#1159632
10
#1159650
#1159729
#1159751
0)
#1159763
1(
#1159773
00
#1159787
1/
#1159799
#1159809
1!
#1159810
0!
#1159815
#1159827
#1159837
#1159851
#1159869
0+
#1159883
10
#1159900
0/
#1159915
1+
#1159940
#1159962
0+
#1159977
1/
#1160039
#1160051
#1160061
0/
#1160075
1,
#1160086
#1160105
#1160121
0-
#1160136
1+
#1160212
0+
#1160226
1/
#1160237
#1160258
0,
#1160270
1-
#1160280
0/
#1160294
1+
#1160371
00
#1160385
1/
#1160395
0(
#1160407
10
#1160418
#1160447
00
#1160462
1*
#1160472
0-
#1160486
10
#1160498
#1160510
#1160521
#1160538
00
#1160553
1-
#1160564
#1160578
#1160587
0/
#1160602
10
#1160626
0*
#1160640
1/
#1160651
#1160674
#1160686
#1160696
0-
#1160710
1*
#1160720
0+
#1160735
1.
#1160746
1!
#1160747
0!
#1160751
#1160769
0/
#1160784
1-
#1160854
#1160864
0*
#1160878
1+
#1160888
0.
#1160900
1/
#1160925
#1160936
0+
#1160951
1*
#1160969
0/
#1160983
1+
#1161060
0*
#1161074
1/
#1161085
#1161105
0+
#1161119
1*
#1161129
0-
#1161143
1+
#1161154
00
#1161165
1-
#1161183
#1161212
0-
#1161227
11
#1161238
#1161251
#1161270
#1161279
01
#1161294
1-
#1161312
#1161321
0-
#1161335
11
#1161420
#1161444
01
#1161458
1-
#1161476
0*
#1161490
11
#1161567
01
#1161581
1*
#1161591
0/
#1161603
11
#1161614
#1161636
0+
#1161651
1)
#1161668
0*
#1161682
1+
#1161694
#1161705
#1161716
#1161734
0)
#1161749
1*
#1161766
1!
#1161767
0!
#1161772
#1161784
0*
#1161798
1)
#1161809
#1161822
0)
#1161837
1*
#1161847
01
#1161861
1)
#1161929
0)
#1161944
11
#1161955
#1161968
#1161985
#1162008
#1162022
#1162038
0+
#1162052
1)
#1162064
#1162075
#1162085
01
#1162099
1,
#1162109
0-
#1162124
1+
#1162148
0+
#1162162
11
#1162247
#1162259
01
#1162273
1-
#1162343
0,
#1162354
1+
#1162365
0-
#1162378
11
#1162396
0*
#1162407
1-
#1162419
#1162432
0-
#1162446
1-
#1162456
0)
#1162471
1)
#1162488
0+
#1162502
1+
#1162512
0)
#1162527
1)
#1162538
#1162564
#1162586
0)
#1162601
1(
#1162612
#1162635
#1162654
#1162663
0(
#1162677
1)
#1162689
#1162699
#1162720
#1162730
#1162753
1!
#1162754
0!
#1162759
#1162771
#1162787
0-
#1162801
1.
#1162812
#1162824
#1162836
#1162845
01
#1162860
1(
#1162878
#1162887
0(
#1162902
10
#1162912
0.
#1162926
1-
#1162950
0-
#1162965
11
#1163168
0+
#1163179
1(
#1163189
0)
#1163201
1.
#1163211
00
#1163223
1-
#1163233
01
#1163247
11
#1163258
0(
#1163272
1(
#1163282
0.
#1163297
1.
#1163314
0.
#1163328
1.
#1163339
#1163373
#1163437
0-
#1163452
1-
#1163462
01
#1163476
11
#1163494
#1163507
#1163536
0(
#1163551
1/
#1163569
#1163654
0/
#1163668
1(
#1163679
#1163704
#1163713
01
#1163728
1/
#1163739
1!
#1163740
0!
#1163744
#1163756
0(
#1163770
11
#1163781
#1163791
0/
#1163805
1(
#1163816
#1163828
0.
#1163842
1/
#1163866
0/
#1163881
1.
#1163892
#1163905
0.
#1163920
1/
#1163944
01
#1163959
1.
#1163970
#1164041
0.
#1164055
11
#1164066
0-
#1164077
1.
#1164102
#1164117
#1164139
0(
#1164153
1,
#1164163
0/
#1164178
1(
#1164188
01
#1164202
1/
#1164214
#1164231
0,
#1164246
11
#1164256
0/
#1164270
1,
#1164282
#1164305
#1164314
01
#1164328
1/
#1164339
0,
#1164353
1*
#1164364
#1164374
#1164385
#1164396
#1164413
0/
#1164427
11
#1164452
0*
#1164466
1,
#1164544
#1164567
#1164578
#1164588
0.
#1164600
1/
#1164611
#1164620
0,
#1164634
1*
#1164645
0(
#1164659
10
#1164676
0*
#1164691
1,
#1164776
#1164809
1!
#1164810
0!
#1164814
#1164826
01
#1164837
1(
#1164849
#1164872
#1164886
#1164946
0,
#1164960
1*
#1164971
#1164981
0*
#1164995
1+
#1165006
#1165031
00
#1165045
1,
#1165063
0,
#1165077
1*
#1165147
0(
#1165161
10
#1165178
0+
#1165190
1,
#1165200
00
#1165215
1(
#1165225
0,
#1165239
10
#1165251
#1165262
00
#1165277
1,
#1165302
#1165316
#1165338
0*
#1165352
10
#1165414
#1165424
0(
#1165438
1)
#1165449
#1165466
#1165484
0)
#1165499
1*
#1165517
#1165536
0*
#1165550
1(
#1165634
0,
#1165646
1)
#1165664
#1165737
1!
#1165738
0!
#1165742
#1165804
1!
#1165805
0!
#1165818
0)
#1165832
1*
#1165843
00
#1165856
1)
#1165867
0/
#1165879
10
#1165889
0*
#1165903
1*
#1165915
#1165926
00
#1165941
10
#1165965
00
#1165979
10
#1165990
#1166004
#1166026
0)
#1166041
1-
#1166058
0(
#1166072
1)
#1166083
#1166095
#1166106
#1166135
#1166146
#1166164
0-
#1166179
1(
#1166190
#1166201
0(
#1166215
1.
#1166232
0*
#1166247
1-
#1166258
#1166271
0-
#1166285
1(
#1166303
#1166313
0)
#1166327
1*
#1166337
0(
#1166352
1-
#1166363
#1166372
0-
#1166386
1)
#1166397
0*
#1166411
1(
#1166563
#1166585
0)
#1166598
1-
#1166609
00
#1166620
1*
#1166637
0.
#1166649
11
#1166660
#1166670
#1166681
0*
#1166696
1)
#1166707
#1166717
1!
#1166718
0!
#1166723
#1166741
0)
#1166755
1*
#1166774
#1166786
01
#1166800
1)
#1166884
0(
#1166896
11
#1166907
#1166936
01
#1166950
1+
#1166961
#1166975
#1166986
#1166999
#1167009
0-
#1167024
11
#1167041
0+
#1167055
1-
#1167066
01
#1167080
1+
#1167091
#1167101
#1167114
0-
#1167129
11
#1167139
0+
#1167153
1-
#1167164
0*
#1167178
1+
#1167195
0+
#1167210
1*
#1167234
0*
#1167249
1+
#1167327
#1167338
0-
#1167352
1*
#1167363
0)
#1167374
1-
#1167392
0*
#1167406
1*
#1167498
#1167520
0+
#1167532
1,
#1167550
#1167573
#1167598
#1167608
#1167618
#1167629
01
#1167644
1/
#1167655
#1167665
#1167689
#1167707
0,
#1167722
1+
#1167732
0*
#1167746
11
#1167883
01
#1167896
1,
#1167907
0-
#1167918
1*
#1167929
1!
#1167930
0!
#1167935
#1167946
0/
#1167958
11
#1167968
0,
#1167982
1,
#1167993
0*
#1168007
1*
#1168018
#1168030
01
#1168045
11
#1168055
0,
#1168069
1,
#1168079
0*
#1168094
1*
#1168119
#1168305
#1168329
#1168339
0,
#1168353
1.
#1168363
0*
#1168375
1,
#1168386
#1168397
0+
#1168411
1+
#1168422
#1168432
0.
#1168446
1.
#1168456
0+
#1168471
1+
#1168489
#1168501
0+
#1168515
1+
#1168533
0.
#1168547
1.
#1168624
0.
#1168638
1.
#1168649
#1168679
01
#1168691
1*
#1168702
#1168796
#1168819
0,
#1168834
1,
#1168851
0*
#1168865
1*
#1168876
0,
#1168890
1,
#1168900
0.
#1168914
1.
#1168925
1!
#1168926
0!
#1168931
#1168942
0.
#1168957
1.
#1168968
#1168991
#1169003
0.
#1169017
10
#1169028
#1169039
#1169057
0,
#1169071
1.
#1169082
#1169096
#1169106
0*
#1169120
1,
#1169145
#1169174
00
#1169188
1*
#1169199
#1169222
#1169232
#1169244
#1169254
#1169265
#1169281
0+
#1169295
1(
#1169306
#1169331
0.
#1169345
10
#1169422
00
#1169436
1)
#1169447
0(
#1169458
1+
#1169535
0*
#1169549
1.
#1169619
0+
#1169632
10
#1169643
0,
#1169654
1*
#1169664
0.
#1169678
1+
#1169689
0*
#1169702
1.
#1169713
0+
#1169727
1*
#1169737
0)
#1169749
1+
#1169759
00
#1169773
10
#1169784
0.
#1169798
1.
#1169816
1!
#1169817
0!
#1169822
#1169847
#1169955
0.
#1169967
1#
#1169979
#1170003
#1170077
0+
#1170091
1-
#1170101
0#
#1170115
1.
#1170127
#1170137
#1170149
#1170242
#1170267
#1170276
0-
#1170290
1+
#1170300
00
#1170315
1-
#1170332
0+
#1170346
10
#1170357
0-
#1170371
1+
#1170381
0.
#1170396
1-
#1170414
#1170426
0-
#1170441
1.
#1170451
0+
#1170465
1-
#1170542
0*
#1170554
1+
#1170565
#1170585
00
#1170600
10
#1170611
#1170623
0.
#1170637
1.
#1170654
00
#1170668
10
#1170686
00
#1170700
10
#1170710
0.
#1170725
1.
#1170736
#1170759
1!
#1170760
0!
#1170764
#1170790
#1170804
#1170826
0-
#1170841
1/
#1170852
#1170875
#1170885
#1170897
#1170907
#1170917
#1170927
#1170951
0/
#1170965
11
#1170976
#1170988
#1171000
#1171017
01
#1171031
1-
#1171108
0+
#1171119
1(
#1171144
00
#1171158
1/
#1171288
0-
#1171301
11
#1171312
0(
#1171323
10
#1171333
0.
#1171345
1-
#1171355
0/
#1171370
1/
#1171380
01
#1171394
11
#1171405
00
#1171419
10
#1171429
0-
#1171444
1-
#1171454
0/
#1171468
1/
#1171479
01
#1171493
11
#1171510
00
#1171524
10
#1171536
#1171572
#1171614
#1171679
#1171739
0/
#1171753
1,
#1171764
#1171777
#1171787
#1171799
1!
#1171800
0!
#1171805
#1171844
0,
#1171858
1/
#1171870
#1171933
0/
#1171948
1,
#1171958
01
#1171972
1/
#1172043
#1172055
0,
#1172069
11
#1172080
0/
#1172093
1,
#1172111
0-
#1172122
1/
#1172133
0,
#1172147
1,
#1172165
#1172179
#1172201
01
#1172216
1)
#1172226
00
#1172240
11
#1172258
#1172270
#1172282
01
#1172296
10
#1172307
0)
#1172321
11
#1172346
#1172360
#1172382
0,
#1172397
1)
#1172408
#1172417
00
#1172431
1*
#1172443
#1172452
0)
#1172466
1,
#1172478
#1172487
0,
#1172501
10
#1172513
#1172545
0*
#1172559
1)
#1172569
00
#1172584
1,
#1172653
0)
#1172667
1*
#1172679
#1172709
0,
#1172722
1"
#1172732
0/
#1172744
1%
#1172754
0*
#1172769
1$
#1172780
01
#1172795
1&
#1172805
0$
#1172821
1#
#1172831
0"
#1172844
1"
#1172855
0%
#1172870
1$
#1172881
1!
#1172882
0!
#1172887
#1172903
#1172999
0"
#1173015
10
#1173026
0$
#1173039
1)
#1173056
0#
#1173070
1,
#1173081
#1173109
0&
#1173124
1*
#1173135
#1173145
#1173157
0*
#1173171
11
#1173183
#1173207
#1173221
#1173247
x1
#1173259
0)
#1173273
1+
#1173291
#1173303
#1173315
#1173324
01
#1173336
1*
#1173346
0+
#1173360
1.
#1173372
#1173468
0.
#1173480
1)
#1173491
#1173503
0)
#1173517
1+
#1173594
00
#1173608
1)
#1173619
#1173633
0)
#1173646
10
#1173657
0+
#1173671
1)
#1173681
0*
#1173695
1+
#1173705
0,
#1173717
1*
#1173727
00
#1173742
10
#1173759
0*
#1173773
1*
#1173784
1!
#1173785
0!
#1173790
#1173801
0*
#1173815
1*
#1173827
#1173849
0+
#1173863
1(
#1173880
00
#1173895
1+
#1173906
#1173929
#1173941
#1173958
#1173968
#1173988
#1173997
0(
#1174011
10
#1174023
#1174034
#1174044
0)
#1174058
1-
#1174172
#1174261
00
#1174275
1(
#1174345
0*
#1174356
1)
#1174367
0(
#1174381
10
#1174391
0+
#1174405
1(
#1174415
0-
#1174427
1+
#1174438
#1174450
0(
#1174464
1(
#1174475
0+
#1174489
1+
#1174506
0)
#1174521
1)
#1174531
0+
#1174545
1+
#1174556
#1174570
0)
#1174584
1)
#1174594
00
#1174608
10
#1174626
00
#1174640
10
#1174651
#1174663
00
#1174677
10
#1174702
#1174716
#1174745
0)
#1174760
1/
#1174778
#1174790
#1174813
#1174823
1!
#1174824
0!
#1174829
#1174841
#1174850
0/
#1174864
1)
#1174876
#1174888
#1174905
#1174922
#1174943
#1174962
0)
#1174976
1.
#1174986
00
#1175001
1/
#1175011
0(
#1175026
1)
#1175102
0/
#1175116
10
#1175126
0)
#1175140
1(
#1175150
0+
#1175162
1/
#1175172
00
#1175187
1)
#1175264
0.
#1175275
10
#1175287
#1175309
0(
#1175323
1,
#1175333
00
#1175348
1(
#1175358
0/
#1175372
10
#1175384
#1175395
#1175413
#1175423
#1175442
0,
#1175456
1/
#1175622
#1175646
0(
#1175659
1,
#1175670
0)
#1175682
1(
#1175692
0/
#1175706
1/
#1175716
00
#1175731
10
#1175741
0,
#1175755
1,
#1175773
00
#1175787
10
#1175797
0,
#1175811
1,
#1175823
#1175845
1!
#1175846
0!
#1175851
#1175862
00
#1175877
1*
#1175895
#1175905
#1175932
#1176011
#1176020
0,
#1176032
10
#1176050
#1176074
0*
#1176088
1,
#1176107
#1176186
#1176208
0(
#1176220
1*
#1176230
0/
#1176244
1-
#1176255
0*
#1176269
1/
#1176281
#1176298
0-
#1176313
1*
#1176324
#1176338
#1176347
0/
#1176362
1-
#1176372
0,
#1176386
1/
#1176397
0*
#1176411
1,
#1176422
0/
#1176436
1*
#1176447
#1176456
0-
#1176471
1/
#1176495
0,
#1176509
1-
#1176520
#1176543
#1176555
#1176571
00
#1176586
1,
#1176597
#1176609
0,
#1176623
1+
#1176634
#1176658
#1176731
0*
#1176744
10
#1176762
0+
#1176773
1,
#1176784
00
#1176798
1*
#1176824
#1176846
0-
#1176860
10
#1176922
1!
#1176923
0!
#1176928
#1176940
#1176951
00
#1176965
1.
#1176976
0*
#1176990
1-
#1177001
#1177011
0/
#1177025
10
#1177050
#1177140
0.
#1177151
1*
#1177162
#1177174
0*
#1177189
1/
#1177265
0,
#1177277
1*
#1177296
#1177367
0/
#1177381
1/
#1177392
#1177414
0-
#1177428
1)
#1177440
#1177452
#1177469
0/
#1177483
1-
#1177494
#1177508
#1177520
#1177530
00
#1177544
1/
#1177561
0-
#1177575
10
#1177593
00
#1177608
1-
#1177618
0)
#1177632
10
#1177710
#1177722
00
#1177736
1)
#1177746
0*
#1177758
10
#1177783
#1177797
#1177819
0/
#1177833
1(
#1177843
0-
#1177858
1/
#1177869
#1177879
1!
#1177880
0!
#1177885
#1177896
0)
#1177910
1-
#1177921
0/
#1177935
1)
#1177946
#1177956
0)
#1177970
1/
#1177995
#1178018
#1178030
#1178040
#1178051
00
#1178065
1)
#1178076
0/
#1178090
1+
#1178101
#1178198
0+
#1178210
10
#1178221
#1178233
00
#1178247
1/
#1178331
#1178345
#1178367
0)
#1178381
10
#1178392
0(
#1178406
1.
#1178417
#1178426
00
#1178440
1)
#1178451
#1178463
#1178473
0.
#1178486
1(
#1178504
0-
#1178516
10
#1178526
0)
#1178540
1.
#1178558
0(
#1178572
1)
#1178649
0/
#1178661
1(
#1178672
#1178684
0(
#1178698
1(
#1178716
1!
#1178717
0!
#1178722
#1178734
#1178754
0.
#1178768
1.
#1178779
0)
#1178793
1)
#1178804
#1178823
0.
#1178837
1.
#1178848
#1178885
#1178903
#1178980
#1179004
00
#1179018
1,
#1179035
0.
#1179049
10
#1179060
#1179071
0(
#1179086
1.
#1179104
#1179116
00
#1179130
1(
#1179140
0)
#1179155
10
#1179172
00
#1179186
1)
#1179197
#1179270
0.
#1179284
10
#1179294
0(
#1179308
1.
#1179319
0,
#1179330
1(
#1179341
0)
#1179355
1)
#1179372
0(
#1179386
1(
#1179397
0)
#1179411
1)
#1179422
#1179444
0.
#1179459
1*
#1179484
#1179507
#1179519
#1179531
#1179541
0*
#1179555
1.
#1179573
#1179583
#1179594
#1179607
#1179624
0)
#1179638
1+
#1179649
#1179660
0.
#1179675
1*
#1179685
0(
#1179699
1)
#1179723
0)
#1179738
1.
#1179748
0*
#1179762
1(
#1179832
1!
#1179833
0!
#1179838
#1179850
0+
#1179861
1)
#1179879
0)
#1179893
1*
#1179970
0(
#1179984
1)
#1179995
#1180017
0*
#1180031
1(
#1180049
00
#1180060
1-
#1180071
#1180081
0(
#1180095
1*
#1180107
#1180125
#1180135
#1180158
0-
#1180172
1(
#1180190
#1180200
#1180213
#1180237
#1180251
#1180269
0*
#1180284
1/
#1180295
#1180320
0)
#1180334
1-
#1180404
#1180418
0-
#1180431
1*
#1180442
0/
#1180453
1)
#1180464
0(
#1180478
1-
#1180496
0-
#1180510
1(
#1180580
0*
#1180594
1-
#1180604
0)
#1180618
1*
#1180636
0(
#1180649
1)
#1180661
#1180672
0*
#1180686
1(
#1180697
0.
#1180709
1*
#1180719
0)
#1180733
1)
#1180751
1!
#1180752
0!
#1180757
#1180769
#1180806
#1180820
#1180832
#1180848
0(
#1180863
1,
#1180874
#1180888
#1180897
0-
#1180912
1(
#1180922
0)
#1180937
1-
#1180961
#1180973
#1180995
0-
#1181010
1)
#1181020
0,
#1181034
1+
#1181046
#1181057
#1181074
0)
#1181088
1-
#1181098
0*
#1181113
1,
#1181183
#1181192
0+
#1181204
1)
#1181215
0-
#1181229
1*
#1181239
0,
#1181254
1-
#1181271
0*
#1181285
1,
#1181303
0,
#1181317
1*
#1181394
0)
#1181408
1,
#1181418
0*
#1181432
1)
#1181450
#1181472
0(
#1181484
1*
#1181495
#1181512
#1181606
#1181638
#1181648
#1181677
0*
#1181691
10
#1181703
#1181714
#1181725
0,
#1181740
1/
#1181750
0-
#1181764
1*
#1181775
00
#1181789
1,
#1181807
#1181817
#1181895
0,
#1181909
1-
#1181921
#1181934
0-
#1181948
10
#1181958
0/
#1181970
1,
#1181981
1!
#1181982
0!
#1181986
#1181998
00
#1182012
1-
#1182022
0*
#1182037
10
#1182047
0,
#1182061
1*
#1182073
#1182082
00
#1182096
1,
#1182107
0-
#1182121
10
#1182138
0*
#1182152
1-
#1182244
#1182264
#1182294
#1182304
#1182318
#1182330
0)
#1182342
1*
#1182353
#1182369
00
#1182383
1.
#1182395
#1182408
0*
#1182422
10
#1182432
0-
#1182447
1*
#1182465
#1182551
#1182573
00
#1182587
1-
#1182597
0,
#1182609
1+
#1182619
0.
#1182634
10
#1182645
#1182654
0-
#1182669
1.
#1182680
#1182691
00
#1182705
1-
#1182716
#1182726
0.
#1182740
10
#1182758
1!
#1182759
0!
#1182764
#1182850
#1182872
0+
#1182886
1.
#1182896
0-
#1182910
1(
#1182921
0*
#1182932
1+
#1182944
#1182953
0.
#1182967
1-
#1182979
#1182989
0+
#1183004
1.
#1183015
#1183053
#1183066
#1183088
0(
#1183103
1+
#1183171
#1183185
#1183195
0+
#1183209
1/
#1183219
0.
#1183234
1(
#1183245
#1183264
#1183273
0/
#1183287
1+
#1183298
0(
#1183312
1.
#1183403
00
#1183415
1/
#1183426
#1183438
0/
#1183452
1(
#1183529
0-
#1183540
1/
#1183552
#1183565
0/
#1183579
1/
#1183589
0.
#1183604
1.
#1183614
0(
#1183628
1(
#1183646
0+
#1183660
1+
#1183670
0.
#1183684
1.
#1183696
#1183721
0+
#1183736
1+
#1183747
#1183760
0+
#1183774
1+
#1183785
0/
#1183799
1/
#1183817
#1183846
0/
#1183860
1)
#1183871
#1183881
1!
#1183882
0!
#1183887
#1183899
#1183911
#1183934
#1183944
#1183956
0)
#1183971
1/
#1183982
#1183998
0/
#1184012
1,
#1184023
#1184034
#1184061
0(
#1184075
1)
#1184086
#1184105
0)
#1184119
1/
#1184129
0,
#1184144
1(
#1184228
0(
#1184242
1)
#1184253
#1184275
0+
#1184287
1,
#1184348
0,
#1184362
1(
#1184374
#1184385
#1184395
0)
#1184409
1*
#1184419
0.
#1184434
1,
#1184444
0(
#1184459
1)
#1184483
#1184553
#1184565
0,
#1184579
1.
#1184603
0.
#1184616
1(
#1184628
#1184648
0*
#1184660
1,
#1184670
0)
#1184685
1.
#1184709
0.
#1184723
1)
#1184734
#1184746
0)
#1184760
1.
#1184772
#1184803
1!
#1184804
0!
#1184808
#1184860
1!
#1184861
0!
#1184883
#1184907
#1184917
#1184981
0,
#1184996
1)
#1185013
0)
#1185027
10
#1185039
#1185051
#1185076
0(
#1185090
1,
#1185168
#1185181
00
#1185192
1)
#1185203
0,
#1185217
1(
#1185227
0.
#1185242
1,
#1185312
0,
#1185326
1.
#1185336
0(
#1185350
1,
#1185360
0/
#1185372
1(
#1185389
0(
#1185403
1(
#1185415
#1185451
#1185464
#1185486
0.
#1185501
1-
#1185519
#1185529
#1185541
#1185551
#1185561
#1185577
0-
#1185592
1+
#1185610
#1185624
#1185635
0(
#1185649
1.
#1185659
0,
#1185674
1-
#1185692
0-
#1185706
1(
#1185716
0.
#1185731
1,
#1185807
0(
#1185821
1-
#1185831
0)
#1185843
1.
#1185913
0-
#1185927
1(
#1185938
1!
#1185939
0!
#1185943
#1185962
0+
#1185973
1-
#1185984
0(
#1185998
1(
#1186008
0,
#1186023
1,
#1186040
0,
#1186054
1,
#1186065
#1186092
#1186122
#1186136
#1186145
0-
#1186159
1*
#1186171
#1186183
#1186206
#1186218
#1186228
#1186238
0*
#1186252
1-
#1186277
#1186291
#1186302
0,
#1186316
10
#1186327
0(
#1186341
1*
#1186352
#1186361
0*
#1186376
1,
#1186467
00
#1186478
1(
#1186489
0-
#1186503
1*
#1186573
0,
#1186587
1-
#1186597
0(
#1186611
1,
#1186621
0.
#1186633
1(
#1186643
0*
#1186658
1*
#1186668
0-
#1186682
1-
#1186700
0,
#1186714
1,
#1186724
0(
#1186738
1(
#1186750
#1186784
#1186854
0*
#1186869
1*
#1186880
#1186892
0*
#1186906
1*
#1186918
#1186940
1!
#1186941
0!
#1186946
#1186958
#1186982
#1186996
#1187018
0(
#1187033
1/
#1187043
0*
#1187057
1)
#1187068
#1187079
#1187089
#1187106
#1187118
#1187129
0)
#1187143
1(
#1187154
0-
#1187168
1*
#1187192
0(
#1187206
1)
#1187351
#1187373
0,
#1187384
1-
#1187394
0/
#1187406
1(
#1187416
0)
#1187431
1+
#1187441
0-
#1187455
1)
#1187467
#1187479
#1187488
0)
#1187502
1-
#1187513
0(
#1187527
1)
#1187538
#1187548
0-
#1187562
1(
#1187572
0+
#1187587
1-
#1187618
#1187641
#1187653
#1187663
#1187682
0*
#1187696
1+
#1187714
0+
#1187728
10
#1187739
#1187749
#1187769
0)
#1187784
1*
#1187795
#1187807
1!
#1187808
0!
#1187813
#1187824
0*
#1187839
1+
#1187929
0+
#1187943
1)
#1187954
00
#1187965
1*
#1187977
#1187990
0)
#1188004
1+
#1188074
0-
#1188088
1)
#1188105
0*
#1188119
1-
#1188130
#1188142
0)
#1188156
1*
#1188166
0(
#1188178
1)
#1188188
0-
#1188202
1-
#1188226
0-
#1188241
1-
#1188252
#1188296
#1188360
0+
#1188374
1.
#1188386
#1188409
#1188419
#1188437
0.
#1188451
1+
#1188462
#1188503
0*
#1188516
1"
#1188526
0)
#1188541
1%
#1188552
#1188563
0-
#1188578
1$
#1188588
0+
#1188604
1#
#1188621
0#
#1188636
1&
#1188715
1!
#1188716
0!
#1188721
#1188733
0"
#1188749
1/
#1188759
0%
#1188773
1.
#1188783
0$
#1188797
1*
#1188807
0&
#1188822
1)
#1188832
#1188843
0.
#1188858
1-
#1188869
#1188891
x)
#1188903
0/
#1188917
1+
#1188928
#1188941
#1188950
0)
#1188962
1.
#1188972
0+
#1188987
1/
#1188997
0*
#1189011
1+
#1189022
0.
#1189036
1*
#1189046
0/
#1189061
1.
#1189086
#1189109
#1189119
#1189145
#1189156
#1189170
#1189179
0.
#1189193
1/
#1189205
#1189215
0/
#1189230
1,
#1189247
0*
#1189261
1.
#1189286
0.
#1189300
1/
#1189436
0-
#1189449
1*
#1189460
#1189472
0,
#1189484
1.
#1189494
0*
#1189508
1-
#1189518
0.
#1189532
1*
#1189542
0+
#1189554
1.
#1189564
0-
#1189579
1-
#1189604
#1189633
#1189647
#1189669
0/
#1189684
10
#1189694
0-
#1189709
1(
#1189720
#1189730
#1189740
1!
#1189741
0!
#1189746
#1189758
#1189768
#1189792
#1189804
#1189828
0*
#1189843
1/
#1189912
0/
#1189926
1-
#1189936
0.
#1189950
1*
#1189961
0(
#1189972
1/
#1190049
0*
#1190063
1.
#1190073
00
#1190085
1*
#1190096
#1190108
0.
#1190122
1.
#1190133
0*
#1190147
1*
#1190164
0/
#1190178
1/
#1190189
0.
#1190203
1.
#1190228
#1190251
#1190271
0-
#1190285
1+
#1190296
#1190309
#1190334
#1190344
#1190430
#1190461
0.
#1190475
1-
#1190544
0*
#1190558
1.
#1190569
0/
#1190580
1*
#1190591
0+
#1190605
1+
#1190615
0-
#1190630
1-
#1190641
#1190653
0+
#1190667
1+
#1190677
0-
#1190692
1-
#1190702
0.
#1190716
1.
#1190740
0.
#1190755
1.
#1190766
#1190795
0+
#1190809
1,
#1190820
#1190843
#1190855
1!
#1190856
0!
#1190861
#1190873
#1190882
0,
#1190897
1+
#1190908
#1190918
#1190939
#1190949
#1190982
#1190994
#1191008
#1191039
0*
#1191052
1"
#1191062
0+
#1191077
1#
#1191087
0-
#1191102
1%
#1191112
0.
#1191128
1$
#1191138
0"
#1191151
1"
#1191161
0$
#1191177
1&
#1191187
0#
#1191203
1$
#1191214
#1191310
0"
#1191326
1(
#1191337
0&
#1191350
1,
#1191367
0$
#1191381
1*
#1191450
0,
#1191464
1+
#1191474
0%
#1191488
1-
#1191499
0(
#1191510
1.
#1191521
0+
#1191535
1,
#1191545
0*
#1191560
1+
#1191570
0,
#1191584
1*
#1191598
x-
#1191611
0*
#1191625
1,
#1191635
0+
#1191649
1*
#1191659
0.
#1191673
1+
#1191697
0-
#1191709
1.
#1191720
#1191732
0.
#1191746
1.
#1191764
#1191787
1!
#1191788
0!
#1191793
#1191805
#1191815
#1191836
#1191853
#1191875
0,
#1191889
10
#1191907
#1191918
#1191930
#1191942
#1191958
0*
#1191973
1/
#1191984
#1192004
0.
#1192018
1,
#1192030
#1192041
0,
#1192055
1*
#1192065
0+
#1192080
1.
#1192103
0*
#1192118
1,
#1192128
0.
#1192143
1+
#1192153
0,
#1192167
1*
#1192236
0*
#1192250
1.
#1192261
0+
#1192275
1,
#1192285
00
#1192297
1*
#1192322
#1192345
#1192415
#1192427
#1192440
0/
#1192454
1+
#1192465
0.
#1192479
1(
#1192489
0*
#1192504
1/
#1192514
0+
#1192528
1.
#1192546
0/
#1192560
1*
#1192578
#1192587
0*
#1192602
1+
#1192613
#1192687
#1192704
#1192714
#1192726
#1192739
1!
#1192740
0!
#1192744
#1192763
#1192773
0(
#1192787
1/
#1192811
0/
#1192825
1*
#1192843
0*
#1192857
10
#1192883
#1192955
0+
#1192969
1(
#1193097
0.
#1193108
1/
#1193118
00
#1193129
1*
#1193140
0,
#1193152
1+
#1193162
0(
#1193176
1(
#1193193
0+
#1193208
1+
#1193218
0(
#1193232
1(
#1193243
#1193255
0+
#1193270
1+
#1193295
#1193309
#1193338
0/
#1193352
1,
#1193363
#1193393
#1193405
#1193418
#1193428
#1193437
0,
#1193452
1/
#1193470
#1193480
#1193497
#1193511
#1193529
0*
#1193543
1.
#1193561
0(
#1193575
1,
#1193645
0/
#1193658
1*
#1193676
0+
#1193687
1(
#1193698
0,
#1193712
1/
#1193723
1!
#1193724
0!
#1193729
#1193740
0/
#1193754
1,
#1193824
0,
#1193838
1/
#1193848
0*
#1193862
1,
#1193872
0.
#1193884
1*
#1193894
0(
#1193909
1(
#1193933
0(
#1193947
1(
#1193958
#1193988
#1193998
#1194011
#1194040
0*
#1194054
10
#1194066
#1194080
#1194092
#1194102
#1194111
00
#1194125
1+
#1194137
#1194153
0,
#1194167
1*
#1194178
#1194203
0/
#1194217
10
#1194228
#1194240
00
#1194255
1,
#1194331
0+
#1194342
1/
#1194361
#1194374
0/
#1194388
10
#1194398
0*
#1194413
1/
#1194431
0/
#1194445
1*
#1194455
00
#1194470
1/
#1194546
0(
#1194558
10
#1194569
#1194603
#1194667
0,
#1194681
1,
#1194691
0*
#1194706
1*
#1194716
0/
#1194730
1/
#1194742
#1194754
0/
#1194768
1/
#1194778
0,
#1194793
1,
#1194803
0*
#1194817
1*
#1194828
1!
#1194829
0!
#1194834
#1194860
#1194890
#1194904
#1194926
0/
#1194940
1.
#1194950
00
#1194965
1+
#1194976
#1194988
#1194998
#1195009
#1195026
0.
#1195041
1/
#1195051
0+
#1195065
10
#1195084
#1195119
00
#1195132
1"
#1195142
0,
#1195157
1#
#1195167
0*
#1195182
1&
#1195197
0"
#1195210
1"
#1195221
0/
#1195236
1$
#1195256
#1195384
0"
#1195400
1.
#1195411
0#
#1195424
1+
#1195435
0&
#1195449
10
#1195459
0$
#1195473
1,
#1195484
0.
#1195498
1*
#1195508
0+
#1195523
1/
#1195533
00
#1195548
1.
#1195562
x,
#1195579
#1195602
#1195635
0.
#1195648
1"
#1195658
0*
#1195672
1%
#1195683
0,
#1195695
1#
#1195705
0/
#1195721
1&
#1195731
0"
#1195744
1"
#1195755
1!
#1195756
0!
#1195761
#1195773
#1195912
0"
#1195928
1+
#1195939
0%
#1195952
10
#1195963
0+
#1195976
1(
#1195989
0&
#1196003
1.
#1196014
#1196025
0#
#1196039
1*
#1196060
x*
#1196074
#1196093
#1196103
#1196115
0(
#1196129
1/
#1196146
#1196156
#1196170
#1196179
0.
#1196193
1+
#1196204
0*
#1196215
1(
#1196226
#1196236
0(
#1196250
1.
#1196275
#1196286
0.
#1196300
1(
#1196325
0(
#1196339
1.
#1196351
#1196362
0.
#1196377
1(
#1196460
00
#1196471
1.
#1196482
#1196496
#1196515
0+
#1196529
1+
#1196540
0/
#1196554
1/
#1196565
#1196594
0/
#1196609
10
#1196620
#1196634
#1196643
0+
#1196658
1/
#1196668
0(
#1196682
1+
#1196699
0/
#1196714
1(
#1196724
0+
#1196738
1/
#1196749
1!
#1196750
0!
#1196755
#1196767
#1196786
#1196817
00
#1196830
1"
#1196840
0.
#1196854
1$
#1196870
0(
#1196885
1%
#1196895
0"
#1196908
1"
#1196918
0/
#1196934
1&
#1196944
0%
#1196959
1#
#1196971
#1197097
0"
#1197114
1+
#1197124
0$
#1197137
10
#1197148
0&
#1197162
1.
#1197185
x.
#1197197
00
#1197211
1(
#1197221
0#
#1197235
1/
#1197246
#1197257
#1197270
#1197279
0.
#1197291
10
#1197302
#1197312
00
#1197326
10
#1197351
#1197370
#1197384
#1197395
0(
#1197410
1(
#1197420
0/
#1197434
1/
#1197459
#1197471
0/
#1197485
1/
#1197496
#1197506
0+
#1197520
1+
#1197531
#1197551
0/
#1197566
1/
#1197577
#1197612
0+
#1197625
1"
#1197636
0(
#1197650
1%
#1197660
00
#1197675
1$
#1197686
0/
#1197701
1&
#1197711
0"
#1197724
1"
#1197735
0$
#1197750
1#
#1197761
1!
#1197762
0!
#1197767
#1197797
#1197908
0"
#1197925
1+
#1197937
0%
#1197951
1(
#1197961
0+
#1197975
10
#1197989
x(
#1198001
0#
#1198014
1/
#1198025
0(
#1198036
1+
#1198047
0&
#1198062
1$
#1198072
00
#1198086
10
#1198109
00
#1198122
10
#1198134
#1198146
#1198159
#1198183
#1198195
#1198206
#1198223
#1198237
#1198248
0+
#1198262
1+
#1198273
#1198282
0+
#1198296
1+
#1198313
0/
#1198327
1/
#1198337
0+
#1198351
1+
#1198362
#1198380
00
#1198394
10
#1198405
#1198417
0/
#1198431
1/
#1198441
00
#1198455
10
#1198466
#1198476
0/
#1198490
1/
#1198500
00
#1198514
10
#1198539
#1198565
#1198603
0/
#1198616
1"
#1198627
0+
#1198642
1%
#1198652
00
#1198668
1#
#1198679
#1198714
1!
#1198715
0!
#1198720
#1198823
0"
#1198839
1/
#1198850
0%
#1198863
1+
#1198876
#1198893
x+
#1198905
0$
#1198918
10
#1198928
0#
#1198943
1&
#1198954
0/
#1198967
1/
#1198977
0+
#1198990
1%
#1199000
#1199012
0/
#1199025
1/
#1199042
0/
#1199056
1/
#1199067
#1199087
00
#1199101
10
#1199112
#1199124
00
#1199137
10
#1199148
#1199158
00
#1199171
10
#1199182
#1199206
#1199219
#1199231
#1199240
0/
#1199254
1/
#1199265
#1199274
0/
#1199288
1/
#1199305
0/
#1199318
1/
#1199330
#1199348
00
#1199361
10
#1199372
#1199384
00
#1199398
10
#1199415
00
#1199428
10
#1199440
#1199460
0/
#1199473
1/
#1199485
#1199496
0/
#1199510
1/
#1199527
0/
#1199541
1/
#1199552
#1199572
00
#1199585
10
#1199597
#1199608
00
#1199622
10
#1199633
#1199642
00
#1199656
10
#1199667
#1199691
1!
#1199692
0!
#1199697
#1199709
#1199721
#1199732
0/
#1199746
1/
#1199757
#1199766
0/
#1199780
1/
#1199791
#1199801
0/
#1199814
1/
#1199839
#1199851
#1199863
00
#1199876
10
#1199893
00
#1199907
10
#1199918
#1199931
00
#1199945
10
#1199955
0/
#1199969
1/
#1199986
0/
#1199999
1/
#1200011
#1200023
0/
#1200036
1/
#1200061
#1200075
#1200087
00
#1200100
10
#1200111
#1200121
00
#1200134
10
#1200145
#1200155
00
#1200168
10
#1200193
#1200205
#1200217
0/
#1200230
1/
#1200241
#1200251
0/
#1200264
1/
#1200281
0/
#1200295
1/
#1200306
#1200337
00
#1200350
1"
#1200360
0/
#1200376
1$
#1200387
#1200483
0"
#1200500
10
#1200510
0%
#1200523
1/
#1200534
0&
#1200549
1#
#1200559
0$
#1200575
1%
#1200589
x0
#1200607
00
#1200620
1&
#1200631
#1200675
#1200694
1!
#1200695
0!
#1200700
#1200726
0/
#1200739
1/
#1200766
0/
#1200779
1/
#1200797
0/
#1200810
1/
#1200860
#1200881
#1200904
#1200943
0/
#1200956
1"
#1200984
#1200997
#1201030
#1201063
#1201104
#1201163
0"
#1201176
1"
#1201192
0"
#1201205
1"
#1201221
0"
#1201234
1"
#1201250
0"
#1201263
1"
#1201384
#1201427
#1201449
#1201496
#1201583
0;
#1201674
0<
#1201692
1!
#1201693
0!
#1201698
#1201790
0=
#1201881
0>
#1201972
0?
#1202062
0@
#1202153
0A
#1202245
0B
#1202337
0C
#1202429
0D
#1202527
0"
#1202543
1/
#1202554
0&
#1202567
1;
#1202578
0#
#1202592
1<
#1202603
#1202613
#1202629
0%
#1202643
1=
#1202655
#1202677
x/
#1202697
1!
#1202698
0!
#1202703
#1202722
#1202732
0/
#1202744
1>
#1202755
#1202826
#1202839
#1202855
0;
#1202870
1?
#1202881
#1202901
0=
#1202915
1@
#1202926
#1202939
#1202956
#1203054
#1203136
0<
#1203150
1A
#1203161
#1203173
0>
#1203187
1B
#1203199
#1203209
#1203327
0A
#1203339
1C
#1203350
#1203425
0@
#1203439
1D
#1203501
#1203512
#1203531
#1203643
0B
#1203655
1;
#1203666
#1203791
0?
#1203805
1=
#1203817
#1203836
#1203846
#1203857
#1203867
1!
#1203868
0!
#1203872
#1203891
#1203923
#1203937
#1204090
0C
#1204103
1<
#1204114
0D
#1204125
1>
#1204136
#1204160
0=
#1204174
1A
#1204185
#1204196
#1204215
#1204225
0;
#1204239
1@
#1204331
#1204340
0A
#1204352
1B
#1204363
#1204395
#1204469
0<
#1204483
1?
#1204495
#1204507
#1204585
#1204594
0B
#1204606
1C
#1204631
#1204655
#1204814
0?
#1204825
1=
#1204835
0>
#1204847
1;
#1204858
#1204883
#1204893
#1204905
1!
#1204906
0!
#1204911
#1204991
#1205000
0C
#1205012
1D
#1205029
0@
#1205044
1<
#1205144
#1205153
0;
#1205165
1A
#1205176
#1205261
#1205335
0D
#1205347
1@
#1205364
0=
#1205379
1B
#1205390
#1205403
#1205433
#1205586
0B
#1205597
1=
#1205608
#1205632
#1205642
0<
#1205656
1>
#1205667
#1205680
#1205696
0A
#1205707
1<
#1205726
#1205757
#1205767
1!
#1205768
0!
#1205773
#1205785
#1205853
#1205879
0@
#1205893
1?
#1205972
#1205997
#1206016
0<
#1206028
1@
#1206045
0>
#1206059
1C
#1206071
#1206146
#1206159
#1206168
0?
#1206182
1>
#1206207
#1206292
#1206316
#1206326
0C
#1206340
1;
#1206350
0=
#1206362
1?
#1206373
#1206386
#1206403
#1206493
0;
#1206505
1D
#1206531
#1206690
0?
#1206702
1C
#1206713
#1206737
#1206747
0@
#1206761
1B
#1206822
0D
#1206833
1@
#1206845
#1206855
#1206874
1!
#1206875
0!
#1206880
#1206906
#1206992
#1207016
#1207025
0>
#1207037
1A
#1207055
#1207218
0C
#1207230
1$
#1207241
0@
#1207253
1&
#1207265
#1207290
0$
#1207304
1<
#1207314
0B
#1207328
1B
#1207338
0A
#1207352
1A
#1207363
#1207376
#1207386
#1207403
#1207414
#1207440
#1207449
0&
#1207463
1=
#1207488
#1207500
0<
#1207514
1<
#1207682
0=
#1207695
1#
#1207706
#1207732
#1207741
0A
#1207754
1;
#1207766
#1207775
0B
#1207786
1A
#1207797
1!
#1207798
0!
#1207803
#1207822
#1207918
#1207940
0<
#1207952
1D
#1207963
#1207972
0#
#1207988
1%
#1207999
#1208008
0;
#1208022
1;
#1208033
#1208067
#1208092
0%
#1208107
1?
#1208169
#1208178
0D
#1208192
1D
#1208204
#1208214
#1208231
#1208333
#1208343
#1208374
0A
#1208387
1>
#1208449
#1208461
0;
#1208473
1A
#1208505
#1208652
#1208661
0?
#1208673
1$
#1208690
0>
#1208703
1&
#1208714
1!
#1208715
0!
#1208720
#1208739
#1208764
0&
#1208778
1C
#1208839
0D
#1208853
1D
#1208865
#1208877
#1208901
#1208987
#1209012
0$
#1209026
1@
#1209037
#1209049
0C
#1209063
1C
#1209080
0A
#1209092
1#
#1209179
0@
#1209192
1%
#1209226
#1209251
#1209261
0D
#1209274
1=
#1209288
#1209298
0#
#1209311
1D
#1209330
#1209350
#1209435
#1209460
0%
#1209474
1B
#1209485
0C
#1209497
1&
#1209509
#1209521
#1209545
#1209571
#1209583
0=
#1209597
1<
#1209614
0&
#1209629
1=
#1209640
#1209664
#1209674
0D
#1209688
1;
#1209698
0B
#1209713
1D
#1209724
#1209736
1!
#1209737
0!
#1209742
#1209761
#1209771
#1209782
#1209813
#1209822
0<
#1209836
1B
#1209848
#1209874
#1209967
#1209990
0;
#1210002
1>
#1210012
0=
#1210027
1<
#1210089
#1210108
#1210118
#1210142
#1210153
#1210177
#1210189
0>
#1210203
1?
#1210378
#1210401
0?
#1210413
1=
#1210474
0B
#1210488
1A
#1210498
0D
#1210510
1>
#1210521
#1210534
#1210544
#1210554
#1210571
#1210744
0<
#1210756
1@
#1210773
0=
#1210785
1B
#1210796
#1210821
#1210833
1!
#1210834
0!
#1210839
#1210925
0A
#1210939
1C
#1210950
#1210974
0>
#1210986
1A
#1210996
0@
#1211010
1;
#1211022
#1211032
#1211042
#1211062
#1211072
#1211118
#1211243
0C
#1211257
1@
#1211268
#1211423
0A
#1211434
1D
#1211444
0B
#1211456
1C
#1211467
#1211484
#1211563
#1211579
0D
#1211592
1$
#1211603
#1211702
0@
#1211715
1#
#1211801
0C
#1211814
1%
#1211825
#1211851
1!
#1211852
0!
#1211857
#1211872
0;
#1211885
1?
#1211895
0#
#1211908
1;
#1211920
#1211933
#1211950
#1211960
#1211985
0%
#1211999
1<
#1212017
#1212113
#1212138
0?
#1212151
1=
#1212162
0;
#1212173
1?
#1212184
#1212196
0$
#1212211
1&
#1212221
0<
#1212235
1<
#1212247
#1212264
#1212274
#1212299
0&
#1212313
1>
#1212331
0=
#1212345
1=
#1212356
#1212369
#1212379
#1212389
#1212399
#1212513
#1212589
#1212607
0>
#1212621
1A
#1212700
0?
#1212711
1>
#1212735
0<
#1212748
1#
#1212759
#1212769
#1212795
#1212804
0=
#1212818
1B
#1212836
#1212849
1!
#1212850
0!
#1212855
#1212949
#1213023
0A
#1213034
1=
#1213048
0B
#1213062
1D
#1213073
#1213083
#1213095
0#
#1213110
1B
#1213121
#1213131
#1213162
#1213323
#1213347
#1213359
0D
#1213373
1@
#1213390
0=
#1213401
1D
#1213411
0>
#1213424
1%
#1213435
#1213445
#1213470
0%
#1213485
1C
#1213496
#1213506
#1213525
0B
#1213539
1B
#1213557
#1213575
#1213667
#1213742
#1213761
0C
#1213775
1;
#1213853
0D
#1213865
1C
#1213889
1!
#1213890
0!
#1213895
#1213976
#1213985
0;
#1213997
1$
#1214008
#1214018
0@
#1214030
1&
#1214048
#1214074
0&
#1214087
1?
#1214099
#1214110
0B
#1214124
1B
#1214218
#1214244
#1214253
0$
#1214267
1<
#1214277
0?
#1214290
1#
#1214300
0C
#1214314
1C
#1214325
#1214352
#1214365
#1214389
#1214406
#1214431
0#
#1214446
1A
#1214514
0<
#1214528
1<
#1214539
#1214559
#1214583
#1214661
#1214742
0A
#1214754
1=
#1214765
#1214792
1!
#1214793
0!
#1214798
#1214946
0=
#1214958
1%
#1214968
0<
#1214981
1&
#1214991
0C
#1215005
1C
#1215023
#1215033
#1215058
0%
#1215072
1>
#1215083
#1215094
#1215105
0B
#1215119
1B
#1215137
#1215155
#1215247
0C
#1215259
1$
#1215278
#1215354
0&
#1215368
1D
#1215378
0>
#1215392
1>
#1215404
#1215423
#1215440
#1215450
#1215533
0$
#1215547
1@
#1215559
#1215577
0B
#1215592
1B
#1215685
#1215763
#1215787
0D
#1215798
1;
#1215808
0>
#1215822
1>
#1215833
1!
#1215834
0!
#1215839
#1215851
#1215861
#1215872
#1215906
#1215915
0@
#1215928
1#
#1216014
#1216039
0#
#1216053
1?
#1216064
#1216083
0B
#1216095
1%
#1216106
0;
#1216120
1;
#1216206
#1216216
#1216241
0%
#1216255
1A
#1216267
#1216276
0>
#1216290
1>
#1216300
0?
#1216313
1&
#1216331
#1216426
#1216452
#1216462
0&
#1216476
1=
#1216486
0;
#1216499
1$
#1216510
#1216519
0A
#1216533
1A
#1216551
#1216564
#1216588
#1216667
#1216692
0$
#1216706
1<
#1216716
0>
#1216729
1#
#1216740
#1216759
1!
#1216760
0!
#1216765
#1216783
0=
#1216797
1=
#1216809
#1216834
0#
#1216848
1C
#1216859
#1216869
#1216896
#1216974
0<
#1216988
1<
#1216998
0A
#1217011
1%
#1217022
#1217039
#1217064
#1217089
0%
#1217103
1@
#1217114
#1217126
0C
#1217140
1C
#1217226
0=
#1217238
1&
#1217324
0@
#1217337
1$
#1217348
#1217374
#1217383
0$
#1217397
1D
#1217408
0<
#1217421
1<
#1217433
#1217443
#1217460
#1217487
#1217566
#1217591
0&
#1217605
1B
#1217615
0C
#1217628
1#
#1217639
#1217651
0D
#1217665
1D
#1217690
#1217707
1!
#1217708
0!
#1217713
#1217725
#1217735
#1217819
#1217837
0#
#1217852
1?
#1217869
0B
#1217883
1B
#1217895
#1217970
#1217979
0D
#1217993
1;
#1218005
#1218017
#1218116
#1218146
0<
#1218160
1D
#1218222
#1218234
0;
#1218246
1>
#1218257
#1218274
#1218516
0?
#1218527
1<
#1218538
#1218562
0>
#1218573
1A
#1218583
0D
#1218596
1%
#1218607
#1218619
0B
#1218633
1B
#1218644
#1218661
#1218672
#1218697
0%
#1218711
1=
#1218729
#1218825
#1218834
0A
#1218848
1A
#1218858
0<
#1218871
1$
#1218882
1!
#1218883
0!
#1218887
#1218900
#1218925
0$
#1218939
1@
#1218950
#1218961
#1218973
#1218983
0=
#1218997
1=
#1219008
#1219018
#1219050
#1219142
#1219166
#1219192
0A
#1219204
1C
#1219214
0@
#1219229
1@
#1219315
#1219392
0=
#1219405
1&
#1219415
0C
#1219428
1#
#1219439
#1219449
#1219474
0&
#1219488
1;
#1219505
0B
#1219519
1B
#1219531
#1219543
#1219561
#1219652
0@
#1219665
1%
#1219684
#1219709
0%
#1219723
1>
#1219742
1!
#1219743
0!
#1219747
#1219800
1!
#1219801
0!
#1219815
0;
#1219828
1;
#1219840
#1219852
#1219876
#1219962
#1219987
0#
#1220001
1?
#1220012
#1220024
0>
#1220038
1>
#1220048
0B
#1220061
1$
#1220154
#1220180
#1220189
0$
#1220203
1D
#1220214
0?
#1220226
1&
#1220236
0;
#1220250
1;
#1220261
#1220272
#1220289
#1220316
#1220395
#1220420
0&
#1220433
1<
#1220451
0>
#1220463
1%
#1220475
#1220486
0D
#1220500
1D
#1220519
#1220536
#1220546
#1220629
0%
#1220643
1A
#1220655
#1220666
0<
#1220681
1<
#1220780
#1220858
0A
#1220870
1#
#1220881
0;
#1220893
1$
#1220904
1!
#1220905
0!
#1220910
#1220922
#1220933
#1220965
0#
#1220979
1=
#1220990
#1221008
0D
#1221022
1D
#1221040
#1221051
#1221076
0$
#1221090
1C
#1221101
#1221112
#1221198
0<
#1221212
1<
#1221223
0=
#1221235
1&
#1221329
#1221339
0D
#1221351
1%
#1221363
#1221373
#1221398
0&
#1221412
1@
#1221429
0C
#1221443
1C
#1221454
#1221467
#1221491
#1221576
#1221601
0%
#1221615
1B
#1221626
0<
#1221639
1<
#1221651
#1221663
#1221673
0@
#1221685
1#
#1221696
#1221727
#1221752
0#
#1221767
1?
#1221778
#1221790
0C
#1221804
1C
#1221822
1!
#1221823
0!
#1221828
#1221982
0B
#1221994
1$
#1222006
#1222032
#1222041
0?
#1222052
1>
#1222063
0$
#1222078
1&
#1222088
0<
#1222102
1<
#1222113
#1222123
#1222141
#1222161
#1222253
#1222278
0&
#1222292
1A
#1222303
#1222322
0C
#1222335
1%
#1222345
0>
#1222359
1>
#1222377
#1222387
#1222412
0%
#1222427
1;
#1222438
#1222499
#1222600
#1222625
#1222637
0;
#1222651
1=
#1222668
0A
#1222679
1;
#1222690
0<
#1222704
1<
#1222722
#1222797
#1222807
0>
#1222821
1D
#1222832
#1222843
#1222855
1!
#1222856
0!
#1222861
#1222887
#1222979
#1223003
0<
#1223014
1>
#1223025
0D
#1223039
1@
#1223050
#1223061
#1223071
#1223088
#1223183
#1223207
0;
#1223218
1D
#1223236
0@
#1223250
1?
#1223261
#1223271
#1223352
#1223361
0=
#1223373
1@
#1223405
#1223429
#1223490
#1223502
0>
#1223517
1B
#1223528
#1223640
0B
#1223652
1>
#1223799
0?
#1223811
1#
#1223821
0@
#1223834
1$
#1223845
#1223855
#1223881
#1223891
1!
#1223892
0!
#1223897
#1223915
0D
#1223929
1C
#1223940
#1223952
0#
#1223966
1D
#1223990
#1224001
#1224026
0$
#1224040
1A
#1224102
#1224112
#1224124
0>
#1224138
1>
#1224314
#1224339
#1224348
0A
#1224359
1<
#1224371
#1224381
#1224393
0C
#1224407
1C
#1224438
0D
#1224451
1&
#1224462
#1224487
0&
#1224501
1;
#1224513
#1224574
#1224586
0<
#1224600
1<
#1224611
#1224621
#1224659
#1224738
#1224770
1!
#1224771
0!
#1224775
#1224828
1!
#1224829
0!
#1224843
0;
#1224857
1=
#1224874
0>
#1224885
1;
#1224897
#1224923
#1225008
#1225032
0=
#1225044
1B
#1225055
#1225064
0<
#1225078
1<
#1225096
#1225107
#1225119
#1225218
#1225242
0C
#1225254
1?
#1225265
#1225345
0;
#1225359
1;
#1225384
#1225394
#1225417
0B
#1225429
1@
#1225440
#1225450
0<
#1225464
1<
#1225482
#1225492
#1225505
#1225604
#1225627
0?
#1225639
1A
#1225650
#1225730
0;
#1225744
1;
#1225769
#1225779
#1225803
0@
#1225815
1D
#1225826
#1225835
0<
#1225849
1<
#1225867
#1225878
#1225890
#1225907
1!
#1225908
0!
#1225913
#1226075
0A
#1226087
1%
#1226098
0D
#1226110
1#
#1226197
#1226222
0#
#1226236
1>
#1226246
0;
#1226260
1;
#1226270
0<
#1226283
1$
#1226294
#1226304
#1226317
#1226341
#1226366
0$
#1226380
1=
#1226390
0>
#1226404
1>
#1226416
#1226428
#1226452
#1226538
#1226563
0%
#1226577
1C
#1226587
0=
#1226599
1&
#1226611
#1226623
0;
#1226636
1;
#1226692
1!
#1226693
0!
#1226696
#1226744
1!
#1226745
0!
#1226760
#1226785
0C
#1226796
1B
#1226808
#1226817
0&
#1226832
1#
#1226842
0>
#1226856
1>
#1226868
#1226880
#1226891
#1226901
#1227084
#1227109
0#
#1227122
1?
#1227133
0>
#1227145
1$
#1227156
#1227168
0B
#1227181
1B
#1227192
0;
#1227204
1%
#1227222
#1227233
#1227258
0$
#1227272
1@
#1227283
#1227292
0?
#1227306
1?
#1227324
#1227334
#1227347
#1227378
#1227403
0%
#1227417
1A
#1227429
#1227440
0B
#1227455
1B
#1227548
#1227571
0@
#1227583
1D
#1227594
#1227605
#1227616
0?
#1227631
1?
#1227642
#1227720
#1227730
0A
#1227742
1&
#1227753
#1227792
#1227818
1!
#1227819
0!
#1227823
#1227835
0&
#1227849
1<
#1227860
#1227954
0D
#1227968
1D
#1227979
#1228054
#1228064
0B
#1228078
1=
#1228089
#1228101
#1228124
0?
#1228136
1B
#1228216
#1228225
0=
#1228238
1#
#1228249
#1228259
#1228299
#1228311
0#
#1228325
1C
#1228350
0<
#1228364
1<
#1228443
#1228468
#1228480
#1228490
0D
#1228504
1;
#1228522
#1228545
0B
#1228556
1D
#1228568
#1228592
#1228601
0C
#1228616
1>
#1228627
#1228640
#1228664
#1228703
1!
#1228704
0!
#1228708
#1228760
1!
#1228761
0!
#1228775
0<
#1228789
1C
#1228801
#1228888
#1228904
0;
#1228916
1@
#1229001
0>
#1229013
1<
#1229024
#1229102
#1229119
0@
#1229131
1$
#1229142
#1229160
#1229185
0$
#1229200
1A
#1229268
#1229370
0D
#1229383
1D
#1229394
0<
#1229406
1%
#1229418
#1229496
#1229506
0C
#1229518
1&
#1229536
#1229561
0&
#1229575
1?
#1229587
#1229598
0A
#1229612
1A
#1229705
1!
#1229706
0!
#1229711
#1229722
0?
#1229735
1#
#1229746
#1229772
#1229782
0#
#1229796
1=
#1229806
0D
#1229820
1D
#1229831
#1229841
#1229858
#1229885
#1229964
#1229989
0%
#1230003
1B
#1230013
0A
#1230026
1$
#1230037
#1230049
0=
#1230063
1=
#1230088
#1230106
#1230131
0$
#1230145
1;
#1230206
0B
#1230221
1B
#1230232
#1230242
#1230262
#1230430
#1230453
0;
#1230464
1>
#1230476
#1230485
0D
#1230499
1D
#1230516
0=
#1230529
1&
#1230540
#1230553
#1230570
#1230594
#1230671
#1230683
0>
#1230697
1@
#1230707
0&
#1230721
1>
#1230821
#1230831
0@
#1230843
1#
#1230854
1!
#1230855
0!
#1230860
#1230872
#1230897
0#
#1230912
1<
#1230973
0D
#1230987
1D
#1230998
#1231008
#1231025
#1231036
#1231083
#1231208
0>
#1231223
1C
#1231234
#1231403
#1231478
0C
#1231489
1>
#1231499
0D
#1231513
1?
#1231525
#1231537
0B
#1231548
1D
#1231559
#1231583
#1231662
#1231671
0?
#1231684
1%
#1231702
#1231712
#1231738
1!
#1231739
0!
#1231743
#1231763
#1231782
0%
#1231796
1A
#1231813
0<
#1231828
1<
#1231839
#1231914
#1231924
0D
#1231938
1;
#1231949
#1231962
#1232060
#1232091
0>
#1232105
1D
#1232167
#1232179
0;
#1232190
1=
#1232202
#1232219
#1232461
0A
#1232471
1>
#1232483
#1232506
0=
#1232518
1@
#1232528
0D
#1232541
1$
#1232552
#1232564
0<
#1232578
1<
#1232589
#1232606
#1232616
#1232641
0$
#1232656
1B
#1232674
#1232769
#1232778
0@
#1232792
1@
#1232803
0>
#1232815
1&
#1232826
#1232836
1!
#1232837
0!
#1232842
#1232854
#1232879
0&
#1232894
1C
#1232911
0B
#1232925
1B
#1232936
#1232949
#1232959
#1232970
#1232987
#1233086
#1233168
#1233187
0<
#1233201
1?
#1233218
0C
#1233230
1<
#1233241
#1233265
#1233275
0@
#1233289
1;
#1233351
#1233364
#1233388
#1233418
0;
#1233433
1@
#1233495
#1233514
#1233606
#1233684
#1233714
0B
#1233726
1=
#1233736
0?
#1233748
1;
#1233759
#1233771
0<
#1233785
1A
#1233796
#1233813
#1233898
1!
#1233899
0!
#1233904
#1233930
#1233954
0A
#1233966
1<
#1233977
#1233989
0=
#1234003
1D
#1234088
0;
#1234100
1=
#1234186
#1234195
0D
#1234208
1#
#1234219
#1234230
#1234240
#1234265
0#
#1234279
1>
#1234297
#1234307
0@
#1234321
1@
#1234332
#1234433
#1234458
#1234470
0<
#1234484
1C
#1234502
#1234511
0>
#1234523
1<
#1234534
#1234544
#1234561
#1234668
#1234793
0=
#1234807
1?
#1234819
#1234844
0@
#1234856
1=
#1234942
#1235017
1!
#1235018
0!
#1235023
#1235035
#1235047
0<
#1235061
1B
#1235078
0?
#1235090
1<
#1235101
#1235118
#1235142
#1235203
#1235221
#1235233
#1235249
0C
#1235264
1A
#1235275
#1235300
#1235311
0B
#1235326
1C
#1235501
0=
#1235512
1;
#1235522
0<
#1235534
1B
#1235552
#1235562
#1235587
#1235647
#1235657
0A
#1235671
1D
#1235682
#1235693
#1235719
1!
#1235720
0!
#1235725
#1235825
0D
#1235837
1A
#1235855
#1235930
0;
#1235944
1>
#1236006
#1236019
#1236043
#1236203
#1236226
0C
#1236238
1;
#1236249
#1236261
0B
#1236273
1@
#1236283
0>
#1236297
1>
#1236308
#1236332
#1236342
#1236418
#1236427
0A
#1236441
1?
#1236453
#1236554
0?
#1236565
1A
#1236577
#1236587
#1236679
#1236771
0;
#1236783
1%
#1236802
#1236827
0>
#1236838
1=
#1236849
0%
#1236864
1$
#1236874
0@
#1236888
1@
#1236899
1!
#1236900
0!
#1236905
#1236917
#1236978
#1236988
#1237029
#1237054
0$
#1237069
1<
#1237181
#1237200
0=
#1237214
1=
#1237307
#1237382
0<
#1237396
1D
#1237407
#1237419
0@
#1237431
1<
#1237442
#1237466
#1237476
#1237486
#1237662
#1237685
0D
#1237696
1B
#1237707
0A
#1237721
1A
#1237731
0=
#1237744
1&
#1237755
#1237765
#1237778
#1237863
0<
#1237875
1#
#1237894
1!
#1237895
0!
#1237900
#1237987
#1238012
0#
#1238026
1C
#1238036
0A
#1238049
1%
#1238060
#1238072
0B
#1238085
1B
#1238104
#1238114
#1238139
0%
#1238153
1?
#1238163
0C
#1238177
1C
#1238188
#1238199
#1238216
#1238243
#1238321
#1238347
0&
#1238360
1>
#1238371
0B
#1238383
1$
#1238395
#1238407
0?
#1238420
1?
#1238445
#1238463
#1238488
0$
#1238503
1;
#1238514
#1238523
0>
#1238537
1>
#1238606
#1238616
#1238636
#1238667
#1238742
#1238828
0?
#1238842
1@
#1238921
0;
#1238932
1?
#1238942
0C
#1238955
1#
#1238966
#1238976
1!
#1238977
0!
#1238982
#1238994
#1239032
#1239108
0#
#1239123
1=
#1239133
0>
#1239147
1>
#1239210
#1239222
#1239239
#1239330
0@
#1239343
1%
#1239354
#1239379
0%
#1239394
1D
#1239404
0=
#1239418
1=
#1239430
#1239442
#1239459
#1239558
#1239633
#1239645
0>
#1239659
1<
#1239670
0?
#1239681
1>
#1239713
#1239791
1!
#1239792
0!
#1239797
#1239809
#1239819
#1239900
0D
#1239912
1A
#1239922
0=
#1239937
1=
#1239948
#1239967
#1240053
#1240138
0A
#1240150
1&
#1240167
0>
#1240180
1$
#1240199
#1240224
0&
#1240238
1B
#1240299
0<
#1240313
1<
#1240324
#1240337
#1240361
#1240446
#1240471
0$
#1240485
1;
#1240495
0=
#1240508
1#
#1240519
#1240531
0B
#1240545
1B
#1240638
#1240664
#1240674
0#
#1240687
1C
#1240698
0;
#1240710
1%
#1240721
#1240731
0<
#1240745
1<
#1240763
#1240790
1!
#1240791
0!
#1240795
#1240876
#1240901
0%
#1240915
1@
#1240925
0B
#1240938
1&
#1240949
#1240961
0C
#1240975
1C
#1240986
#1241003
#1241014
#1241039
0&
#1241053
1?
#1241071
#1241080
0@
#1241095
1@
#1241106
#1241116
#1241133
#1241160
#1241252
#1241277
#1241357
0<
#1241370
1D
#1241381
0C
#1241392
1<
#1241417
#1241495
#1241505
0D
#1241517
1$
#1241535
#1241560
0?
#1241571
1A
#1241582
0$
#1241597
1#
#1241607
0@
#1241621
1@
#1241632
#1241659
#1241738
1!
#1241739
0!
#1241744
#1241755
0<
#1241768
1%
#1241779
#1241789
#1241814
0%
#1241828
1>
#1241845
0A
#1241859
1A
#1241870
#1241883
#1241901
#1241992
0@
#1242005
1&
#1242024
#1242049
0&
#1242063
1=
#1242125
#1242137
0>
#1242151
1>
#1242244
#1242253
0A
#1242266
1$
#1242277
#1242288
#1242313
0$
#1242327
1;
#1242344
0=
#1242358
1=
#1242369
#1242382
#1242405
#1242491
#1242516
0#
#1242530
1B
#1242541
#1242553
0>
#1242567
1>
#1242577
0;
#1242590
1%
#1242601
#1242625
#1242690
1!
#1242691
0!
#1242695
#1242718
1!
#1242719
0!
#1242734
#1242759
0%
#1242773
1C
#1242790
0B
#1242802
1&
#1242814
#1242826
0=
#1242839
1=
#1242858
#1242875
#1242886
#1242968
0&
#1242983
1?
#1242994
#1243006
0C
#1243020
1C
#1243120
#1243144
#1243204
0=
#1243218
1D
#1243229
#1243239
0?
#1243251
1=
#1243269
#1243279
#1243298
#1243390
#1243414
0>
#1243426
1<
#1243437
#1243462
0C
#1243477
1C
#1243563
#1243573
#1243597
0D
#1243608
1@
#1243620
#1243629
0=
#1243643
1=
#1243661
#1243672
#1243759
#1243776
#1243800
0<
#1243812
1A
#1243823
1!
#1243824
0!
#1243828
#1243840
0C
#1243854
1C
#1243865
#1243953
#1243962
0@
#1243975
1$
#1243986
#1244010
#1244036
#1244048
0$
#1244062
1;
#1244080
0A
#1244094
1A
#1244181
#1244205
#1244218
#1244227
0=
#1244241
1B
#1244259
#1244283
#1244307
0C
#1244318
1=
#1244329
0;
#1244343
1?
#1244354
#1244442
#1244458
0B
#1244470
1;
#1244549
#1244559
#1244590
#1244601
#1244613
#1244630
0A
#1244643
1>
#1244655
#1244679
#1244691
0?
#1244703
1A
#1244713
0=
#1244728
1D
#1244752
#1244769
#1244854
#1244879
1!
#1244880
0!
#1244884
#1244896
0>
#1244910
1=
#1244921
#1244933
#1244943
0D
#1244955
1<
#1244966
#1245072
#1245095
0<
#1245107
1>
#1245118
#1245198
0A
#1245212
1@
#1245223
0;
#1245234
1A
#1245246
#1245269
#1245280
#1245304
#1245313
0=
#1245328
1C
#1245397
#1245567
#1245577
#1245600
0A
#1245612
1=
#1245629
0C
#1245643
1B
#1245653
0@
#1245665
1C
#1245676
#1245689
#1245713
#1245792
#1245801
0>
#1245814
1#
#1245832
#1245858
1!
#1245859
0!
#1245863
#1245876
#1245888
#1245904
0#
#1245919
1?
#1245936
0B
#1245950
1B
#1245962
#1245986
#1245995
0C
#1246010
1D
#1246021
#1246034
#1246215
0=
#1246226
1C
#1246236
0D
#1246249
1%
#1246260
#1246270
#1246347
#1246356
0%
#1246371
1<
#1246388
0?
#1246402
1?
#1246414
#1246441
#1246525
0C
#1246538
1&
#1246617
#1246627
#1246652
0&
#1246666
1;
#1246683
0B
#1246697
1B
#1246709
#1246720
0<
#1246733
1$
#1246752
1!
#1246753
0!
#1246757
#1246769
#1246855
#1246880
0$
#1246894
1A
#1246904
0?
#1246917
1#
#1246928
#1246938
0;
#1246951
1;
#1246963
#1246997
#1247022
0#
#1247036
1@
#1247098
#1247108
0A
#1247122
1A
#1247133
#1247143
#1247160
#1247256
#1247266
#1247296
0B
#1247310
1>
#1247321
0;
#1247332
1B
#1247344
#1247371
#1247455
0A
#1247468
1%
#1247547
#1247572
0%
#1247586
1=
#1247597
#1247608
#1247619
0@
#1247632
1&
#1247657
#1247682
0&
#1247696
1D
#1247708
#1247719
0=
#1247734
1=
#1247751
0>
#1247765
1>
#1247776
1!
#1247777
0!
#1247782
#1247794
#1247804
#1247814
#1247839
#1247863
#1247875
0B
#1247889
1C
#1247907
#1247985
#1248009
0D
#1248021
1B
#1248031
0>
#1248045
1<
#1248063
#1248074
#1248094
#1248268
#1248292
0=
#1248303
1>
#1248313
0B
#1248325
1?
#1248386
0C
#1248401
1C
#1248412
#1248422
#1248435
#1248445
#1248455
#1248486
#1248511
#1248537
0?
#1248552
1;
#1248577
#1248702
0<
#1248716
1?
#1248728
#1248882
0>
#1248893
1A
#1248904
0;
#1248915
1<
#1248926
#1248943
#1249022
#1249038
0A
#1249051
1$
#1249062
#1249162
0?
#1249174
1#
#1249254
1!
#1249255
0!
#1249260
#1249271
0<
#1249284
1%
#1249304
#1249329
0#
#1249343
1@
#1249353
0C
#1249367
1C
#1249378
#1249391
#1249408
#1249418
#1249443
0%
#1249457
1D
#1249468
0@
#1249481
1@
#1249500
#1249512
#1249537
#1249615
#1249641
0$
#1249654
1=
#1249665
0C
#1249677
1&
#1249689
#1249701
0D
#1249714
1D
#1249732
1!
#1249733
0!
#1249738
#1249757
#1249775
#1249800
0&
#1249814
1B
#1249875
0=
#1249890
1=
#1249901
#1249911
#1249931
#1250099
#1250122
0B
#1250134
1>
#1250145
#1250154
0@
#1250168
1@
#1250185
0D
#1250198
1#
#1250209
#1250222
#1250239
#1250263
#1250340
#1250352
0>
#1250366
1;
#1250376
0#
#1250391
1>
#1250490
#1250500
0;
#1250512
1%
#1250592
#1250617
0%
#1250631
1A
#1250642
#1250651
0@
#1250665
1@
#1250682
0=
#1250695
1$
#1250706
#1250717
#1250729
#1250760
#1250785
0$
#1250799
1?
#1250810
0>
#1250824
1>
#1250835
#1250848
#1250858
1!
#1250859
0!
#1250864
#1250876
#1250967
0A
#1250980
1&
#1251005
#1251030
0&
#1251045
1<
#1251158
#1251176
0@
#1251191
1@
#1251284
#1251358
0<
#1251372
1C
#1251383
#1251395
0>
#1251407
1<
#1251418
#1251442
#1251452
#1251462
#1251638
#1251661
0C
#1251673
1B
#1251683
0?
#1251697
1?
#1251707
0@
#1251720
1#
#1251731
#1251741
1!
#1251742
0!
#1251747
#1251759
#1251827
#1251929
#1251954
0#
#1251968
1D
#1252029
0?
#1252042
1%
#1252053
#1252065
0<
#1252079
1<
#1252172
#1252197
0%
#1252211
1;
#1252222
0B
#1252234
1$
#1252246
#1252258
#1252268
0D
#1252281
1D
#1252293
#1252303
#1252334
#1252344
#1252427
0$
#1252442
1=
#1252452
0;
#1252466
1;
#1252478
#1252497
#1252515
#1252607
#1252631
#1252643
0<
#1252657
1A
#1252674
0D
#1252686
1<
#1252705
1!
#1252706
0!
#1252710
#1252780
1!
#1252781
0!
#1252796
#1252805
0=
#1252818
1&
#1252829
#1252839
#1252865
#1252884
0&
#1252898
1>
#1252923
0;
#1252937
1;
#1253023
#1253034
#1253108
0A
#1253122
1@
#1253133
#1253145
0>
#1253157
1A
#1253168
#1253178
#1253216
#1253370
#1253395
#1253406
0@
#1253418
1C
#1253428
0<
#1253442
1<
#1253452
0;
#1253465
1#
#1253483
#1253568
#1253579
#1253604
0#
#1253617
1?
#1253628
0C
#1253640
1%
#1253651
0A
#1253665
1A
#1253676
#1253689
#1253705
1!
#1253706
0!
#1253711
#1253738
#1253748
#1253773
0%
#1253787
1B
#1253855
0?
#1253870
1?
#1253881
#1253894
#1253918
#1254010
#1254085
0A
#1254096
1D
#1254108
#1254126
0B
#1254140
1B
#1254165
#1254312
#1254336
#1254346
0?
#1254359
1=
#1254370
0<
#1254381
1?
#1254392
#1254412
#1254429
#1254439
#1254469
0D
#1254481
1>
#1254492
#1254511
0=
#1254525
1=
#1254544
#1254561
#1254571
#1254654
#1254672
0?
#1254686
1@
#1254713
1!
#1254714
0!
#1254717
#1254787
1!
#1254788
0!
#1254803
#1254877
0=
#1254891
1?
#1254902
#1254921
0>
#1254933
1;
#1254944
#1254961
#1255197
#1255221
0@
#1255231
1=
#1255242
0;
#1255253
1C
#1255263
0?
#1255276
1$
#1255287
#1255299
0B
#1255313
1B
#1255324
#1255341
#1255352
#1255377
0$
#1255391
1A
#1255409
#1255418
0C
#1255433
1C
#1255444
#1255454
#1255471
#1255498
#1255590
#1255615
#1255695
0=
#1255708
1<
#1255719
0B
#1255730
1=
#1255755
#1255833
1!
#1255834
0!
#1255839
#1255850
0A
#1255862
1&
#1255873
#1255883
0<
#1255896
1#
#1255907
#1255932
0#
#1255946
1D
#1255956
0C
#1255970
1C
#1255988
#1256001
#1256025
#1256104
#1256129
0&
#1256143
1>
#1256153
0=
#1256166
1%
#1256177
#1256189
0D
#1256203
1D
#1256228
#1256246
#1256271
0%
#1256285
1;
#1256296
#1256306
0>
#1256320
1>
#1256389
#1256399
#1256418
#1256449
#1256524
#1256611
0D
#1256625
1@
#1256691
1!
#1256692
0!
#1256696
#1256719
1!
#1256720
0!
#1256747
0;
#1256759
1D
#1256770
#1256794
#1256804
0>
#1256817
1?
#1256879
#1256890
#1256902
0C
#1256913
1>
#1257089
#1257114
#1257123
0?
#1257134
1B
#1257145
#1257156
#1257168
0@
#1257181
1@
#1257213
0D
#1257226
1$
#1257237
#1257262
0$
#1257276
1A
#1257288
#1257349
#1257361
0B
#1257375
1B
#1257386
#1257396
#1257434
#1257513
#1257594
0A
#1257608
1<
#1257619
#1257631
0>
#1257643
1A
#1257675
#1257822
#1257845
0<
#1257857
1=
#1257867
0@
#1257881
1@
#1257891
0B
#1257904
1#
#1257915
#1257925
#1257938
#1257948
1!
#1257949
0!
#1257954
#1257973
#1258079
0@
#1258092
1&
#1258172
#1258197
0&
#1258210
1;
#1258221
0A
#1258234
1%
#1258244
0=
#1258257
1=
#1258269
#1258281
#1258298
#1258309
#1258334
0#
#1258348
1C
#1258365
0;
#1258379
1;
#1258390
#1258403
#1258426
#1258512
#1258537
0%
#1258551
1?
#1258561
0C
#1258574
1$
#1258584
0=
#1258598
1=
#1258609
#1258622
#1258646
#1258695
1!
#1258696
0!
#1258700
#1258739
1!
#1258740
0!
#1258755
#1258780
0?
#1258791
1D
#1258802
0$
#1258817
1&
#1258827
0;
#1258841
1;
#1258852
#1258865
#1258882
#1258989
0=
#1259001
1#
#1259081
#1259106
0#
#1259120
1>
#1259130
0;
#1259143
1%
#1259154
#1259166
0D
#1259179
1D
#1259198
#1259208
#1259233
0%
#1259247
1B
#1259258
#1259267
0>
#1259281
1>
#1259299
#1259310
#1259322
#1259353
#1259378
0&
#1259393
1<
#1259404
#1259416
0D
#1259430
1D
#1259523
#1259546
0B
#1259558
1@
#1259569
#1259580
#1259592
0>
#1259606
1>
#1259617
#1259696
#1259705
0<
#1259718
1$
#1259729
#1259767
#1259793
1!
#1259794
0!
#1259799
#1259810
0$
#1259824
1A
#1259836
#1259929
0@
#1259943
1@
#1259954
#1260029
#1260039
0D
#1260053
1C
#1260064
#1260077
#1260100
0>
#1260111
1D
#1260191
#1260200
0C
#1260213
1#
#1260224
#1260234
#1260274
#1260286
0#
#1260300
1?
#1260325
0A
#1260339
1A
#1260418
#1260443
#1260456
#1260465
0@
#1260479
1=
#1260497
#1260520
0D
#1260532
1@
#1260543
#1260567
#1260577
0?
#1260591
1;
#1260602
#1260615
#1260639
#1260693
1!
#1260694
0!
#1260698
#1260736
1!
#1260737
0!
#1260750
0A
#1260765
1?
#1260776
#1260863
#1260879
0=
#1260891
1B
#1260976
0;
#1260988
1A
#1260999
#1261078
#1261094
0B
#1261106
1%
#1261118
#1261135
#1261160
0%
#1261175
1<
#1261244
#1261345
0@
#1261359
1@
#1261369
0A
#1261382
1&
#1261393
#1261471
#1261481
0?
#1261494
1$
#1261512
#1261537
0$
#1261551
1>
#1261562
#1261574
0<
#1261587
1<
#1261681
#1261707
#1261716
0@
#1261730
1C
#1261740
1!
#1261741
0!
#1261746
#1261758
0>
#1261769
1@
#1261779
0&
#1261794
1#
#1261806
#1261818
#1261842
#1261868
#1261880
0#
#1261895
1D
#1261913
#1261922
0C
#1261936
1C
#1261947
#1261958
#1261975
#1262075
#1262100
#1262180
0<
#1262193
1=
#1262210
0@
#1262221
1<
#1262232
0C
#1262244
1%
#1262256
#1262266
#1262292
#1262301
0%
#1262315
1;
#1262334
#1262352
0D
#1262367
1D
#1262460
#1262535
0;
#1262549
1B
#1262560
#1262573
#1262582
0<
#1262594
1;
#1262605
#1262615
#1262632
#1262696
1!
#1262697
0!
#1262700
#1262740
1!
#1262741
0!
#1262776
0D
#1262788
1$
#1262937
#1262962
0$
#1262975
1A
#1262985
0;
#1262998
1&
#1263008
0B
#1263021
1#
#1263031
0=
#1263044
1=
#1263056
#1263068
#1263086
#1263096
#1263121
0#
#1263135
1?
#1263152
0A
#1263166
1A
#1263177
#1263190
#1263214
#1263299
#1263324
0&
#1263338
1>
#1263349
0?
#1263361
1%
#1263371
0=
#1263385
1=
#1263397
#1263409
#1263433
#1263519
#1263544
0%
#1263558
1@
#1263569
#1263581
0A
#1263594
1A
#1263605
0>
#1263617
1$
#1263711
#1263737
#1263746
0$
#1263760
1C
#1263770
0@
#1263783
1#
#1263793
0=
#1263807
1=
#1263818
#1263831
#1263841
1!
#1263842
0!
#1263847
#1263866
#1263876
#1263893
#1263918
0#
#1263933
1<
#1263944
#1263956
0C
#1263970
1C
#1264002
#1264019
#1264094
#1264105
#1264117
0=
#1264131
1D
#1264374
0<
#1264385
1=
#1264395
0C
#1264407
1&
#1264418
#1264428
0D
#1264441
1%
#1264452
#1264462
#1264487
0%
#1264501
1;
#1264512
0A
#1264525
1A
#1264543
#1264556
#1264581
#1264659
#1264684
0&
#1264698
1B
#1264709
0=
#1264721
1$
#1264733
#1264744
0;
#1264758
1;
#1264783
1!
#1264784
0!
#1264789
#1264801
#1264826
0$
#1264840
1?
#1264852
#1264863
0B
#1264878
1B
#1264896
#1264981
#1265005
#1265015
0?
#1265027
1>
#1265038
#1265047
0A
#1265061
1A
#1265079
#1265090
#1265102
#1265113
#1265151
#1265226
#1265251
0;
#1265266
1@
#1265426
0A
#1265437
1;
#1265448
#1265472
0>
#1265484
1<
#1265545
0B
#1265559
1B
#1265571
#1265590
#1265600
#1265617
#1265628
#1265709
0<
#1265723
1D
#1265734
#1265747
#1265914
0B
#1265925
1<
#1265936
#1265961
#1265970
0@
#1265984
1C
#1265994
0D
#1266006
1@
#1266018
#1266030
1!
#1266031
0!
#1266036
#1266055
#1266072
#1266082
#1266182
#1266206
0;
#1266218
1=
#1266285
0C
#1266300
1C
#1266311
#1266330
#1266354
#1266433
#1266514
0<
#1266528
1?
#1266539
#1266551
0=
#1266563
1<
#1266581
#1266673
#1266752
#1266776
0?
#1266787
1A
#1266797
0@
#1266811
1@
#1266821
0C
#1266834
1#
#1266845
#1266855
1!
#1266856
0!
#1266861
#1266873
#1266907
#1266917
#1266942
0#
#1266957
1>
#1267026
#1267051
0A
#1267065
1A
#1267152
#1267162
#1267185
0>
#1267197
1B
#1267258
0@
#1267273
1@
#1267284
#1267294
#1267311
#1267321
#1267369
#1267494
0A
#1267508
1D
#1267520
#1267689
#1267763
0D
#1267775
1A
#1267785
0@
#1267799
1;
#1267810
#1267822
0<
#1267834
1@
#1267845
#1267937
#1267961
1!
#1267962
0!
#1267967
#1267978
0B
#1267992
1=
#1268003
0;
#1268014
1B
#1268026
#1268038
#1268055
#1268066
#1268076
#1268086
#1268117
0=
#1268131
1C
#1268142
#1268162
#1268192
#1268268
#1268368
0B
#1268382
1=
#1268393
0C
#1268404
1?
#1268416
#1268491
#1268503
0@
#1268517
1B
#1268542
#1268620
#1268629
0A
#1268641
1>
#1268652
#1268662
#1268679
#1268711
#1268729
0?
#1268744
1@
#1268823
1!
#1268824
0!
#1268828
#1268840
0>
#1268851
1<
#1269019
0B
#1269030
1?
#1269042
#1269066
#1269075
0=
#1269089
1D
#1269100
0<
#1269111
1=
#1269123
#1269135
#1269146
#1269162
#1269180
#1269190
#1269214
#1269224
0D
#1269238
1;
#1269263
#1269440
#1269464
0?
#1269475
1D
#1269485
0=
#1269497
1C
#1269558
0@
#1269573
1@
#1269584
#1269594
#1269614
#1269624
#1269634
#1269665
#1269740
#1269834
0C
#1269848
1A
#1269858
0;
#1269870
1C
#1269895
#1269905
#1269930
#1269939
0@
#1269953
1>
#1270022
#1270035
1!
#1270036
0!
#1270040
#1270210
#1270233
0D
#1270245
1@
#1270255
0A
#1270267
1B
#1270328
0>
#1270342
1>
#1270353
#1270364
#1270383
#1270393
#1270404
#1270434
#1270510
#1270604
0B
#1270618
1<
#1270628
0C
#1270640
1B
#1270665
#1270675
#1270699
#1270709
0>
#1270723
1?
#1270792
#1270813
1!
#1270814
0!
#1270818
#1270887
1!
#1270888
0!
#1270916
0@
#1270928
1>
#1271075
0<
#1271087
1%
#1271097
0B
#1271110
1&
#1271121
#1271139
#1271149
#1271181
0&
#1271195
1=
#1271206
#1271225
0?
#1271238
1?
#1271257
#1271267
#1271292
0%
#1271306
1;
#1271317
#1271328
#1271415
0>
#1271429
1>
#1271439
0=
#1271451
1$
#1271545
#1271555
0?
#1271568
1#
#1271579
#1271589
#1271614
0#
#1271628
1A
#1271645
0;
#1271659
1;
#1271670
#1271683
#1271700
1!
#1271701
0!
#1271706
#1271718
#1271742
#1271768
#1271780
0$
#1271794
1D
#1271880
#1271905
#1271917
0>
#1271931
1C
#1271941
0;
#1271955
1>
#1271972
0A
#1271984
1;
#1272002
#1272012
#1272036
#1272097
#1272107
0D
#1272121
1@
#1272132
#1272143
#1272333
0@
#1272344
1D
#1272354
0;
#1272367
1&
#1272378
#1272403
0&
#1272418
1<
#1272428
0C
#1272442
1C
#1272504
#1272517
#1272527
#1272538
#1272555
#1272654
#1272694
1!
#1272695
0!
#1272699
#1272744
1!
#1272745
0!
#1272759
0<
#1272773
1B
#1272790
0>
#1272802
1<
#1272813
#1272839
#1272924
#1272948
0B
#1272960
1=
#1272971
#1272980
0D
#1272995
1D
#1273013
#1273023
#1273036
#1273134
#1273158
0C
#1273170
1?
#1273181
#1273261
0<
#1273275
1<
#1273300
#1273310
#1273334
0=
#1273345
1A
#1273356
#1273366
0D
#1273380
1D
#1273398
#1273408
#1273421
#1273520
#1273544
0?
#1273555
1@
#1273567
#1273647
0<
#1273660
1<
#1273685
#1273695
#1273719
0A
#1273731
1;
#1273742
#1273751
0D
#1273766
1D
#1273784
#1273794
#1273807
#1273823
1!
#1273824
0!
#1273829
#1273991
0@
#1274004
1%
#1274014
0;
#1274027
1#
#1274114
#1274139
0#
#1274152
1>
#1274162
0<
#1274176
1<
#1274186
0D
#1274199
1$
#1274210
#1274221
#1274233
#1274257
#1274282
0$
#1274296
1B
#1274307
0>
#1274320
1>
#1274332
#1274344
#1274368
#1274454
#1274479
0%
#1274493
1C
#1274503
0B
#1274516
1&
#1274527
#1274539
0<
#1274553
1<
#1274646
#1274672
#1274681
0&
#1274695
1=
#1274705
0C
#1274718
1#
#1274729
#1274739
0>
#1274752
1>
#1274771
#1274783
#1274808
#1274818
1!
#1274819
0!
#1274824
#1274904
#1274929
0#
#1274943
1?
#1274953
0<
#1274966
1$
#1274977
#1274989
0=
#1275003
1=
#1275028
#1275046
#1275071
0$
#1275085
1A
#1275096
#1275106
0?
#1275120
1?
#1275189
#1275199
#1275218
#1275249
#1275324
#1275411
0=
#1275425
1@
#1275503
0A
#1275515
1=
#1275525
0>
#1275538
1%
#1275549
#1275573
#1275599
#1275608
0%
#1275622
1;
#1275691
#1275703
0?
#1275717
1?
#1275735
1!
#1275736
0!
#1275741
#1275828
#1275846
#1275924
0@
#1275936
1&
#1275947
#1275972
0&
#1275986
1D
#1276003
0;
#1276017
1;
#1276027
0=
#1276040
1#
#1276051
#1276061
#1276074
#1276098
#1276123
0#
#1276137
1B
#1276206
#1276307
0?
#1276321
1?
#1276331
0;
#1276344
1$
#1276355
#1276434
#1276443
0D
#1276456
1%
#1276474
#1276499
0$
#1276513
1C
#1276524
#1276536
0B
#1276550
1B
#1276643
#1276669
#1276679
0%
#1276692
1<
#1276703
0C
#1276715
1&
#1276726
0?
#1276740
1?
#1276751
#1276761
#1276780
1!
#1276781
0!
#1276786
#1276805
#1276816
#1276841
0&
#1276855
1A
#1276866
#1276876
#1276909
0<
#1276924
1<
#1277011
#1277088
0B
#1277101
1#
#1277111
0?
#1277124
1$
#1277135
#1277145
#1277170
0#
#1277184
1>
#1277201
0A
#1277215
1A
#1277226
#1277239
#1277263
#1277349
#1277374
0$
#1277388
1@
#1277398
0>
#1277410
1%
#1277421
0<
#1277435
1<
#1277446
#1277458
#1277482
#1277568
#1277593
0%
#1277607
1=
#1277618
#1277630
0A
#1277644
1A
#1277654
0@
#1277667
1&
#1277691
1!
#1277692
0!
#1277697
#1277778
#1277804
#1277813
0&
#1277827
1;
#1277837
0=
#1277850
1#
#1277860
0<
#1277874
1<
#1277885
#1277895
#1277913
#1277939
#1278018
#1278043
0#
#1278057
1D
#1278074
0A
#1278087
1$
#1278098
#1278110
0;
#1278124
1;
#1278143
#1278160
#1278170
#1278253
0$
#1278267
1C
#1278278
#1278290
0D
#1278304
1D
#1278404
#1278429
#1278489
0;
#1278503
1B
#1278514
#1278523
0C
#1278535
1;
#1278553
#1278563
#1278583
#1278675
#1278698
0<
#1278710
1?
#1278721
#1278747
0D
#1278761
1D
#1278779
1!
#1278780
0!
#1278785
#1278933
#1278943
0?
#1278955
1%
#1278965
0B
#1278978
1&
#1278989
#1279015
#1279025
0%
#1279038
1>
#1279057
#1279068
0;
#1279082
1;
#1279176
#1279202
#1279212
0&
#1279226
1@
#1279236
0D
#1279249
1#
#1279259
0>
#1279273
1>
#1279284
#1279294
#1279311
#1279338
#1279417
#1279442
0#
#1279456
1=
#1279473
0;
#1279486
1$
#1279497
#1279509
0@
#1279523
1@
#1279541
#1279558
#1279569
#1279651
0$
#1279666
1A
#1279677
#1279689
0=
#1279703
1=
#1279728
1!
#1279729
0!
#1279733
#1279746
#1279898
0>
#1279910
1%
#1279921
0A
#1279934
1&
#1279945
#1279971
#1279980
0&
#1279994
1C
#1280012
#1280024
0@
#1280038
1@
#1280132
#1280158
#1280167
0%
#1280181
1<
#1280192
0C
#1280205
1C
#1280217
#1280227
#1280244
#1280271
#1280280
0=
#1280293
1#
#1280304
#1280329
0#
#1280344
1?
#1280405
0<
#1280419
1<
#1280437
#1280450
#1280618
#1280641
0@
#1280653
1B
#1280663
0?
#1280677
1?
#1280694
0C
#1280706
1$
#1280718
#1280731
#1280741
#1280770
1!
#1280771
0!
#1280775
#1280793
0<
#1280806
1"
#1280817
0B
#1280831
1&
#1280842
0?
#1280857
1%
#1280868
0"
#1280881
1"
#1280896
#1280992
0"
#1281008
1<
#1281018
0&
#1281032
1B
#1281042
0$
#1281056
1?
#1281072
#1281083
#1281112
0B
#1281126
1D
#1281137
0%
#1281151
1B
#1281162
#1281178
x<
#1281205
#1281214
0<
#1281227
1#
#1281306
#1281316
#1281353
0?
#1281367
1;
#1281378
#1281397
0D
#1281408
1?
#1281418
0#
#1281433
1&
#1281451
#1281462
#1281487
0&
#1281501
1>
#1281512
#1281523
#1281603
0B
#1281616
1B
#1281627
0;
#1281639
1$
#1281650
#1281668
#1281699
1!
#1281700
0!
#1281705
#1281861
#1281886
0$
#1281899
1A
#1281910
0?
#1281922
1%
#1281932
0B
#1281945
1#
#1281955
0>
#1281969
1>
#1281980
#1281993
#1282009
#1282033
#1282062
#1282074
0A
#1282087
1=
#1282098
0#
#1282112
1A
#1282205
#1282214
0=
#1282227
1&
#1282238
#1282248
#1282273
0&
#1282287
1C
#1282304
0>
#1282318
1>
#1282330
#1282342
#1282366
#1282445
#1282470
0C
#1282481
1@
#1282491
0%
#1282506
1$
#1282517
0A
#1282531
1A
#1282549
#1282559
#1282578
#1282670
#1282695
0@
#1282707
1D
#1282717
0>
#1282731
1>
#1282742
#1282755
1!
#1282756
0!
#1282761
#1282780
#1282865
#1282876
#1282905
0D
#1282919
1;
#1282929
0$
#1282943
1D
#1282954
#1282966
0A
#1282979
1#
#1282997
#1283082
#1283092
#1283129
#1283140
0#
#1283154
1?
#1283165
0>
#1283178
1>
#1283189
0;
#1283201
1&
#1283213
#1283230
#1283314
0?
#1283327
1%
#1283421
#1283446
0&
#1283459
1B
#1283470
0D
#1283483
1D
#1283494
0>
#1283506
1$
#1283518
#1283528
#1283541
#1283565
#1283590
0$
#1283604
1=
#1283614
0B
#1283628
1B
#1283639
#1283652
#1283676
#1283761
#1283786
0%
#1283800
1C
#1283810
0=
#1283823
1#
#1283834
#1283853
1!
#1283854
0!
#1283859
#1283962
0D
#1283975
1D
#1283987
#1284012
0C
#1284023
1@
#1284036
0B
#1284050
1B
#1284061
#1284071
#1284083
0#
#1284098
1&
#1284109
#1284120
#1284130
#1284311
0D
#1284324
1$
#1284335
#1284360
0&
#1284373
1A
#1284384
0B
#1284396
1%
#1284407
0@
#1284420
1@
#1284432
#1284444
#1284461
#1284472
#1284497
0%
#1284511
1;
#1284528
0A
#1284542
1A
#1284553
#1284566
#1284589
#1284668
#1284693
0;
#1284704
1?
#1284715
1!
#1284716
0!
#1284721
#1284732
0@
#1284746
1@
#1284763
0$
#1284779
1#
#1284790
#1284800
#1284829
#1284928
#1284953
0?
#1284965
1>
#1284975
0#
#1284990
1&
#1285000
0A
#1285014
1A
#1285026
#1285038
#1285056
#1285148
#1285173
0&
#1285187
1=
#1285198
#1285217
0@
#1285230
1%
#1285240
0>
#1285254
1>
#1285272
#1285282
#1285308
#1285376
#1285402
0%
#1285417
1C
#1285496
#1285520
#1285532
0A
#1285546
1D
#1285556
0=
#1285570
1A
#1285594
0>
#1285606
1=
#1285617
#1285627
#1285703
#1285712
0C
#1285726
1B
#1285737
#1285747
1!
#1285748
0!
#1285753
#1285766
#1285785
#1285809
#1285884
#1285903
0B
#1285917
1C
#1286002
0D
#1286014
1;
#1286107
#1286131
#1286142
#1286154
0=
#1286165
1B
#1286176
0A
#1286190
1?
#1286201
#1286225
#1286250
#1286262
0;
#1286276
1A
#1286294
#1286311
#1286321
#1286399
#1286429
0?
#1286441
1@
#1286452
#1286471
0C
#1286485
1;
#1286503
#1286514
#1286524
#1286605
0B
#1286619
1>
#1286631
#1286643
#1286749
#1286773
0>
#1286784
1C
#1286796
#1286808
#1286886
#1286896
1!
#1286897
0!
#1286902
#1286934
0@
#1286948
1D
#1286958
0A
#1286970
1B
#1286988
#1287012
#1287073
0;
#1287087
1=
#1287098
#1287159
#1287260
#1287283
0C
#1287295
1@
#1287305
0=
#1287320
1?
#1287331
#1287341
#1287354
#1287459
#1287482
0?
#1287494
1;
#1287505
#1287518
#1287596
#1287605
0D
#1287617
1>
#1287627
0B
#1287642
1=
#1287674
#1287684
#1287709
#1287721
#1287731
1!
#1287732
0!
#1287737
#1287823
0@
#1287837
1A
#1287847
0;
#1287859
1B
#1287877
#1288037
#1288060
0A
#1288071
1C
#1288082
0>
#1288096
1@
#1288107
#1288116
0=
#1288128
1?
#1288139
#1288180
#1288258
#1288282
0?
#1288293
1>
#1288304
0C
#1288318
1D
#1288329
#1288339
#1288401
#1288501
#1288512
#1288536
#1288548
0D
#1288562
1C
#1288572
0B
#1288584
1;
#1288609
#1288633
#1288660
0@
#1288674
1D
#1288685
#1288760
#1288770
1!
#1288771
0!
#1288776
#1288788
#1288798
#1288815
0;
#1288829
1=
#1288840
#1288853
#1288958
#1288981
0>
#1288993
1@
#1289004
#1289017
#1289094
#1289104
0=
#1289116
1A
#1289126
0C
#1289140
1;
#1289173
#1289183
#1289208
#1289220
#1289236
0D
#1289251
1?
#1289262
#1289343
0A
#1289357
1C
#1289369
#1289396
#1289480
#1289490
#1289571
0@
#1289585
1B
#1289596
0;
#1289607
1D
#1289619
#1289652
#1289730
#1289739
0C
#1289751
1>
#1289762
#1289802
1!
#1289803
0!
#1289806
#1289859
1!
#1289860
0!
#1289874
0B
#1289888
1A
#1289899
#1289926
#1290010
#1290020
#1290101
0D
#1290115
1=
#1290125
0?
#1290137
1@
#1290148
#1290182
#1290260
#1290269
0A
#1290281
1;
#1290292
#1290374
#1290393
0=
#1290407
1B
#1290432
#1290442
#1290517
#1290526
0@
#1290541
1C
#1290603
#1290643
#1290758
0C
#1290772
1D
#1290783
#1290803
1!
#1290804
0!
#1290808
#1290894
#1290911
#1290935
0;
#1290949
1?
#1290961
#1291021
0B
#1291035
1=
#1291053
#1291066
#1291097
#1291242
#1291265
0?
#1291279
1A
#1291296
0D
#1291308
1@
#1291318
0>
#1291333
1C
#1291344
#1291364
#1291375
#1291385
#1291409
#1291433
#1291445
0A
#1291459
1;
#1291545
#1291569
#1291582
#1291591
0C
#1291605
1B
#1291615
0=
#1291630
1?
#1291662
#1291726
#1291739
#1291749
0;
#1291763
1>
#1291774
#1291791
1!
#1291792
0!
#1291797
#1291816
#1291840
#1291850
#1291965
0@
#1291979
1D
#1291998
#1292105
#1292231
0>
#1292245
1A
#1292255
0?
#1292270
1C
#1292281
#1292301
#1292311
#1292395
#1292405
#1292437
#1292447
#1292480
0D
#1292494
1=
#1292505
#1292518
0B
#1292533
1;
#1292594
0A
#1292608
1@
#1292619
#1292632
#1292642
#1292652
#1292663
#1292849
0;
#1292860
1>
#1292871
1!
#1292872
0!
#1292877
#1292962
0C
#1292973
1?
#1292985
#1293059
0@
#1293071
1D
#1293082
#1293091
0=
#1293106
1B
#1293117
#1293130
#1293153
#1293231
#1293255
#1293265
0>
#1293279
1A
#1293304
#1293323
0B
#1293335
1;
#1293346
#1293363
#1293462
#1293587
0D
#1293601
1=
#1293612
#1293631
0;
#1293643
1C
#1293654
#1293671
#1293689
1!
#1293690
0!
#1293694
#1293763
1!
#1293764
0!
#1293852
0C
#1293864
1>
#1293874
0A
#1293886
1@
#1293911
#1293989
#1293999
0=
#1294010
1D
#1294035
#1294053
#1294063
#1294145
#1294164
0?
#1294178
1B
#1294264
#1294289
#1294301
0@
#1294312
1?
#1294323
0D
#1294337
1;
#1294423
#1294446
0>
#1294458
1D
#1294469
0B
#1294483
1C
#1294494
#1294504
#1294515
#1294534
#1294544
#1294590
#1294715
0;
#1294730
1B
#1294741
#1294769
1!
#1294770
0!
#1294773
#1294843
1!
#1294844
0!
#1294932
0D
#1294943
1A
#1294955
#1294972
#1295057
#1295081
#1295093
0C
#1295106
1;
#1295124
0A
#1295135
1=
#1295145
0?
#1295157
1C
#1295168
#1295185
#1295260
#1295270
0B
#1295284
1@
#1295295
#1295306
#1295318
#1295350
#1295431
0@
#1295445
1B
#1295457
#1295469
#1295501
#1295647
#1295670
0=
#1295681
1>
#1295692
0C
#1295706
1@
#1295723
0;
#1295734
1D
#1295745
1!
#1295746
0!
#1295751
#1295763
#1295774
#1295800
#1295959
0D
#1295970
1C
#1295989
#1295998
0>
#1296011
1$
#1296022
#1296032
#1296057
0$
#1296071
1?
#1296140
#1296166
0B
#1296180
1B
#1296266
#1296276
#1296300
0?
#1296312
1A
#1296322
0C
#1296336
1C
#1296348
#1296360
#1296438
#1296449
#1296563
#1296586
0@
#1296598
1;
#1296608
0B
#1296620
1#
#1296631
0A
#1296645
1A
#1296656
#1296669
#1296747
#1296757
0C
#1296769
1&
#1296780
1!
#1296781
0!
#1296786
#1296812
#1296837
0&
#1296851
1=
#1296862
#1296881
0;
#1296895
1;
#1296913
#1296923
#1296949
#1296958
0#
#1296973
1D
#1296991
#1297071
0A
#1297085
1A
#1297095
0=
#1297107
1%
#1297119
#1297143
#1297222
#1297247
0%
#1297261
1>
#1297278
0;
#1297290
1$
#1297301
0D
#1297315
1D
#1297326
#1297339
#1297362
#1297441
#1297466
0$
#1297480
1?
#1297497
0>
#1297510
1&
#1297520
0A
#1297534
1A
#1297545
#1297558
#1297582
#1297660
#1297685
0&
#1297699
1@
#1297716
0?
#1297729
1#
#1297739
0D
#1297753
1D
#1297764
#1297777
#1297787
1!
#1297788
0!
#1297793
#1297805
#1297905
#1297930
0A
#1297941
1B
#1297951
0#
#1297966
1%
#1297977
0@
#1297991
1@
#1298002
#1298015
#1298032
#1298125
#1298150
0%
#1298164
1C
#1298175
#1298193
0D
#1298206
1$
#1298216
0B
#1298230
1B
#1298248
#1298259
#1298285
#1298353
#1298379
0$
#1298393
1=
#1298472
#1298497
#1298509
0@
#1298522
1;
#1298533
0C
#1298547
1@
#1298571
0B
#1298582
1C
#1298594
#1298604
#1298679
#1298688
0=
#1298703
1>
#1298714
#1298724
#1298743
1!
#1298744
0!
#1298749
#1298842
0>
#1298854
1=
#1298873
#1298897
#1298906
0;
#1298921
1?
#1298990
#1299159
#1299183
0C
#1299194
1;
#1299204
0?
#1299218
1A
#1299229
#1299239
0@
#1299251
1?
#1299262
#1299272
#1299285
#1299302
#1299312
#1299349
0A
#1299364
1D
#1299375
#1299402
#1299487
#1299497
#1299527
0=
#1299541
1A
#1299552
0D
#1299563
1B
#1299625
#1299638
#1299669
#1299753
0B
#1299765
1=
#1299784
1!
#1299785
0!
#1299789
#1299859
1!
#1299860
0!
#1299881
0;
#1299893
1&
#1299973
#1299983
#1300008
0A
#1300019
1>
#1300030
#1300040
0&
#1300055
1#
#1300065
0?
#1300079
1?
#1300091
#1300124
#1300135
#1300211
#1300221
0#
#1300235
1C
#1300252
0>
#1300267
1>
#1300278
#1300312
#1300390
#1300471
0=
#1300485
1@
#1300496
#1300508
0?
#1300520
1=
#1300531
#1300572
0@
#1300585
1"
#1300595
0>
#1300610
1%
#1300621
#1300632
0C
#1300647
1$
#1300669
0=
#1300685
1&
#1300703
1!
#1300704
0!
#1300709
#1300784
0"
#1300800
1@
#1300811
0$
#1300824
1>
#1300840
0&
#1300854
1C
#1300868
x>
#1300880
0%
#1300894
1=
#1300972
0>
#1300984
1#
#1300995
0@
#1301008
1$
#1301023
#1301041
#1301066
0$
#1301080
1D
#1301107
#1301119
0C
#1301133
1C
#1301144
#1301177
#1301202
0#
#1301216
1B
#1301227
#1301245
#1301272
#1301281
0D
#1301295
1D
#1301381
#1301405
0=
#1301416
1;
#1301427
0B
#1301441
1B
#1301452
#1301465
#1301475
#1301485
#1301585
0C
#1301597
1&
#1301682
0B
#1301695
1%
#1301706
#1301732
#1301742
1!
#1301743
0!
#1301748
#1301766
0&
#1301780
1A
#1301791
#1301810
0;
#1301824
1;
#1301842
#1301852
#1301877
0%
#1301892
1?
#1301903
#1301913
#1302000
0D
#1302013
1D
#1302107
#1302131
0;
#1302142
1@
#1302152
0?
#1302166
1?
#1302176
0A
#1302189
1$
#1302200
#1302211
#1302223
#1302234
#1302258
#1302284
#1302294
#1302327
0$
#1302341
1=
#1302420
#1302444
0@
#1302458
1C
#1302468
0D
#1302480
1@
#1302491
#1302503
0?
#1302517
1?
#1302528
#1302545
#1302630
#1302640
0C
#1302652
1#
#1302663
#1302762
1!
#1302763
0!
#1302768
#1302780
0@
#1302792
1&
#1302811
#1302836
0&
#1302850
1B
#1302911
0=
#1302925
1=
#1302936
#1302949
#1302973
#1303051
#1303076
0?
#1303088
1A
#1303098
0#
#1303113
1%
#1303123
0B
#1303137
1B
#1303149
#1303161
#1303178
#1303278
0=
#1303290
1$
#1303376
0B
#1303389
1&
#1303400
#1303425
0&
#1303438
1;
#1303449
0A
#1303462
1A
#1303474
#1303486
#1303503
#1303514
#1303539
0%
#1303553
1D
#1303563
0;
#1303577
1;
#1303595
#1303608
#1303632
#1303689
1!
#1303690
0!
#1303694
#1303725
1!
#1303726
0!
#1303748
#1303773
0$
#1303787
1C
#1303797
0D
#1303811
1D
#1303822
#1303835
#1303844
0A
#1303857
1#
#1303957
#1303982
0#
#1303996
1@
#1304006
0C
#1304019
1&
#1304030
#1304058
0;
#1304071
1"
#1304086
0D
#1304101
1%
#1304112
0"
#1304125
1"
#1304135
0@
#1304151
1$
#1304162
#1304258
0"
#1304274
1;
#1304284
0$
#1304298
1D
#1304309
#1304319
0&
#1304332
1@
#1304347
xD
#1304359
0%
#1304373
1#
#1304385
#1304394
0D
#1304407
1$
#1304432
#1304491
#1304516
0#
#1304530
1?
#1304593
#1304604
0@
#1304618
1@
#1304711
1!
#1304712
0!
#1304716
#1304729
#1304754
0$
#1304768
1=
#1304779
#1304788
0?
#1304802
1?
#1304812
0;
#1304825
1&
#1304836
#1304846
#1304857
#1304881
#1304982
#1305058
0=
#1305070
1B
#1305080
0&
#1305095
1%
#1305105
0@
#1305119
1@
#1305131
#1305150
#1305167
#1305178
#1305203
0%
#1305217
1A
#1305234
0?
#1305248
1?
#1305260
#1305347
0B
#1305359
1#
#1305438
#1305448
0@
#1305460
1$
#1305472
#1305496
#1305521
0$
#1305535
1C
#1305546
#1305558
0A
#1305571
1A
#1305664
#1305690
#1305699
0?
#1305713
1;
#1305724
#1305734
1!
#1305735
0!
#1305740
#1305759
#1305854
#1305877
0A
#1305888
1?
#1305898
0#
#1305912
1=
#1305922
0;
#1305936
1;
#1305947
#1305958
#1305969
0C
#1305982
1&
#1305993
#1306010
#1306027
#1306126
0?
#1306139
1%
#1306218
#1306243
0%
#1306257
1B
#1306267
0;
#1306280
1$
#1306291
#1306303
0=
#1306317
1=
#1306335
#1306345
#1306370
0$
#1306384
1@
#1306395
0B
#1306408
1B
#1306420
#1306430
#1306447
#1306473
#1306512
0B
#1306525
1"
#1306535
0=
#1306550
1#
#1306561
#1306572
0@
#1306588
1%
#1306680
0"
#1306696
1B
#1306707
0&
#1306720
1=
#1306731
1!
#1306732
0!
#1306737
#1306754
0%
#1306768
1@
#1306779
0#
#1306794
1$
#1306876
xB
#1306888
0=
#1306900
1&
#1306910
#1306935
0&
#1306948
1C
#1306959
0@
#1306972
1@
#1306982
0B
#1306995
1%
#1307006
#1307017
#1307029
#1307053
#1307079
0%
#1307092
1A
#1307103
0C
#1307117
1C
#1307128
#1307141
#1307164
#1307249
#1307274
0$
#1307288
1?
#1307299
#1307311
0@
#1307325
1@
#1307335
0A
#1307348
1#
#1307373
#1307399
#1307413
0C
#1307427
1;
#1307444
0#
#1307459
1C
#1307470
#1307550
#1307559
0?
#1307572
1&
#1307583
#1307622
0@
#1307635
1"
#1307645
0C
#1307660
1%
#1307670
0;
#1307686
1$
#1307697
#1307709
1!
#1307710
0!
#1307714
#1307808
0"
#1307824
1@
#1307834
0&
#1307848
1C
#1307858
0%
#1307872
1;
#1307882
0$
#1307897
1#
#1307912
x@
#1307929
#1307946
#1307970
0#
#1307984
1=
#1308001
0;
#1308015
1;
#1308026
#1308045
0@
#1308058
1&
#1308136
#1308152
0=
#1308165
1%
#1308176
#1308201
0&
#1308215
1A
#1308227
#1308236
0C
#1308250
1C
#1308261
#1308295
#1308321
#1308331
0%
#1308345
1?
#1308406
0A
#1308420
1A
#1308431
#1308442
#1308459
#1308486
#1308637
0C
#1308649
1$
#1308660
#1308685
0;
#1308696
1=
#1308707
0$
#1308722
1#
#1308732
0?
#1308746
1?
#1308764
1!
#1308765
0!
#1308770
#1308782
#1308792
#1308911
#1308920
0=
#1308933
1&
#1308965
#1308990
0&
#1309004
1C
#1309074
#1309086
0A
#1309100
1A
#1309223
0?
#1309236
1%
#1309247
#1309272
0%
#1309286
1;
#1309297
#1309307
0C
#1309320
1C
#1309332
#1309342
#1309359
#1309369
#1309410
#1309537
0#
#1309551
1=
#1309562
#1309574
0A
#1309588
1A
#1309687
#1309712
#1309772
0;
#1309786
1?
#1309797
#1309807
1!
#1309808
0!
#1309813
#1309832
#1309844
0=
#1309856
1;
#1309955
#1309979
0?
#1309991
1=
#1310001
0C
#1310015
1C
#1310026
#1310037
#1310049
#1310127
#1310136
0A
#1310149
1$
#1310167
#1310265
0C
#1310278
1&
#1310363
0;
#1310376
1%
#1310387
#1310412
0&
#1310426
1?
#1310436
0=
#1310450
1=
#1310461
#1310474
#1310491
#1310501
#1310526
0$
#1310540
1A
#1310550
0?
#1310564
1?
#1310582
#1310595
#1310620
#1310697
#1310722
0=
#1310734
1C
#1310744
0A
#1310758
1A
#1310776
1!
#1310777
0!
#1310781
#1310794
#1310806
#1310824
#1310833
0%
#1310849
1#
#1310948
0?
#1310960
1&
#1311039
#1311064
0A
#1311075
1;
#1311085
0&
#1311101
1$
#1311111
0C
#1311124
1C
#1311136
#1311148
#1311166
#1311176
#1311201
0$
#1311215
1=
#1311232
0;
#1311246
1;
#1311257
#1311270
#1311288
#1311386
0C
#1311398
1%
#1311410
#1311435
0%
#1311449
1?
#1311511
#1311523
0=
#1311536
1=
#1311629
#1311655
#1311664
0#
#1311678
1A
#1311688
0;
#1311701
1&
#1311712
1!
#1311713
0!
#1311718
#1311737
#1311750
#1311778
0?
#1311791
1"
#1311801
0=
#1311816
1$
#1311832
0"
#1311845
1"
#1311855
0A
#1311870
1%
#1311882
#1311978
0"
#1311994
1?
#1312004
0%
#1312018
1=
#1312028
0&
#1312042
1A
#1312052
0$
#1312068
1#
#1312082
x=
#1312095
#1312118
#1312148
0=
#1312159
1C
#1312170
#1312180
0A
#1312193
1A
#1312211
#1312222
#1312240
0#
#1312256
1%
#1312348
#1312374
#1312401
0%
#1312414
1"
#1312424
0C
#1312436
1&
#1312446
0?
#1312461
1$
#1312472
0&
#1312487
1#
#1312497
0$
#1312512
1%
#1312523
#1312541
0A
#1312556
1&
#1312676
0"
#1312693
1;
#1312703
0%
#1312716
1?
#1312727
1!
#1312728
0!
#1312733
#1312745
#1312755
0#
#1312769
1A
#1312779
0&
#1312794
1$
#1312805
#1312818
#1312838
xA
#1312858
#1312883
0$
#1312897
1C
#1312907
0;
#1312921
1;
#1312931
0A
#1312944
1%
#1312955
#1312965
#1312978
#1313009
#1313023
#1313035
0?
#1313048
1?
#1313133
#1313144
#1313168
#1313177
0;
#1313191
1;
#1313208
0C
#1313222
1C
#1313234
#1313244
#1313263
#1313287
#1313301
#1313313
0?
#1313327
1?
#1313405
#1313415
0C
#1313427
1#
#1313439
#1313478
#1313557
0#
#1313570
1C
#1313582
#1313594
0;
#1313607
1;
#1313699
#1313709
0C
#1313721
1&
#1313733
#1313743
1!
#1313744
0!
#1313749
#1313761
#1313786
0&
#1313800
1C
#1313817
0?
#1313831
1?
#1313842
#1313855
#1313878
#1313956
#1313986
0C
#1314000
1C
#1314011
#1314030
0;
#1314044
1;
#1314129
#1314153
#1314163
0?
#1314177
1?
#1314187
0C
#1314201
1C
#1314219
#1314232
#1314270
0;
#1314283
1"
#1314294
0?
#1314308
1$
#1314319
0C
#1314334
1#
#1314346
#1314470
0"
#1314486
1;
#1314496
0%
#1314510
1?
#1314520
0$
#1314534
1C
#1314545
0#
#1314560
1&
#1314574
x;
#1314586
#1314601
0;
#1314613
1%
#1314625
#1314639
#1314648
0C
#1314661
1C
#1314680
#1314690
#1314709
1!
#1314710
0!
#1314715
#1314727
#1314759
0C
#1314772
1"
#1314782
0?
#1314798
1$
#1314809
#1314905
0"
#1314921
1C
#1314931
0$
#1314945
1?
#1314955
0&
#1314971
1#
#1314981
0%
#1314996
1$
#1315010
xC
#1315036
0C
#1315049
1&
#1315060
#1315089
0?
#1315102
1?
#1315129
#1315147
#1315169
#1315221
#1315239
0?
#1315252
1?
#1315266
#1315278
#1315300
#1315326
#1315344
0?
#1315357
1?
#1315371
#1315383
#1315405
#1315431
#1315448
0?
#1315461
1?
#1315476
#1315488
#1315510
#1315536
#1315553
0?
#1315566
1?
#1315581
#1315593
#1315615
#1315640
#1315658
0?
#1315671
1?
#1315686
#1315700
1!
#1315701
0!
#1315706
#1315722
#1315744
#1315770
#1315787
0?
#1315800
1?
#1315815
#1315827
#1315849
#1315874
#1315892
0?
#1315905
1?
#1315920
#1315932
#1315954
#1315979
#1315997
0?
#1316010
1?
#1316025
#1316047
#1316075
0?
#1316088
1"
#1316103
#1316116
#1316149
#1316184
#1316244
0"
#1316257
1"
#1316273
0"
#1316286
1"
#1316302
0"
#1316315
1"
#1316331
0"
#1316344
1"
#1316465
#1316509
#1316551
#1316574
#1316621
#1316689
1!
#1316690
0!
#1316695
#1316733
0O
#1316824
0P
#1316915
0Q
#1317005
0R
#1317096
0S
#1317187
0T
#1317278
0U
#1317369
0V
#1317460
0W
#1317551
0X
#1317649
0"
#1317665
1?
#1317676
0&
#1317689
1O
#1317703
x?
#1317715
0#
#1317729
1P
#1317740
#1317750
#1317766
0$
#1317780
1Q
#1317791
#1317809
0O
#1317823
1R
#1317834
#1317846
#1317856
1!
#1317857
0!
#1317862
#1317873
0P
#1317887
1S
#1317904
0?
#1317916
1T
#1317927
#1317939
#1317949
#1317966
0Q
#1317980
1U
#1317991
#1318009
0T
#1318023
1V
#1318042
#1318052
#1318135
0R
#1318146
1W
#1318231
#1318241
#1318331
0U
#1318342
1X
#1318412
#1318422
0V
#1318433
1O
#1318517
0S
#1318528
1P
#1318539
0W
#1318551
1Q
#1318568
0O
#1318583
1T
#1318593
0Q
#1318607
1O
#1318618
0P
#1318632
1Q
#1318702
0T
#1318716
1P
#1318733
0X
#1318745
1T
#1318756
#1318790
1!
#1318791
0!
#1318796
#1318815
#1318829
#1318936
#1319026
0P
#1319037
1R
#1319048
#1319072
0T
#1319084
1P
#1319095
#1319105
#1319118
#1319128
#1319228
#1319252
#1319274
0R
#1319288
1T
#1319299
#1319309
0Q
#1319321
1S
#1319339
#1319351
#1319368
#1319380
#1319393
0S
#1319408
1R
#1319419
#1319449
#1319459
#1319489
#1319499
#1319509
#1319520
0R
#1319535
1S
#1319553
#1319562
0S
#1319576
1U
#1319594
0O
#1319608
1V
#1319619
#1319711
0U
#1319725
1R
#1319744
1!
#1319745
0!
#1319749
#1319810
1!
#1319811
0!
#1319892
0T
#1319903
1S
#1319913
0V
#1319924
1O
#1319936
#1319947
0O
#1319961
1U
#1319978
0P
#1319990
1O
#1320008
#1320022
#1320034
0U
#1320048
1U
#1320073
#1320178
#1320216
#1320229
#1320238
0O
#1320252
1W
#1320264
#1320293
#1320304
#1320316
#1320343
#1320355
#1320365
#1320387
0R
#1320402
1O
#1320412
0W
#1320426
1X
#1320437
#1320448
#1320460
#1320485
0X
#1320500
1Q
#1320511
#1320605
#1320678
0S
#1320690
1R
#1320701
#1320711
#1320722
#1320732
#1320749
1!
#1320750
0!
#1320754
#1320767
#1320784
0U
#1320799
1W
#1320817
0W
#1320831
1X
#1320907
0R
#1320921
1P
#1320932
0O
#1320943
1U
#1321020
0U
#1321034
1W
#1321044
0Q
#1321056
1R
#1321140
0P
#1321151
1U
#1321163
#1321175
0X
#1321189
1X
#1321303
#1321326
0R
#1321341
1R
#1321352
#1321511
0U
#1321524
1%
#1321535
#1321560
0%
#1321574
1U
#1321591
0R
#1321604
1&
#1321615
#1321638
0&
#1321653
1T
#1321671
#1321681
#1321704
#1321716
#1321726
#1321736
#1321756
#1321765
0T
#1321780
1V
#1321798
#1321809
1!
#1321810
0!
#1321815
#1321834
0V
#1321848
1T
#1321873
0T
#1321887
1V
#1321958
#1321982
0X
#1321993
1T
#1322063
0V
#1322077
1R
#1322095
0W
#1322106
1V
#1322124
#1322144
#1322181
#1322191
#1322205
#1322232
#1322242
#1322332
#1322363
0V
#1322377
1S
#1322388
#1322400
#1322410
#1322421
0U
#1322436
1O
#1322447
#1322470
0S
#1322484
1V
#1322503
#1322575
#1322598
#1322609
0T
#1322621
1U
#1322638
0U
#1322653
1S
#1322664
#1322678
#1322695
#1322705
#1322734
0O
#1322749
1Q
#1322760
#1322771
1!
#1322772
0!
#1322777
#1322789
0R
#1322803
1U
#1322820
0S
#1322834
1P
#1322912
#1322921
0Q
#1322933
1O
#1322944
#1322956
0O
#1322970
1R
#1322988
#1323004
0R
#1323019
1S
#1323051
#1323065
#1323204
#1323233
0V
#1323244
1O
#1323255
#1323269
0P
#1323280
1R
#1323305
#1323339
#1323349
#1323372
#1323382
#1323399
#1323413
#1323425
#1323500
#1323513
#1323531
#1323553
0U
#1323568
1X
#1323578
0S
#1323593
1W
#1323604
#1323616
#1323636
0X
#1323650
1T
#1323692
1!
#1323693
0!
#1323696
#1323735
1!
#1323736
0!
#1323765
#1323787
#1323797
0W
#1323809
1U
#1323820
#1323830
#1323839
0U
#1323854
1S
#1323923
#1323941
#1323951
0S
#1323965
1X
#1323982
0O
#1323996
1Q
#1324080
0X
#1324094
1U
#1324232
#1324243
0R
#1324254
1S
#1324265
0Q
#1324276
1O
#1324286
0T
#1324298
1X
#1324315
0O
#1324329
1O
#1324341
#1324369
#1324381
#1324432
#1324446
#1324459
#1324476
#1324486
#1324590
#1324602
#1324612
#1324636
0U
#1324650
1P
#1324660
0O
#1324674
1V
#1324685
#1324696
#1324720
0V
#1324735
1U
#1324753
0U
#1324767
1O
#1324778
#1324801
#1324813
#1324826
#1324902
#1324912
#1324948
#1324971
1!
#1324972
0!
#1324976
#1324988
0S
#1324999
1V
#1325010
#1325020
0V
#1325034
1U
#1325103
#1325114
0P
#1325128
1W
#1325140
#1325159
#1325249
0X
#1325263
1T
#1325274
#1325287
0W
#1325299
1V
#1325377
#1325400
#1325411
0O
#1325422
1P
#1325440
0P
#1325454
1X
#1325465
#1325477
0X
#1325491
1Q
#1325502
0T
#1325516
1P
#1325534
#1325551
#1325565
#1325575
#1325682
#1325696
#1325769
0Q
#1325781
1X
#1325792
1!
#1325793
0!
#1325798
#1325817
#1325827
#1325839
#1325858
#1325868
0U
#1325882
1T
#1325893
#1325922
0T
#1325937
1R
#1325948
#1325958
#1325970
#1325979
0V
#1325993
1U
#1326024
0U
#1326039
1S
#1326123
#1326263
0R
#1326273
1T
#1326284
0S
#1326295
1V
#1326312
0V
#1326326
1U
#1326337
#1326350
#1326372
0P
#1326384
1V
#1326395
#1326412
#1326517
#1326529
#1326554
#1326566
0U
#1326580
1W
#1326597
0X
#1326612
1U
#1326630
#1326653
#1326667
#1326685
0W
#1326699
1X
#1326710
#1326733
#1326744
#1326756
#1326767
#1326790
#1326802
#1326812
1!
#1326813
0!
#1326818
#1326836
0T
#1326851
1O
#1326868
0X
#1326883
1W
#1326901
#1326973
0W
#1326987
1Q
#1326997
0V
#1327009
1T
#1327086
0O
#1327097
1X
#1327108
0T
#1327122
1W
#1327147
#1327233
0Q
#1327245
1T
#1327330
#1327354
#1327376
0W
#1327391
1R
#1327416
#1327439
#1327450
#1327463
#1327480
#1327489
0R
#1327504
1W
#1327515
#1327529
#1327539
#1327566
#1327584
#1327607
#1327617
0U
#1327631
1P
#1327649
#1327661
#1327682
0P
#1327696
1R
#1327773
0X
#1327784
1S
#1327796
#1327819
#1327829
#1327841
1!
#1327842
0!
#1327846
#1327858
0S
#1327872
1U
#1327882
0R
#1327897
1P
#1327907
0U
#1327921
1V
#1327932
#1327943
#1327953
#1328057
0P
#1328071
1S
#1328141
0T
#1328152
1R
#1328222
0W
#1328233
1U
#1328244
0S
#1328258
1P
#1328282
#1328301
0V
#1328313
1S
#1328405
#1328430
#1328463
0P
#1328477
1P
#1328489
#1328525
#1328590
#1328658
#1328681
#1328694
#1328704
#1328721
1!
#1328722
0!
#1328727
#1328739
#1328763
0U
#1328778
1O
#1328856
#1328881
#1328892
0S
#1328906
1Q
#1328917
#1328933
0O
#1328948
1U
#1329040
#1329062
0U
#1329076
1S
#1329138
#1329150
0Q
#1329161
1O
#1329172
#1329190
#1329201
#1329215
0R
#1329229
1X
#1329239
0O
#1329254
1U
#1329279
#1329308
#1329319
#1329345
#1329357
#1329426
#1329440
#1329450
0X
#1329462
1R
#1329486
0R
#1329500
1O
#1329526
#1329548
0P
#1329562
1T
#1329573
#1329586
#1329657
#1329666
0T
#1329680
1R
#1329691
0S
#1329702
1W
#1329734
1!
#1329735
0!
#1329740
#1329811
#1329829
#1329908
#1329920
0W
#1329932
1P
#1329957
#1330030
#1330044
#1330055
#1330066
#1330090
0U
#1330104
1T
#1330122
0T
#1330136
1V
#1330147
#1330169
0P
#1330184
1U
#1330246
#1330264
#1330274
0U
#1330288
1T
#1330359
#1330368
0O
#1330380
1Q
#1330412
#1330431
0V
#1330445
1P
#1330588
0Q
#1330600
1U
#1330617
0R
#1330629
1V
#1330640
#1330654
0V
#1330668
1V
#1330693
#1330774
#1330784
#1330797
#1330807
1!
#1330808
0!
#1330812
#1330838
#1330864
#1330936
#1330949
#1330971
0T
#1330985
1X
#1331064
#1331082
0U
#1331093
1S
#1331104
0X
#1331118
1T
#1331136
#1331227
#1331236
0T
#1331250
1X
#1331260
0S
#1331272
1U
#1331283
#1331294
#1331306
#1331328
0X
#1331343
1T
#1331368
#1331386
#1331404
#1331418
#1331427
0V
#1331442
1W
#1331532
#1331544
#1331676
#1331690
#1331700
#1331712
1!
#1331713
0!
#1331718
#1331729
0P
#1331743
1X
#1331827
#1331850
#1331874
#1331887
#1331905
0W
#1331916
1V
#1331928
#1331937
0V
#1331951
1O
#1331962
0U
#1331976
1P
#1331987
#1331997
0P
#1332011
1R
#1332022
#1332123
#1332146
#1332217
0R
#1332228
1V
#1332239
#1332249
0O
#1332262
1U
#1332280
#1332290
0T
#1332302
1P
#1332312
0U
#1332326
1Q
#1332344
#1332452
0P
#1332464
1O
#1332600
0O
#1332613
1U
#1332624
0Q
#1332635
1O
#1332667
#1332691
0X
#1332703
1P
#1332714
#1332807
1!
#1332808
0!
#1332813
#1332892
#1332916
0U
#1332930
1U
#1332940
0P
#1332953
1#
#1332964
#1332992
#1333015
0#
#1333030
1S
#1333048
#1333058
#1333070
#1333079
0S
#1333093
1S
#1333111
#1333141
#1333152
0S
#1333167
1W
#1333178
#1333208
0V
#1333222
1S
#1333293
#1333309
0W
#1333321
1P
#1333332
#1333352
#1333383
#1333404
#1333434
#1333444
#1333518
#1333586
#1333596
#1333609
#1333627
#1333638
#1333657
#1333677
0U
#1333692
1V
#1333711
1!
#1333712
0!
#1333716
#1333777
1!
#1333778
0!
#1333798
0S
#1333810
1R
#1333821
#1333843
0O
#1333858
1T
#1333868
0V
#1333883
1U
#1333894
#1333912
#1333922
0T
#1333936
1X
#1333946
0U
#1333961
1O
#1334031
#1334041
0R
#1334052
1V
#1334069
0O
#1334084
1T
#1334160
0T
#1334174
1U
#1334186
#1334219
#1334240
#1334259
0X
#1334271
1O
#1334289
#1334363
#1334377
#1334400
#1334411
#1334423
#1334460
#1334470
#1334482
#1334491
0V
#1334506
1T
#1334517
#1334529
#1334549
0P
#1334563
1Q
#1334662
#1334735
0Q
#1334746
1W
#1334758
#1334770
#1334782
1!
#1334783
0!
#1334788
#1334799
0W
#1334813
1V
#1334831
0V
#1334845
1P
#1334856
#1334866
#1334879
0P
#1334894
1S
#1334919
#1334942
#1334952
#1335022
0U
#1335036
1W
#1335053
0S
#1335065
1V
#1335075
0W
#1335090
1P
#1335101
#1335125
#1335201
#1335213
0O
#1335225
1R
#1335458
#1335482
0T
#1335493
1U
#1335503
0V
#1335517
1W
#1335534
0U
#1335548
1V
#1335559
#1335582
#1335601
0R
#1335612
1U
#1335624
#1335647
#1335658
#1335672
#1335698
#1335724
0P
#1335738
1X
#1335749
#1335821
#1335834
#1335857
#1335869
1!
#1335870
0!
#1335874
#1335893
#1335916
#1335930
#1335948
#1335958
#1335987
0X
#1336001
1P
#1336012
#1336024
#1336034
#1336045
#1336055
#1336071
0U
#1336085
1Q
#1336097
#1336114
0V
#1336129
1S
#1336153
0P
#1336168
1O
#1336310
0Q
#1336321
1X
#1336332
0W
#1336343
1U
#1336473
0X
#1336486
1V
#1336497
0S
#1336508
1P
#1336518
0O
#1336530
1X
#1336540
0U
#1336555
1U
#1336565
0V
#1336579
1V
#1336604
#1336726
0X
#1336739
1$
#1336750
#1336775
0$
#1336789
1X
#1336800
1!
#1336801
0!
#1336806
#1336818
#1336979
#1337001
0U
#1337012
1T
#1337024
#1337048
#1337058
#1337070
#1337080
0V
#1337091
1U
#1337115
0T
#1337130
1T
#1337141
#1337168
#1337190
0T
#1337204
1R
#1337216
#1337240
#1337301
#1337313
#1337322
0R
#1337337
1T
#1337434
#1337457
#1337470
#1337480
#1337492
#1337502
0X
#1337515
1V
#1337526
0P
#1337538
1R
#1337643
0V
#1337654
1W
#1337665
0R
#1337679
1X
#1337690
#1337781
1!
#1337782
0!
#1337787
#1337805
0U
#1337816
1R
#1337886
0X
#1337900
1V
#1337911
0W
#1337922
1X
#1337934
#1337946
#1337983
#1338001
#1338015
#1338083
#1338116
#1338134
#1338149
#1338171
0T
#1338185
1Q
#1338203
#1338264
#1338276
#1338285
0Q
#1338300
1O
#1338311
#1338324
#1338353
#1338365
#1338375
0O
#1338389
1T
#1338407
#1338432
#1338511
0T
#1338525
1Q
#1338542
0V
#1338554
1S
#1338565
0Q
#1338579
1O
#1338597
#1338694
1!
#1338695
0!
#1338699
#1338736
1!
#1338737
0!
#1338751
0O
#1338765
1T
#1338777
#1338794
#1338804
#1338830
#1338856
#1338995
0X
#1339006
1Q
#1339017
#1339039
0R
#1339053
1P
#1339070
0S
#1339082
1O
#1339093
#1339103
#1339116
#1339133
#1339145
#1339173
#1339185
0P
#1339199
1U
#1339224
#1339238
#1339261
#1339273
#1339289
0T
#1339303
1R
#1339314
#1339324
0R
#1339338
1P
#1339363
#1339385
0P
#1339400
1W
#1339411
#1339488
#1339498
0U
#1339510
1T
#1339521
#1339530
0T
#1339544
1R
#1339555
0Q
#1339569
1V
#1339646
#1339658
0W
#1339670
1P
#1339761
1!
#1339762
0!
#1339767
#1339926
0P
#1339937
1T
#1339948
0O
#1339959
1Q
#1339976
0Q
#1339990
1Q
#1340009
#1340032
0V
#1340044
1P
#1340113
#1340146
#1340176
#1340253
#1340334
0P
#1340349
1X
#1340360
#1340383
#1340393
#1340405
#1340424
0X
#1340438
1P
#1340456
#1340468
#1340481
0R
#1340495
1S
#1340507
#1340540
#1340563
#1340573
#1340583
#1340593
#1340618
#1340696
#1340709
0Q
#1340723
1X
#1340741
1!
#1340742
0!
#1340747
#1340758
0S
#1340770
1R
#1340840
#1340863
0X
#1340876
1U
#1340887
0T
#1340899
1Q
#1340909
0R
#1340923
1W
#1340935
#1340945
0Q
#1340960
1X
#1340977
0U
#1340991
1R
#1341062
#1341078
0W
#1341090
1Q
#1341101
#1341142
#1341156
#1341169
#1341193
#1341283
#1341294
#1341310
0X
#1341322
1U
#1341333
#1341357
0P
#1341371
1V
#1341382
0U
#1341396
1X
#1341407
#1341418
#1341525
#1341547
0V
#1341558
1P
#1341570
#1341583
0P
#1341597
1U
#1341666
#1341685
#1341697
0R
#1341711
1O
#1341729
#1341752
#1341762
#1341772
#1341783
#1341800
#1341814
#1341832
0Q
#1341846
1P
#1341931
#1341953
1!
#1341954
0!
#1341959
#1341971
0X
#1341982
1R
#1341999
0R
#1342014
1S
#1342025
#1342038
#1342048
#1342067
#1342083
0O
#1342097
1Q
#1342115
#1342136
0Q
#1342150
1T
#1342227
0S
#1342238
1R
#1342263
#1342337
#1342350
#1342417
#1342432
#1342450
#1342461
#1342491
#1342509
0T
#1342523
1O
#1342593
0U
#1342607
1Q
#1342618
#1342635
#1342645
#1342664
0P
#1342676
1W
#1342693
0O
#1342707
1V
#1342725
#1342805
1!
#1342806
0!
#1342811
#1342823
#1342846
#1342857
0W
#1342869
1T
#1342880
#1342889
0T
#1342904
1U
#1342914
0R
#1342928
1O
#1342940
#1342956
0U
#1342970
1X
#1343128
#1343140
0X
#1343151
1T
#1343221
0V
#1343232
1R
#1343250
0Q
#1343261
1U
#1343272
0R
#1343286
1R
#1343379
#1343402
0T
#1343417
1T
#1343441
#1343461
#1343498
#1343508
#1343523
#1343549
#1343639
#1343664
#1343674
#1343698
#1343710
#1343720
#1343742
0R
#1343756
1S
#1343773
0O
#1343788
1P
#1343799
#1343811
1!
#1343812
0!
#1343816
#1343829
#1343840
#1343857
0P
#1343871
1W
#1343941
#1343951
0U
#1343965
1R
#1343983
#1343995
0S
#1344006
1O
#1344098
#1344178
0T
#1344189
1P
#1344201
#1344223
0O
#1344237
1U
#1344247
0P
#1344261
1X
#1344271
0W
#1344283
1O
#1344294
#1344313
#1344322
0U
#1344337
1P
#1344348
#1344360
0X
#1344374
1U
#1344385
#1344557
0P
#1344568
1X
#1344578
0R
#1344591
1%
#1344601
0X
#1344615
1X
#1344626
#1344666
#1344686
#1344714
0%
#1344728
1P
#1344739
#1344750
#1344763
1!
#1344764
0!
#1344769
#1344781
#1344798
#1344818
#1344855
#1344933
0O
#1344947
1V
#1344958
#1344983
#1344993
0P
#1345008
1Q
#1345019
#1345035
0V
#1345049
1O
#1345061
#1345144
#1345166
0O
#1345180
1P
#1345191
#1345202
0Q
#1345214
1V
#1345225
#1345234
0U
#1345249
1S
#1345260
#1345272
0V
#1345286
1O
#1345377
#1345391
0S
#1345402
1U
#1345420
0U
#1345434
1V
#1345445
#1345468
#1345481
#1345491
#1345515
#1345527
#1345544
#1345579
#1345592
#1345614
0X
#1345628
1U
#1345697
#1345715
0P
#1345729
1W
#1345741
#1345755
#1345772
#1345782
#1345812
1!
#1345813
0!
#1345817
#1345830
#1345841
#1345861
#1345930
#1345940
0W
#1345951
1T
#1345968
0O
#1345983
1X
#1346001
0X
#1346015
1P
#1346039
0P
#1346053
1R
#1346064
#1346144
0T
#1346156
1O
#1346226
#1346248
0O
#1346262
1X
#1346273
0V
#1346284
1P
#1346309
#1346322
#1346341
#1346358
#1346435
0R
#1346449
1Q
#1346467
#1346490
0P
#1346505
1O
#1346603
#1346615
0Q
#1346627
1R
#1346692
1!
#1346693
0!
#1346697
#1346713
1!
#1346714
0!
#1346728
#1346757
0R
#1346771
1P
#1346781
0U
#1346793
1S
#1346804
#1346819
#1346845
#1346868
#1346880
#1346890
#1346900
#1346910
#1346935
#1346954
#1346967
0X
#1346981
1R
#1347006
#1347028
0S
#1347043
1W
#1347054
#1347067
#1347134
#1347149
#1347173
0W
#1347187
1X
#1347258
#1347280
0O
#1347292
1T
#1347303
#1347312
0X
#1347327
1S
#1347344
0S
#1347358
1W
#1347369
#1347380
0W
#1347395
1V
#1347406
#1347429
0P
#1347443
1X
#1347454
#1347589
0T
#1347601
1S
#1347618
0V
#1347630
1W
#1347655
#1347823
#1347847
1!
#1347848
0!
#1347853
#1347865
0S
#1347878
1P
#1347947
0R
#1347958
1S
#1347969
0P
#1347983
1P
#1347994
#1348017
#1348043
#1348128
#1348211
0S
#1348223
1Q
#1348233
0P
#1348246
1&
#1348257
#1348343
#1348368
0Q
#1348382
1S
#1348392
0X
#1348403
1Q
#1348420
0&
#1348436
1#
#1348446
0Q
#1348460
1Q
#1348471
#1348502
#1348532
#1348542
#1348565
0#
#1348579
1U
#1348641
#1348658
#1348670
#1348693
#1348713
#1348722
0U
#1348737
1P
#1348748
#1348846
#1348857
#1348882
1!
#1348883
0!
#1348888
#1348899
0P
#1348913
1O
#1348945
0S
#1348959
1U
#1349030
#1349103
0O
#1349114
1P
#1349125
0U
#1349139
1S
#1349151
#1349163
#1349174
#1349185
#1349195
0S
#1349209
1T
#1349226
0W
#1349241
1U
#1349399
#1349412
0Q
#1349423
1S
#1349449
#1349471
#1349491
0T
#1349503
1W
#1349514
#1349523
0W
#1349537
1V
#1349555
#1349566
#1349593
#1349605
#1349679
#1349690
0P
#1349705
1W
#1349716
#1349733
#1349743
#1349783
0V
#1349797
1R
#1349809
#1349822
1!
#1349823
0!
#1349828
#1349963
0R
#1349975
1P
#1349986
#1350059
0P
#1350074
1V
#1350085
#1350095
#1350107
0V
#1350121
1X
#1350133
#1350143
#1350168
0S
#1350182
1P
#1350267
#1350353
0W
#1350365
1V
#1350376
#1350398
0X
#1350410
1S
#1350427
0S
#1350441
1O
#1350453
#1350473
#1350483
#1350495
#1350504
0O
#1350519
1S
#1350544
#1350630
#1350691
1!
#1350692
0!
#1350695
#1350718
1!
#1350719
0!
#1350734
#1350747
#1350764
#1350776
#1350785
0U
#1350799
1O
#1350824
#1350902
0O
#1350917
1T
#1350928
#1351002
#1351015
#1351032
0T
#1351047
1U
#1351058
#1351071
0U
#1351086
1O
#1351097
#1351121
#1351131
#1351161
#1351173
#1351192
#1351261
#1351271
0V
#1351282
1Q
#1351300
0S
#1351314
1T
#1351332
0T
#1351346
1U
#1351496
0Q
#1351508
1R
#1351518
0P
#1351530
1S
#1351614
0S
#1351628
1T
#1351639
#1351663
0U
#1351677
1S
#1351709
1!
#1351710
0!
#1351714
#1351726
#1351739
#1351770
#1351788
#1351798
0R
#1351812
1U
#1351823
#1351988
0U
#1351999
1X
#1352010
0S
#1352021
1R
#1352039
#1352063
0R
#1352077
1S
#1352155
#1352229
#1352241
0X
#1352252
1R
#1352263
#1352274
#1352292
#1352316
0O
#1352330
1W
#1352355
#1352564
#1352587
#1352599
0T
#1352610
1O
#1352621
0W
#1352632
1U
#1352644
#1352653
0O
#1352667
1V
#1352685
#1352697
#1352706
0V
#1352721
1O
#1352732
1!
#1352733
0!
#1352738
#1352837
0U
#1352849
1V
#1352926
0S
#1352939
1$
#1353016
0V
#1353030
1V
#1353040
0O
#1353053
1%
#1353085
#1353110
0%
#1353124
1U
#1353193
#1353206
#1353244
#1353318
0$
#1353332
1P
#1353351
#1353362
#1353372
#1353396
#1353407
0P
#1353422
1O
#1353433
#1353443
#1353467
#1353479
#1353569
0R
#1353583
1Q
#1353602
#1353625
0O
#1353640
1P
#1353716
0U
#1353728
1R
#1353738
0P
#1353753
1O
#1353824
#1353842
0Q
#1353854
1P
#1353864
0R
#1353879
1R
#1353904
#1353918
#1353951
1!
#1353952
0!
#1353957
#1353969
#1353999
#1354022
#1354036
#1354053
#1354064
#1354144
#1354154
#1354164
#1354175
#1354192
#1354204
#1354221
0O
#1354236
1X
#1354247
#1354259
#1354271
0P
#1354285
1W
#1354296
0V
#1354310
1T
#1354526
0X
#1354537
1O
#1354547
0T
#1354558
1P
#1354569
0W
#1354580
1V
#1354592
#1354605
0P
#1354619
1P
#1354629
0V
#1354644
1V
#1354669
#1354692
#1354704
0O
#1354718
1S
#1354729
1!
#1354730
0!
#1354735
#1354747
#1354772
0S
#1354786
1O
#1354797
#1354825
#1354838
#1354868
#1354879
#1354889
#1354899
#1354923
#1354942
#1355021
#1355043
0R
#1355057
1S
#1355119
#1355130
#1355143
#1355152
0S
#1355166
1U
#1355191
#1355210
#1355231
0U
#1355245
1Q
#1355321
0O
#1355333
1R
#1355463
0P
#1355474
1S
#1355484
0R
#1355498
1U
#1355515
0Q
#1355527
1R
#1355537
0U
#1355552
1U
#1355563
#1355599
#1355626
#1355718
#1355728
#1355761
1!
#1355762
0!
#1355766
#1355818
1!
#1355819
0!
#1355833
0U
#1355847
1X
#1355872
#1355884
#1355907
#1355919
0V
#1355934
1U
#1355945
#1355963
#1356041
#1356057
0U
#1356069
1W
#1356219
0W
#1356231
1V
#1356241
0R
#1356254
1&
#1356264
0V
#1356278
1V
#1356289
#1356314
0X
#1356328
1U
#1356353
#1356375
#1356402
#1356479
0&
#1356492
1X
#1356504
#1356513
0V
#1356525
1T
#1356535
0X
#1356549
1X
#1356567
#1356592
#1356624
0T
#1356638
1V
#1356650
#1356693
1!
#1356694
0!
#1356697
#1356737
1!
#1356738
0!
#1356752
#1356774
0S
#1356786
1T
#1356797
#1356807
0T
#1356821
1O
#1356832
#1356856
#1356874
0O
#1356888
1T
#1356980
0U
#1356992
1O
#1357137
0O
#1357150
1O
#1357160
0V
#1357173
1#
#1357183
0T
#1357196
1%
#1357214
#1357240
#1357270
#1357293
0%
#1357306
1V
#1357318
#1357342
#1357368
#1357390
#1357404
#1357421
#1357432
#1357461
#1357471
#1357483
#1357492
0O
#1357506
1P
#1357516
0#
#1357531
1T
#1357549
#1357561
#1357573
#1357584
#1357594
0P
#1357609
1Q
#1357626
0V
#1357640
1W
#1357652
#1357666
#1357690
#1357713
#1357738
#1357748
1!
#1357749
0!
#1357754
#1357825
#1357834
0Q
#1357846
1O
#1357863
0X
#1357877
1P
#1357888
0O
#1357902
1V
#1357913
0P
#1357927
1R
#1357996
0V
#1358010
1X
#1358035
0W
#1358047
1O
#1358057
0X
#1358071
1P
#1358096
#1358243
#1358307
0T
#1358318
1V
#1358343
#1358365
0R
#1358377
1X
#1358388
#1358398
#1358411
#1358515
#1358540
#1358551
0P
#1358565
1S
#1358583
#1358596
#1358618
0O
#1358632
1P
#1358651
#1358662
#1358676
#1358686
0S
#1358700
1U
#1358711
#1358801
#1358824
#1358837
#1358849
#1358858
0U
#1358870
1O
#1358880
0V
#1358895
1S
#1358905
0O
#1358919
1Q
#1358930
0S
#1358944
1V
#1358955
#1358965
1!
#1358966
0!
#1358971
#1359004
#1359024
0V
#1359039
1O
#1359117
#1359145
0Q
#1359157
1S
#1359168
#1359239
#1359256
#1359270
#1359280
#1359306
#1359332
#1359354
0P
#1359368
1V
#1359437
#1359457
#1359529
#1359541
#1359564
#1359574
0X
#1359588
1W
#1359599
#1359609
#1359634
0W
#1359649
1R
#1359674
#1359747
1!
#1359748
0!
#1359753
#1359765
#1359782
#1359792
#1359814
0O
#1359826
1P
#1359894
0P
#1359908
1T
#1359920
#1359931
#1359955
0R
#1359969
1X
#1359981
#1359990
0X
#1360004
1W
#1360074
0W
#1360088
1U
#1360105
0T
#1360117
1P
#1360320
0S
#1360330
1R
#1360348
0V
#1360359
1X
#1360369
0R
#1360383
1W
#1360394
#1360406
0U
#1360418
1R
#1360532
#1360570
#1360650
#1360679
0W
#1360693
1Q
#1360704
#1360727
0X
#1360742
1W
#1360760
#1360772
#1360794
1!
#1360795
0!
#1360800
#1360812
0Q
#1360826
1X
#1360837
#1360847
#1360860
#1360877
#1360901
#1360979
0R
#1360993
1O
#1361004
#1361021
#1361045
0X
#1361059
1Q
#1361083
0Q
#1361098
1R
#1361109
#1361132
#1361203
#1361212
0R
#1361226
1X
#1361237
0P
#1361250
1Q
#1361262
#1361272
#1361284
0O
#1361295
1T
#1361409
#1361488
0W
#1361500
1R
#1361511
#1361584
0T
#1361595
1P
#1361613
0P
#1361627
1U
#1361638
#1361651
#1361668
#1361680
#1361689
0U
#1361704
1P
#1361735
1!
#1361736
0!
#1361741
#1361761
#1361833
#1361845
#1361868
#1361946
0X
#1361960
1U
#1361977
0Q
#1361989
1S
#1361999
0U
#1362014
1X
#1362032
#1362123
#1362132
0X
#1362146
1U
#1362156
0S
#1362168
1Q
#1362179
#1362189
#1362202
#1362232
#1362242
#1362261
#1362270
0R
#1362285
1X
#1362317
#1362352
#1362432
#1362512
0U
#1362524
1V
#1362535
#1362545
#1362569
#1362580
#1362597
0P
#1362612
1R
#1362630
0R
#1362644
1O
#1362721
#1362744
#1362755
0Q
#1362767
1U
#1362778
1!
#1362779
0!
#1362784
#1362796
#1362809
#1362818
0V
#1362833
1P
#1362917
#1362930
0O
#1362942
1R
#1362953
#1362984
#1362996
#1363019
#1363030
0P
#1363045
1T
#1363055
0X
#1363069
1V
#1363080
#1363090
0V
#1363104
1W
#1363122
#1363271
0T
#1363282
1P
#1363301
#1363328
#1363401
#1363423
0W
#1363434
1X
#1363451
0U
#1363463
1V
#1363474
0X
#1363488
1S
#1363499
#1363513
#1363531
0S
#1363546
1X
#1363557
#1363593
#1363604
#1363631
#1363641
#1363651
#1363668
#1363697
1!
#1363698
0!
#1363702
#1363754
1!
#1363755
0!
#1363770
#1363788
0P
#1363803
1S
#1363821
#1363834
#1363907
0S
#1363921
1Q
#1363932
#1363942
#1363961
#1363977
0Q
#1363992
1P
#1364010
#1364096
0R
#1364108
1O
#1364119
#1364142
0P
#1364156
1S
#1364225
#1364237
#1364249
0V
#1364263
1Q
#1364281
#1364290
0Q
#1364305
1T
#1364382
#1364391
0O
#1364403
1P
#1364414
#1364442
#1364461
#1364484
#1364504
#1364580
#1364590
#1364603
0X
#1364615
1V
#1364632
0V
#1364647
1Q
#1364658
#1364687
0T
#1364701
1W
#1364713
#1364731
#1364747
0S
#1364762
1V
#1364773
#1364783
1!
#1364784
0!
#1364789
#1364815
#1364901
0W
#1364912
1U
#1364990
#1365062
#1365075
#1365098
#1365115
0P
#1365127
1T
#1365138
#1365148
0T
#1365162
1S
#1365173
#1365187
#1365197
0U
#1365211
1R
#1365309
0S
#1365323
1T
#1365393
#1365415
0R
#1365427
1U
#1365437
0Q
#1365449
1S
#1365460
#1365469
0U
#1365484
1O
#1365502
#1365512
#1365531
#1365557
0O
#1365571
1U
#1365663
#1365676
0V
#1365688
1O
#1365699
#1365711
0O
#1365726
1O
#1365752
1!
#1365753
0!
#1365757
#1365825
1!
#1365826
0!
#1365841
#1365863
0S
#1365875
1X
#1365907
#1365932
#1365942
#1366005
#1366015
#1366041
0X
#1366055
1S
#1366213
0T
#1366224
1X
#1366235
0S
#1366247
1$
#1366258
0X
#1366271
1X
#1366283
#1366309
#1366344
#1366355
#1366367
#1366384
0$
#1366398
1S
#1366409
#1366432
#1366446
#1366473
#1366496
#1366513
#1366523
#1366541
0U
#1366555
1W
#1366566
#1366577
#1366588
#1366599
#1366612
0O
#1366626
1P
#1366651
#1366663
#1366686
#1366697
0X
#1366711
1R
#1366722
1!
#1366723
0!
#1366728
#1366753
0P
#1366767
1U
#1366897
#1366906
0R
#1366918
1O
#1366929
#1366938
0O
#1366952
1Q
#1366962
0W
#1366974
1X
#1366998
0X
#1367012
1P
#1367030
0P
#1367045
1O
#1367114
0U
#1367128
1X
#1367205
0Q
#1367216
1P
#1367227
0S
#1367239
1U
#1367250
#1367312
#1367384
#1367464
#1367553
0X
#1367564
1V
#1367575
0P
#1367587
1&
#1367606
#1367618
#1367643
#1367653
0&
#1367667
1X
#1367685
#1367695
#1367707
0V
#1367722
1V
#1367733
1!
#1367734
0!
#1367738
#1367758
#1367780
#1367798
0O
#1367813
1T
#1367824
#1367848
#1367858
0V
#1367872
1O
#1367883
#1367913
0O
#1367927
1P
#1367946
#1368078
#1368100
0U
#1368112
1V
#1368136
#1368150
#1368162
0T
#1368174
1O
#1368199
#1368222
#1368239
#1368249
#1368277
#1368289
#1368312
#1368322
#1368335
#1368352
#1368368
0X
#1368382
1W
#1368394
#1368405
#1368419
#1368430
0P
#1368445
1R
#1368456
#1368472
0W
#1368486
1Q
#1368644
#1368690
1!
#1368691
0!
#1368695
#1368733
1!
#1368734
0!
#1368748
0R
#1368759
1X
#1368770
#1368779
0X
#1368793
1P
#1368804
0Q
#1368815
1W
#1368827
#1368838
#1368848
0V
#1368862
1S
#1368872
0P
#1368887
1X
#1368904
0W
#1368918
1V
#1368936
0V
#1368950
1P
#1369028
#1369040
0O
#1369052
1W
#1369143
0S
#1369154
1V
#1369240
#1369278
#1369290
0P
#1369304
1P
#1369322
#1369359
#1369369
#1369384
#1369469
0V
#1369481
1U
#1369492
#1369522
#1369534
#1369558
#1369569
#1369586
#1369596
#1369614
0X
#1369628
1T
#1369713
#1369735
0U
#1369749
1V
#1369761
#1369772
1!
#1369773
0!
#1369778
#1369789
0T
#1369803
1X
#1369814
#1369826
0X
#1369840
1Q
#1369851
0W
#1369862
1U
#1369873
#1369883
0U
#1369897
1T
#1369908
#1369932
#1370020
#1370043
#1370054
0T
#1370068
1X
#1370079
0P
#1370090
1U
#1370102
#1370125
#1370136
#1370170
#1370190
0Q
#1370205
1R
#1370333
#1370356
#1370368
0V
#1370380
1T
#1370391
#1370403
#1370420
#1370430
#1370466
#1370546
#1370559
#1370571
#1370580
0R
#1370594
1Q
#1370612
0X
#1370626
1O
#1370637
#1370650
0Q
#1370665
1S
#1370762
#1370794
1!
#1370795
0!
#1370799
#1370812
0U
#1370825
1"
#1370835
0T
#1370850
1%
#1370863
0O
#1370875
1#
#1370885
0S
#1370901
1$
#1370911
0#
#1370926
1&
#1370937
0"
#1370950
1"
#1370965
#1371061
0"
#1371077
1R
#1371087
0%
#1371101
1X
#1371111
0R
#1371125
1Q
#1371135
0X
#1371148
1U
#1371169
xU
#1371182
#1371194
0U
#1371205
1T
#1371215
0$
#1371229
1S
#1371247
#1371269
0&
#1371283
1R
#1371294
#1371308
#1371332
#1371342
#1371414
#1371444
#1371456
#1371469
0S
#1371483
1X
#1371508
#1371531
#1371541
#1371554
#1371564
#1371590
#1371601
0T
#1371615
1W
#1371626
#1371643
#1371657
#1371691
1!
#1371692
0!
#1371695
#1371741
1!
#1371742
0!
#1371763
0Q
#1371777
1P
#1371801
0W
#1371813
1S
#1371949
0S
#1371962
1V
#1371972
0R
#1371984
1T
#1372002
#1372024
0P
#1372035
1Q
#1372047
#1372056
0Q
#1372070
1S
#1372139
#1372151
#1372161
#1372173
0V
#1372187
1O
#1372212
#1372233
0T
#1372247
1Q
#1372272
#1372295
#1372307
#1372320
#1372395
0X
#1372407
1V
#1372418
#1372431
0V
#1372446
1T
#1372471
#1372494
#1372504
#1372530
#1372541
0O
#1372556
1W
#1372567
#1372581
#1372598
#1372608
#1372630
0S
#1372645
1V
#1372669
#1372681
#1372701
#1372711
1!
#1372712
0!
#1372717
#1372729
#1372738
0Q
#1372752
1R
#1372777
#1372930
0W
#1372941
1O
#1372952
#1372974
0T
#1372986
1P
#1373048
#1373057
0O
#1373072
1S
#1373083
#1373093
#1373111
0S
#1373125
1Q
#1373143
0Q
#1373158
1X
#1373181
0P
#1373196
1O
#1373331
0R
#1373343
1S
#1373354
#1373432
0X
#1373443
1Q
#1373461
0V
#1373472
1P
#1373498
#1373570
#1373581
0P
#1373596
1P
#1373614
#1373651
#1373661
#1373675
#1373696
1!
#1373697
0!
#1373701
#1373770
1!
#1373771
0!
#1373798
0Q
#1373810
1W
#1373821
#1373844
#1373856
#1373866
#1373883
#1373894
#1373911
0O
#1373926
1T
#1373944
#1373968
0W
#1373982
1O
#1374066
0S
#1374077
1Q
#1374148
#1374160
0T
#1374172
1W
#1374183
#1374205
0O
#1374220
1R
#1374230
0W
#1374244
1O
#1374262
#1374274
#1374287
0R
#1374302
1W
#1374327
#1374428
#1374452
#1374475
#1374484
0W
#1374499
1R
#1374517
#1374527
#1374543
0R
#1374558
1X
#1374569
#1374587
#1374663
0P
#1374677
1W
#1374695
#1374767
0X
#1374778
1R
#1374789
#1374811
0Q
#1374823
1P
#1374841
1!
#1374842
0!
#1374847
#1374859
#1374868
0P
#1374882
1V
#1374900
#1374911
#1374925
#1374944
#1374955
0V
#1374970
1P
#1374995
#1375009
#1375021
#1375058
#1375070
#1375086
0O
#1375100
1V
#1375111
#1375121
0V
#1375135
1S
#1375146
#1375182
#1375262
#1375285
#1375346
#1375358
#1375367
0W
#1375382
1O
#1375393
#1375411
0S
#1375425
1V
#1375436
#1375460
0O
#1375474
1T
#1375545
#1375563
0R
#1375575
1X
#1375593
#1375639
0V
#1375652
1"
#1375662
0T
#1375676
1#
#1375688
#1375699
0P
#1375714
1%
#1375724
0X
#1375739
1$
#1375767
1!
#1375768
0!
#1375773
#1375898
0"
#1375915
1W
#1375925
0$
#1375938
1S
#1375949
0%
#1375963
1O
#1375973
0S
#1375987
1V
#1375997
0W
#1376011
1T
#1376043
#1376166
0#
#1376180
1P
#1376191
0T
#1376202
1X
#1376214
#1376235
xP
#1376313
0X
#1376324
1S
#1376336
#1376365
#1376375
#1376389
#1376420
#1376432
#1376454
0P
#1376465
1W
#1376477
#1376489
#1376505
0V
#1376520
1Q
#1376545
#1376557
#1376597
0W
#1376610
1"
#1376621
0Q
#1376635
1&
#1376645
0O
#1376660
1$
#1376671
#1376682
0S
#1376698
1%
#1376708
0&
#1376724
1#
#1376742
1!
#1376743
0!
#1376747
#1376850
0"
#1376866
1R
#1376877
0#
#1376890
1V
#1376900
0%
#1376914
1W
#1376925
0$
#1376939
1Q
#1376956
0V
#1376971
1O
#1377044
xO
#1377056
0R
#1377067
1S
#1377083
#1377097
0O
#1377108
1V
#1377169
0Q
#1377184
1Q
#1377209
#1377239
#1377266
#1377350
#1377360
#1377441
0W
#1377456
1T
#1377467
#1377497
#1377510
#1377521
#1377539
0T
#1377554
1W
#1377565
#1377578
0S
#1377592
1X
#1377611
#1377623
#1377646
#1377657
#1377668
#1377679
#1377695
0X
#1377709
1T
#1377720
1!
#1377721
0!
#1377726
#1377737
0T
#1377751
1S
#1377776
0S
#1377791
1R
#1377802
#1377812
#1377890
0Q
#1377902
1X
#1377979
#1378001
0R
#1378013
1T
#1378030
0X
#1378044
1S
#1378056
#1378067
#1378085
#1378095
#1378128
0V
#1378142
1Q
#1378227
#1378299
#1378311
#1378334
#1378352
0W
#1378364
1X
#1378375
#1378384
0Q
#1378399
1V
#1378417
#1378427
#1378462
#1378484
0V
#1378499
1R
#1378510
#1378574
#1378585
#1378595
0R
#1378609
1Q
#1378634
#1378643
0Q
#1378658
1W
#1378669
#1378770
#1378792
0S
#1378806
1V
#1378817
#1378834
#1378845
#1378915
1!
#1378916
0!
#1378921
#1378933
#1379077
#1379090
0T
#1379103
1R
#1379121
0R
#1379134
1Q
#1379145
#1379175
0W
#1379188
1S
#1379200
#1379210
#1379222
0X
#1379233
1T
#1379245
#1379255
#1379266
0T
#1379280
1R
#1379313
#1379326
0S
#1379340
1W
#1379365
#1379446
#1379459
#1379536
#1379545
0W
#1379559
1T
#1379570
#1379584
#1379615
#1379638
#1379650
#1379663
#1379672
0V
#1379686
1S
#1379697
0Q
#1379711
1X
#1379722
#1379738
0S
#1379753
1W
#1379784
0W
#1379799
1V
#1379874
0X
#1379886
1Q
#1380014
0R
#1380026
1S
#1380036
0V
#1380048
1W
#1380058
0Q
#1380072
1Q
#1380083
1!
#1380084
0!
#1380089
#1380108
#1380122
#1380156
#1380170
#1380182
#1380226
#1380237
#1380267
#1380277
#1380287
#1380315
#1380326
#1380337
#1380410
0T
#1380424
1X
#1380442
#1380454
#1380465
0X
#1380479
1R
#1380490
0S
#1380504
1V
#1380515
#1380525
#1380545
#1380576
#1380693
1!
#1380694
0!
#1380698
#1380736
1!
#1380737
0!
#1380752
#1380774
0R
#1380786
1T
#1380796
0V
#1380810
1X
#1380821
#1380831
0X
#1380845
1S
#1380856
0T
#1380870
1V
#1380881
#1380891
#1380968
0V
#1380982
1X
#1381000
0S
#1381014
1T
#1381097
0Q
#1381108
1V
#1381119
#1381131
0W
#1381143
1S
#1381161
0V
#1381175
1V
#1381200
#1381214
#1381300
0X
#1381312
1&
#1381324
#1381347
0&
#1381362
1R
#1381380
#1381404
#1381488
#1381513
#1381598
#1381620
0R
#1381634
1X
#1381644
0T
#1381656
1W
#1381666
0S
#1381678
1R
#1381689
#1381699
#1381711
#1381723
0R
#1381737
1R
#1381748
0W
#1381762
1W
#1381779
0W
#1381793
1W
#1381886
#1381917
1!
#1381918
0!
#1381923
#1381936
0R
#1381946
1"
#1381956
0X
#1381971
1#
#1381981
0V
#1381996
1%
#1382027
0%
#1382042
1$
#1382052
0W
#1382068
1&
#1382078
0"
#1382091
1"
#1382118
#1382229
0"
#1382245
1X
#1382256
0&
#1382269
1V
#1382290
xV
#1382303
#1382325
0V
#1382335
1W
#1382346
0$
#1382360
1S
#1382383
#1382480
#1382502
#1382525
0W
#1382536
1Q
#1382554
#1382566
#1382576
#1382598
0#
#1382612
1R
#1382623
#1382634
#1382645
0Q
#1382660
1T
#1382671
#1382681
#1382693
#1382724
0T
#1382738
1Q
#1382814
0S
#1382826
1T
#1382844
0T
#1382858
1T
#1382869
1!
#1382870
0!
#1382875
#1382886
0Q
#1382900
1Q
#1382933
#1382957
#1383102
0X
#1383113
1W
#1383124
#1383160
0T
#1383172
1S
#1383183
#1383193
#1383268
#1383280
#1383296
0S
#1383311
1T
#1383329
#1383352
#1383365
#1383383
#1383459
0R
#1383473
1S
#1383485
#1383501
0T
#1383512
1X
#1383523
0S
#1383537
1R
#1383561
0R
#1383575
1S
#1383726
#1383750
0X
#1383761
1R
#1383771
0Q
#1383783
1T
#1383808
#1383839
1!
#1383840
0!
#1383844
#1383896
1!
#1383897
0!
#1383912
#1383932
#1383949
#1384039
0R
#1384051
1X
#1384129
#1384154
#1384172
0S
#1384183
1R
#1384201
0W
#1384215
1W
#1384285
#1384307
0W
#1384321
1Q
#1384331
0X
#1384343
1W
#1384355
#1384367
#1384379
#1384388
0Q
#1384403
1Q
#1384414
#1384423
0Q
#1384438
1Q
#1384617
#1384641
0T
#1384652
1S
#1384663
#1384690
#1384719
0W
#1384730
1X
#1384742
#1384766
#1384778
1!
#1384779
0!
#1384783
#1384802
#1384813
#1384835
0X
#1384849
1W
#1384860
#1384871
#1384957
#1384974
#1384985
0S
#1384997
1T
#1385008
#1385039
#1385130
#1385203
0R
#1385217
1X
#1385228
#1385237
0X
#1385251
1S
#1385262
#1385274
#1385285
#1385303
0T
#1385318
1R
#1385342
0Q
#1385357
1X
#1385427
#1385446
0W
#1385458
1T
#1385470
#1385503
#1385525
0R
#1385539
1Q
#1385550
#1385564
#1385574
0Q
#1385588
1W
#1385599
#1385610
#1385634
0W
#1385649
1R
#1385690
1!
#1385691
0!
#1385694
#1385748
1!
#1385749
0!
#1385763
#1385776
#1385857
#1385870
0S
#1385884
1Q
#1385909
#1385922
#1385934
#1385946
#1385957
#1385967
#1385983
0T
#1385997
1W
#1386009
#1386049
0R
#1386062
1"
#1386073
0X
#1386087
1%
#1386098
#1386109
0W
#1386124
1&
#1386134
0Q
#1386150
1$
#1386160
0&
#1386176
1#
#1386300
0"
#1386317
1S
#1386327
0$
#1386341
1T
#1386351
0%
#1386365
1R
#1386376
#1386395
0T
#1386409
1X
#1386427
0#
#1386441
1W
#1386455
xX
#1386475
0X
#1386486
1Q
#1386504
0S
#1386519
1T
#1386661
0W
#1386673
1S
#1386696
0S
#1386710
1S
#1386720
0R
#1386733
1&
#1386744
1!
#1386745
0!
#1386750
#1386829
#1386854
0T
#1386865
1W
#1386876
0&
#1386891
1$
#1386916
#1386935
#1386959
0$
#1386973
1R
#1386991
#1387069
#1387078
0W
#1387091
1%
#1387109
#1387127
0R
#1387141
1R
#1387152
#1387236
0%
#1387250
1T
#1387267
0R
#1387281
1R
#1387291
0Q
#1387304
1#
#1387315
#1387343
#1387356
#1387372
0#
#1387387
1Q
#1387398
#1387429
#1387439
#1387451
#1387463
0Q
#1387477
1W
#1387641
0W
#1387653
1Q
#1387663
0S
#1387676
1&
#1387686
0Q
#1387700
1Q
#1387711
#1387735
0&
#1387749
1S
#1387767
#1387777
#1387802
#1387814
#1387831
1!
#1387832
0!
#1387836
#1387849
#1387860
0S
#1387875
1W
#1387886
#1387896
#1387929
#1387975
0W
#1387988
1"
#1387999
0Q
#1388013
1$
#1388023
0T
#1388038
1%
#1388048
0R
#1388064
1#
#1388075
#1388202
0"
#1388218
1S
#1388229
0$
#1388242
1W
#1388255
0S
#1388269
1Q
#1388278
#1388292
0#
#1388305
1T
#1388315
#1388327
0%
#1388342
1R
#1388366
#1388380
#1388396
xR
#1388416
#1388432
#1388444
#1388456
#1388465
0T
#1388479
1S
#1388490
#1388500
0R
#1388511
1T
#1388536
#1388549
#1388559
#1388570
0T
#1388585
1T
#1388610
#1388624
#1388635
0W
#1388649
1W
#1388673
0W
#1388687
1W
#1388698
#1388711
#1388723
0Q
#1388737
1Q
#1388748
1!
#1388749
0!
#1388754
#1388766
#1388775
0Q
#1388790
1Q
#1388814
#1388828
#1388848
#1388879
#1388891
#1388903
#1388917
#1388934
#1388945
#1388963
0S
#1388977
1S
#1388989
#1389001
#1389011
#1389023
#1389040
0S
#1389054
1S
#1389064
0T
#1389079
1T
#1389090
#1389103
0T
#1389117
1T
#1389142
#1389162
#1389172
#1389185
#1389208
#1389222
#1389241
#1389260
0Q
#1389274
1Q
#1389285
#1389297
#1389309
0W
#1389323
1W
#1389334
#1389344
0W
#1389358
1W
#1389369
#1389379
0Q
#1389393
1Q
#1389418
#1389432
#1389465
#1389483
0S
#1389497
1S
#1389508
#1389521
#1389535
#1389552
#1389562
#1389581
0S
#1389595
1S
#1389606
#1389624
0T
#1389639
1T
#1389650
#1389662
#1389680
#1389699
1!
#1389700
0!
#1389703
#1389772
1!
#1389773
0!
#1389787
0T
#1389801
1T
#1389826
#1389849
0W
#1389864
1W
#1389875
#1389887
#1389899
0Q
#1389913
1Q
#1389930
0Q
#1389944
1Q
#1390037
#1390056
#1390088
#1390112
0T
#1390126
1T
#1390137
#1390175
0S
#1390188
1"
#1390199
0Q
#1390213
1&
#1390228
0T
#1390243
1$
#1390254
0W
#1390269
1#
#1390280
#1390408
0"
#1390425
1S
#1390438
0$
#1390451
1Q
#1390465
xS
#1390477
0#
#1390491
1T
#1390553
0&
#1390567
1W
#1390577
#1390589
0S
#1390601
1%
#1390626
#1390704
#1390716
#1390729
1!
#1390730
0!
#1390735
#1390747
#1390757
#1390769
#1390780
#1390810
#1390849
0W
#1390862
1"
#1390872
0T
#1390887
1$
#1390898
0Q
#1390913
1#
#1390924
#1391051
0"
#1391067
1W
#1391078
0$
#1391091
1T
#1391104
0%
#1391118
1Q
#1391128
#1391142
xT
#1391155
0#
#1391169
1&
#1391179
#1391192
0T
#1391205
1$
#1391222
0W
#1391236
1W
#1391247
#1391259
0W
#1391272
1W
#1391283
#1391301
#1391311
#1391337
#1391349
#1391362
0Q
#1391376
1Q
#1391393
0Q
#1391407
1Q
#1391418
#1391437
#1391448
#1391460
#1391484
#1391498
#1391516
0W
#1391530
1W
#1391541
#1391553
0W
#1391566
1W
#1391577
#1391594
#1391605
#1391631
#1391643
#1391656
0Q
#1391670
1Q
#1391687
0Q
#1391700
1Q
#1391711
1!
#1391712
0!
#1391717
#1391736
#1391749
#1391762
#1391779
#1391789
#1391817
#1391829
#1391840
0W
#1391854
1W
#1391865
#1391874
0W
#1391888
1W
#1391899
#1391923
#1391936
#1391954
0Q
#1391967
1Q
#1391979
#1391992
0Q
#1392005
1Q
#1392030
#1392043
#1392056
#1392073
#1392083
#1392111
#1392123
#1392134
0W
#1392148
1W
#1392159
#1392168
0W
#1392182
1W
#1392207
#1392238
0Q
#1392251
1"
#1392261
0W
#1392277
1%
#1392288
#1392384
0"
#1392401
1Q
#1392411
0$
#1392424
1W
#1392438
xQ
#1392451
0&
#1392466
1#
#1392475
#1392504
0%
#1392519
1$
#1392529
0Q
#1392542
1&
#1392568
#1392609
#1392638
#1392656
#1392678
#1392705
1!
#1392706
0!
#1392711
#1392738
0W
#1392751
1W
#1392767
0W
#1392780
1W
#1392805
#1392830
#1392857
#1392872
#1392884
#1392906
#1392921
0W
#1392934
1W
#1392950
0W
#1392963
1W
#1392988
#1393013
#1393040
#1393055
#1393067
#1393089
#1393104
0W
#1393117
1W
#1393133
0W
#1393146
1W
#1393171
#1393196
#1393223
#1393238
#1393250
#1393272
#1393287
0W
#1393300
1W
#1393316
0W
#1393329
1W
#1393354
#1393379
#1393406
#1393421
#1393433
#1393455
#1393470
0W
#1393483
1W
#1393499
0W
#1393512
1W
#1393537
#1393562
#1393589
#1393604
#1393627
#1393654
0W
#1393667
1"
#1393683
#1393699
1!
#1393700
0!
#1393704
#1393720
#1393753
#1393786
#1393822
#1393881
0"
#1393894
1"
#1393910
0"
#1393923
1"
#1393939
0"
#1393952
1"
#1393968
0"
#1393981
1"
#1394102
#1394145
#1394189
#1394276
0c
#1394367
0d
#1394458
0e
#1394549
0f
#1394640
0g
#1394689
1!
#1394690
0!
#1394694
#1394710
1!
#1394711
0!
#1394761
0h
#1394852
0i
#1394943
0j
#1395034
0k
#1395125
0l
#1395216
0m
#1395314
0"
#1395331
1W
#1395341
0#
#1395354
1c
#1395369
xW
#1395408
0&
#1395421
1d
#1395431
0c
#1395442
1e
#1395453
0$
#1395466
1f
#1395478
#1395488
#1395497
0W
#1395509
1g
#1395520
#1395562
0d
#1395576
1h
#1395587
0f
#1395601
1i
#1395612
#1395622
0e
#1395636
1j
#1395647
#1395657
#1395683
#1395693
0h
#1395707
1k
#1395717
0g
#1395732
1l
#1395750
1!
#1395751
0!
#1395756
#1395776
#1395786
0j
#1395800
1m
#1395811
#1395820
0i
#1395835
1c
#1395854
#1395863
0l
#1395878
1d
#1395912
0k
#1395926
1f
#1395945
#1395955
0m
#1395969
1e
#1395988
#1395998
#1396009
#1396019
#1396029
#1396062
0e
#1396077
1h
#1396087
0d
#1396101
1g
#1396121
#1396138
0f
#1396152
1j
#1396163
#1396174
#1396184
#1396194
#1396220
#1396230
0g
#1396244
1i
#1396278
0j
#1396292
1l
#1396312
#1396321
0h
#1396335
1k
#1396355
#1396365
#1396375
#1396385
#1396395
#1396429
0k
#1396443
1m
#1396453
0i
#1396468
1e
#1396487
#1396504
0l
#1396519
1d
#1396530
#1396540
#1396550
#1396560
#1396586
#1396596
0e
#1396610
1f
#1396644
0d
#1396659
1g
#1396678
#1396687
0m
#1396702
1j
#1396721
1!
#1396722
0!
#1396726
#1396747
#1396757
#1396767
#1396777
#1396811
0f
#1396825
1h
#1396836
#1396846
#1396864
0j
#1396878
1k
#1396889
#1396899
#1396925
#1396935
0h
#1396949
1i
#1396975
0k
#1396990
1l
#1397000
0g
#1397014
1e
#1397034
#1397044
#1397054
#1397064
#1397090
#1397101
#1397110
0e
#1397124
1d
#1397159
0i
#1397173
1m
#1397183
0l
#1397198
1f
#1397209
#1397227
#1397237
#1397248
#1397274
#1397284
#1397293
0d
#1397308
1j
#1397342
0m
#1397356
1h
#1397367
0f
#1397381
1k
#1397392
#1397411
#1397421
#1397431
#1397457
#1397467
#1397477
0j
#1397491
1g
#1397525
0h
#1397540
1e
#1397550
0k
#1397564
1i
#1397576
#1397594
#1397604
#1397614
#1397640
#1397651
#1397660
0g
#1397674
1l
#1397709
#1397727
1!
#1397728
0!
#1397733
#1397745
#1397755
0e
#1397769
1d
#1397779
0i
#1397794
1m
#1397821
#1397830
0l
#1397844
1f
#1397856
#1397874
#1397884
#1397894
#1397928
0d
#1397942
1j
#1397952
0m
#1397967
1h
#1397978
#1397988
#1398014
#1398024
#1398034
0f
#1398048
1k
#1398075
#1398085
0h
#1398099
1g
#1398118
#1398136
0j
#1398150
1e
#1398161
#1398171
#1398198
#1398208
#1398217
0k
#1398231
1i
#1398259
#1398268
0g
#1398282
1l
#1398301
#1398319
0e
#1398333
1d
#1398344
#1398355
#1398381
#1398391
#1398400
0i
#1398415
1m
#1398442
#1398451
0l
#1398466
1f
#1398485
#1398502
0d
#1398517
1h
#1398528
#1398538
#1398564
#1398574
#1398584
0m
#1398598
1j
#1398625
#1398635
0f
#1398649
1k
#1398668
#1398685
0h
#1398700
1g
#1398711
#1398721
#1398731
1!
#1398732
0!
#1398737
#1398765
#1398775
#1398785
0j
#1398799
1e
#1398810
#1398820
#1398846
#1398880
0k
#1398894
1i
#1398905
0g
#1398919
1l
#1398946
#1398955
0e
#1398970
1d
#1398989
#1399007
#1399017
#1399028
#1399054
#1399087
0i
#1399101
1m
#1399112
0l
#1399126
1f
#1399153
#1399163
0d
#1399177
1h
#1399196
#1399214
#1399224
#1399235
#1399261
#1399286
0m
#1399301
1j
#1399311
0f
#1399325
1k
#1399344
#1399376
#1399393
0h
#1399407
1g
#1399418
#1399465
0k
#1399479
1e
#1399490
#1399509
#1399519
#1399529
#1399568
#1399601
0g
#1399615
1i
#1399647
0e
#1399661
1l
#1399672
0j
#1399686
1d
#1399705
#1399715
#1399726
#1399736
#1399746
#1399793
1!
#1399794
0!
#1399799
#1399819
#1399855
0d
#1399869
1m
#1399880
0c
#1399891
1f
#1399926
0i
#1399941
1h
#1399952
#1399961
0l
#1399976
1k
#1399987
#1399997
#1400007
#1400017
#1400028
#1400038
#1400063
0m
#1400078
1g
#1400096
0h
#1400110
1e
#1400121
#1400131
#1400142
#1400152
#1400162
#1400171
0f
#1400186
1j
#1400212
0k
#1400226
1d
#1400245
0g
#1400259
1c
#1400270
#1400280
0e
#1400294
1i
#1400305
#1400315
#1400334
#1400352
#1400369
0j
#1400384
1l
#1400395
#1400405
#1400431
#1400441
0i
#1400455
1m
#1400481
0l
#1400495
1h
#1400506
0d
#1400520
1f
#1400539
#1400550
#1400560
#1400570
#1400596
#1400606
#1400616
0f
#1400630
1k
#1400664
0m
#1400679
1g
#1400689
0h
#1400703
1e
#1400715
#1400733
1!
#1400734
0!
#1400738
#1400751
#1400761
#1400779
#1400789
#1400800
#1400833
0g
#1400847
1j
#1400866
#1400884
0e
#1400898
1i
#1400916
0k
#1400931
1l
#1400942
#1400952
#1400962
#1400972
#1400983
#1401016
0j
#1401030
1d
#1401050
#1401067
0i
#1401081
1f
#1401100
0l
#1401114
1m
#1401125
#1401135
#1401145
#1401156
#1401166
#1401199
0d
#1401214
1h
#1401233
#1401250
0f
#1401264
1g
#1401283
0m
#1401297
1e
#1401308
#1401318
#1401329
#1401339
#1401349
#1401382
0h
#1401397
1k
#1401416
#1401433
0g
#1401447
1j
#1401466
0e
#1401480
1i
#1401491
#1401502
#1401512
#1401522
#1401532
#1401566
0k
#1401580
1l
#1401599
#1401616
0j
#1401631
1d
#1401649
0i
#1401663
1f
#1401674
#1401685
#1401695
#1401705
#1401715
1!
#1401716
0!
#1401721
#1401756
0l
#1401770
1m
#1401781
0d
#1401795
1h
#1401806
#1401832
#1401843
#1401852
0f
#1401866
1g
#1401886
#1401896
#1401906
#1401932
#1401942
0m
#1401956
1e
#1401990
0h
#1402004
1k
#1402015
0g
#1402029
1j
#1402040
#1402051
#1402069
#1402079
#1402089
#1402115
#1402125
0e
#1402139
1i
#1402173
0k
#1402188
1l
#1402198
0j
#1402212
1d
#1402223
#1402234
#1402252
#1402262
#1402272
#1402299
#1402308
0i
#1402322
1f
#1402356
0l
#1402371
1m
#1402381
0d
#1402395
1h
#1402407
#1402417
#1402435
#1402445
#1402456
#1402482
#1402491
0f
#1402505
1g
#1402540
0m
#1402554
1e
#1402564
0h
#1402579
1k
#1402590
#1402600
#1402618
#1402628
#1402639
#1402665
#1402674
0g
#1402689
1j
#1402723
0e
#1402737
1i
#1402756
1!
#1402757
0!
#1402762
#1402782
#1402792
#1402802
#1402813
#1402822
0k
#1402836
1l
#1402856
#1402881
0j
#1402895
1d
#1402906
#1402916
#1402934
0i
#1402948
1f
#1402959
#1402970
#1402996
#1403005
0d
#1403019
1m
#1403046
0f
#1403060
1h
#1403070
0l
#1403085
1g
#1403104
#1403114
#1403124
#1403135
#1403161
#1403171
#1403180
0g
#1403195
1e
#1403229
0m
#1403243
1k
#1403254
0h
#1403268
1j
#1403279
#1403297
#1403308
#1403318
#1403344
#1403354
#1403364
0e
#1403378
1i
#1403412
0k
#1403426
1d
#1403437
0j
#1403451
1f
#1403462
#1403481
#1403491
#1403501
#1403527
#1403537
#1403547
0i
#1403561
1l
#1403595
0d
#1403610
1g
#1403620
0f
#1403634
1m
#1403646
#1403664
#1403674
#1403684
#1403703
1!
#1403704
0!
#1403708
#1403744
#1403762
0l
#1403776
1h
#1403787
#1403797
#1403824
#1403833
0g
#1403847
1e
#1403874
0m
#1403888
1k
#1403907
#1403917
#1403935
0h
#1403949
1j
#1403960
#1403970
#1403981
#1403991
#1404024
0e
#1404039
1i
#1404058
#1404075
0k
#1404089
1d
#1404108
0j
#1404122
1f
#1404133
#1404143
#1404154
#1404164
#1404174
#1404207
0i
#1404222
1l
#1404241
#1404258
0d
#1404272
1g
#1404291
0f
#1404305
1m
#1404316
#1404326
#1404337
#1404347
#1404357
#1404391
0l
#1404405
1h
#1404424
#1404441
0g
#1404456
1e
#1404474
0m
#1404488
1k
#1404499
#1404510
#1404520
#1404530
#1404540
#1404574
0h
#1404588
1j
#1404607
#1404624
0e
#1404639
1i
#1404657
0k
#1404671
1d
#1404683
#1404693
#1404703
1!
#1404704
0!
#1404709
#1404721
#1404731
#1404757
#1404766
0j
#1404781
1f
#1404815
0i
#1404829
1l
#1404840
0d
#1404854
1g
#1404865
#1404875
#1404894
#1404904
#1404914
#1404940
#1404950
0f
#1404964
1m
#1404998
0l
#1405012
1h
#1405023
0g
#1405037
1e
#1405048
#1405058
#1405077
#1405087
#1405097
#1405123
#1405133
0m
#1405147
1k
#1405181
0h
#1405196
1j
#1405206
0e
#1405220
1i
#1405231
#1405242
#1405260
#1405270
#1405280
#1405307
#1405316
0k
#1405330
1d
#1405364
0j
#1405379
1f
#1405389
0i
#1405403
1l
#1405415
#1405425
#1405443
#1405453
#1405464
#1405490
#1405499
0d
#1405513
1g
#1405547
0f
#1405562
1m
#1405572
0l
#1405587
1h
#1405598
#1405608
#1405626
#1405636
#1405647
#1405673
#1405682
0g
#1405697
1e
#1405731
0m
#1405745
1k
#1405764
1!
#1405765
0!
#1405770
#1405790
#1405800
#1405810
#1405820
#1405830
0h
#1405844
1j
#1405864
#1405889
0e
#1405903
1i
#1405914
#1405924
#1405942
0k
#1405956
1d
#1405967
#1405978
#1406004
#1406013
0i
#1406027
1f
#1406054
0d
#1406068
1l
#1406078
0j
#1406093
1g
#1406112
#1406122
#1406132
#1406143
#1406169
#1406179
#1406188
0g
#1406203
1m
#1406237
0f
#1406251
1h
#1406261
0l
#1406276
1e
#1406287
#1406305
#1406316
#1406326
#1406352
#1406362
#1406372
0m
#1406386
1k
#1406420
0h
#1406434
1i
#1406445
0e
#1406459
1d
#1406470
#1406489
#1406499
#1406509
#1406535
#1406545
#1406555
0k
#1406569
1j
#1406603
0i
#1406618
1g
#1406628
0d
#1406642
1f
#1406654
#1406672
#1406682
#1406692
#1406710
1!
#1406711
0!
#1406716
#1406752
#1406770
0j
#1406784
1l
#1406795
#1406805
#1406832
#1406862
0g
#1406876
1m
#1406903
#1406921
0f
#1406935
1h
#1406946
#1406956
#1406966
0l
#1406980
1e
#1406991
#1407001
#1407020
#1407053
0m
#1407067
1k
#1407086
0h
#1407100
1i
#1407132
#1407142
#1407160
0e
#1407174
1d
#1407185
#1407195
#1407206
#1407216
#1407249
0k
#1407264
1j
#1407283
#1407300
0i
#1407314
1g
#1407333
0d
#1407347
1f
#1407358
#1407368
#1407379
#1407389
#1407399
#1407432
0j
#1407447
1l
#1407466
#1407483
0g
#1407497
1m
#1407516
0f
#1407530
1h
#1407541
#1407551
#1407562
#1407572
#1407582
#1407616
0l
#1407630
1e
#1407649
#1407666
0m
#1407681
1k
#1407699
0h
#1407713
1i
#1407724
#1407735
#1407761
#1407770
0e
#1407785
1d
#1407803
1!
#1407804
0!
#1407809
#1407820
0k
#1407835
1j
#1407846
#1407864
#1407875
#1407885
#1407903
#1407913
#1407954
0d
#1407969
1g
#1407979
0i
#1407993
1f
#1408004
0j
#1408018
1l
#1408029
#1408048
#1408058
#1408068
#1408086
#1408097
#1408138
0g
#1408152
1m
#1408162
0f
#1408177
1h
#1408187
0l
#1408201
1e
#1408213
#1408231
#1408241
#1408251
#1408270
#1408280
#1408321
0m
#1408335
1k
#1408346
0h
#1408360
1d
#1408370
0e
#1408385
1i
#1408396
#1408414
#1408424
#1408435
#1408453
#1408463
#1408504
0k
#1408519
1j
#1408529
0d
#1408543
1g
#1408554
0i
#1408568
1f
#1408579
#1408598
#1408608
#1408618
#1408636
#1408646
#1408688
0j
#1408702
1l
#1408712
0g
#1408727
1m
#1408737
0f
#1408751
1h
#1408762
1!
#1408763
0!
#1408768
#1408788
#1408798
#1408809
#1408819
#1408845
#1408855
#1408865
0m
#1408879
1e
#1408913
0l
#1408927
1k
#1408938
0h
#1408952
1d
#1408963
#1408982
#1408992
#1409002
#1409028
#1409038
#1409048
0e
#1409062
1i
#1409096
0k
#1409111
1j
#1409121
0d
#1409135
1g
#1409147
#1409165
#1409175
#1409185
#1409212
#1409222
#1409231
0i
#1409246
1f
#1409280
0j
#1409294
1m
#1409304
0g
#1409319
1l
#1409330
#1409348
#1409359
#1409369
#1409395
#1409405
#1409414
0f
#1409429
1h
#1409463
0m
#1409477
1e
#1409488
0l
#1409502
1k
#1409513
#1409532
#1409542
#1409552
#1409578
#1409588
#1409598
0h
#1409612
1d
#1409646
0e
#1409661
1i
#1409671
0k
#1409685
1j
#1409697
#1409715
1!
#1409716
0!
#1409720
#1409733
#1409743
#1409761
#1409771
#1409782
#1409828
0i
#1409842
1g
#1409869
#1409887
0j
#1409901
1f
#1409912
#1409922
#1409932
0d
#1409946
1m
#1409957
#1409967
#1409986
#1410019
0g
#1410033
1l
#1410052
0f
#1410066
1h
#1410098
#1410108
#1410126
0m
#1410140
1e
#1410151
#1410161
#1410172
#1410182
#1410215
0l
#1410230
1k
#1410249
#1410266
0h
#1410280
1i
#1410299
0e
#1410313
1j
#1410324
#1410334
#1410345
#1410355
#1410365
#1410398
0k
#1410413
1d
#1410432
#1410449
0i
#1410463
1g
#1410482
0j
#1410496
1f
#1410507
#1410517
#1410528
#1410538
#1410548
#1410581
0d
#1410596
1m
#1410615
#1410632
0g
#1410647
1l
#1410665
0f
#1410679
1h
#1410690
#1410701
#1410727
#1410736
0m
#1410750
1e
#1410769
1!
#1410770
0!
#1410775
#1410786
0l
#1410801
1k
#1410812
#1410830
#1410841
#1410851
#1410869
#1410879
#1410920
0e
#1410935
1i
#1410945
0h
#1410959
1j
#1410970
0k
#1410984
1d
#1410995
#1411014
#1411024
#1411034
#1411052
#1411063
#1411104
0i
#1411118
1g
#1411128
0j
#1411143
1f
#1411153
0d
#1411167
1m
#1411179
#1411197
#1411207
#1411217
#1411236
#1411246
#1411287
0g
#1411301
1l
#1411312
0f
#1411326
1e
#1411336
0m
#1411351
1h
#1411362
#1411380
#1411390
#1411401
#1411419
#1411429
#1411470
0l
#1411485
1k
#1411495
0e
#1411509
1i
#1411520
0h
#1411534
1j
#1411545
#1411563
#1411574
#1411584
#1411602
#1411612
#1411654
0k
#1411668
1d
#1411678
0i
#1411693
1g
#1411703
0j
#1411717
1f
#1411728
1!
#1411729
0!
#1411734
#1411754
#1411764
#1411775
#1411785
#1411811
#1411821
#1411831
0g
#1411845
1m
#1411879
0d
#1411893
1l
#1411904
0f
#1411918
1e
#1411929
#1411948
#1411958
#1411968
#1411994
#1412004
#1412014
0m
#1412028
1h
#1412062
0l
#1412077
1k
#1412087
0e
#1412101
1i
#1412113
#1412131
#1412141
#1412151
#1412177
#1412188
#1412197
0h
#1412211
1j
#1412246
0k
#1412260
1g
#1412270
0i
#1412285
1d
#1412296
#1412314
#1412324
#1412335
#1412361
#1412371
#1412380
0j
#1412395
1f
#1412429
0g
#1412443
1m
#1412454
0d
#1412468
1l
#1412479
#1412498
#1412508
#1412518
#1412544
#1412554
#1412564
0f
#1412578
1e
#1412612
0m
#1412627
1h
#1412637
0l
#1412651
1k
#1412663
#1412681
#1412691
#1412701
#1412719
1!
#1412720
0!
#1412725
#1412774
#1412784
#1412831
0h
#1412845
1i
#1412872
#1412881
0k
#1412896
1j
#1412907
#1412917
#1412927
0e
#1412941
1g
#1412952
#1412962
#1412981
#1413042
0c
#1413056
1d
#1413074
0j
#1413089
1f
#1413099
0i
#1413114
1m
#1413124
0g
#1413138
1l
#1413149
#1413160
#1413170
#1413180
#1413190
#1413200
#1413211
#1413221
#1413254
0m
#1413268
1h
#1413279
0f
#1413293
1k
#1413311
0d
#1413326
1e
#1413337
#1413347
#1413356
0l
#1413371
1c
#1413382
#1413400
#1413410
#1413436
#1413454
0k
#1413468
1j
#1413479
0h
#1413493
1i
#1413512
#1413530
#1413541
#1413558
0e
#1413572
1g
#1413583
#1413602
#1413628
#1413637
0i
#1413651
1m
#1413662
0j
#1413676
1f
#1413687
#1413714
#1413724
#1413734
1!
#1413735
0!
#1413740
#1413752
#1413777
0g
#1413791
1d
#1413810
0f
#1413824
1l
#1413834
0m
#1413849
1k
#1413868
#1413878
#1413888
#1413899
#1413925
#1413934
0k
#1413949
1h
#1413968
#1413993
0d
#1414007
1e
#1414019
#1414028
0l
#1414042
1i
#1414062
#1414072
#1414082
#1414108
#1414118
0h
#1414132
1j
#1414151
#1414176
0e
#1414191
1g
#1414202
#1414211
0i
#1414226
1f
#1414245
#1414255
#1414265
#1414291
#1414301
0j
#1414315
1m
#1414334
#1414360
0g
#1414374
1k
#1414385
#1414394
0f
#1414409
1d
#1414428
#1414438
#1414449
#1414475
#1414484
0m
#1414498
1l
#1414517
#1414543
0k
#1414557
1h
#1414568
#1414578
0d
#1414592
1e
#1414612
#1414622
#1414632
#1414658
#1414667
0l
#1414682
1i
#1414701
#1414726
0h
#1414740
1j
#1414752
#1414761
0e
#1414775
1g
#1414786
1!
#1414787
0!
#1414792
#1414804
#1414815
#1414825
#1414851
#1414860
0i
#1414875
1f
#1414894
#1414919
0j
#1414933
1m
#1414945
#1414954
0g
#1414968
1k
#1414988
#1414998
#1415008
#1415034
#1415044
0f
#1415058
1d
#1415077
#1415102
0m
#1415117
1l
#1415128
#1415137
0k
#1415152
1h
#1415171
#1415181
#1415191
#1415218
#1415227
0d
#1415241
1e
#1415260
#1415286
0l
#1415300
1i
#1415311
#1415321
0h
#1415335
1j
#1415354
#1415364
#1415375
#1415401
#1415410
0e
#1415425
1g
#1415444
#1415469
0i
#1415483
1f
#1415495
#1415504
0j
#1415518
1m
#1415538
#1415548
#1415558
#1415584
#1415594
0g
#1415608
1k
#1415627
#1415652
0f
#1415667
1d
#1415678
#1415687
0m
#1415702
1l
#1415721
#1415731
#1415741
#1415751
1!
#1415752
0!
#1415757
#1415769
#1415779
#1415821
0d
#1415835
1h
#1415845
0k
#1415860
1e
#1415870
0l
#1415884
1i
#1415895
#1415914
#1415924
#1415934
#1415960
#1415970
0e
#1415984
1j
#1416003
#1416028
0h
#1416043
1g
#1416054
#1416063
0i
#1416078
1f
#1416097
#1416107
#1416118
#1416144
#1416153
0j
#1416167
1m
#1416186
#1416212
0g
#1416226
1d
#1416237
#1416247
0f
#1416261
1k
#1416280
#1416291
#1416301
#1416327
#1416336
0m
#1416351
1l
#1416370
#1416395
0d
#1416409
1e
#1416421
#1416430
0k
#1416444
1h
#1416464
#1416474
#1416484
#1416510
#1416520
0l
#1416534
1i
#1416553
#1416578
0e
#1416593
1j
#1416604
#1416613
0h
#1416628
1g
#1416647
#1416657
#1416667
#1416694
#1416703
0i
#1416717
1f
#1416736
#1416746
1!
#1416747
0!
#1416752
#1416763
0j
#1416778
1m
#1416797
#1416806
0g
#1416821
1d
#1416840
#1416850
#1416860
#1416886
#1416896
0f
#1416910
1k
#1416929
#1416955
0m
#1416969
1l
#1416980
#1416989
0d
#1417004
1e
#1417023
#1417033
#1417044
#1417070
#1417079
0k
#1417093
1h
#1417112
#1417138
0l
#1417152
1i
#1417163
#1417173
0e
#1417187
1j
#1417207
#1417217
#1417227
#1417253
#1417262
0h
#1417277
1g
#1417296
#1417321
0i
#1417335
1f
#1417347
#1417356
0j
#1417370
1m
#1417390
#1417400
#1417410
#1417436
#1417446
0g
#1417460
1d
#1417479
#1417504
0f
#1417519
1k
#1417530
#1417539
0m
#1417554
1l
#1417573
#1417583
#1417594
#1417620
#1417629
0d
#1417643
1e
#1417662
#1417688
0k
#1417702
1h
#1417713
#1417723
0l
#1417737
1i
#1417756
#1417767
#1417777
#1417787
1!
#1417788
0!
#1417793
#1417805
#1417815
#1417856
0h
#1417870
1j
#1417881
0e
#1417895
1g
#1417905
0i
#1417920
1f
#1417931
#1417949
#1417959
#1417970
#1417996
#1418005
0g
#1418020
1m
#1418039
#1418064
0j
#1418078
1d
#1418090
#1418099
0f
#1418113
1k
#1418133
#1418143
#1418153
#1418179
#1418189
0m
#1418203
1l
#1418222
#1418247
0d
#1418262
1h
#1418273
#1418282
0k
#1418297
1e
#1418316
#1418326
#1418336
#1418362
#1418372
0l
#1418386
1i
#1418405
#1418431
0h
#1418445
1g
#1418456
#1418465
0e
#1418480
1j
#1418499
#1418509
#1418520
#1418546
#1418555
0i
#1418569
1f
#1418588
#1418614
0g
#1418628
1m
#1418639
#1418649
0j
#1418663
1d
#1418683
#1418693
#1418703
#1418729
#1418738
0f
#1418753
1k
#1418772
#1418782
1!
#1418783
0!
#1418788
#1418799
0m
#1418813
1l
#1418832
#1418842
0d
#1418856
1h
#1418875
#1418886
#1418896
#1418922
#1418931
0k
#1418946
1e
#1418965
#1418990
0l
#1419004
1i
#1419016
#1419025
0h
#1419039
1g
#1419059
#1419069
#1419079
#1419105
#1419115
0e
#1419129
1j
#1419148
#1419173
0i
#1419188
1f
#1419199
#1419208
0g
#1419223
1m
#1419242
#1419252
#1419262
#1419289
#1419298
0j
#1419312
1d
#1419331
#1419357
0f
#1419371
1k
#1419382
#1419392
0m
#1419406
1l
#1419425
#1419435
#1419446
#1419472
#1419481
0d
#1419496
1h
#1419515
#1419540
0k
#1419554
1e
#1419566
#1419575
0l
#1419589
1i
#1419609
#1419619
#1419629
#1419655
#1419665
0h
#1419679
1g
#1419698
#1419723
0e
#1419738
1j
#1419749
#1419758
0i
#1419773
1f
#1419784
1!
#1419785
0!
#1419789
#1419802
#1419812
#1419822
#1419848
#1419857
0g
#1419872
1m
#1419891
#1419916
0j
#1419930
1d
#1419942
#1419951
0f
#1419965
1k
#1419985
#1419995
#1420005
#1420031
#1420041
0m
#1420055
1l
#1420074
#1420099
0d
#1420114
1h
#1420125
#1420134
0k
#1420149
1e
#1420168
#1420178
#1420189
#1420215
#1420224
0l
#1420238
1i
#1420257
#1420283
0h
#1420297
1g
#1420308
#1420318
0e
#1420332
1j
#1420351
#1420362
#1420372
#1420398
#1420407
0i
#1420422
1f
#1420441
#1420466
0g
#1420480
1m
#1420492
#1420501
0j
#1420515
1d
#1420535
#1420545
#1420555
#1420581
#1420591
0f
#1420605
1k
#1420624
#1420649
0m
#1420664
1l
#1420675
#1420684
0d
#1420699
1h
#1420718
#1420728
#1420738
#1420748
1!
#1420749
0!
#1420754
#1420766
#1420777
#1420818
0l
#1420832
1e
#1420842
0k
#1420857
1i
#1420867
0h
#1420881
1g
#1420893
#1420911
#1420921
#1420931
#1420957
#1420967
0i
#1420981
1j
#1421000
#1421026
0e
#1421040
1f
#1421051
#1421060
0g
#1421075
1m
#1421094
#1421104
#1421115
#1421141
#1421150
0j
#1421164
1d
#1421183
#1421209
0f
#1421223
1l
#1421234
#1421244
0m
#1421258
1k
#1421278
#1421288
#1421298
#1421324
#1421333
0d
#1421348
1h
#1421367
#1421392
0l
#1421406
1i
#1421418
#1421427
0k
#1421441
1e
#1421461
#1421471
#1421481
#1421507
#1421517
0h
#1421531
1g
#1421550
#1421575
0i
#1421590
1j
#1421601
#1421610
0e
#1421625
1f
#1421644
#1421654
#1421665
#1421691
#1421700
0g
#1421714
1m
#1421725
1!
#1421726
0!
#1421731
#1421743
#1421761
#1421796
#1421813
0j
#1421827
1d
#1421861
0f
#1421876
1l
#1421886
0m
#1421901
1k
#1421912
#1421922
#1421932
#1421942
#1421969
#1421986
0d
#1422000
1h
#1422011
#1422022
#1422055
0l
#1422069
1i
#1422080
#1422091
#1422100
0k
#1422114
1e
#1422133
#1422159
0h
#1422173
1g
#1422184
#1422194
0i
#1422208
1j
#1422227
#1422237
#1422248
#1422274
#1422283
0e
#1422298
1f
#1422317
#1422342
0g
#1422356
1m
#1422368
#1422377
0j
#1422391
1d
#1422411
#1422421
#1422431
#1422457
#1422467
0f
#1422481
1l
#1422500
#1422525
0m
#1422540
1k
#1422551
#1422560
0d
#1422575
1h
#1422594
#1422604
#1422614
#1422640
#1422650
0l
#1422664
1i
#1422683
#1422709
0k
#1422723
1e
#1422734
#1422743
0h
#1422758
1g
#1422769
1!
#1422770
0!
#1422775
#1422787
#1422797
#1422807
#1422833
#1422843
0i
#1422857
1j
#1422876
#1422901
0e
#1422916
1f
#1422927
#1422936
0g
#1422951
1m
#1422970
#1422980
#1422991
#1423017
#1423026
0j
#1423040
1d
#1423059
#1423085
0f
#1423099
1l
#1423110
#1423120
0m
#1423134
1k
#1423153
#1423164
#1423174
#1423200
#1423209
0d
#1423224
1h
#1423243
#1423268
0l
#1423282
1i
#1423294
#1423303
0k
#1423317
1e
#1423337
#1423347
#1423357
#1423383
#1423393
0h
#1423407
1g
#1423426
#1423451
0i
#1423466
1j
#1423477
#1423486
0e
#1423501
1f
#1423520
#1423530
#1423540
#1423567
#1423576
0g
#1423590
1m
#1423609
#1423635
0j
#1423649
1d
#1423660
#1423670
0f
#1423684
1l
#1423703
#1423713
#1423724
#1423734
1!
#1423735
0!
#1423740
#1423752
#1423762
#1423803
0d
#1423817
1k
#1423828
0m
#1423842
1h
#1423852
0l
#1423867
1i
#1423878
#1423896
#1423906
#1423917
#1423943
#1423952
0h
#1423966
1e
#1423985
#1424011
0k
#1424025
1g
#1424036
#1424046
0i
#1424060
1j
#1424080
#1424090
#1424100
#1424126
#1424135
0e
#1424150
1f
#1424169
#1424194
0g
#1424208
1d
#1424220
#1424229
0j
#1424243
1m
#1424263
#1424273
#1424283
#1424309
#1424319
0f
#1424333
1l
#1424352
#1424377
0d
#1424392
1h
#1424403
#1424412
0m
#1424427
1k
#1424446
#1424456
#1424467
#1424493
#1424502
0l
#1424516
1i
#1424535
#1424561
0h
#1424575
1e
#1424586
#1424596
0k
#1424610
1g
#1424629
#1424640
#1424650
#1424676
#1424685
0i
#1424700
1j
#1424719
#1424744
0e
#1424758
1f
#1424770
#1424779
0g
#1424793
1d
#1424804
1!
#1424805
0!
#1424810
#1424822
#1424832
#1424843
#1424869
#1424878
0j
#1424893
1m
#1424912
#1424937
0f
#1424951
1l
#1424963
#1424972
0d
#1424986
1h
#1425006
#1425016
#1425026
#1425052
#1425062
0m
#1425076
1k
#1425095
#1425120
0l
#1425135
1i
#1425146
#1425155
0h
#1425170
1e
#1425189
#1425199
#1425209
#1425250
#1425286
0k
#1425299
1"
#1425314
0e
#1425329
1%
#1425339
0c
#1425354
1#
#1425364
0i
#1425380
1&
#1425390
0"
#1425403
1"
#1425422
#1425547
0"
#1425563
1g
#1425574
0#
#1425587
1j
#1425598
0%
#1425611
1f
#1425622
0&
#1425636
1d
#1425647
#1425658
#1425668
#1425678
#1425688
#1425712
1!
#1425713
0!
#1425718
#1425730
#1425776
0j
#1425789
1"
#1425799
0d
#1425813
1$
#1425825
#1425836
0g
#1425850
1#
#1425861
0f
#1425876
1%
#1425969
0"
#1425985
1m
#1425995
0$
#1426009
1l
#1426019
0#
#1426033
1h
#1426043
0%
#1426058
1k
#1426069
#1426079
#1426089
#1426100
#1426110
#1426135
#1426145
#1426181
0m
#1426194
1"
#1426209
0h
#1426223
1&
#1426234
0l
#1426249
1$
#1426259
0k
#1426274
1#
#1426285
0"
#1426298
1"
#1426313
#1426409
0"
#1426425
1e
#1426435
0$
#1426449
1c
#1426463
xe
#1426475
0&
#1426489
1i
#1426499
0e
#1426510
1j
#1426521
0#
#1426535
1d
#1426562
xd
#1426574
#1426583
0d
#1426595
1g
#1426605
0j
#1426620
1f
#1426646
#1426676
0i
#1426689
1"
#1426699
0g
#1426714
1%
#1426733
0"
#1426746
1"
#1426756
0f
#1426771
1$
#1426781
0c
#1426797
1&
#1426808
#1426820
1!
#1426821
0!
#1426826
#1426919
0"
#1426935
1m
#1426946
0$
#1426959
1h
#1426969
0%
#1426983
1l
#1426994
0&
#1427008
1k
#1427022
xh
#1427041
#1427057
#1427085
0l
#1427098
1"
#1427108
0h
#1427120
1#
#1427136
0"
#1427148
1"
#1427159
0m
#1427174
1$
#1427192
0k
#1427208
1%
#1427219
#1427358
0"
#1427374
1j
#1427384
0%
#1427398
1i
#1427411
#1427421
0$
#1427435
1g
#1427445
0#
#1427459
1f
#1427471
#1427484
xg
#1427511
#1427547
0g
#1427557
1"
#1427568
0j
#1427582
1&
#1427592
0f
#1427607
1%
#1427618
0i
#1427633
1$
#1427644
#1427736
1!
#1427737
0!
#1427742
#1427753
0"
#1427770
1c
#1427780
0%
#1427793
1l
#1427804
0&
#1427818
1m
#1427828
0$
#1427842
1k
#1427860
#1427873
xk
#1427907
#1427935
0k
#1427945
1"
#1427961
#1427972
0m
#1427987
1#
#1428002
0l
#1428017
1%
#1428034
0c
#1428050
1&
#1428167
0"
#1428184
1j
#1428194
0%
#1428208
1f
#1428218
0&
#1428232
1i
#1428250
#1428282
0#
#1428295
1"
#1428306
0j
#1428320
1$
#1428331
#1428347
0i
#1428362
1%
#1428373
0f
#1428388
1&
#1428480
0"
#1428497
1m
#1428507
0&
#1428520
1l
#1428531
0$
#1428545
1c
#1428555
0%
#1428569
1j
#1428584
xm
#1428600
xj
#1428611
#1428640
0m
#1428650
1"
#1428661
0c
#1428675
1#
#1428686
#1428697
0l
#1428712
1&
#1428739
0j
#1428752
1$
#1428763
1!
#1428764
0!
#1428769
#1428881
0"
#1428897
1i
#1428908
0&
#1428921
1f
#1428934
xi
#1428946
#1428970
0$
#1428983
1"
#1428994
0#
#1429008
1%
#1429018
0i
#1429030
1&
#1429041
0f
#1429056
1$
#1429068
#1429164
0"
#1429180
1c
#1429190
0$
#1429204
1l
#1429214
0&
#1429228
1f
#1429238
0%
#1429253
1#
#1429268
xf
#1429284
xl
#1429313
0f
#1429325
1$
#1429343
0l
#1429356
1&
#1429622
#1429653
0c
#1429666
1"
#1429694
#1429705
1!
#1429706
0!
#1429711
#1429738
#1429773
#1429831
#1429890
0"
#1429903
1"
#1429929
0"
#1429942
1"
#1429959
0"
#1429972
1"
#1429988
0"
#1430001
1"
#1430121
#1430230
0y
#1430322
0z
#1430414
0{
#1430505
0|
#1430597
0}
#1430689
0~
#1430702
1!
#1430703
0!
#1430708
#1430794
0!!
#1430886
0"!
#1430978
0#!
#1431069
0$!
#1431124
0"
#1431140
1c
#1431151
0&
#1431164
1y
#1431174
0$
#1431188
1z
#1431199
0#
#1431213
1{
#1431227
xc
#1431240
#1431250
0c
#1431261
1|
#1431272
#1431283
#1431293
#1431302
0|
#1431316
1}
#1431327
0z
#1431341
1~
#1431352
0y
#1431366
1!!
#1431377
#1431386
0{
#1431401
1"!
#1431411
0~
#1431425
1#!
#1431437
#1431447
#1431456
0}
#1431471
1$!
#1431482
#1431492
#1431501
0!!
#1431516
1|
#1431527
#1431537
#1431546
0#!
#1431561
1z
#1431571
0"!
#1431585
1y
#1431596
#1431607
#1431616
0$!
#1431630
1{
#1431641
0|
#1431655
1~
#1431666
#1431676
#1431687
#1431697
#1431707
#1431717
0y
#1431731
1}
#1431741
0z
#1431756
1!!
#1431767
#1431777
#1431787
1!
#1431788
0!
#1431793
#1431805
#1431815
#1431824
0{
#1431839
1#!
#1431850
#1431859
0~
#1431874
1"!
#1431885
#1431895
#1431905
#1431915
0}
#1431929
1$!
#1431939
0!!
#1431954
1|
#1431965
#1431975
#1431985
#1431995
0#!
#1432009
1y
#1432019
0$!
#1432034
1z
#1432045
#1432055
#1432065
#1432075
#1432086
#1432096
#1432105
0|
#1432120
1{
#1432131
#1432141
#1432150
0"!
#1432165
1~
#1432175
0y
#1432189
1}
#1432200
#1432211
#1432220
0z
#1432234
1!!
#1432245
0{
#1432259
1#!
#1432270
#1432280
#1432291
#1432301
#1432311
#1432321
#1432331
0}
#1432345
1$!
#1432356
#1432366
#1432376
0~
#1432390
1|
#1432400
0#!
#1432415
1"!
#1432425
0!!
#1432440
1y
#1432451
#1432461
#1432471
#1432481
#1432492
#1432502
#1432512
#1432521
0$!
#1432536
1z
#1432546
0|
#1432560
1{
#1432571
0"!
#1432585
1}
#1432595
0y
#1432610
1~
#1432621
#1432631
#1432641
#1432652
#1432662
#1432672
#1432682
#1432693
#1432702
0z
#1432716
1#!
#1432727
1!
#1432728
0!
#1432733
#1432745
#1432755
0~
#1432769
1!!
#1432779
0}
#1432794
1$!
#1432805
#1432815
#1432824
0{
#1432839
1|
#1432849
0#!
#1432863
1"!
#1432874
#1432885
#1432895
#1432905
#1432915
#1432926
#1432935
0$!
#1432949
1y
#1432960
0!!
#1432974
1z
#1432985
#1432995
#1433005
0"!
#1433019
1~
#1433029
0|
#1433044
1}
#1433055
#1433065
#1433075
#1433086
#1433096
#1433106
#1433115
0z
#1433130
1{
#1433140
0y
#1433154
1#!
#1433166
#1433176
#1433185
0}
#1433200
1$!
#1433210
0~
#1433224
1!!
#1433235
#1433246
#1433256
#1433266
#1433276
#1433286
#1433296
0#!
#1433310
1"!
#1433320
0{
#1433335
1|
#1433346
#1433356
#1433366
0!!
#1433380
1z
#1433390
0$!
#1433405
1y
#1433416
#1433426
#1433436
#1433446
#1433457
#1433467
#1433476
0|
#1433491
1}
#1433501
0"!
#1433515
1~
#1433526
#1433537
#1433546
0y
#1433560
1#!
#1433571
0z
#1433585
1{
#1433596
#1433606
#1433617
#1433627
#1433637
#1433647
#1433657
0~
#1433671
1!!
#1433681
0}
#1433696
1$!
#1433707
#1433717
#1433726
0{
#1433741
1|
#1433752
1!
#1433753
0!
#1433758
#1433770
#1433779
0#!
#1433793
1"!
#1433805
#1433815
#1433825
#1433835
#1433845
0|
#1433859
1y
#1433870
#1433880
#1433890
0$!
#1433904
1z
#1433915
0!!
#1433929
1~
#1433940
#1433950
#1433960
#1433970
0"!
#1433984
1}
#1433995
0y
#1434009
1{
#1434020
#1434030
#1434041
#1434051
#1434061
#1434071
#1434081
0z
#1434095
1#!
#1434106
#1434116
#1434126
0~
#1434140
1|
#1434150
0{
#1434165
1$!
#1434175
0}
#1434189
1!!
#1434201
#1434211
#1434221
#1434231
#1434241
#1434252
#1434262
#1434271
0#!
#1434286
1"!
#1434296
0|
#1434310
1y
#1434321
0$!
#1434335
1z
#1434345
0!!
#1434360
1~
#1434371
#1434381
#1434391
#1434401
#1434412
#1434422
#1434432
#1434442
#1434452
0"!
#1434466
1{
#1434476
0y
#1434491
1}
#1434501
0z
#1434515
1#!
#1434526
0~
#1434540
1|
#1434551
#1434562
#1434572
#1434582
#1434592
#1434602
#1434613
#1434623
#1434632
0{
#1434647
1$!
#1434657
0}
#1434671
1!!
#1434682
0#!
#1434696
1"!
#1434706
0|
#1434721
1y
#1434732
#1434742
#1434752
1!
#1434753
0!
#1434758
#1434770
#1434780
#1434790
#1434801
#1434810
0$!
#1434824
1z
#1434836
#1434845
0"!
#1434859
1~
#1434870
0!!
#1434884
1{
#1434895
#1434905
#1434916
#1434926
#1434936
#1434946
#1434956
0y
#1434970
1}
#1434980
0z
#1434995
1#!
#1435006
#1435016
#1435026
0~
#1435040
1|
#1435050
0{
#1435065
1$!
#1435076
#1435086
#1435096
#1435106
#1435117
#1435127
#1435136
0}
#1435151
1"!
#1435161
0#!
#1435175
1!!
#1435186
#1435197
#1435206
0|
#1435220
1y
#1435231
0$!
#1435245
1z
#1435256
#1435266
#1435277
#1435287
#1435297
#1435307
#1435317
0"!
#1435331
1~
#1435341
0!!
#1435356
1{
#1435367
#1435377
#1435387
0y
#1435401
1}
#1435411
0z
#1435426
1#!
#1435437
#1435447
#1435457
#1435467
#1435478
#1435488
#1435497
0~
#1435512
1|
#1435522
0{
#1435536
1$!
#1435547
#1435558
#1435567
0}
#1435581
1"!
#1435592
0#!
#1435606
1!!
#1435617
#1435627
#1435638
#1435648
#1435658
#1435668
#1435678
0|
#1435692
1y
#1435702
0$!
#1435717
1z
#1435728
1!
#1435729
0!
#1435733
#1435746
#1435756
#1435766
#1435775
0!!
#1435790
1~
#1435800
0"!
#1435814
1{
#1435826
#1435836
#1435845
0z
#1435860
1}
#1435871
#1435881
#1435891
#1435901
#1435912
#1435921
0~
#1435935
1#!
#1435946
0y
#1435960
1|
#1435971
#1435981
#1435991
0{
#1436005
1$!
#1436016
#1436027
#1436036
0}
#1436050
1!!
#1436061
0#!
#1436075
1"!
#1436086
#1436096
#1436107
#1436117
#1436127
#1436137
#1436147
0|
#1436161
1z
#1436171
0!!
#1436186
1~
#1436196
0$!
#1436210
1y
#1436222
#1436232
#1436242
#1436251
0"!
#1436266
1{
#1436277
#1436287
#1436297
#1436307
0~
#1436321
1}
#1436332
#1436342
0z
#1436356
1#!
#1436367
#1436377
#1436387
0y
#1436401
1|
#1436412
#1436422
0{
#1436436
1!!
#1436447
#1436457
#1436468
#1436478
#1436488
#1436498
#1436508
0#!
#1436522
1$!
#1436532
0}
#1436547
1"!
#1436557
0|
#1436571
1~
#1436583
#1436593
#1436603
#1436612
0!!
#1436627
1z
#1436638
#1436648
#1436658
#1436668
0"!
#1436682
1y
#1436693
#1436703
0$!
#1436717
1{
#1436728
#1436738
#1436748
1!
#1436749
0!
#1436754
#1436766
#1436775
0z
#1436790
1#!
#1436801
#1436811
#1436821
#1436831
0y
#1436845
1}
#1436855
0~
#1436870
1|
#1436880
0{
#1436894
1!!
#1436906
#1436916
#1436926
#1436936
#1436946
#1436957
#1436967
#1436976
0}
#1436991
1"!
#1437001
0|
#1437015
1$!
#1437026
0#!
#1437040
1z
#1437051
#1437061
#1437072
#1437081
0!!
#1437095
1y
#1437106
#1437117
#1437127
#1437136
0$!
#1437151
1~
#1437162
#1437171
0"!
#1437186
1{
#1437197
#1437207
#1437216
0z
#1437231
1}
#1437242
#1437251
0y
#1437265
1|
#1437277
#1437287
#1437297
#1437307
#1437317
#1437328
#1437337
0{
#1437351
1#!
#1437362
0~
#1437376
1!!
#1437386
0}
#1437401
1$!
#1437412
#1437422
#1437432
#1437442
0|
#1437456
1"!
#1437467
#1437478
#1437488
#1437497
0!!
#1437511
1z
#1437523
#1437532
0#!
#1437546
1y
#1437557
#1437568
#1437577
0$!
#1437591
1{
#1437603
#1437612
0"!
#1437626
1~
#1437637
#1437648
#1437658
#1437668
#1437678
#1437689
#1437698
0y
#1437712
1}
#1437723
0z
#1437737
1|
#1437748
1!
#1437749
0!
#1437754
#1437766
#1437775
0{
#1437790
1!!
#1437801
#1437811
#1437821
#1437831
#1437842
#1437852
#1437861
0~
#1437876
1#!
#1437886
0|
#1437900
1$!
#1437911
0}
#1437925
1"!
#1437936
#1437946
0!!
#1437960
1y
#1437971
#1437981
#1437992
#1438002
#1438012
#1438022
#1438032
0$!
#1438046
1z
#1438056
0#!
#1438071
1{
#1438082
#1438092
#1438102
#1438112
0"!
#1438126
1~
#1438137
#1438147
#1438158
#1438167
0y
#1438181
1|
#1438192
#1438203
#1438212
0z
#1438226
1}
#1438237
0{
#1438251
1!!
#1438262
#1438272
#1438283
#1438292
0~
#1438306
1$!
#1438318
#1438328
#1438338
#1438347
0|
#1438362
1#!
#1438373
#1438383
#1438393
0}
#1438407
1"!
#1438417
0!!
#1438432
1y
#1438443
#1438453
#1438463
#1438473
0$!
#1438487
1z
#1438498
#1438508
#1438519
#1438528
0#!
#1438542
1{
#1438553
#1438564
#1438573
0"!
#1438587
1~
#1438598
0y
#1438612
1|
#1438623
#1438633
#1438644
#1438653
0z
#1438667
1}
#1438679
#1438689
#1438699
#1438708
0{
#1438723
1!!
#1438734
#1438744
#1438754
0~
#1438768
1$!
#1438779
1!
#1438780
0!
#1438785
#1438797
#1438806
0}
#1438821
1#!
#1438832
#1438841
0|
#1438855
1"!
#1438867
#1438876
0!!
#1438890
1y
#1438901
#1438911
0$!
#1438925
1z
#1438936
#1438947
#1438957
#1438967
#1438977
#1438987
#1438997
0#!
#1439011
1{
#1439022
#1439032
0y
#1439046
1~
#1439057
0z
#1439071
1}
#1439081
0"!
#1439096
1|
#1439107
#1439117
#1439127
#1439137
#1439148
#1439158
#1439168
#1439178
#1439188
0}
#1439202
1!!
#1439212
0~
#1439227
1$!
#1439237
0{
#1439251
1#!
#1439263
#1439273
#1439282
0|
#1439297
1y
#1439308
#1439318
#1439328
#1439338
#1439348
0$!
#1439362
1z
#1439373
#1439383
#1439393
0y
#1439407
1"!
#1439418
0!!
#1439432
1}
#1439443
#1439453
#1439463
#1439474
#1439483
0#!
#1439497
1~
#1439508
0z
#1439522
1{
#1439533
#1439544
#1439554
#1439563
0"!
#1439578
1|
#1439588
0}
#1439602
1$!
#1439613
#1439624
#1439634
#1439644
#1439654
#1439664
#1439674
0~
#1439688
1y
#1439699
#1439710
#1439719
0{
#1439733
1!!
#1439744
0$!
#1439758
1#!
#1439768
0|
#1439783
1z
#1439794
#1439804
1!
#1439805
0!
#1439810
#1439822
#1439832
#1439842
#1439852
#1439862
0y
#1439876
1"!
#1439887
#1439897
0#!
#1439911
1}
#1439921
0!!
#1439936
1~
#1439947
#1439957
#1439967
#1439978
#1439988
#1439998
#1440007
0z
#1440022
1{
#1440032
0"!
#1440046
1$!
#1440058
#1440068
#1440077
0}
#1440092
1|
#1440102
0~
#1440116
1y
#1440127
#1440138
#1440148
#1440158
#1440168
#1440179
#1440188
0{
#1440202
1#!
#1440213
0$!
#1440227
1!!
#1440238
#1440248
#1440258
0|
#1440272
1z
#1440282
0y
#1440297
1"!
#1440308
#1440318
#1440328
#1440339
#1440349
#1440359
#1440368
0#!
#1440383
1}
#1440393
0!!
#1440407
1~
#1440419
#1440429
#1440438
0z
#1440453
1{
#1440463
0"!
#1440477
1$!
#1440488
#1440499
#1440509
#1440519
#1440529
#1440540
#1440549
0}
#1440563
1|
#1440574
0~
#1440588
1y
#1440599
#1440609
#1440619
0{
#1440633
1#!
#1440643
0$!
#1440658
1!!
#1440669
#1440679
#1440689
#1440700
#1440710
#1440720
#1440729
0|
#1440744
1z
#1440754
0y
#1440768
1"!
#1440779
1!
#1440780
0!
#1440785
#1440797
#1440808
#1440818
#1440827
0!!
#1440841
1}
#1440852
0#!
#1440866
1~
#1440877
#1440888
#1440897
0"!
#1440911
1{
#1440922
#1440933
#1440943
#1440953
#1440963
#1440973
0}
#1440987
1$!
#1440997
0z
#1441012
1|
#1441023
#1441033
#1441043
0~
#1441057
1y
#1441068
#1441078
#1441088
0{
#1441102
1!!
#1441112
0$!
#1441127
1#!
#1441138
#1441148
#1441158
#1441169
#1441179
#1441189
#1441199
0|
#1441213
1"!
#1441223
0!!
#1441238
1}
#1441248
0y
#1441262
1z
#1441273
#1441284
#1441294
#1441303
0#!
#1441318
1~
#1441329
#1441339
#1441349
#1441359
0}
#1441373
1{
#1441384
#1441393
0"!
#1441408
1$!
#1441419
#1441429
#1441438
0z
#1441453
1|
#1441464
#1441473
0~
#1441488
1!!
#1441499
#1441509
#1441519
#1441529
#1441540
#1441550
#1441559
0$!
#1441574
1y
#1441584
0{
#1441598
1#!
#1441609
0|
#1441623
1}
#1441634
#1441644
#1441655
#1441664
0!!
#1441678
1"!
#1441690
#1441700
#1441709
0#!
#1441724
1z
#1441735
#1441745
1!
#1441746
0!
#1441750
#1441763
#1441773
#1441783
#1441792
0"!
#1441807
1~
#1441818
#1441828
#1441838
#1441848
#1441858
0y
#1441872
1$!
#1441882
0z
#1441897
1{
#1441907
0}
#1441921
1|
#1441933
#1441943
#1441952
0~
#1441967
1!!
#1441978
#1441988
#1441998
#1442009
#1442018
0$!
#1442032
1#!
#1442043
0{
#1442057
1"!
#1442068
#1442078
#1442089
#1442099
#1442108
0|
#1442123
1y
#1442134
#1442143
0!!
#1442157
1z
#1442168
0#!
#1442182
1}
#1442193
#1442204
#1442214
#1442224
#1442234
#1442244
#1442254
0"!
#1442268
1~
#1442278
0y
#1442293
1$!
#1442304
#1442314
#1442324
0z
#1442338
1{
#1442348
0}
#1442363
1|
#1442374
#1442384
#1442394
#1442404
#1442415
#1442425
#1442434
0~
#1442449
1!!
#1442459
0$!
#1442473
1#!
#1442485
#1442495
#1442504
0{
#1442518
1"!
#1442529
0|
#1442543
1y
#1442554
#1442565
#1442575
#1442585
#1442595
#1442605
#1442615
0!!
#1442629
1z
#1442639
0#!
#1442654
1}
#1442665
#1442675
#1442685
0"!
#1442699
1~
#1442709
0y
#1442724
1$!
#1442735
#1442745
#1442755
#1442765
1!
#1442766
0!
#1442771
#1442783
#1442793
#1442803
0z
#1442817
1{
#1442827
0}
#1442842
1|
#1442853
#1442863
#1442873
0~
#1442887
1!!
#1442898
#1442908
#1442919
#1442929
#1442939
#1442949
#1442959
0$!
#1442973
1#!
#1442983
0|
#1442998
1"!
#1443008
0{
#1443022
1y
#1443033
0!!
#1443047
1z
#1443058
#1443069
#1443079
#1443089
#1443099
#1443109
#1443120
#1443130
#1443139
0#!
#1443154
1}
#1443164
0"!
#1443178
1~
#1443189
0y
#1443203
1$!
#1443213
0z
#1443228
1|
#1443239
#1443249
#1443259
#1443269
#1443280
#1443290
#1443300
#1443310
#1443320
0}
#1443334
1{
#1443344
0~
#1443359
1!!
#1443369
0$!
#1443383
1#!
#1443394
0|
#1443408
1"!
#1443419
#1443430
#1443440
#1443450
#1443460
#1443470
#1443481
#1443491
#1443500
0{
#1443515
1y
#1443525
0!!
#1443539
1z
#1443550
0#!
#1443564
1}
#1443574
0"!
#1443589
1~
#1443600
#1443610
#1443620
#1443630
#1443641
#1443651
#1443661
#1443671
#1443681
0y
#1443695
1$!
#1443705
0z
#1443720
1|
#1443731
1!
#1443732
0!
#1443736
#1443749
#1443758
0}
#1443772
1{
#1443783
0~
#1443797
1!!
#1443808
#1443818
#1443829
#1443839
#1443849
#1443858
0|
#1443873
1#!
#1443884
#1443894
#1443903
0!!
#1443918
1"!
#1443928
0{
#1443942
1y
#1443954
#1443964
#1443974
#1443984
#1443994
0$!
#1444008
1z
#1444018
0#!
#1444033
1}
#1444044
#1444054
#1444064
#1444074
0"!
#1444088
1~
#1444098
0y
#1444113
1|
#1444124
#1444134
#1444144
#1444155
#1444165
#1444175
#1444184
0z
#1444199
1!!
#1444210
#1444220
#1444229
0}
#1444244
1{
#1444254
0|
#1444269
1$!
#1444279
0~
#1444293
1#!
#1444304
#1444315
#1444325
#1444335
#1444345
#1444355
#1444366
#1444375
0!!
#1444389
1"!
#1444400
0{
#1444414
1y
#1444424
0$!
#1444439
1z
#1444449
0#!
#1444463
1}
#1444475
#1444485
#1444495
#1444505
#1444516
#1444526
#1444536
#1444546
#1444556
0"!
#1444570
1|
#1444580
0y
#1444595
1~
#1444605
0z
#1444619
1!!
#1444630
0}
#1444644
1{
#1444655
#1444665
#1444676
#1444686
#1444696
#1444706
#1444716
#1444727
#1444737
1!
#1444738
0!
#1444743
#1444754
0!!
#1444768
1$!
#1444778
0~
#1444793
1#!
#1444803
0|
#1444818
1"!
#1444829
#1444839
#1444848
0{
#1444863
1y
#1444874
#1444884
#1444894
#1444905
#1444914
0#!
#1444928
1z
#1444939
#1444950
#1444959
0y
#1444973
1}
#1444984
0$!
#1444998
1!!
#1445009
#1445019
#1445030
#1445040
#1445049
0"!
#1445064
1~
#1445074
0z
#1445088
1|
#1445099
#1445110
#1445120
#1445129
0}
#1445144
1{
#1445154
0!!
#1445168
1#!
#1445179
#1445190
#1445200
#1445210
#1445220
#1445231
#1445240
0~
#1445254
1y
#1445265
#1445276
#1445285
0|
#1445299
1$!
#1445310
0#!
#1445324
1"!
#1445334
0{
#1445349
1z
#1445360
#1445370
#1445380
#1445391
#1445401
#1445411
#1445421
#1445431
0y
#1445445
1}
#1445455
0$!
#1445470
1!!
#1445480
0"!
#1445494
1~
#1445505
0z
#1445519
1|
#1445530
#1445540
#1445551
#1445561
#1445571
#1445581
#1445592
#1445602
#1445611
0}
#1445626
1#!
#1445636
0!!
#1445650
1{
#1445661
0~
#1445675
1y
#1445685
0|
#1445700
1$!
#1445711
#1445721
#1445731
#1445741
#1445752
#1445762
#1445772
1!
#1445773
0!
#1445778
#1445790
#1445799
0{
#1445814
1"!
#1445824
0y
#1445838
1z
#1445849
0$!
#1445863
1}
#1445874
#1445884
#1445895
#1445905
#1445915
#1445925
#1445935
#1445945
0#!
#1445959
1!!
#1445970
0"!
#1445984
1~
#1445994
0z
#1446009
1|
#1446019
0}
#1446033
1{
#1446044
#1446055
#1446065
#1446075
#1446085
#1446096
#1446106
#1446116
#1446125
0!!
#1446140
1y
#1446150
0~
#1446164
1$!
#1446175
0|
#1446189
1#!
#1446199
0{
#1446214
1"!
#1446225
#1446235
#1446245
#1446256
#1446266
#1446276
#1446286
#1446296
#1446306
0y
#1446320
1z
#1446331
0$!
#1446345
1}
#1446355
0#!
#1446370
1!!
#1446380
0"!
#1446394
1~
#1446405
#1446416
#1446426
#1446436
#1446446
#1446457
#1446467
#1446477
#1446486
0z
#1446501
1|
#1446511
0}
#1446525
1{
#1446536
0!!
#1446550
1y
#1446560
0~
#1446575
1$!
#1446586
#1446596
#1446606
#1446617
#1446627
#1446637
#1446647
#1446657
#1446667
0|
#1446681
1#!
#1446692
0{
#1446706
1"!
#1446717
1!
#1446718
0!
#1446723
#1446735
#1446744
0y
#1446758
1z
#1446769
0$!
#1446783
1}
#1446794
#1446804
#1446815
#1446825
#1446835
#1446845
0"!
#1446859
1!!
#1446870
#1446880
#1446890
0}
#1446904
1~
#1446914
0z
#1446929
1|
#1446940
#1446950
#1446960
#1446970
#1446980
0#!
#1446994
1{
#1447005
0!!
#1447019
1y
#1447030
#1447040
#1447050
#1447060
0~
#1447074
1$!
#1447085
0|
#1447099
1"!
#1447110
#1447120
#1447131
#1447141
#1447151
#1447161
#1447171
0{
#1447185
1}
#1447196
#1447206
#1447216
0y
#1447230
1z
#1447240
0"!
#1447255
1#!
#1447265
0$!
#1447279
1!!
#1447291
#1447301
#1447311
#1447321
#1447331
#1447342
#1447352
#1447361
0}
#1447376
1~
#1447386
0z
#1447400
1|
#1447411
0#!
#1447425
1{
#1447435
0!!
#1447450
1y
#1447461
#1447471
#1447481
#1447491
#1447502
#1447512
#1447522
#1447532
#1447542
0~
#1447556
1"!
#1447566
0|
#1447581
1$!
#1447591
0{
#1447605
1}
#1447616
0y
#1447630
1z
#1447641
#1447652
#1447662
#1447672
#1447682
#1447692
#1447703
#1447713
#1447722
0"!
#1447737
1#!
#1447747
0$!
#1447761
1!!
#1447772
1!
#1447773
0!
#1447778
#1447790
#1447800
0}
#1447814
1~
#1447824
0z
#1447839
1|
#1447850
#1447860
#1447870
#1447880
#1447891
#1447900
0!!
#1447914
1{
#1447925
#1447936
#1447945
0|
#1447959
1y
#1447970
0~
#1447984
1"!
#1447995
#1448005
#1448016
#1448026
#1448035
0#!
#1448050
1$!
#1448060
0{
#1448074
1}
#1448085
#1448096
#1448106
#1448115
0y
#1448130
1z
#1448140
0"!
#1448154
1!!
#1448165
#1448176
#1448186
#1448196
#1448206
#1448217
#1448226
0$!
#1448240
1|
#1448251
#1448262
#1448271
0}
#1448285
1~
#1448296
0!!
#1448310
1#!
#1448320
0z
#1448335
1{
#1448346
#1448356
#1448366
#1448377
#1448387
#1448397
#1448407
#1448417
0|
#1448431
1y
#1448441
0~
#1448456
1"!
#1448466
0#!
#1448480
1$!
#1448491
0{
#1448505
1}
#1448516
#1448526
#1448537
#1448547
#1448557
#1448567
#1448578
#1448588
#1448597
0y
#1448612
1!!
#1448622
0"!
#1448636
1z
#1448647
0$!
#1448661
1|
#1448671
0}
#1448686
1~
#1448697
#1448707
#1448717
#1448727
#1448738
#1448748
#1448758
1!
#1448759
0!
#1448764
#1448776
#1448785
0z
#1448800
1#!
#1448810
0|
#1448824
1{
#1448835
0~
#1448849
1y
#1448860
#1448870
#1448881
#1448891
#1448901
#1448911
#1448921
#1448931
0!!
#1448945
1"!
#1448956
0#!
#1448970
1$!
#1448980
0{
#1448995
1}
#1449005
0y
#1449019
1z
#1449030
#1449041
#1449051
#1449061
#1449071
#1449082
#1449092
#1449102
#1449111
0"!
#1449126
1|
#1449136
0$!
#1449150
1~
#1449161
0}
#1449175
1!!
#1449185
0z
#1449200
1#!
#1449211
#1449221
#1449231
#1449242
#1449252
#1449262
#1449272
#1449282
#1449292
0|
#1449306
1{
#1449317
0~
#1449331
1y
#1449341
0!!
#1449356
1"!
#1449366
0#!
#1449380
1$!
#1449391
#1449402
#1449412
#1449422
#1449432
#1449443
#1449453
#1449463
#1449472
0{
#1449487
1}
#1449497
0y
#1449511
1z
#1449522
0"!
#1449536
1|
#1449546
0$!
#1449561
1~
#1449572
#1449582
#1449592
#1449603
#1449613
#1449623
#1449633
#1449643
#1449653
0}
#1449667
1!!
#1449678
0z
#1449692
1#!
#1449702
0|
#1449717
1{
#1449727
0~
#1449741
1y
#1449752
#1449763
#1449773
#1449783
#1449793
#1449804
#1449814
1!
#1449815
0!
#1449819
#1449832
#1449841
0#!
#1449855
1"!
#1449866
0{
#1449880
1$!
#1449890
0y
#1449905
1}
#1449916
#1449926
#1449936
#1449947
#1449957
#1449967
#1449977
#1449987
0!!
#1450001
1z
#1450011
0"!
#1450026
1|
#1450036
0$!
#1450050
1~
#1450061
0}
#1450075
1#!
#1450086
#1450096
#1450107
#1450117
#1450127
#1450137
#1450147
#1450158
#1450167
0z
#1450181
1{
#1450192
0|
#1450206
1y
#1450216
0~
#1450231
1!!
#1450241
0#!
#1450255
1"!
#1450267
#1450277
#1450287
#1450297
#1450308
#1450318
#1450328
#1450338
#1450348
0{
#1450362
1$!
#1450372
0y
#1450387
1}
#1450397
0!!
#1450411
1z
#1450422
0"!
#1450436
1|
#1450447
#1450457
#1450468
#1450478
#1450488
#1450498
#1450508
#1450519
#1450528
0$!
#1450542
1~
#1450553
0}
#1450567
1#!
#1450577
0z
#1450592
1{
#1450602
0|
#1450616
1y
#1450628
#1450638
#1450648
#1450658
#1450669
#1450679
#1450689
#1450699
#1450709
0~
#1450723
1!!
#1450733
0#!
#1450748
1"!
#1450759
1!
#1450760
0!
#1450764
#1450776
#1450786
0{
#1450800
1$!
#1450810
0y
#1450825
1}
#1450836
#1450846
#1450856
#1450867
#1450877
#1450886
0"!
#1450901
1z
#1450912
#1450922
#1450931
0}
#1450946
1|
#1450956
0$!
#1450970
1~
#1450982
#1450992
#1451002
#1451012
#1451022
0!!
#1451036
1#!
#1451046
0z
#1451061
1{
#1451072
#1451082
#1451092
#1451102
0|
#1451116
1y
#1451126
0~
#1451141
1"!
#1451152
#1451162
#1451172
#1451182
#1451193
#1451203
#1451212
0#!
#1451227
1}
#1451238
#1451248
#1451257
0{
#1451272
1$!
#1451282
0"!
#1451296
1!!
#1451307
0y
#1451321
1z
#1451332
#1451342
#1451353
#1451363
#1451373
#1451383
#1451394
#1451403
0}
#1451417
1|
#1451428
0$!
#1451442
1~
#1451452
0!!
#1451467
1#!
#1451477
0z
#1451491
1{
#1451503
#1451513
#1451523
#1451533
#1451543
#1451554
#1451564
#1451574
#1451583
0|
#1451598
1"!
#1451608
0~
#1451622
1y
#1451633
0#!
#1451647
1}
#1451657
0{
#1451672
1$!
#1451683
#1451693
#1451704
#1451714
#1451724
#1451734
#1451744
1!
#1451745
0!
#1451750
#1451762
#1451772
0y
#1451786
1!!
#1451796
0}
#1451811
1z
#1451821
0$!
#1451835
1|
#1451846
#1451857
#1451867
#1451877
#1451887
#1451898
#1451908
#1451917
0"!
#1451932
1~
#1451942
0!!
#1451956
1#!
#1451967
0z
#1451981
1{
#1451991
0|
#1452006
1y
#1452017
#1452027
#1452037
#1452047
#1452058
#1452068
#1452078
#1452088
#1452098
0~
#1452112
1}
#1452122
0#!
#1452137
1$!
#1452147
0{
#1452161
1"!
#1452172
0y
#1452186
1!!
#1452197
#1452207
#1452218
#1452228
#1452238
#1452248
#1452259
#1452269
#1452278
0}
#1452293
1z
#1452303
0$!
#1452317
1|
#1452328
0"!
#1452342
1~
#1452352
0!!
#1452367
1#!
#1452378
#1452388
#1452398
#1452408
#1452419
#1452429
#1452439
#1452449
#1452459
0z
#1452473
1{
#1452483
0|
#1452498
1y
#1452508
0~
#1452522
1}
#1452533
0#!
#1452547
1$!
#1452558
#1452568
#1452579
#1452589
#1452599
#1452609
#1452620
#1452630
#1452639
0{
#1452654
1"!
#1452664
0y
#1452678
1!!
#1452689
0}
#1452703
1z
#1452713
0$!
#1452728
1|
#1452739
#1452749
#1452759
#1452769
#1452780
#1452789
0|
#1452803
1~
#1452815
#1452825
#1452834
0!!
#1452848
1#!
#1452859
1!
#1452860
0!
#1452865
#1452877
#1452887
0z
#1452901
1{
#1452912
#1452922
#1452933
#1452943
#1452953
#1452962
0~
#1452977
1y
#1452987
0#!
#1453002
1}
#1453012
0"!
#1453026
1$!
#1453037
#1453047
0{
#1453061
1|
#1453072
0}
#1453086
1!!
#1453097
#1453107
#1453133
#1453142
0y
#1453157
1z
#1453168
#1453181
x|
#1453193
0$!
#1453207
1~
#1453218
#1453229
#1453239
#1453248
0~
#1453262
1#!
#1453272
0!!
#1453286
1"!
#1453297
0|
#1453308
1{
#1453319
0z
#1453333
1}
#1453344
#1453354
#1453365
#1453375
#1453384
0{
#1453399
1y
#1453409
0"!
#1453423
1$!
#1453450
#1453478
x}
#1453490
0#!
#1453504
1~
#1453518
xy
#1453546
0y
#1453557
1!!
#1453571
x~
#1453584
#1453595
#1453604
0}
#1453615
1z
#1453626
0~
#1453637
1{
#1453648
0$!
#1453662
1"!
#1453697
1!
#1453698
0!
#1453702
#1453719
1!
#1453720
0!
#1453737
xz
#1453753
x{
#1453765
0!!
#1453779
1#!
#1453789
0{
#1453801
1$!
#1453812
#1453821
0z
#1453833
1!!
#1453844
#1453853
0"!
#1453868
1"!
#1453928
x$!
#1453944
x!!
#1453956
0$!
#1453968
1%
#1453978
0#!
#1453992
1#!
#1454006
x"!
#1454059
0!!
#1454070
1"
#1454080
0"!
#1454092
1&
#1454117
0#!
#1454132
1$
#1454161
#1454221
0"
#1454233
1"
#1454250
0"
#1454263
1"
#1454279
0"
#1454292
1"
#1454308
0"
#1454321
1"
#1454442
#1454487
#1454531
#1454621
0/!
#1454689
1!
#1454690
0!
#1454695
#1454714
00!
#1454807
01!
#1454899
02!
#1454992
03!
#1455085
04!
#1455178
05!
#1455271
06!
#1455364
07!
#1455457
08!
#1455555
0"
#1455571
1#!
#1455582
0%
#1455595
1/!
#1455609
x#!
#1455622
0$
#1455635
10!
#1455645
0#!
#1455657
11!
#1455667
0&
#1455681
12!
#1455692
#1455703
#1455713
#1455723
#1455740
1!
#1455741
0!
#1455746
#1455765
#1455779
#1455794
#1455804
#1455821
#1455832
#1455860
#1455875
#1455885
#1455895
#1455905
#1455915
#1455926
#1455962
#1456111
#1456120
02!
#1456132
13!
#1456142
00!
#1456154
14!
#1456237
0/!
#1456249
15!
#1456336
#1456360
#1456382
#1456398
01!
#1456410
16!
#1456435
#1456451
#1456480
#1456492
#1456523
#1456549
#1456561
#1456725
04!
#1456736
17!
#1456747
06!
#1456758
18!
#1456770
#1456803
1!
#1456804
0!
#1456808
#1456860
1!
#1456861
0!
#1456885
#1456904
#1456994
#1457070
07!
#1457081
10!
#1457098
08!
#1457110
12!
#1457180
#1457205
#1457230
#1457241
#1457251
#1457261
#1457292
05!
#1457304
1/!
#1457315
#1457325
#1457350
#1457361
#1457382
#1457392
#1457410
#1457486
#1457496
#1457513
00!
#1457525
11!
#1457688
01!
#1457700
14!
#1457772
#1457793
03!
#1457805
16!
#1457815
02!
#1457827
17!
#1457840
#1457864
#1457886
1!
#1457887
0!
#1457892
#1457920
#1457951
#1458020
#1458037
#1458063
#1458153
#1458221
06!
#1458232
18!
#1458250
04!
#1458261
15!
#1458344
07!
#1458356
10!
#1458367
#1458443
#1458468
#1458529
#1458542
#1458553
#1458570
#1458590
#1458601
#1458635
#1458647
#1458662
#1458679
#1458691
#1458724
#1458799
08!
#1458811
11!
#1458829
#1458839
#1458864
#1458929
#1458940
#1458950
1!
#1458951
0!
#1458956
#1458970
#1458981
#1458992
#1459022
#1459037
#1459052
#1459062
#1459083
#1459096
#1459107
#1459118
#1459128
#1459138
#1459164
#1459189
#1459206
#1459218
#1459228
#1459243
#1459253
#1459277
#1459291
#1459302
#1459314
#1459339
#1459354
#1459364
#1459374
#1459396
#1459408
#1459420
#1459444
#1459456
#1459468
#1459503
#1459513
#1459528
#1459538
#1459550
#1459562
#1459583
#1459608
#1459627
#1459639
#1459649
#1459729
#1459738
01!
#1459750
12!
#1459768
1!
#1459769
0!
#1459774
#1459788
#1459810
#1459832
#1459916
#1459939
#1459948
00!
#1459963
13!
#1459974
#1459984
#1460022
#1460034
#1460044
#1460058
#1460069
#1460150
0/!
#1460162
16!
#1460175
#1460197
#1460212
#1460222
#1460235
#1460260
#1460277
#1460301
#1460312
#1460324
#1460336
#1460353
#1460377
#1460395
#1460407
#1460435
#1460449
#1460467
#1460482
#1460492
#1460511
#1460523
#1460561
#1460626
#1460639
#1460650
#1460661
#1460678
#1460696
#1460706
1!
#1460707
0!
#1460712
#1460797
#1460822
#1460832
#1460848
05!
#1460863
14!
#1460876
#1460895
#1460977
#1461005
#1461015
04!
#1461030
17!
#1461041
#1461079
#1461148
#1461172
06!
#1461186
18!
#1461248
#1461268
#1461279
#1461310
#1461327
#1461397
#1461406
07!
#1461418
11!
#1461429
#1461446
#1461473
#1461485
#1461495
#1461510
#1461520
#1461544
#1461558
#1461569
#1461581
#1461593
#1461623
#1461638
#1461653
#1461663
#1461682
#1461694
#1461708
#1461719
#1461729
#1461739
1!
#1461740
0!
#1461745
#1461757
#1461781
#1461802
#1461833
#1461845
#1461855
#1461865
#1461926
#1461937
#1461967
#1461979
#1461994
#1462017
#1462035
#1462045
#1462058
#1462136
#1462148
#1462169
#1462200
#1462212
#1462222
#1462232
#1462293
#1462319
#1462331
#1462353
#1462376
#1462388
#1462398
#1462408
#1462423
#1462433
#1462450
#1462460
#1462472
#1462505
#1462527
#1462605
#1462626
03!
#1462640
10!
#1462652
#1462666
#1462692
#1462704
#1462714
#1462729
#1462739
#1462757
#1462767
1!
#1462768
0!
#1462773
#1462808
#1462877
#1462951
#1462963
#1462984
01!
#1462999
1/!
#1463010
#1463027
#1463063
#1463139
#1463149
00!
#1463160
15!
#1463174
#1463205
#1463283
#1463297
#1463308
#1463323
#1463351
#1463361
#1463372
#1463382
#1463394
#1463408
#1463442
#1463454
#1463482
#1463493
#1463509
#1463521
#1463531
#1463543
#1463555
#1463600
#1463617
#1463628
#1463692
1!
#1463693
0!
#1463696
#1463712
1!
#1463713
0!
#1463727
#1463737
08!
#1463749
14!
#1463760
#1463799
#1463811
#1463829
#1463844
#1463854
#1463878
#1463890
#1463961
#1463993
#1464003
#1464024
#1464037
#1464048
04!
#1464062
16!
#1464080
#1464090
#1464105
#1464115
#1464141
#1464155
#1464166
#1464184
#1464205
#1464217
#1464236
#1464260
#1464279
#1464289
#1464357
#1464367
05!
#1464379
17!
#1464477
#1464504
#1464515
#1464547
06!
#1464561
13!
#1464572
#1464582
#1464593
#1464603
#1464613
#1464630
#1464648
#1464665
#1464678
#1464696
#1464724
1!
#1464725
0!
#1464730
#1464742
#1464757
#1464767
#1464779
#1464791
#1464808
#1464823
#1464835
#1464853
#1464870
#1464883
#1464901
#1464930
#1464944
#1464956
#1464968
#1464983
#1465000
#1465010
#1465020
#1465044
#1465059
#1465071
#1465083
#1465093
#1465108
#1465118
#1465142
#1465163
#1465178
#1465188
#1465198
#1465208
#1465221
#1465232
#1465258
#1465290
#1465305
#1465320
#1465332
#1465344
#1465358
#1465369
#1465379
#1465389
#1465399
#1465432
#1465457
#1465489
#1465501
#1465568
#1465630
#1465653
#1465672
#1465733
#1465759
#1465770
#1465785
#1465807
#1465824
1!
#1465825
0!
#1465830
#1465842
#1465854
#1465930
#1465943
#1465954
#1465976
#1465988
#1466000
#1466010
#1466032
#1466042
#1466063
#1466088
#1466100
#1466169
#1466184
#1466194
#1466280
#1466301
02!
#1466315
11!
#1466327
#1466337
#1466363
#1466375
#1466389
#1466411
#1466428
#1466504
#1466516
#1466545
0/!
#1466559
10!
#1466570
#1466585
#1466595
#1466612
#1466701
00!
#1466713
18!
#1466726
#1466762
1!
#1466763
0!
#1466767
#1466782
#1466795
#1466858
#1466880
#1466892
#1466904
#1466934
#1466946
#1466965
#1466976
#1467000
#1467011
#1467027
#1467039
#1467051
#1467070
#1467094
#1467110
#1467143
#1467158
#1467168
#1467178
#1467190
#1467202
#1467292
#1467375
#1467387
#1467399
#1467416
#1467429
08!
#1467444
14!
#1467462
#1467472
#1467489
#1467500
#1467526
#1467538
#1467548
#1467563
#1467573
#1467585
#1467597
#1467767
#1467791
07!
#1467802
15!
#1467813
04!
#1467827
16!
#1467838
#1467863
1!
#1467864
0!
#1467869
#1467883
#1467897
#1467909
#1467919
#1467936
#1467953
#1468035
06!
#1468047
12!
#1468058
#1468085
#1468111
#1468125
#1468142
#1468154
#1468164
#1468174
#1468184
#1468194
#1468220
#1468232
#1468243
#1468271
#1468288
#1468306
#1468323
#1468338
#1468348
#1468360
#1468379
#1468389
#1468415
#1468427
#1468444
#1468465
#1468482
#1468494
#1468508
#1468518
#1468528
#1468539
#1468549
#1468559
#1468585
#1468611
#1468625
#1468640
#1468661
#1468674
#1468685
#1468696
#1468706
#1468716
#1468740
#1468763
#1468775
1!
#1468776
0!
#1468781
#1468793
#1468807
#1468818
#1468835
#1468847
#1468859
#1468882
#1468895
#1468907
#1468928
#1468947
#1468959
#1468987
#1468998
#1469012
#1469022
#1469033
#1469043
#1469053
#1469099
02!
#1469112
1"
#1469122
03!
#1469137
1#
#1469148
#1469159
01!
#1469174
1%
#1469184
05!
#1469199
1$
#1469311
0"
#1469327
1/!
#1469340
0%
#1469353
10!
#1469364
0#
#1469378
18!
#1469389
#1469410
0$
#1469424
14!
#1469437
#1469449
#1469512
#1469530
#1469541
#1469562
#1469574
#1469588
#1469622
#1469636
#1469648
#1469678
#1469690
#1469700
#1469718
#1469728
1!
#1469729
0!
#1469734
#1469759
#1469776
#1469846
#1469863
08!
#1469874
17!
#1469900
#1469982
#1470007
#1470032
04!
#1470046
16!
#1470057
#1470070
#1470081
#1470156
#1470168
#1470180
#1470196
#1470208
#1470218
#1470229
#1470332
#1470359
#1470371
#1470381
#1470395
07!
#1470410
12!
#1470421
#1470431
#1470456
#1470468
#1470496
#1470508
#1470520
#1470537
#1470551
#1470562
#1470586
#1470600
#1470612
#1470624
#1470634
#1470649
#1470659
#1470683
#1470698
#1470715
#1470738
#1470750
#1470760
1!
#1470761
0!
#1470766
#1470778
#1470788
#1470810
#1470822
#1470834
#1470851
#1470875
#1470889
#1470899
#1470910
#1470926
#1470938
#1470948
#1470979
#1470991
#1471003
#1471024
#1471046
#1471058
#1471070
#1471087
#1471097
#1471112
#1471122
#1471153
#1471165
#1471177
#1471263
0/!
#1471275
13!
#1471301
#1471381
#1471403
#1471415
#1471426
#1471443
#1471511
#1471522
#1471545
#1471615
#1471625
#1471639
#1471671
#1471683
#1471695
#1471705
#1471785
1!
#1471786
0!
#1471791
#1471809
03!
#1471821
11!
#1471834
#1471862
#1471890
#1471901
#1471913
#1471925
#1471986
#1471996
#1472032
#1472044
#1472070
#1472084
#1472097
#1472166
#1472176
#1472198
#1472210
#1472228
#1472243
#1472260
#1472270
#1472281
#1472300
#1472311
#1472340
#1472365
#1472377
#1472498
#1472520
#1472602
#1472673
#1472701
00!
#1472713
15!
#1472723
02!
#1472737
18!
#1472749
#1472763
1!
#1472764
0!
#1472769
#1472781
#1472793
#1472816
#1472829
x5!
#1472855
#1472872
#1472884
#1472910
#1472921
#1472940
#1472958
05!
#1472970
14!
#1472988
#1473005
#1473018
#1473030
#1473049
#1473061
#1473106
#1473223
#1473235
#1473261
#1473343
06!
#1473355
17!
#1473431
08!
#1473442
1/!
#1473519
#1473543
04!
#1473555
13!
#1473617
#1473642
#1473653
#1473678
#1473690
#1473702
#1473719
#1473729
1!
#1473730
0!
#1473734
#1473746
#1473759
#1473791
#1473805
#1473818
#1473836
#1473853
#1473870
#1473882
#1473892
#1473902
#1473919
#1473941
#1473953
#1473972
#1473998
#1474009
#1474024
#1474039
#1474049
#1474059
#1474081
#1474093
#1474104
#1474128
#1474141
#1474152
#1474174
#1474184
#1474201
#1474213
#1474225
#1474253
#1474264
#1474285
#1474295
#1474310
#1474322
#1474334
#1474344
#1474361
#1474385
#1474400
#1474416
#1474435
#1474452
#1474467
#1474479
#1474490
#1474501
#1474511
#1474535
#1474549
#1474574
#1474593
#1474656
#1474666
#1474704
#1474716
#1474726
#1474799
#1474808
03!
#1474820
12!
#1474831
#1474855
#1474886
1!
#1474887
0!
#1474892
#1474910
07!
#1474923
1"
#1474933
0/!
#1474948
1&
#1474958
01!
#1474973
1%
#1474988
0"
#1475001
1"
#1475012
02!
#1475027
1#
#1475038
#1475165
0"
#1475181
10!
#1475192
0&
#1475205
16!
#1475225
#1475305
0%
#1475319
18!
#1475332
#1475346
#1475364
0#
#1475378
14!
#1475391
#1475412
#1475424
#1475454
#1475473
#1475490
#1475631
08!
#1475643
17!
#1475653
04!
#1475665
1/!
#1475691
1!
#1475692
0!
#1475696
#1475757
1!
#1475758
0!
#1475775
x7!
#1475788
#1475798
#1475822
06!
#1475833
11!
#1475844
07!
#1475856
12!
#1475873
#1475882
#1475908
#1475918
#1475927
#1475958
#1475969
#1475979
#1475994
#1476004
#1476014
#1476035
#1476074
#1476092
#1476278
01!
#1476289
13!
#1476299
0/!
#1476311
14!
#1476321
02!
#1476333
18!
#1476346
#1476375
#1476397
#1476409
#1476489
#1476501
#1476539
#1476551
#1476580
#1476596
#1476608
#1476618
#1476630
#1476649
#1476659
#1476678
#1476699
#1476731
#1476799
#1476818
#1476908
#1476976
04!
#1476987
16!
#1477005
1!
#1477006
0!
#1477011
#1477022
08!
#1477034
11!
#1477052
#1477076
#1477102
#1477116
#1477126
#1477187
#1477198
#1477208
#1477220
#1477239
#1477265
#1477276
#1477305
#1477319
#1477334
#1477346
#1477358
#1477368
#1477385
#1477395
#1477412
#1477423
#1477446
#1477458
#1477475
#1477490
#1477530
00!
#1477543
1"
#1477559
06!
#1477573
1$
#1477584
#1477595
03!
#1477610
1&
#1477621
01!
#1477636
1%
#1477724
1!
#1477725
0!
#1477730
#1477741
0"
#1477758
12!
#1477768
0&
#1477781
1/!
#1477793
#1477813
0%
#1477827
14!
#1477838
#1477909
#1477930
0/!
#1477944
18!
#1477961
0$
#1477975
10!
#1477989
#1478000
#1478030
#1478046
#1478058
#1478068
#1478085
#1478097
#1478114
#1478124
#1478136
#1478170
#1478189
#1478204
#1478218
#1478228
#1478247
#1478261
#1478273
#1478283
#1478309
#1478335
#1478358
#1478370
#1478387
#1478459
#1478470
#1478482
#1478522
#1478560
02!
#1478573
1"
#1478583
08!
#1478598
1#
#1478609
#1478620
04!
#1478635
1&
#1478674
00!
#1478690
1%
#1478716
1!
#1478717
0!
#1478722
#1478808
0"
#1478824
16!
#1478837
0&
#1478851
13!
#1478861
0#
#1478875
11!
#1478885
#1478894
0%
#1478908
1/!
#1478927
#1478944
x6!
#1478957
#1478970
#1478981
#1478990
06!
#1479002
12!
#1479013
#1479023
#1479033
#1479047
x2!
#1479067
#1479077
#1479105
#1479119
02!
#1479131
18!
#1479142
#1479152
#1479162
#1479173
#1479187
#1479197
#1479208
#1479240
#1479286
08!
#1479299
1"
#1479310
01!
#1479324
1$
#1479334
03!
#1479349
1&
#1479360
0/!
#1479375
1#
#1479386
#1479513
0"
#1479529
14!
#1479540
0$
#1479553
10!
#1479618
0&
#1479632
18!
#1479642
0#
#1479657
11!
#1479670
#1479680
#1479696
#1479706
#1479727
1!
#1479728
0!
#1479733
#1479752
#1479764
#1479776
#1479786
#1479796
#1479809
#1479836
#1479862
#1479885
#1479897
#1479907
#1479924
#1479935
#1479952
#1479978
#1479990
#1480031
00!
#1480044
1"
#1480054
01!
#1480068
1%
#1480080
#1480091
08!
#1480106
1$
#1480128
04!
#1480143
1&
#1480227
0"
#1480243
13!
#1480254
0$
#1480267
1/!
#1480281
x3!
#1480299
0%
#1480312
10!
#1480323
0&
#1480337
11!
#1480347
03!
#1480359
18!
#1480370
#1480388
x1!
#1480399
#1480436
01!
#1480446
1"
#1480457
0/!
#1480471
1#
#1480481
00!
#1480496
1$
#1480507
#1480518
08!
#1480534
1%
#1480660
0"
#1480677
14!
#1480687
0%
#1480700
1/!
#1480713
0$
#1480727
10!
#1480743
0#
#1480757
18!
#1480770
#1480782
1!
#1480783
0!
#1480788
#1480803
x8!
#1480821
08!
#1480833
1&
#1480844
#1480865
#1480875
#1480885
#1480895
#1480907
#1480933
#1480950
#1480961
#1480985
#1481000
#1481010
#1481022
#1481034
#1481065
#1481079
#1481094
#1481104
#1481117
#1481135
#1481152
#1481191
0/!
#1481204
1"
#1481214
00!
#1481229
1%
#1481240
#1481251
04!
#1481267
1$
#1481359
0"
#1481375
1/!
#1481386
0&
#1481399
10!
#1481413
x/!
#1481431
0%
#1481444
14!
#1481455
0$
#1481470
1#
#1481480
0/!
#1481493
1&
#1481521
#1481536
#1481556
#1481573
#1481608
#1481619
#1481650
#1481675
#1481687
#1481728
#1481745
#1481787
1!
#1481788
0!
#1481793
#1481812
#1481897
#1481906
04!
#1481919
1%
#1481961
#1481987
0#
#1482000
14!
#1482011
#1482024
#1482036
#1482067
#1482133
#1482145
#1482157
#1482188
#1482254
#1482266
#1482278
#1482309
#1482375
#1482387
#1482399
#1482430
#1482496
#1482508
#1482520
#1482551
#1482617
#1482629
#1482641
#1482672
#1482738
1!
#1482739
0!
#1482743
#1482756
#1482768
#1482780
#1482811
#1482877
#1482889
#1482901
#1482932
#1482997
#1483010
#1483022
#1483053
#1483119
#1483131
#1483157
#1483188
00!
#1483201
1"
#1483211
04!
#1483226
1$
#1483238
#1483334
0"
#1483350
10!
#1483360
0&
#1483374
14!
#1483388
x0!
#1483400
#1483422
0%
#1483435
1"
#1483445
04!
#1483460
1#
#1483470
0$
#1483485
1&
#1483511
00!
#1483524
1%
#1483551
#1483569
#1483616
#1483666
#1483689
1!
#1483690
0!
#1483695
#1483729
0"
#1483742
1"
#1483768
0"
#1483781
1"
#1483800
0"
#1483813
1"
#1483839
0"
#1483852
1"
#1483972
#1484049
#1484118
#1484214
0C!
#1484315
0D!
#1484416
0E!
#1484516
0F!
#1484616
0G!
#1484689
1!
#1484690
0!
#1484695
#1484710
0H!
#1484801
0I!
#1484892
0J!
#1484983
0K!
#1485074
0L!
#1485165
0M!
#1485182
0"
#1485195
1"
#1485211
0"
#1485224
1"
#1485240
0"
#1485253
1"
#1485270
0"
#1485282
1"
#1485297
#1485310
#1485332
0&
#1485346
1C!
#1485371
#1485384
#1485418
#1485491
0C!
#1485509
14!
#1485519
0#
#1485533
1D!
#1485547
x4!
#1485559
0D!
#1485572
1E!
#1485582
0%
#1485596
1F!
#1485606
0"
#1485617
1G!
#1485628
04!
#1485639
1H!
#1485650
0E!
#1485664
1I!
#1485674
0F!
#1485689
1J!
#1485699
0G!
#1485714
1K!
#1485724
0I!
#1485738
1L!
#1485749
0J!
#1485763
1M!
#1485774
1!
#1485775
0!
#1485780
#1485791
0M!
#1485805
1D!
#1485816
0H!
#1485830
1E!
#1485840
0L!
#1485855
1F!
#1485865
0E!
#1485879
1G!
#1485890
0F!
#1485904
1I!
#1485914
0G!
#1485929
1J!
#1485939
0I!
#1485953
1M!
#1485964
0J!
#1485978
1H!
#1485988
0M!
#1486003
1L!
#1486013
0H!
#1486027
1E!
#1486038
0L!
#1486052
1F!
#1486062
0E!
#1486077
1G!
#1486087
0F!
#1486101
1I!
#1486112
0G!
#1486126
1J!
#1486136
0I!
#1486151
1M!
#1486161
0J!
#1486175
1H!
#1486186
0M!
#1486200
1L!
#1486210
0H!
#1486225
1E!
#1486235
0L!
#1486249
1F!
#1486260
0E!
#1486274
1G!
#1486284
0F!
#1486299
1I!
#1486309
0G!
#1486323
1J!
#1486334
0I!
#1486348
1M!
#1486358
0J!
#1486373
1H!
#1486383
0M!
#1486397
1L!
#1486408
0H!
#1486422
1E!
#1486432
0L!
#1486447
1F!
#1486457
0E!
#1486471
1G!
#1486482
0F!
#1486496
1I!
#1486506
0G!
#1486521
1J!
#1486531
0I!
#1486546
1M!
#1486556
0J!
#1486570
1H!
#1486581
0M!
#1486595
1L!
#1486605
0H!
#1486620
1E!
#1486630
0L!
#1486644
1F!
#1486655
0E!
#1486669
1G!
#1486679
0F!
#1486694
1I!
#1486704
0G!
#1486718
1J!
#1486729
1!
#1486730
0!
#1486735
#1486746
0D!
#1486761
1M!
#1486771
0J!
#1486785
1H!
#1486796
0M!
#1486810
1L!
#1486820
0H!
#1486835
1E!
#1486845
0L!
#1486859
1F!
#1486870
0E!
#1486884
1G!
#1486894
0F!
#1486909
1D!
#1486919
0G!
#1486933
1J!
#1486944
0D!
#1486958
1M!
#1486968
0J!
#1486983
1H!
#1486993
0M!
#1487007
1L!
#1487018
0H!
#1487032
1E!
#1487042
0L!
#1487057
1F!
#1487067
0E!
#1487081
1G!
#1487092
0F!
#1487106
1D!
#1487116
0G!
#1487131
1J!
#1487141
0D!
#1487155
1M!
#1487166
0J!
#1487180
1H!
#1487190
0M!
#1487205
1L!
#1487215
0H!
#1487229
1E!
#1487240
0L!
#1487254
1F!
#1487264
0E!
#1487279
1G!
#1487289
0F!
#1487303
1D!
#1487314
0G!
#1487328
1J!
#1487338
0D!
#1487353
1M!
#1487363
0J!
#1487377
1H!
#1487388
0M!
#1487402
1L!
#1487412
0H!
#1487427
1E!
#1487437
0L!
#1487452
1F!
#1487462
0E!
#1487476
1G!
#1487487
0F!
#1487501
1D!
#1487511
0G!
#1487526
1J!
#1487536
0D!
#1487550
1M!
#1487561
0J!
#1487575
1H!
#1487585
0M!
#1487600
1L!
#1487610
0H!
#1487624
1E!
#1487635
0L!
#1487649
1F!
#1487659
0E!
#1487674
1G!
#1487684
0F!
#1487698
1D!
#1487709
0G!
#1487723
1J!
#1487733
0D!
#1487748
1M!
#1487758
0J!
#1487772
1H!
#1487783
0M!
#1487797
1L!
#1487807
0H!
#1487822
1E!
#1487832
0L!
#1487846
1F!
#1487857
0E!
#1487871
1G!
#1487881
0F!
#1487896
1D!
#1487906
0G!
#1487920
1J!
#1487931
0D!
#1487945
1M!
#1487955
0J!
#1487970
1H!
#1487980
0M!
#1487994
1L!
#1488005
0H!
#1488019
1E!
#1488029
0L!
#1488044
1F!
#1488054
0E!
#1488068
1G!
#1488079
0F!
#1488093
1D!
#1488103
0G!
#1488118
1J!
#1488128
0D!
#1488142
1M!
#1488153
0J!
#1488167
1H!
#1488177
0M!
#1488192
1L!
#1488202
0H!
#1488216
1E!
#1488227
0L!
#1488241
1F!
#1488251
0E!
#1488266
1G!
#1488276
0F!
#1488290
1D!
#1488301
0G!
#1488315
1J!
#1488325
0D!
#1488340
1M!
#1488350
0J!
#1488364
1H!
#1488375
0M!
#1488389
1L!
#1488399
0H!
#1488414
1E!
#1488424
0L!
#1488439
1F!
#1488449
0E!
#1488463
1G!
#1488474
0F!
#1488488
1D!
#1488498
0G!
#1488513
1J!
#1488523
0D!
#1488537
1M!
#1488548
0J!
#1488562
1H!
#1488572
0M!
#1488587
1L!
#1488597
0H!
#1488611
1E!
#1488622
0L!
#1488636
1F!
#1488646
0E!
#1488661
1G!
#1488671
0F!
#1488685
1D!
#1488696
0G!
#1488710
1J!
#1488720
0D!
#1488735
1M!
#1488745
0J!
#1488759
1H!
#1488770
0M!
#1488784
1L!
#1488794
0H!
#1488809
1E!
#1488819
0L!
#1488833
1F!
#1488844
0E!
#1488858
1G!
#1488868
0F!
#1488883
1D!
#1488893
0G!
#1488907
1J!
#1488918
0D!
#1488932
1M!
#1488942
0J!
#1488957
1H!
#1488967
0M!
#1488981
1L!
#1488992
0H!
#1489006
1E!
#1489016
0L!
#1489031
1F!
#1489041
0E!
#1489055
1G!
#1489066
0F!
#1489080
1D!
#1489090
0G!
#1489105
1J!
#1489115
0D!
#1489129
1M!
#1489140
0J!
#1489154
1H!
#1489164
0M!
#1489179
1L!
#1489189
0H!
#1489203
1E!
#1489214
0L!
#1489228
1F!
#1489238
0E!
#1489253
1G!
#1489263
0F!
#1489277
1D!
#1489288
0G!
#1489302
1J!
#1489312
0D!
#1489327
1M!
#1489337
0J!
#1489351
1H!
#1489362
0M!
#1489376
1L!
#1489386
0H!
#1489401
1E!
#1489411
0L!
#1489426
1F!
#1489436
0E!
#1489450
1G!
#1489461
0F!
#1489475
1D!
#1489485
0G!
#1489500
1J!
#1489510
0D!
#1489524
1M!
#1489535
0J!
#1489549
1H!
#1489559
0M!
#1489574
1L!
#1489584
0H!
#1489598
1E!
#1489609
0L!
#1489623
1F!
#1489633
0E!
#1489648
1G!
#1489658
0F!
#1489672
1D!
#1489683
0G!
#1489697
1J!
#1489707
0D!
#1489722
1M!
#1489732
0J!
#1489746
1H!
#1489757
0M!
#1489771
1L!
#1489781
0H!
#1489796
1E!
#1489806
0L!
#1489820
1F!
#1489831
0E!
#1489845
1G!
#1489855
0F!
#1489870
1D!
#1489880
0G!
#1489894
1J!
#1489905
0D!
#1489919
1M!
#1489929
0J!
#1489944
1H!
#1489954
0M!
#1489968
1L!
#1489979
0H!
#1489993
1E!
#1490003
0L!
#1490018
1F!
#1490028
0E!
#1490042
1G!
#1490053
0F!
#1490067
1D!
#1490077
0G!
#1490092
1J!
#1490102
0D!
#1490116
1M!
#1490127
0J!
#1490141
1H!
#1490151
0M!
#1490166
1L!
#1490176
0H!
#1490190
1E!
#1490201
0L!
#1490215
1F!
#1490225
0E!
#1490240
1G!
#1490250
0F!
#1490264
1D!
#1490275
0G!
#1490289
1J!
#1490299
0D!
#1490314
1M!
#1490324
0J!
#1490338
1H!
#1490349
0M!
#1490363
1L!
#1490373
0H!
#1490388
1E!
#1490398
0L!
#1490413
1F!
#1490423
0K!
#1490437
1G!
#1490451
xF!
#1490467
xE!
#1490483
xG!
#1490496
0I!
#1490509
1D!
#1490519
0F!
#1490530
1J!
#1490540
0G!
#1490551
1M!
#1490562
1!
#1490563
0!
#1490568
#1490585
xJ!
#1490597
1!
#1490598
0!
#1490603
#1490620
xM!
#1490632
0E!
#1490643
1H!
#1490654
1!
#1490655
0!
#1490660
#1490673
0J!
#1490684
1L!
#1490694
0M!
#1490706
1K!
#1490716
0H!
#1490731
1I!
#1490741
0D!
#1490756
1H!
#1490766
0I!
#1490780
1D!
#1490791
1!
#1490792
0!
#1490797
#1490808
0D!
#1490823
1I!
#1490837
xH!
#1490849
0I!
#1490863
1D!
#1490873
0H!
#1490885
1I!
#1490896
0D!
#1490910
1D!
#1490920
0I!
#1490934
1I!
#1490945
0L!
#1490959
1L!
#1490969
0K!
#1490984
1K!
#1490998
xL!
#1491010
0K!
#1491024
1K!
#1491034
0D!
#1491048
1D!
#1491058
0I!
#1491072
1I!
#1491083
0L!
#1491095
1$
#1491105
0K!
#1491119
1K!
#1491133
xD!
#1491146
0I!
#1491159
1I!
#1491169
0K!
#1491183
1K!
#1491193
0D!
#1491206
1&
#1491216
0I!
#1491230
1I!
#1491240
0K!
#1491253
1K!
#1491264
0I!
#1491277
1I!
#1491288
0K!
#1491301
1K!
#1491312
0I!
#1491325
1I!
#1491335
0K!
#1491349
1K!
#1491359
0I!
#1491373
1I!
#1491383
0K!
#1491396
1K!
#1491407
0I!
#1491420
1I!
#1491431
0K!
#1491444
1K!
#1491455
0I!
#1491468
1I!
#1491478
0K!
#1491492
1K!
#1491502
0I!
#1491516
1I!
#1491526
0K!
#1491539
1K!
#1491550
0I!
#1491563
1I!
#1491574
0K!
#1491587
1K!
#1491597
0I!
#1491611
1I!
#1491621
0K!
#1491635
1K!
#1491645
0I!
#1491659
1I!
#1491669
0K!
#1491682
1K!
#1491693
0I!
#1491706
1I!
#1491717
0K!
#1491730
1K!
#1491741
1!
#1491742
0!
#1491747
#1491758
0K!
#1491771
1K!
#1491782
0I!
#1491795
1I!
#1491806
0K!
#1491819
1K!
#1491829
0I!
#1491843
1I!
#1491853
0K!
#1491866
1K!
#1491881
xI!
#1491893
0K!
#1491906
1K!
#1491916
0I!
#1491929
1#
#1491939
0K!
#1491952
1K!
#1491971
0K!
#1491984
1K!
#1492010
0K!
#1492023
1K!
#1492049
0K!
#1492062
1K!
#1492080
0K!
#1492093
1K!
#1492123
xK!
#1492151
0K!
#1492168
1C!
#1492178
0$
#1492193
1%
#1492211
0&
#1492226
1$
#1492243
#1492266
0#
#1492279
1"
#1492289
0C!
#1492304
1&
#1492316
#1492330
#1492341
#1492374
#1492409
#1492468
0"
#1492481
1"
#1492497
0"
#1492510
1"
#1492526
0"
#1492539
1"
#1492555
0"
#1492568
1"
#1492689
1!
#1492690
0!
#1492695
#1492713
#1492756
#1492779
#1492825
#1492869
#1492956
0Y!
#1493047
0Z!
#1493068
0$
#1493081
1Z!
#1493204
0[!
#1493216
0Z!
#1493229
1#
#1493240
#1493349
0"
#1493365
1[!
#1493378
0%
#1493393
1$
#1493404
0&
#1493419
1%
#1493437
0#
#1493452
1&
#1493536
0[!
#1493552
1C!
#1493562
0$
#1493576
1Y!
#1493590
xC!
#1493609
0%
#1493624
1#
#1493634
0&
#1493649
1$
#1493660
0C!
#1493673
1%
#1493684
#1493713
1!
#1493714
0!
#1493719
#1493748
#1493788
0Y!
#1493801
1Z!
#1493828
#1493906
#1493965
0$
#1493978
1Y!
#1493989
0Z!
#1494002
1&
#1494044
#1494086
0Y!
#1494098
1Y!
#1494140
0Y!
#1494153
1Y!
#1494202
0Y!
#1494215
1Y!
#1494245
0Y!
#1494258
1Y!
#1494308
0Y!
#1494321
1Y!
#1494351
0Y!
#1494364
1Y!
#1494414
0Y!
#1494427
1Y!
#1494457
0Y!
#1494470
1Y!
#1494519
0Y!
#1494532
1Y!
#1494562
0Y!
#1494575
1Y!
#1494625
0Y!
#1494638
1Y!
#1494668
0Y!
#1494681
1Y!
#1494692
1!
#1494693
0!
#1494698
#1494748
0Y!
#1494761
1Y!
#1494787
0Y!
#1494800
1Y!
#1494826
0Y!
#1494839
1Y!
#1494865
0Y!
#1494878
1Y!
#1494904
0Y!
#1494916
1Y!
#1494942
0Y!
#1494955
1Y!
#1494981
0Y!
#1494994
1Y!
#1495020
0Y!
#1495033
1Y!
#1495059
0Y!
#1495072
1Y!
#1495098
0Y!
#1495111
1Y!
#1495137
0Y!
#1495150
1Y!
#1495176
0Y!
#1495189
1Y!
#1495215
0Y!
#1495228
1Y!
#1495254
0Y!
#1495267
1Y!
#1495293
0Y!
#1495305
1Y!
#1495331
0Y!
#1495344
1Y!
#1495370
0Y!
#1495383
1Y!
#1495409
0Y!
#1495422
1Y!
#1495448
0Y!
#1495461
1Y!
#1495487
0Y!
#1495500
1Y!
#1495526
0Y!
#1495539
1Y!
#1495565
0Y!
#1495578
1Y!
#1495604
0Y!
#1495617
1Y!
#1495643
0Y!
#1495656
1Y!
#1495682
0Y!
#1495694
1Y!
#1495706
1!
#1495707
0!
#1495711
#1495734
0Y!
#1495747
1Y!
#1495773
0Y!
#1495786
1Y!
#1495812
0Y!
#1495825
1Y!
#1495851
0Y!
#1495864
1Y!
#1495890
0Y!
#1495903
1Y!
#1495929
0Y!
#1495942
1Y!
#1495968
0Y!
#1495981
1Y!
#1496007
0Y!
#1496019
1Y!
#1496045
0Y!
#1496058
1Y!
#1496084
0Y!
#1496097
1Y!
#1496123
0Y!
#1496136
1Y!
#1496162
0Y!
#1496175
1Y!
#1496201
0Y!
#1496214
1Y!
#1496240
0Y!
#1496253
1Y!
#1496279
0Y!
#1496292
1Y!
#1496318
0Y!
#1496331
1Y!
#1496357
0Y!
#1496370
1Y!
#1496396
0Y!
#1496408
1Y!
#1496434
0Y!
#1496447
1Y!
#1496473
0Y!
#1496486
1Y!
#1496512
0Y!
#1496525
1Y!
#1496551
0Y!
#1496564
1Y!
#1496590
0Y!
#1496603
1Y!
#1496629
0Y!
#1496642
1Y!
#1496668
0Y!
#1496681
1Y!
#1496692
1!
#1496693
0!
#1496698
#1496720
0Y!
#1496733
1Y!
#1496759
0Y!
#1496772
1Y!
#1496798
0Y!
#1496811
1Y!
#1496837
0Y!
#1496850
1Y!
#1496876
0Y!
#1496889
1Y!
#1496915
0Y!
#1496928
1Y!
#1496954
0Y!
#1496967
1Y!
#1496993
0Y!
#1497006
1Y!
#1497032
0Y!
#1497045
1Y!
#1497070
0Y!
#1497083
1Y!
#1497109
0Y!
#1497122
1Y!
#1497148
0Y!
#1497161
1Y!
#1497187
0Y!
#1497200
1Y!
#1497226
0Y!
#1497239
1Y!
#1497265
0Y!
#1497278
1Y!
#1497304
0Y!
#1497317
1Y!
#1497343
0Y!
#1497356
1Y!
#1497382
0Y!
#1497395
1Y!
#1497421
0Y!
#1497434
1Y!
#1497459
0Y!
#1497472
1Y!
#1497498
0Y!
#1497511
1Y!
#1497537
0Y!
#1497550
1Y!
#1497576
0Y!
#1497589
1Y!
#1497615
0Y!
#1497628
1Y!
#1497654
0Y!
#1497667
1Y!
#1497689
1!
#1497690
0!
#1497695
#1497706
0Y!
#1497719
1Y!
#1497745
0Y!
#1497758
1Y!
#1497784
0Y!
#1497797
1Y!
#1497823
0Y!
#1497836
1Y!
#1497862
0Y!
#1497875
1Y!
#1497901
0Y!
#1497914
1Y!
#1497940
0Y!
#1497953
1Y!
#1497979
0Y!
#1497991
1Y!
#1498017
0Y!
#1498030
1Y!
#1498056
#1498064
#1498090
0#
#1498103
1Z!
#1498113
0Y!
#1498129
1$
#1498140
#1498166
#1498189
0$
#1498203
1"
#1498217
xZ!
#1498230
#1498241
0Z!
#1498254
1#
#1498265
#1498282
#1498329
#1498372
#1498407
#1498466
0"
#1498479
1"
#1498495
0"
#1498508
1"
#1498524
0"
#1498537
1"
#1498554
0"
#1498567
1"
#1498687
#1498697
1!
#1498698
0!
#1498703
#1498745
#1498788
#1498832
#1498920
0^!
#1498940
0#
#1498954
1^!
#1499005
#1499041
0_!
#1499129
0^!
#1499142
1$
#1499205
0`!
#1499296
0a!
#1499387
0b!
#1499478
0c!
#1499569
0d!
#1499660
0e!
#1499694
1!
#1499695
0!
#1499700
#1499765
0f!
#1499855
0g!
#1499946
0h!
#1499972
#1499986
#1499998
0^!
#1500025
#1500042
0"
#1500054
1"
#1500071
0"
#1500084
1"
#1500100
0"
#1500113
1"
#1500129
0"
#1500142
1"
#1500158
1^!
#1500179
0$
#1500192
1^!
#1500211
#1500296
#1500318
0"
#1500331
1"
#1500345
x^!
#1500359
#1500370
0^!
#1500382
1#
#1500394
#1500410
#1500457
#1500499
#1500535
#1500594
0"
#1500607
1"
#1500623
0"
#1500636
1"
#1500652
0"
#1500665
1"
#1500682
0"
#1500694
1"
#1500706
1!
#1500707
0!
#1500711
