$version
    FreeRTOS trace logger
$end
$timeScale 1us $end
$scope module task $end
$var wire 1 ! (0000)tick_event $end
$var wire 1 " (0001)Runner $end
$var wire 1 # (0002)IDLE0 $end
$var wire 1 $ (0003)IDLE1 $end
$var wire 1 % (0004)IDLE2 $end
$var wire 1 & (0005)IDLE3 $end
$var wire 1 ' (0006)IDLE4 $end
$var wire 1 ( (0007)IDLE5 $end
$var wire 1 ) (0008)IDLE6 $end
$var wire 1 * (0009)IDLE7 $end
$var wire 1 + (0010)Tmr_Svc $end
$var wire 1 , (0011)CS $end
$var wire 1 - (0012)CS $end
$var wire 1 . (0013)CS $end
$var wire 1 / (0014)CS $end
$var wire 1 0 (0015)CS $end
$var wire 1 1 (0016)CS $end
$var wire 1 2 (0017)CS $end
$var wire 1 3 (0018)CS $end
$var wire 1 4 (0019)CS $end
$var wire 1 5 (0020)CS $end
$var wire 1 6 (0021)CS $end
$var wire 1 7 (0022)CS $end
$var wire 1 8 (0023)CS $end
$var wire 1 9 (0024)CS $end
$var wire 1 : (0025)CS $end
$var wire 1 ; (0026)CS $end
$var wire 1 < (0027)CS $end
$var wire 1 = (0028)CS $end
$var wire 1 O (0046)MX $end
$var wire 1 P (0047)MX $end
$var wire 1 Q (0048)MX $end
$var wire 1 R (0049)MX $end
$var wire 1 S (0050)MX $end
$var wire 1 T (0051)MX $end
$var wire 1 U (0052)MX $end
$var wire 1 V (0053)MX $end
$var wire 1 W (0054)MX $end
$var wire 1 X (0055)MX $end
$var wire 1 Y (0056)MX $end
$var wire 1 Z (0057)MX $end
$var wire 1 [ (0058)MX $end
$var wire 1 \ (0059)MX $end
$var wire 1 ] (0060)MX $end
$var wire 1 ^ (0061)MX $end
$var wire 1 _ (0062)MX $end
$var wire 1 ` (0063)MX $end
$var wire 1 s (0082)SM $end
$var wire 1 t (0083)SM $end
$var wire 1 u (0084)SM $end
$var wire 1 v (0085)SM $end
$var wire 1 w (0086)SM $end
$var wire 1 x (0087)SM $end
$var wire 1 y (0088)SM $end
$var wire 1 z (0089)SM $end
$var wire 1 { (0090)SM $end
$var wire 1 | (0091)SM $end
$var wire 1 } (0092)SM $end
$var wire 1 ~ (0093)SM $end
$var wire 1 !! (0094)SM $end
$var wire 1 "! (0095)SM $end
$var wire 1 #! (0096)SM $end
$var wire 1 $! (0097)SM $end
$var wire 1 %! (0098)SM $end
$var wire 1 &! (0099)SM $end
$var wire 1 9! (0118)NC $end
$var wire 1 :! (0119)NW $end
$var wire 1 ;! (0120)NW $end
$var wire 1 <! (0121)NW $end
$var wire 1 =! (0122)NW $end
$var wire 1 >! (0123)NW $end
$var wire 1 ?! (0124)NW $end
$var wire 1 @! (0125)NW $end
$var wire 1 A! (0126)NW $end
$var wire 1 B! (0127)NW $end
$var wire 1 C! (0128)NW $end
$var wire 1 D! (0129)NW $end
$var wire 1 E! (0130)NW $end
$var wire 1 F! (0131)NW $end
$var wire 1 G! (0132)NW $end
$var wire 1 H! (0133)NW $end
$var wire 1 I! (0134)NW $end
$var wire 1 J! (0135)NW $end
$var wire 1 K! (0136)NW $end
$var wire 1 _! (0156)EV $end
$var wire 1 `! (0157)EV $end
$var wire 1 a! (0158)EV $end
$var wire 1 b! (0159)EV $end
$var wire 1 c! (0160)EV $end
$var wire 1 d! (0161)EV $end
$var wire 1 e! (0162)EV $end
$var wire 1 f! (0163)EV $end
$var wire 1 g! (0164)EV $end
$var wire 1 h! (0165)EV $end
$var wire 1 i! (0166)EV $end
$var wire 1 j! (0167)EV $end
$var wire 1 k! (0168)EV $end
$var wire 1 l! (0169)EV $end
$var wire 1 m! (0170)EV $end
$var wire 1 n! (0171)EV $end
$var wire 1 o! (0172)EV $end
$var wire 1 p! (0173)EV $end
$var wire 1 %" (0192)QP $end
$var wire 1 &" (0193)QP $end
$var wire 1 '" (0194)QP $end
$var wire 1 (" (0195)QP $end
$var wire 1 )" (0196)QP $end
$var wire 1 *" (0197)QP $end
$var wire 1 +" (0198)QP $end
$var wire 1 ," (0199)QP $end
$var wire 1 -" (0200)QP $end
$var wire 1 ." (0201)QC $end
$var wire 1 /" (0202)QC $end
$var wire 1 0" (0203)QC $end
$var wire 1 1" (0204)QC $end
$var wire 1 2" (0205)QC $end
$var wire 1 3" (0206)QC $end
$var wire 1 4" (0207)QC $end
$var wire 1 5" (0208)QC $end
$var wire 1 6" (0209)QC $end
$upscope $end
$enddefinitions $end
$dumpvars
#149999
0"
#150039
0#
#150076
0$
#150114
0%
#150151
0&
#150188
0'
#150225
0(
#150262
0)
#150299
0*
#150312
#150351
0+
#150359
1#
#150400
0'
#150413
1"
#150423
0(
#150437
1+
#150447
0)
#150465
1'
#150482
0%
#150500
1(
#150556
0*
#150574
1)
#150584
0#
#150601
1%
#150612
0+
#150627
1*
#150637
0$
#150655
1#
#150682
0&
#150700
1$
#150979
#151024
#151067
#151090
#151137
#151225
0,
#151315
0-
#151375
1!
#151376
0!
#151381
#151406
0.
#151497
0/
#151588
00
#151679
01
#151770
02
#151861
03
#151951
04
#152042
05
#152133
06
#152224
07
#152315
08
#152375
1!
#152376
0!
#152381
#152406
09
#152497
0:
#152587
0;
#152678
0<
#152769
0=
#152867
0"
#152890
1,
#152900
0*
#152913
1-
#152924
0'
#152938
1.
#152948
0)
#152962
1/
#152973
0%
#152987
10
#152998
0#
#153013
11
#153023
0(
#153039
12
#153049
0$
#153065
13
#153075
#153084
#153092
#153108
#153116
#153140
#153166
#153177
#153188
#153198
#153208
#153218
#153228
#153245
00
#153261
14
#153272
#153283
0/
#153299
15
#153309
03
#153326
16
#153335
#153351
0.
#153367
17
#153379
#153390
02
#153406
18
#153415
#153425
01
#153441
19
#153450
#153466
#153490
#153502
1!
#153503
0!
#153507
#153519
#153682
05
#153697
1:
#153708
0,
#153721
1;
#153731
0-
#153747
1<
#153764
#153779
#153788
#153863
04
#153876
1=
#153968
07
#153981
10
#153990
#154007
00
#154023
1/
#154159
06
#154172
13
#154249
08
#154262
1.
#154272
03
#154287
12
#154297
0:
#154311
11
#154321
0.
#154337
15
#154347
02
#154363
1-
#154373
01
#154389
10
#154415
1!
#154416
0!
#154421
#154433
0-
#154449
13
#154459
#154468
0/
#154484
1.
#154554
00
#154569
12
#154580
03
#154595
11
#154605
0;
#154618
1-
#154696
09
#154709
1/
#154719
05
#154735
10
#154745
0=
#154759
13
#154769
0/
#154785
15
#154802
01
#154819
1/
#154830
#154848
0-
#154865
11
#154889
0.
#154905
1-
#154917
#154930
02
#154946
1.
#154957
#154997
05
#155013
12
#155024
#155038
00
#155054
15
#155065
#155144
0/
#155160
10
#155177
0<
#155190
1/
#155201
00
#155217
10
#155228
#155241
0/
#155257
1/
#155268
01
#155284
11
#155294
00
#155310
10
#155321
#155340
01
#155356
11
#155373
01
#155389
11
#155401
#155421
0/
#155437
1/
#155447
0-
#155463
1-
#155475
#155503
#155524
1!
#155525
0!
#155529
#155624
#155651
0-
#155666
1,
#155678
#155707
03
#155723
16
#155740
0.
#155756
1-
#155767
#155779
#155789
#155800
0-
#155816
13
#155827
#155844
#155854
0,
#155870
1.
#155881
#155895
#155914
06
#155930
1-
#155961
02
#155977
1,
#156062
#156089
#156099
#156109
#156119
0.
#156134
16
#156146
#156175
0,
#156190
12
#156201
05
#156217
14
#156227
03
#156243
1.
#156274
0/
#156290
1,
#156360
#156369
0,
#156385
15
#156395
06
#156411
13
#156421
04
#156435
1/
#156444
#156461
0.
#156477
1,
#156488
0/
#156504
16
#156515
#156542
02
#156558
1.
#156621
1!
#156622
0!
#156626
#156660
#156679
#156698
#156707
03
#156723
1/
#156734
#156761
06
#156778
17
#156855
00
#156871
12
#156880
#156890
#156968
0/
#156983
13
#156994
0,
#157007
19
#157016
#157033
02
#157048
16
#157065
#157075
07
#157090
10
#157101
01
#157114
1/
#157258
0-
#157272
12
#157296
#157326
#157345
09
#157359
17
#157451
1!
#157452
0!
#157457
#157470
#157499
07
#157515
1,
#157526
#157553
0/
#157569
17
#157580
06
#157596
18
#157606
05
#157622
1/
#157633
03
#157649
16
#157660
#157678
#157754
#157764
#157782
0,
#157795
15
#157806
0.
#157822
13
#157832
00
#157848
1.
#157858
05
#157875
10
#157892
00
#157909
15
#157933
07
#157949
10
#158020
#158047
0.
#158063
17
#158087
02
#158101
1:
#158110
#158135
#158145
#158222
#158252
#158331
00
#158344
1.
#158362
#158391
08
#158404
1,
#158414
0/
#158431
10
#158449
#158468
07
#158484
1/
#158494
0.
#158511
17
#158588
06
#158604
1.
#158614
07
#158630
16
#158640
05
#158656
17
#158673
0:
#158689
15
#158706
07
#158722
1:
#158739
00
#158753
17
#158831
1!
#158832
0!
#158837
#158851
#158894
#158921
0:
#158937
10
#158948
#159026
0,
#159041
1;
#159052
0.
#159065
1:
#159077
#159088
06
#159105
1=
#159115
0:
#159131
1,
#159141
#159149
#159166
#159178
#159207
03
#159223
16
#159233
0/
#159250
1:
#159261
#159272
00
#159288
1.
#159313
#159341
#159351
#159360
#159369
0,
#159385
13
#159402
#159412
#159423
#159434
1!
#159435
0!
#159439
#159488
0;
#159504
1/
#159516
#159529
0=
#159545
10
#159740
05
#159753
1<
#159765
#159776
0/
#159792
1,
#159869
03
#159885
1;
#159896
#159909
0.
#159924
1=
#159935
0,
#159950
1/
#159967
06
#159980
13
#159990
0:
#160006
1.
#160016
07
#160030
1,
#160101
03
#160117
1:
#160127
0.
#160143
13
#160160
0;
#160175
1.
#160187
#160221
0.
#160236
1;
#160248
#160259
0;
#160275
14
#160285
0=
#160301
1.
#160319
#160337
0<
#160351
1;
#160361
0:
#160377
1=
#160387
04
#160403
1:
#160422
#160435
0=
#160451
14
#160468
03
#160484
1=
#160495
#160522
00
#160539
13
#160550
#160578
1!
#160579
0!
#160584
#160597
04
#160613
11
#160631
#160644
#160654
#160677
0:
#160694
10
#160703
#160713
#160726
#160735
01
#160751
1-
#160762
03
#160778
14
#160839
00
#160855
1:
#160865
#160881
0;
#160897
11
#160908
#160919
01
#160935
13
#160947
#160958
04
#160974
10
#160998
0,
#161015
1;
#161026
#161052
#161125
#161135
#161154
0;
#161170
11
#161180
#161190
#161269
#161285
0=
#161301
14
#161319
03
#161334
1,
#161405
0-
#161420
19
#161445
#161457
0/
#161470
1;
#161481
#161508
01
#161524
1=
#161591
#161601
#161612
0=
#161628
13
#161639
#161652
0;
#161668
1-
#161679
04
#161694
12
#161704
#161728
#161756
#161767
0.
#161780
11
#161791
0,
#161807
1=
#161817
0:
#161833
1;
#161845
1!
#161846
0!
#161851
#161863
09
#161879
14
#161890
0=
#161906
18
#161923
0-
#161939
1,
#162015
#162032
#162116
#162151
#162162
#162181
04
#162196
1:
#162207
03
#162222
19
#162239
0:
#162254
1=
#162265
09
#162280
1-
#162289
#162300
#162312
#162377
1!
#162378
0!
#162382
#162409
01
#162424
15
#162441
08
#162454
14
#162465
#162492
02
#162505
13
#162516
0,
#162531
1:
#162542
04
#162557
19
#162568
03
#162583
11
#162594
0:
#162609
16
#162620
09
#162635
1,
#162645
#162655
#162672
#162682
00
#162695
14
#162705
0-
#162722
13
#162733
#162848
#162982
05
#162994
1:
#163005
0=
#163018
19
#163028
0;
#163042
1-
#163059
0,
#163075
1,
#163093
#163105
0,
#163121
1,
#163213
01
#163228
11
#163239
06
#163254
16
#163272
#163301
09
#163317
19
#163328
0:
#163344
1:
#163355
#163367
01
#163383
11
#163393
06
#163409
16
#163421
#163448
03
#163464
17
#163474
0:
#163490
13
#163501
0,
#163517
1:
#163535
#163554
1!
#163555
0!
#163560
#163572
06
#163588
1,
#163598
#163607
07
#163624
16
#163634
0:
#163650
17
#163660
#163676
07
#163693
1:
#163704
#163737
09
#163753
17
#163771
#163806
#163818
#163842
#163868
#163951
#163960
07
#163976
19
#163994
#164006
#164034
#164043
09
#164059
1<
#164070
#164081
03
#164097
1/
#164115
#164250
#164259
04
#164275
17
#164285
0-
#164301
19
#164312
#164330
0,
#164346
13
#164356
#164372
0:
#164388
1.
#164398
03
#164414
14
#164546
1!
#164547
0!
#164552
#164564
0<
#164577
1-
#164588
04
#164603
1,
#164628
#164715
#164736
0.
#164749
1:
#164759
0,
#164775
13
#164845
0:
#164861
14
#164871
0-
#164886
1,
#164897
01
#164910
1:
#164921
#164933
0:
#164948
1-
#164959
03
#164974
1:
#164992
0,
#165007
13
#165025
#165040
#165051
07
#165067
1,
#165084
09
#165100
17
#165125
#165139
#165218
07
#165233
19
#165243
0/
#165256
17
#165267
04
#165282
14
#165299
0:
#165315
1:
#165325
06
#165340
1&
#165372
#165401
0:
#165416
12
#165428
#165453
#165463
0-
#165478
1:
#165488
#165497
#165506
0:
#165522
10
#165532
07
#165548
1-
#165557
#165574
#165586
#165597
00
#165613
1:
#165630
0-
#165646
17
#165670
03
#165686
10
#165697
#165724
00
#165739
1-
#165806
#165824
#165835
#165863
#165890
1!
#165891
0!
#165896
#165908
#165916
#165925
#166016
#166028
#166052
07
#166068
13
#166138
03
#166153
18
#166163
04
#166176
10
#166185
#166194
0:
#166210
15
#166220
02
#166233
1=
#166244
#166279
0,
#166295
17
#166305
0&
#166321
13
#166391
#166400
07
#166416
1:
#166426
03
#166442
16
#166452
08
#166465
1,
#166477
#166489
0,
#166505
17
#166515
00
#166531
13
#166548
09
#166564
1,
#166576
#166604
0,
#166620
10
#166631
07
#166647
19
#166657
06
#166673
14
#166691
09
#166707
1,
#166718
#166745
#166773
1!
#166774
0!
#166779
#166792
#166805
#166821
00
#166837
17
#166846
#166857
#166883
#166895
#166908
0-
#166924
16
#166948
0:
#166964
19
#166975
03
#166991
1;
#167001
06
#167017
10
#167028
09
#167044
1-
#167174
0-
#167189
1:
#167201
#167212
0=
#167225
13
#167249
03
#167265
16
#167275
0:
#167291
19
#167302
#167316
#167328
06
#167344
1-
#167354
04
#167370
13
#167395
#167409
#167421
03
#167436
1:
#167475
00
#167490
16
#167502
#167516
1!
#167517
0!
#167522
#167541
05
#167555
14
#167565
0-
#167581
13
#167591
07
#167607
10
#167618
04
#167634
1-
#167765
0,
#167778
17
#167788
0;
#167802
14
#167813
#167847
09
#167863
1/
#167874
07
#167890
19
#167899
#167909
04
#167925
17
#167941
#167951
#167978
00
#167994
14
#168018
09
#168034
10
#168045
#168079
07
#168095
19
#168107
#168135
#168148
09
#168164
1<
#168175
#168203
#168214
0-
#168230
17
#168291
#168300
#168308
#168317
#168341
#168353
#168365
#168375
04
#168392
1.
#168409
00
#168425
19
#168510
#168537
#168546
06
#168560
11
#168570
0/
#168586
1-
#168596
#168606
#168625
0-
#168641
14
#168659
#168670
04
#168686
10
#168704
#168718
#168747
1!
#168748
0!
#168752
#168766
#168777
00
#168793
12
#168803
0:
#168819
1/
#168836
#168845
03
#168861
1-
#168931
#168940
0-
#168956
14
#168966
0.
#168982
18
#168992
01
#169006
10
#169029
0/
#169046
1:
#169063
00
#169079
13
#169149
0:
#169165
1-
#169174
#169184
02
#169197
1.
#169268
0<
#169283
1/
#169294
0.
#169309
10
#169320
03
#169335
1:
#169345
#169362
04
#169377
1<
#169401
0/
#169417
1.
#169435
0<
#169451
13
#169522
1!
#169523
0!
#169528
#169542
#169553
0.
#169569
14
#169579
0:
#169594
1/
#169611
09
#169625
1<
#169709
03
#169724
1.
#169742
07
#169755
1:
#169772
0<
#169788
13
#169880
#169916
#170003
00
#170018
1<
#170029
#170056
08
#170069
15
#170088
#170188
0/
#170203
10
#170214
#170243
#170303
0.
#170319
1=
#170329
04
#170345
1/
#170356
#170381
#170391
#170403
#170468
#170480
0<
#170496
1.
#170506
#170516
1!
#170517
0!
#170522
#170534
00
#170551
14
#170560
#170651
#170662
0=
#170678
1<
#170688
04
#170702
10
#170712
0:
#170728
1=
#170738
0.
#170755
1:
#170765
00
#170781
1.
#170791
0=
#170807
10
#170818
0<
#170834
1=
#170844
0.
#170860
1<
#170871
0:
#170887
1.
#170919
#170946
0=
#170962
1:
#170973
#171001
#171011
#171020
#171029
0-
#171045
1,
#171057
#171067
#171076
0:
#171092
1=
#171110
05
#171126
1;
#171209
#171253
0,
#171266
1-
#171284
0-
#171300
1:
#171566
#171595
0<
#171609
15
#171620
00
#171632
1-
#171642
0;
#171655
14
#171666
1!
#171667
0!
#171672
#171685
05
#171700
1<
#171711
#171723
03
#171736
15
#171746
0/
#171762
1/
#171772
0-
#171788
1-
#171813
#171843
#171870
0=
#171886
16
#171904
#171923
#171941
0.
#171958
1=
#171975
04
#171991
1.
#172009
05
#172025
14
#172036
#172066
#172144
0/
#172160
15
#172170
0-
#172186
13
#172203
0:
#172217
1/
#172227
0.
#172243
1-
#172260
#172329
0/
#172345
1.
#172355
0-
#172371
1/
#172402
06
#172416
1-
#172426
0.
#172442
1.
#172452
#172462
#172498
#172526
04
#172542
1:
#172552
0=
#172568
11
#172580
1!
#172581
0!
#172585
#172605
0-
#172621
14
#172632
#172643
#172660
#172671
04
#172687
1=
#172697
#172855
01
#172868
1-
#172878
0:
#172892
14
#172969
0<
#172985
1<
#173062
05
#173076
1*
#173087
0/
#173101
1'
#173112
0<
#173127
1<
#173138
#173167
0<
#173182
12
#173260
0=
#173274
1<
#173284
#173301
#173318
#173328
03
#173340
1=
#173358
#173388
02
#173403
1:
#173413
0=
#173428
12
#173440
#173466
02
#173481
1=
#173634
#173660
#173687
0.
#173701
12
#173712
0-
#173724
18
#173734
0:
#173747
15
#173758
#173769
02
#173784
1.
#173795
0'
#173811
12
#173821
0.
#173837
1.
#173860
0.
#173876
1.
#173887
#173914
#173941
#173968
#173995
#174004
#174013
02
#174029
19
#174039
#174049
#174059
#174082
09
#174098
17
#174109
#174195
0.
#174210
13
#174221
1!
#174222
0!
#174227
#174241
#174252
07
#174266
12
#174336
02
#174351
19
#174362
0*
#174377
1.
#174388
04
#174401
12
#174418
#174427
02
#174443
12
#174454
#174482
#174492
09
#174508
1:
#174518
05
#174534
19
#174552
#174572
1!
#174573
0!
#174578
#174591
#174619
09
#174635
15
#174645
0.
#174661
1,
#174673
#174683
0<
#174700
19
#174710
0=
#174726
1.
#174736
08
#174753
1<
#174791
0<
#174807
1=
#174817
0.
#174833
18
#174911
0=
#174926
1<
#175004
09
#175017
1.
#175027
0<
#175043
1=
#175053
03
#175067
1<
#175078
#175106
#175115
0:
#175132
19
#175141
#175157
05
#175174
1:
#175185
#175203
0:
#175220
15
#175237
05
#175254
1:
#175264
08
#175280
15
#175364
02
#175378
18
#175389
#175426
1!
#175427
0!
#175431
#175495
08
#175511
1;
#175521
0:
#175537
18
#175547
#175571
0=
#175587
1:
#175604
#175694
0.
#175708
1=
#175719
#175761
#175778
#175788
05
#175804
10
#175815
#175916
#175925
0=
#175939
15
#175955
#175964
05
#175981
16
#175992
#176002
#176012
#176042
#176060
0:
#176076
15
#176086
09
#176102
13
#176112
0;
#176129
1:
#176139
05
#176155
19
#176173
#176266
09
#176282
1;
#176292
0:
#176308
15
#176507
1!
#176508
0!
#176513
#176525
00
#176537
19
#176615
0,
#176627
1:
#176637
09
#176652
19
#176663
0<
#176676
1)
#176693
06
#176707
1%
#176718
#176755
0:
#176770
1.
#176781
#176809
0)
#176825
1:
#176835
03
#176850
11
#176861
#176874
#176885
0%
#176901
13
#176926
#176954
03
#176970
1=
#176980
0;
#176996
13
#177007
#177019
01
#177035
1;
#177045
05
#177061
11
#177078
03
#177094
15
#177111
08
#177124
13
#177134
#177210
01
#177226
11
#177242
#177252
05
#177267
15
#177352
0=
#177366
1#
#177376
01
#177391
11
#177402
0.
#177416
1(
#177434
05
#177449
15
#177460
#177553
#177562
0#
#177578
1/
#177589
#177601
#177631
0;
#177647
18
#177665
#177691
0:
#177707
1;
#177718
#177801
09
#177817
1-
#177828
#177857
#177874
#177884
#177896
08
#177912
1:
#177989
0:
#178004
19
#178015
#178043
09
#178059
1=
#178070
#178083
1!
#178084
0!
#178089
#178108
0;
#178123
18
#178134
#178148
08
#178163
1:
#178174
#178186
01
#178201
1.
#178212
0(
#178227
19
#178251
09
#178267
1;
#178278
#178342
0;
#178358
18
#178367
#178377
0-
#178390
11
#178400
0/
#178417
19
#178427
0=
#178443
1;
#178453
01
#178470
1/
#178481
#178492
#178501
0:
#178517
1=
#178529
1!
#178530
0!
#178535
#178582
0;
#178598
11
#178609
#178622
01
#178639
1:
#178649
0.
#178665
1;
#178675
08
#178692
11
#178716
0/
#178732
1.
#178744
#178829
#178908
#178918
#178934
05
#178951
18
#178961
0=
#178977
1/
#178987
#178995
#179005
0.
#179021
17
#179039
#179067
#179080
#179090
#179100
#179132
#179160
0/
#179176
14
#179237
0:
#179253
15
#179264
#179277
#179286
09
#179302
1=
#179313
#179324
#179332
#179341
03
#179358
1.
#179368
05
#179384
12
#179400
#179410
04
#179426
1,
#179517
1!
#179518
0!
#179523
#179536
07
#179549
1/
#179559
0=
#179576
1:
#179667
0,
#179680
19
#179773
#179785
09
#179801
13
#179811
0.
#179827
15
#179897
02
#179910
14
#179920
0;
#179934
1=
#180005
04
#180020
19
#180037
01
#180051
1.
#180061
05
#180077
14
#180095
09
#180111
15
#180122
#180164
#180191
04
#180207
19
#180224
#180241
#180255
#180282
0/
#180299
10
#180309
0:
#180325
16
#180335
#180343
#180354
#180365
#180426
#180436
00
#180452
14
#180462
06
#180478
1<
#180490
#180521
08
#180537
1/
#180547
03
#180563
1:
#180641
0<
#180655
10
#180665
0/
#180681
16
#180692
0:
#180708
18
#180718
00
#180734
13
#180744
06
#180761
1/
#180771
08
#180787
1:
#180915
0/
#180931
10
#180949
00
#180964
16
#181041
#181050
0=
#181063
18
#181074
09
#181087
1/
#181099
#181110
03
#181127
10
#181137
08
#181153
13
#181177
06
#181193
18
#181226
#181291
#181303
04
#181319
16
#181492
#181521
#181534
1!
#181535
0!
#181540
#181561
1!
#181562
0!
#181567
#181586
00
#181599
14
#181677
04
#181692
14
#181702
0:
#181717
1$
#181727
04
#181743
14
#181753
05
#181769
15
#181786
08
#181802
18
#181813
#181842
08
#181857
1-
#181868
0$
#181884
18
#181894
#181904
#181915
08
#181931
18
#181949
#182035
03
#182051
10
#182062
#182091
#182102
#182112
#182145
#182175
#182184
0-
#182200
13
#182210
#182368
#182404
06
#182417
17
#182428
#182439
05
#182453
1,
#182464
1!
#182465
0!
#182470
#182482
#182492
#182503
00
#182519
1-
#182544
0,
#182560
1:
#182571
0-
#182587
10
#182596
#182733
#182752
00
#182767
1,
#182845
0.
#182858
1-
#182929
07
#182941
10
#182952
0,
#182967
1,
#182977
0/
#182991
1&
#183002
00
#183017
10
#183027
0,
#183042
1,
#183059
0-
#183075
1-
#183086
#183122
0&
#183137
12
#183147
#183156
04
#183171
1'
#183189
#183200
#183283
03
#183298
13
#183309
08
#183324
18
#183348
0-
#183363
1*
#183373
03
#183389
13
#183399
08
#183414
18
#183425
#183462
0'
#183478
16
#183495
08
#183511
18
#183522
#183535
1!
#183536
0!
#183541
#183568
#183598
02
#183614
15
#183736
#183769
0*
#183785
12
#183795
#183805
#183824
02
#183840
1;
#183863
#183941
#184026
08
#184038
12
#184049
0;
#184064
1;
#184074
06
#184088
1)
#184099
02
#184114
12
#184124
0;
#184139
1;
#184157
0;
#184172
1;
#184257
03
#184272
1%
#184349
0:
#184364
1:
#184374
0,
#184388
1,
#184406
0:
#184420
1:
#184430
0,
#184444
1,
#184456
#184486
00
#184498
1-
#184508
02
#184523
1#
#184533
0:
#184548
1:
#184558
0,
#184573
1,
#184590
0%
#184608
1(
#184619
#184654
#184664
#184693
1!
#184694
0!
#184699
#184711
0(
#184727
11
#184737
0#
#184753
1<
#184764
#184777
#184787
#184796
#184813
#184823
#184833
#184863
05
#184879
18
#184897
#184937
0<
#184952
15
#185031
#185119
08
#185132
1<
#185142
0:
#185155
16
#185173
0<
#185189
1<
#185199
0;
#185215
1;
#185225
0-
#185241
1-
#185251
05
#185267
15
#185278
#185350
0<
#185365
1<
#185383
0)
#185399
1$
#185409
01
#185425
11
#185436
#185466
0,
#185479
12
#185489
0;
#185505
1;
#185522
01
#185538
11
#185549
1!
#185550
0!
#185555
#185568
01
#185583
11
#185594
0$
#185611
1&
#185628
05
#185643
15
#185654
06
#185669
16
#185681
#185714
0;
#185729
1;
#185807
06
#185822
16
#185832
01
#185847
1'
#185857
06
#185872
16
#185884
#185913
#185950
#185962
0'
#185978
19
#185987
#186003
02
#186019
18
#186029
0&
#186046
12
#186055
#186072
#186084
#186113
02
#186129
11
#186147
#186175
#186187
0<
#186203
12
#186221
#186248
09
#186264
1=
#186276
#186286
#186302
05
#186318
1<
#186329
#186342
#186351
02
#186367
14
#186378
08
#186394
19
#186456
#186473
#186481
#186492
#186503
0<
#186520
15
#186531
1!
#186532
0!
#186537
#186549
04
#186566
12
#186583
09
#186599
18
#186617
08
#186633
1<
#186657
0<
#186673
14
#186691
#186718
0-
#186734
19
#186745
#186759
04
#186775
18
#186785
01
#186801
1<
#186863
#186874
#186890
09
#186906
1.
#186917
#186945
#186956
05
#186972
1-
#186983
0;
#186999
14
#187069
04
#187085
11
#187095
0-
#187111
19
#187121
06
#187134
17
#187145
08
#187161
15
#187171
#187186
#187209
05
#187225
1;
#187241
#187371
#187383
07
#187396
14
#187407
0;
#187422
1-
#187433
01
#187448
18
#187495
#187574
#187587
0=
#187603
15
#187620
09
#187635
1;
#187647
#187658
#187668
1!
#187669
0!
#187674
#187688
#187698
0.
#187712
11
#187782
0;
#187798
1/
#187808
#187905
0/
#187918
1=
#187929
0<
#187942
19
#188020
0=
#188035
1;
#188047
#188060
0-
#188073
1=
#188084
09
#188100
19
#188111
#188138
02
#188154
10
#188165
04
#188181
12
#188191
01
#188207
14
#188218
0=
#188234
11
#188252
#188264
#188276
02
#188292
1=
#188309
09
#188325
12
#188349
00
#188365
19
#188375
04
#188392
10
#188402
02
#188418
14
#188437
#188463
#188480
#188493
#188510
1!
#188511
0!
#188516
#188528
04
#188544
12
#188555
05
#188571
13
#188582
#188602
#188620
03
#188636
14
#188654
#188681
00
#188698
15
#188709
#188824
0;
#188840
13
#188849
#188858
#188873
#188883
#188912
#188923
05
#188940
1:
#188964
03
#188980
10
#188991
#189002
00
#189018
1;
#189110
#189120
#189136
02
#189150
1,
#189159
#189169
#189204
#189280
0=
#189296
15
#189314
05
#189329
13
#189347
0;
#189363
10
#189373
01
#189389
12
#189459
0:
#189472
1=
#189489
08
#189505
15
#189515
03
#189531
1;
#189543
1!
#189544
0!
#189548
#189561
0=
#189577
11
#189647
0;
#189662
18
#189674
#189754
#189781
09
#189794
13
#189804
01
#189819
1=
#189830
0,
#189843
1;
#189853
04
#189867
16
#189884
08
#189900
11
#189993
#190021
#190030
02
#190046
18
#190063
#190072
08
#190088
12
#190106
#190119
#190137
05
#190153
18
#190164
#190177
0=
#190193
15
#190204
03
#190220
1=
#190244
00
#190260
13
#190271
#190349
03
#190365
10
#190376
01
#190392
17
#190403
#190416
#190427
02
#190443
13
#190460
07
#190476
11
#190487
03
#190503
12
#190521
#190549
#190576
05
#190592
17
#190603
#190616
1!
#190617
0!
#190622
#190634
#190651
#190663
#190676
00
#190692
13
#190702
02
#190719
1.
#190729
01
#190745
15
#190755
#190778
#190797
06
#190813
10
#190824
#190852
#190863
00
#190880
12
#190889
#190898
05
#190915
11
#190992
0;
#191007
16
#191019
#191031
#191040
01
#191056
1<
#191066
#191075
08
#191091
10
#191101
07
#191117
15
#191126
#191150
#191162
06
#191178
1;
#191189
#191217
#191235
0;
#191250
11
#191260
#191276
0.
#191290
18
#191300
01
#191316
17
#191334
0<
#191350
16
#191360
00
#191377
1/
#191448
1!
#191449
0!
#191454
#191467
#191480
#191489
08
#191505
1;
#191515
07
#191531
11
#191541
05
#191557
1<
#191567
03
#191580
10
#191591
06
#191607
18
#191639
#191724
#191742
0;
#191758
17
#191776
0<
#191792
15
#191802
02
#191818
16
#191888
#191898
#191925
08
#191941
1-
#191966
#191977
#191987
#192006
0=
#192019
1;
#192030
05
#192046
1<
#192055
#192071
#192080
0-
#192096
12
#192275
0<
#192291
1:
#192302
#192442
06
#192457
18
#192474
01
#192486
15
#192512
#192591
02
#192606
1-
#192617
#192630
07
#192645
1<
#192656
0:
#192669
16
#192679
05
#192695
12
#192705
0/
#192719
17
#192729
0;
#192745
15
#192755
06
#192772
1;
#192782
02
#192798
16
#192808
0-
#192824
12
#192842
06
#192858
1-
#192869
#192955
1!
#192956
0!
#192961
#192973
0-
#192989
16
#192999
#193009
#193020
#193044
#193058
#193085
0<
#193102
19
#193113
#193124
#193153
#193163
#193177
#193204
0;
#193221
1-
#193239
#193251
#193269
#193282
#193300
00
#193317
14
#193334
09
#193350
1<
#193368
#193389
08
#193405
1,
#193475
07
#193491
1;
#193501
02
#193517
10
#193528
1!
#193529
0!
#193534
#193546
00
#193562
19
#193572
0<
#193588
18
#193598
#193607
0;
#193623
17
#193683
#193693
08
#193708
12
#193720
#193731
07
#193747
10
#193780
#193920
04
#193933
1<
#193943
09
#193958
1;
#193969
0-
#193984
18
#193994
06
#194007
17
#194078
0<
#194093
19
#194110
02
#194126
1-
#194137
#194164
08
#194179
1<
#194190
0,
#194203
12
#194213
09
#194229
1.
#194239
07
#194255
18
#194265
02
#194281
19
#194292
#194303
0-
#194319
17
#194336
0.
#194352
12
#194363
#194396
#194431
#194445
#194457
09
#194472
1-
#194484
#194510
#194526
0-
#194542
1.
#194552
#194560
#194569
#194578
0.
#194594
13
#194603
#194619
#194629
#194643
#194668
08
#194683
19
#194695
#194705
09
#194721
1=
#194746
0<
#194762
1-
#194773
#194800
00
#194816
1.
#194878
1!
#194879
0!
#194884
#194897
#194907
#194917
0.
#194932
18
#194943
05
#194956
19
#194973
#194982
08
#194998
1<
#195009
09
#195025
1/
#195036
#195064
#195082
03
#195098
10
#195167
#195190
#195200
0;
#195215
1.
#195226
0/
#195239
18
#195250
#195262
08
#195278
19
#195310
0<
#195326
11
#195337
#195425
#195460
#195471
#195480
02
#195494
13
#195503
#195513
#195524
03
#195540
1;
#195558
0-
#195574
18
#195584
0=
#195600
1<
#195617
00
#195633
1:
#195645
#195658
0;
#195674
13
#195758
07
#195771
1-
#195782
0.
#195798
1=
#195809
1!
#195810
0!
#195815
#195903
#195930
0<
#195946
10
#195956
0-
#195972
1;
#195982
0:
#195996
1.
#196006
03
#196022
14
#196083
0.
#196099
1<
#196160
0=
#196177
1-
#196193
#196203
#196215
0-
#196231
13
#196241
0;
#196258
1.
#196268
00
#196284
1=
#196308
0=
#196324
1-
#196343
#196362
#196375
0.
#196391
1;
#196459
01
#196475
10
#196546
#196566
1!
#196567
0!
#196572
#196590
#196695
0<
#196711
1=
#196722
#196751
04
#196764
1.
#196774
03
#196790
11
#196801
#196813
0-
#196829
1<
#196853
01
#196869
13
#196881
#196915
00
#196931
1-
#196942
#196956
#197019
0;
#197035
11
#197096
01
#197112
15
#197130
0<
#197146
10
#197157
#197175
05
#197192
1;
#197203
#197222
#197232
#197310
03
#197326
11
#197336
#197352
0;
#197368
1<
#197379
#197391
0<
#197407
15
#197418
0-
#197434
16
#197445
#197471
1!
#197472
0!
#197477
#197549
09
#197565
13
#197574
#197584
08
#197597
1;
#197607
#197617
#197630
0;
#197646
1<
#197663
01
#197680
1-
#197690
05
#197706
19
#197723
0-
#197739
1;
#197750
09
#197766
11
#197783
03
#197799
15
#197810
#197895
05
#197911
1-
#197921
#197931
#197943
#197956
#197983
01
#197999
19
#198016
0-
#198032
13
#198043
#198054
#198077
00
#198093
1,
#198164
#198190
#198200
#198218
06
#198232
15
#198241
#198257
#198273
#198497
0<
#198510
1/
#198520
03
#198534
11
#198551
0,
#198566
1-
#198577
01
#198592
10
#198610
#198640
#198668
0=
#198683
12
#198694
0.
#198709
1,
#198771
#198782
#198791
0,
#198807
11
#198823
#198832
02
#198849
17
#198888
#198916
#198927
09
#198943
1=
#199072
#199081
0;
#199097
1.
#199107
05
#199122
1,
#199133
0-
#199146
12
#199156
07
#199169
1:
#199179
#199188
0.
#199205
19
#199215
0=
#199231
1;
#199249
1!
#199250
0!
#199255
#199341
00
#199357
15
#199367
02
#199383
1.
#199468
0.
#199483
1=
#199493
0:
#199507
10
#199518
#199530
00
#199545
12
#199616
0/
#199629
1.
#199639
0=
#199655
10
#199672
01
#199686
1=
#199792
#199820
#199849
0;
#199865
14
#199875
09
#199891
1;
#199902
0,
#199918
19
#199929
#199941
1!
#199942
0!
#199947
#199960
0;
#199976
1,
#199986
09
#200002
1;
#200014
#200032
04
#200048
19
#200072
0.
#200088
14
#200106
09
#200122
1.
#200134
#200148
#200248
#200277
0.
#200294
19
#200355
05
#200371
1.
#200381
00
#200397
15
#200408
02
#200424
10
#200435
#200447
04
#200463
12
#200473
05
#200490
14
#200500
00
#200516
15
#200533
04
#200549
10
#200560
05
#200576
14
#200585
#200609
00
#200625
15
#200703
#200791
#200819
#200830
#200839
0,
#200856
10
#200866
0.
#200882
18
#200914
#200999
#201034
#201045
08
#201061
1,
#201071
02
#201085
1.
#201094
#201111
#201121
#201147
#201230
0=
#201246
16
#201256
#201266
#201276
#201360
04
#201373
18
#201383
0,
#201397
1<
#201406
#201424
1!
#201425
0!
#201430
#201449
0.
#201466
1=
#201476
08
#201492
1.
#201637
0.
#201652
18
#201662
06
#201677
1.
#201762
05
#201774
16
#201786
#201813
08
#201828
13
#201838
06
#201854
18
#201863
#201874
#201892
03
#201907
16
#201917
#201993
00
#202006
13
#202024
03
#202039
13
#202049
09
#202063
1*
#202075
1!
#202076
0!
#202081
#202093
0<
#202108
1%
#202118
0=
#202133
1=
#202211
03
#202226
13
#202243
0=
#202257
1=
#202275
0.
#202290
1(
#202301
#202382
06
#202397
12
#202407
0*
#202422
16
#202433
0;
#202448
1;
#202459
#202472
1!
#202473
0!
#202478
#202512
#202543
#202562
08
#202578
14
#202602
0;
#202617
18
#202641
08
#202657
1;
#202675
#202705
0(
#202720
18
#202782
02
#202797
1,
#202808
08
#202823
12
#202835
#202920
02
#202935
18
#203013
04
#203025
12
#203036
03
#203050
1#
#203061
02
#203076
12
#203168
#203197
#203223
0,
#203235
1-
#203245
#203261
0#
#203277
17
#203288
#203317
#203327
#203337
#203348
06
#203364
14
#203374
0;
#203390
16
#203408
1!
#203409
0!
#203414
#203427
0%
#203443
1;
#203462
#203473
06
#203489
16
#203573
#203583
07
#203598
17
#203609
06
#203624
16
#203635
#203662
#203678
0=
#203691
1:
#203702
07
#203718
17
#203729
#203747
07
#203763
17
#203774
#203810
04
#203826
13
#203837
#203931
#203960
03
#203973
14
#203990
07
#204007
1,
#204017
04
#204033
17
#204044
#204057
#204084
#204093
0:
#204109
14
#204119
#204129
#204147
04
#204163
1/
#204173
02
#204189
1:
#204200
0-
#204216
14
#204374
0:
#204389
12
#204400
08
#204413
1-
#204424
#204502
02
#204518
1:
#204527
#204537
0-
#204552
11
#204563
#204593
#204604
0:
#204620
12
#204630
0,
#204646
1-
#204655
#204665
02
#204680
1=
#204691
01
#204706
1:
#204724
0-
#204739
1,
#204757
0,
#204773
12
#204783
07
#204799
11
#204810
#204842
#204912
0;
#204925
1-
#205151
0/
#205163
1,
#205174
#205203
0,
#205218
17
#205228
0:
#205241
13
#205251
0=
#205267
1,
#205278
#205290
02
#205303
1=
#205313
01
#205329
11
#205340
1!
#205341
0!
#205346
#205359
04
#205373
1)
#205383
#205392
0=
#205407
1=
#205418
01
#205433
11
#205457
0=
#205473
1=
#205491
07
#205507
17
#205525
1!
#205526
0!
#205531
#205551
#205639
0)
#205655
1:
#205665
03
#205681
13
#205693
#205705
#205888
0-
#205901
1<
#205911
01
#205926
1$
#205944
#205964
#206044
#206071
#206082
0<
#206098
19
#206108
#206116
#206127
#206137
#206145
#206191
#206279
0:
#206294
15
#206304
03
#206320
1<
#206330
0,
#206343
12
#206353
#206362
0$
#206378
1:
#206388
#206397
06
#206413
13
#206431
0:
#206447
16
#206465
06
#206481
1:
#206492
1!
#206493
0!
#206498
#206510
0:
#206527
16
#206597
09
#206613
1:
#206623
03
#206639
19
#206709
09
#206725
13
#206742
07
#206755
19
#206766
#206785
09
#206801
19
#206818
0<
#206833
1<
#206844
0=
#206858
1'
#206929
0<
#206944
1<
#206954
06
#206969
16
#207001
05
#207015
1&
#207108
09
#207122
1*
#207208
#207244
#207254
#207283
#207362
0<
#207374
10
#207384
0'
#207400
1.
#207410
02
#207425
1-
#207435
#207443
#207453
0&
#207468
12
#207480
1!
#207481
0!
#207486
#207498
#207507
02
#207522
12
#207541
#207552
#207563
02
#207579
12
#207589
0.
#207605
1.
#207615
0*
#207632
1(
#207644
#207744
#207774
#207785
0(
#207801
18
#207824
06
#207839
1#
#207916
0:
#207931
1:
#207942
#207972
#207981
03
#207996
11
#208007
0:
#208022
13
#208093
00
#208105
1:
#208115
0.
#208131
1.
#208142
#208153
#208162
0#
#208179
1%
#208196
03
#208211
13
#208222
08
#208236
1)
#208254
#208292
0%
#208308
19
#208318
01
#208334
11
#208344
03
#208359
13
#208370
0-
#208385
1-
#208397
#208409
0:
#208424
1:
#208435
0.
#208450
1.
#208475
#208505
01
#208521
1<
#208532
#208544
0-
#208560
11
#208632
1!
#208633
0!
#208637
#208657
0)
#208672
1-
#208690
02
#208704
1$
#208721
0-
#208737
1-
#208889
0<
#208903
1'
#208914
0:
#208928
1&
#208945
09
#208960
19
#208971
#209008
0&
#209024
16
#209034
03
#209049
13
#209061
#209080
09
#209095
19
#209106
#209202
#209211
01
#209226
1;
#209236
0.
#209249
11
#209259
09
#209274
19
#209285
0$
#209302
1*
#209320
#209332
#209369
0;
#209384
1<
#209394
06
#209410
1;
#209420
0*
#209436
16
#209447
#209460
#209488
0;
#209504
14
#209521
#209531
#209558
1!
#209559
0!
#209564
#209576
#209585
0'
#209602
1;
#209611
#209621
03
#209637
1/
#209654
0;
#209670
13
#209681
#209692
#209708
03
#209724
1;
#209734
0/
#209750
13
#209768
#209787
#209816
06
#209832
1/
#209842
09
#209858
1:
#209869
0<
#209885
16
#209895
0/
#209911
19
#209928
#209938
#209951
#209978
09
#209994
1<
#210076
#210104
#210114
#210125
0<
#210141
1/
#210167
#210179
0-
#210195
1,
#210205
06
#210221
19
#210232
0:
#210248
1.
#210264
#210280
09
#210296
1<
#210367
#210441
0<
#210456
1-
#210466
0/
#210481
16
#210499
0,
#210512
1:
#210522
0-
#210538
19
#210623
0:
#210638
1<
#210649
#210668
04
#210681
1/
#210691
01
#210705
1-
#210723
1!
#210724
0!
#210729
#210741
0-
#210757
1:
#210769
#210871
#210957
09
#210973
1-
#210984
#211011
0.
#211027
1=
#211045
0;
#211061
19
#211072
#211084
09
#211100
17
#211111
#211121
#211139
#211150
#211164
03
#211180
1.
#211190
0:
#211206
1;
#211231
#211250
0;
#211266
19
#211277
07
#211293
13
#211303
#211378
#211454
0-
#211467
1:
#211478
03
#211493
1;
#211518
0/
#211534
17
#211545
1!
#211546
0!
#211551
#211631
07
#211646
13
#211656
09
#211671
1/
#211682
0<
#211695
17
#211706
#211732
#211742
03
#211757
19
#211768
0=
#211781
15
#211792
0;
#211808
13
#211818
07
#211834
1;
#211844
#211868
#211904
#211931
0/
#211947
17
#211959
#211970
#211978
#211995
#212013
0.
#212029
1-
#212039
05
#212056
10
#212074
#212088
#212114
#212124
#212136
#212148
03
#212164
1/
#212189
#212214
00
#212231
1.
#212242
#212269
#212278
0.
#212295
15
#212305
0:
#212321
18
#212331
0-
#212348
13
#212468
#212544
0/
#212559
10
#212630
06
#212642
1.
#212653
09
#212666
1:
#212677
#212689
05
#212705
1-
#212716
1!
#212717
0!
#212722
#212734
03
#212750
1/
#212760
0.
#212776
15
#212786
00
#212802
13
#212812
0:
#212828
1.
#212860
08
#212873
10
#212883
05
#212900
1:
#212918
#212996
0:
#213012
15
#213022
00
#213038
12
#213049
#213091
#213105
#213116
#213126
07
#213142
1:
#213152
0-
#213168
10
#213185
#213194
03
#213210
11
#213221
#213235
#213253
05
#213269
17
#213281
#213292
02
#213309
1-
#213333
#213352
#213366
#213378
00
#213394
13
#213411
#213428
1!
#213429
0!
#213434
#213445
#213455
07
#213471
15
#213481
0.
#213497
12
#213508
#213528
02
#213545
10
#213562
00
#213579
17
#213589
0:
#213605
1.
#213682
0-
#213698
12
#213708
0.
#213724
10
#213794
00
#213810
1:
#213827
0;
#213840
1-
#213850
05
#213866
1.
#213876
07
#213892
10
#213902
0:
#213918
15
#213936
#214015
#214042
0/
#214056
17
#214072
#214082
05
#214098
1:
#214109
#214136
02
#214152
1,
#214162
#214171
0:
#214187
14
#214198
0.
#214214
15
#214225
#214237
#214254
#214264
#214299
#214311
#214322
04
#214338
1=
#214348
#214357
0,
#214373
12
#214384
00
#214400
1:
#214409
#214419
01
#214435
1.
#214453
1!
#214454
0!
#214459
#214486
#214514
#214540
#214552
#214579
#214595
#214604
#214612
#214622
#214639
#214649
03
#214665
1<
#214763
0-
#214777
14
#214913
04
#214929
1,
#214939
02
#214952
10
#214962
05
#214976
11
#214994
01
#215010
16
#215020
00
#215036
19
#215047
0=
#215063
13
#215140
03
#215155
14
#215239
0:
#215252
11
#215262
04
#215278
10
#215349
01
#215364
1=
#215374
00
#215389
13
#215400
0<
#215413
14
#215423
06
#215437
11
#215447
0=
#215463
10
#215473
03
#215490
1=
#215522
#215550
#215560
#215572
0=
#215588
13
#215599
0,
#215615
12
#215646
#215721
#215732
09
#215746
1=
#215831
#215861
1!
#215862
0!
#215867
#215886
01
#215902
1,
#215912
00
#215928
11
#215938
#215948
#215960
0,
#215976
10
#215987
01
#216003
1,
#216109
07
#216123
11
#216214
01
#216230
11
#216240
04
#216256
14
#216266
0.
#216282
1.
#216373
03
#216387
1(
#216465
0.
#216479
1.
#216491
#216519
04
#216532
18
#216543
1!
#216544
0!
#216549
#216561
#216571
#216600
#216611
0.
#216627
1.
#216637
#216653
02
#216668
12
#216680
#216691
02
#216707
12
#216725
#216758
02
#216774
1/
#216784
#216794
#216823
#216840
0=
#216856
12
#216866
00
#216882
13
#216960
#216972
0,
#216988
1=
#216998
0/
#217011
10
#217021
0(
#217037
1,
#217048
00
#217064
10
#217089
#217189
#217198
08
#217214
1;
#217225
0,
#217238
18
#217249
#217260
#217269
01
#217285
11
#217295
#217305
#217333
0;
#217349
14
#217368
#217395
01
#217411
1;
#217427
#217438
#217448
03
#217465
1-
#217475
08
#217491
11
#217501
02
#217518
13
#217529
#217541
0=
#217557
18
#217566
#217582
01
#217599
12
#217676
02
#217692
1=
#217709
03
#217724
11
#217749
0-
#217763
12
#217773
08
#217789
13
#217807
03
#217823
18
#217834
#217870
04
#217887
13
#217957
02
#217973
1,
#217990
0;
#218006
14
#218016
00
#218030
12
#218092
#218111
#218139
1!
#218140
0!
#218145
#218158
04
#218174
1;
#218198
#218281
0=
#218297
15
#218306
#218315
0;
#218331
14
#218342
#218372
#218383
08
#218399
1=
#218418
#218450
0,
#218467
1;
#218538
#218558
03
#218572
18
#218634
#218661
05
#218677
1,
#218694
02
#218710
1:
#218721
#218733
#218758
1!
#218759
0!
#218763
#218827
0,
#218843
15
#218921
#218938
#218948
08
#218961
12
#218972
0.
#218988
1,
#218998
04
#219014
1.
#219031
05
#219048
14
#219058
0.
#219074
15
#219085
#219128
0,
#219144
1.
#219156
#219183
02
#219199
18
#219210
#219221
05
#219237
1,
#219249
#219260
0;
#219277
16
#219361
0.
#219376
12
#219387
#219451
0=
#219465
15
#219475
#219485
1!
#219486
0!
#219491
#219509
#219520
#219532
02
#219548
1;
#219594
#219658
0;
#219674
1.
#219685
08
#219701
12
#219712
#219739
0:
#219755
1;
#219773
01
#219789
18
#219800
#219811
#219827
#219837
#219916
#219987
#220014
0.
#220030
1<
#220040
04
#220054
1:
#220065
#220083
0:
#220099
11
#220109
0<
#220126
19
#220137
#220148
#220164
01
#220180
1.
#220197
#220214
0;
#220230
1:
#220241
#220254
08
#220270
1<
#220341
06
#220356
11
#220427
0:
#220442
1;
#220452
05
#220468
18
#220478
0,
#220491
16
#220508
0<
#220524
1:
#220535
#220569
01
#220585
15
#220596
#220608
05
#220624
1<
#220634
0.
#220650
17
#220660
06
#220676
11
#220693
08
#220709
15
#220720
#220738
05
#220753
1.
#220764
07
#220779
16
#220791
#220804
06
#220819
18
#220830
0<
#220845
15
#220856
0:
#220871
17
#220882
0.
#220897
16
#220922
#220957
#220985
#220996
07
#221012
1<
#221022
#221031
02
#221047
1:
#221057
09
#221070
1.
#221094
#221104
#221115
#221213
1!
#221214
0!
#221219
#221233
#221263
#221281
#221308
#221317
05
#221333
1/
#221343
06
#221359
1-
#221369
#221377
#221386
#221395
0:
#221411
17
#221423
#221433
#221450
#221477
0-
#221493
12
#221512
1!
#221513
0!
#221517
#221538
#221549
0<
#221565
10
#221575
0;
#221591
15
#221608
02
#221624
16
#221643
#221662
05
#221678
1:
#221755
07
#221770
13
#221841
#221921
06
#221936
1-
#221946
08
#221959
1<
#221969
00
#221982
1;
#222052
#222061
0;
#222076
12
#222094
02
#222109
15
#222120
0/
#222133
17
#222143
0-
#222159
16
#222168
#222252
#222264
0<
#222280
1;
#222290
01
#222303
12
#222342
0:
#222358
1-
#222369
#222382
05
#222398
1<
#222408
06
#222424
1:
#222434
07
#222450
15
#222460
0;
#222476
16
#222502
1!
#222503
0!
#222507
#222633
#222660
03
#222673
17
#222683
0-
#222699
1;
#222716
07
#222732
1=
#222743
#222754
#222763
06
#222779
1-
#222789
0<
#222805
17
#222822
#222839
#222856
0.
#222870
16
#222901
0=
#222917
1<
#222928
07
#222944
1=
#223022
#223037
#223064
05
#223079
17
#223097
0:
#223110
14
#223121
#223133
#223216
#223252
#223262
#223272
02
#223285
15
#223364
#223391
#223401
0-
#223416
19
#223426
#223435
0=
#223451
12
#223461
05
#223477
1-
#223494
0;
#223508
1=
#223519
#223532
#223559
04
#223575
15
#223585
0=
#223602
1,
#223613
#223624
0-
#223640
14
#223651
#223669
0,
#223685
1=
#223704
1!
#223705
0!
#223710
#223723
04
#223739
1-
#223845
0-
#223860
1,
#223938
0,
#223953
14
#223964
#223993
04
#224008
1-
#224019
0=
#224032
1,
#224042
02
#224058
1;
#224074
#224084
#224112
0,
#224127
14
#224138
05
#224153
12
#224165
#224176
09
#224192
18
#224202
#224212
#224223
0<
#224236
1,
#224306
#224322
06
#224336
15
#224353
02
#224369
19
#224387
09
#224403
12
#224413
08
#224430
19
#224447
02
#224463
18
#224473
09
#224489
12
#224506
#224575
08
#224591
19
#224637
07
#224650
18
#224668
08
#224684
18
#224770
1!
#224771
0!
#224775
#224789
#224818
#224830
04
#224844
1=
#224862
#224941
#224969
#224979
#224992
#225003
0;
#225019
10
#225035
#225045
#225065
0-
#225082
14
#225092
0=
#225108
1;
#225125
08
#225141
1-
#225160
#225172
0-
#225188
1=
#225198
0;
#225215
18
#225285
08
#225301
1-
#225311
0=
#225327
1;
#225405
0;
#225420
18
#225431
05
#225444
1=
#225469
#225483
#225561
0-
#225576
1;
#225588
1!
#225589
0!
#225594
#225606
04
#225622
1/
#225690
0=
#225706
1-
#225717
#225744
00
#225757
14
#225768
08
#225784
1=
#225795
#225806
04
#225822
13
#225839
#225849
#225861
#225874
#225907
#226005
#226035
#226046
0/
#226062
18
#226072
#226081
03
#226097
14
#226107
09
#226123
11
#226133
#226141
#226151
0,
#226167
1/
#226178
#226203
0/
#226219
13
#226238
#226264
#226324
03
#226340
19
#226350
#226380
01
#226396
1,
#226474
#226502
#226511
0,
#226527
1/
#226538
#226549
09
#226565
1.
#226725
04
#226740
13
#226751
0=
#226764
11
#226774
0/
#226790
1,
#226800
02
#226816
19
#226826
01
#226842
14
#226852
0,
#226868
1/
#226879
#226892
1!
#226893
0!
#226898
#226971
0;
#226984
12
#226994
03
#227010
11
#227027
08
#227041
1,
#227051
02
#227067
13
#227077
01
#227093
12
#227132
0-
#227148
11
#227159
#227305
#227348
#227360
#227369
0/
#227385
1-
#227402
#227411
0-
#227427
1:
#227452
#227466
#227494
03
#227510
1/
#227520
02
#227536
1-
#227554
#227566
#227577
0:
#227593
1<
#227603
#227613
#227632
09
#227648
13
#227658
#227674
0-
#227690
12
#227707
04
#227723
1:
#227741
0:
#227757
19
#227827
03
#227843
1-
#227854
#227928
0/
#227943
14
#227960
0,
#227973
1:
#227984
0<
#227997
13
#228007
04
#228024
1/
#228034
0:
#228050
14
#228061
#228073
03
#228089
1:
#228106
04
#228123
13
#228133
0/
#228149
14
#228188
#228216
#228243
#228255
#228264
09
#228280
1/
#228291
0.
#228307
16
#228369
#228446
#228456
#228467
02
#228483
19
#228495
1!
#228496
0!
#228501
#228513
#228522
0/
#228538
1.
#228549
#228575
09
#228591
17
#228676
06
#228691
12
#228702
0:
#228715
1/
#228787
1!
#228788
0!
#228793
#228812
0-
#228826
19
#228836
02
#228852
16
#228863
#228890
#228914
#228943
#228955
#228982
06
#228998
12
#229009
04
#229025
15
#229035
07
#229051
1:
#229061
#229122
#229134
#229145
#229168
0.
#229184
10
#229261
05
#229277
16
#229288
#229317
#229332
#229348
01
#229364
14
#229442
02
#229458
17
#229469
1!
#229470
0!
#229475
#229487
00
#229501
1.
#229578
04
#229594
15
#229611
0.
#229627
11
#229645
09
#229658
12
#229668
07
#229685
14
#229696
#229708
05
#229724
1.
#229816
06
#229831
17
#229842
0/
#229855
15
#229873
07
#229889
16
#229899
0:
#229916
17
#229926
05
#229942
1:
#230041
0:
#230057
15
#230068
#230095
04
#230111
1:
#230121
03
#230135
1=
#230153
#230276
#230287
01
#230303
14
#230365
#230392
#230419
#230495
0:
#230511
11
#230520
#230536
0=
#230552
1;
#230569
01
#230585
1:
#230596
#230690
#230718
1!
#230719
0!
#230724
#230736
0;
#230751
1=
#230762
02
#230775
11
#230786
#230815
01
#230831
18
#230842
#230854
06
#230870
1;
#230879
#230896
05
#230912
11
#230923
#230937
#230947
#230963
#230973
#230999
#231009
0;
#231025
16
#231035
07
#231051
15
#231068
08
#231085
1<
#231096
#231109
#231119
#231150
#231223
04
#231238
1;
#231256
0;
#231272
17
#231282
#231291
0<
#231304
18
#231375
08
#231391
14
#231411
1!
#231412
0!
#231415
#231479
0:
#231493
1;
#231511
#231530
04
#231547
18
#231624
01
#231638
14
#231656
04
#231672
14
#231757
#231786
0=
#231802
1=
#231812
06
#231828
16
#231839
05
#231855
15
#231865
07
#231881
17
#231898
0.
#231915
1.
#231925
0=
#231941
1=
#231951
06
#231967
16
#231978
05
#231994
15
#232004
07
#232020
17
#232031
#232043
05
#232059
15
#232076
0.
#232093
1.
#232104
#232117
0.
#232133
1.
#232143
04
#232159
14
#232183
04
#232200
14
#232211
#232238
08
#232254
1,
#232264
04
#232281
18
#232291
0;
#232307
14
#232318
#232329
#232346
#232357
0,
#232374
1;
#232385
#232411
#232420
#232435
#232446
1!
#232447
0!
#232452
#232546
#232563
04
#232579
1,
#232590
#232619
0,
#232635
1-
#232666
0=
#232682
14
#232693
#232828
#232838
#232856
04
#232872
1,
#232882
#232892
#232934
#232962
#232974
0;
#232990
1=
#233007
0=
#233024
10
#233035
#233049
#233060
08
#233076
14
#233086
0-
#233103
19
#233113
04
#233129
1/
#233139
00
#233156
1;
#233167
#233238
#233264
09
#233280
1=
#233351
#233364
0.
#233377
18
#233387
0,
#233403
1-
#233414
1!
#233415
0!
#233420
#233433
0-
#233448
14
#233459
0/
#233472
10
#233489
00
#233506
19
#233516
0;
#233532
1,
#233543
#233562
0=
#233578
1-
#233596
0-
#233612
10
#233696
00
#233712
1;
#233722
08
#233738
1=
#233749
#233785
04
#233801
1-
#233819
#233847
#233857
#233867
06
#233882
10
#233892
#233900
#233909
#233947
09
#233963
18
#234093
0,
#234108
14
#234119
05
#234132
13
#234142
0;
#234158
16
#234168
#234183
#234193
#234227
#234301
0-
#234316
19
#234333
0=
#234346
1,
#234357
09
#234372
1;
#234384
#234396
0;
#234411
1-
#234436
07
#234449
19
#234460
08
#234476
1;
#234486
0-
#234502
18
#234573
04
#234589
1-
#234666
06
#234681
14
#234700
1!
#234701
0!
#234705
#234726
#234761
#234788
00
#234801
16
#234811
03
#234825
12
#234843
#234871
#234879
#234889
0-
#234905
1<
#234915
0,
#234931
10
#234941
#234950
06
#234966
1-
#234978
#234989
#235000
04
#235017
1,
#235035
#235046
0<
#235063
16
#235073
0,
#235089
14
#235105
#235116
#235143
02
#235159
1<
#235170
#235197
09
#235213
1,
#235224
#235253
#235265
#235275
#235304
#235315
#235325
#235334
0;
#235350
1:
#235376
#235440
08
#235456
12
#235475
1!
#235476
0!
#235481
#235493
0<
#235509
19
#235519
#235529
#235601
02
#235617
11
#235627
00
#235643
1;
#235653
09
#235669
18
#235760
#235781
08
#235796
1<
#235806
0,
#235822
12
#235832
04
#235845
10
#235855
01
#235869
19
#235940
02
#235955
18
#235966
0<
#235981
1,
#235992
00
#236007
12
#236024
06
#236040
1<
#236050
09
#236066
10
#236144
0-
#236157
16
#236175
#236187
00
#236202
19
#236213
0:
#236226
10
#236251
#236278
06
#236294
1.
#236306
#236320
#236347
08
#236363
16
#236373
0;
#236390
1/
#236408
#236419
#236454
0.
#236470
18
#236479
#236490
#236501
#236524
#236539
#236557
0<
#236573
1;
#236584
02
#236600
15
#236617
0;
#236633
1.
#236644
#236659
1!
#236660
0!
#236664
#236676
#236687
#236697
08
#236714
1<
#236723
#236733
05
#236749
12
#236760
#236778
0<
#236794
1;
#236819
0/
#236835
18
#236846
#236858
08
#236874
15
#236960
#237033
0;
#237048
1<
#237059
06
#237074
1/
#237084
0,
#237097
18
#237108
0<
#237123
1;
#237134
0/
#237149
16
#237159
#237168
08
#237184
1<
#237201
#237211
#237245
0.
#237261
1/
#237272
#237283
02
#237298
18
#237309
00
#237325
17
#237335
05
#237351
1.
#237368
09
#237381
12
#237392
0;
#237408
10
#237419
#237446
02
#237462
15
#237473
00
#237489
1;
#237498
#237508
0.
#237524
1=
#237534
0;
#237550
12
#237567
#237577
1!
#237578
0!
#237583
#237603
#237622
0=
#237638
10
#237649
#237676
#237736
00
#237752
1.
#237762
05
#237778
1;
#237788
#237798
#237824
#237850
#237860
#237887
#237911
#237923
#237934
#237946
#237954
#237963
0/
#237980
1=
#237996
#238005
08
#238021
13
#238033
#238053
06
#238069
10
#238079
0.
#238095
15
#238126
#238217
#238309
07
#238325
14
#238336
#238349
0=
#238364
11
#238434
0<
#238447
1/
#238508
03
#238521
18
#238532
05
#238547
16
#238571
0;
#238585
1.
#238662
08
#238678
17
#238748
07
#238763
1=
#238774
0.
#238789
15
#238808
#238819
01
#238833
18
#238843
0=
#238859
17
#238870
1!
#238871
0!
#238876
#238956
04
#238969
1.
#238979
08
#238995
1=
#239005
07
#239021
18
#239031
06
#239047
17
#239057
05
#239073
16
#239090
02
#239104
15
#239114
0.
#239130
1.
#239162
#239176
#239188
05
#239204
15
#239229
#239344
0=
#239360
1=
#239371
#239390
0=
#239406
1=
#239424
06
#239440
16
#239465
#239492
0/
#239508
1-
#239519
#239533
#239561
#239574
1!
#239575
0!
#239580
#239601
#239611
00
#239628
1/
#239637
#239661
0-
#239677
1:
#239687
0/
#239703
10
#239715
#239727
#239737
#239748
#239757
0=
#239773
1-
#239841
0-
#239857
1/
#239868
#239880
00
#239896
1=
#239907
0/
#239923
1-
#239933
08
#239949
10
#239973
00
#239989
1/
#240001
#240029
#240040
0-
#240056
18
#240067
#240139
#240166
07
#240182
10
#240192
#240201
0:
#240217
19
#240227
#240236
0.
#240252
1-
#240263
#240289
#240317
#240336
#240359
08
#240375
1,
#240384
#240394
#240405
09
#240422
17
#240431
#240507
#240517
1!
#240518
0!
#240523
#240536
#240565
07
#240581
1:
#240598
0-
#240614
1.
#240631
#240640
06
#240656
13
#240666
05
#240683
18
#240693
0.
#240709
19
#240733
08
#240749
17
#240759
0:
#240775
1-
#240847
#240926
07
#240941
16
#241018
09
#241033
15
#241043
03
#241056
1.
#241066
0,
#241079
18
#241104
0.
#241120
1:
#241137
0:
#241153
17
#241163
06
#241179
19
#241258
#241271
0/
#241284
1.
#241355
0-
#241370
1:
#241380
0=
#241393
16
#241403
05
#241419
1-
#241437
#241464
09
#241480
15
#241491
#241503
#241512
06
#241527
1<
#241538
0-
#241553
19
#241570
#241587
#241612
0<
#241627
16
#241661
#241734
0.
#241750
1-
#241760
00
#241773
1<
#241835
1!
#241836
0!
#241841
#241855
#241880
07
#241894
1.
#241904
05
#241920
15
#241931
#242026
#242053
0<
#242069
1;
#242079
0.
#242095
14
#242112
09
#242126
1<
#242135
#242145
0-
#242161
1.
#242172
#242184
#242195
0<
#242211
1-
#242236
04
#242252
1<
#242263
#242291
#242351
0:
#242367
14
#242377
#242387
#242399
04
#242415
19
#242522
#242557
09
#242574
1:
#242585
#242611
#242620
0.
#242637
14
#242698
0;
#242714
19
#242724
0:
#242740
11
#242750
#242760
1!
#242761
0!
#242766
#242780
#242797
#242807
#242819
01
#242835
1.
#243009
#243022
05
#243037
1;
#243048
#243075
06
#243089
1:
#243156
#243166
#243178
#243190
0;
#243205
11
#243216
0-
#243229
15
#243240
08
#243256
12
#243266
04
#243282
1;
#243299
09
#243316
18
#243327
#243339
#243348
0:
#243365
14
#243375
05
#243391
19
#243401
0<
#243418
1:
#243428
01
#243444
15
#243468
0;
#243484
1<
#243562
08
#243577
11
#243588
#243616
05
#243631
1;
#243642
02
#243655
18
#243667
1!
#243668
0!
#243672
#243684
#243701
#243713
0<
#243729
13
#243740
01
#243756
15
#243773
08
#243790
1<
#243888
#243900
#243927
#243936
0;
#243949
11
#243961
#243989
0<
#244005
18
#244015
#244025
#244043
03
#244059
1,
#244076
#244085
04
#244101
1;
#244112
#244138
09
#244154
1<
#244267
0.
#244283
13
#244300
0;
#244314
14
#244325
#244353
04
#244370
19
#244381
#244417
1!
#244418
0!
#244422
#244486
08
#244503
1.
#244565
#244626
03
#244643
1;
#244652
#244661
09
#244678
14
#244702
#244714
#244723
0.
#244739
1=
#244869
0,
#244884
18
#244908
05
#244921
13
#244932
0:
#244945
19
#245030
#245120
08
#245135
1.
#245145
03
#245160
1,
#245171
0;
#245186
18
#245197
0=
#245210
13
#245221
0.
#245237
1;
#245247
0,
#245263
1.
#245280
01
#245297
1,
#245307
04
#245323
11
#245340
0,
#245356
14
#245367
08
#245383
1,
#245401
#245421
#245448
01
#245464
18
#245481
#245572
1!
#245573
0!
#245578
#245599
#245627
#245637
0;
#245652
1/
#245721
#245763
#245775
#245786
#245795
0<
#245811
11
#245821
03
#245837
1;
#245854
#245863
01
#245879
10
#245890
0;
#245906
1<
#245917
#245929
#245956
0<
#245972
13
#245982
0.
#245998
11
#246219
#246232
#246259
09
#246272
1;
#246282
08
#246295
1<
#246305
00
#246319
1.
#246336
0/
#246352
17
#246362
0;
#246379
1/
#246390
#246484
0<
#246500
1;
#246509
#246519
0,
#246532
16
#246542
#246552
#246563
0.
#246579
1<
#246597
#246634
#246667
03
#246684
1.
#246695
#246707
0.
#246723
1,
#246734
#246760
#246770
04
#246787
1-
#246797
06
#246813
13
#246823
07
#246840
1.
#246849
#246859
#246923
#246946
0<
#246962
14
#246980
04
#246996
16
#247007
#247033
#247093
06
#247110
17
#247121
#247134
#247145
07
#247161
1<
#247177
#247188
#247202
1!
#247203
0!
#247208
#247220
0/
#247236
14
#247247
0<
#247263
12
#247272
#247281
#247297
03
#247313
16
#247323
0,
#247340
17
#247410
0;
#247425
1/
#247436
07
#247451
1<
#247475
0<
#247491
13
#247562
03
#247577
1,
#247602
02
#247615
1;
#247625
0,
#247641
17
#247651
04
#247667
1<
#247677
0;
#247693
13
#247703
0-
#247717
1,
#247727
06
#247743
14
#247815
1!
#247816
0!
#247821
#247833
0,
#247849
1;
#247859
0.
#247873
16
#247890
0/
#247906
1,
#247917
#247959
#247978
#248034
#248045
#248054
0;
#248070
1/
#248081
#248094
#248154
04
#248170
15
#248181
#248209
#248220
#248237
01
#248253
1:
#248264
#248278
#248296
06
#248312
1;
#248322
0:
#248339
14
#248350
#248368
0<
#248384
1=
#248395
#248413
#248428
#248439
#248519
0/
#248534
11
#248552
01
#248568
16
#248578
05
#248592
1:
#248661
#248672
#248705
04
#248720
1<
#248732
#248746
1!
#248747
0!
#248752
#248771
06
#248787
1/
#248909
#248921
0/
#248936
11
#248946
0=
#248960
14
#248970
0:
#248986
16
#249003
04
#249018
1/
#249029
06
#249044
1:
#249055
0,
#249068
14
#249086
#249107
07
#249123
16
#249133
0<
#249150
17
#249160
0;
#249176
1<
#249186
01
#249203
1;
#249213
0/
#249229
11
#249239
0:
#249255
1/
#249348
#249375
07
#249391
1:
#249402
#249430
#249457
0<
#249473
19
#249484
1!
#249485
0!
#249490
#249502
#249511
03
#249525
17
#249534
#249543
#249552
07
#249568
18
#249578
#249593
#249602
#249626
#249644
#249656
#249669
#249687
06
#249703
10
#249720
0/
#249736
1<
#249873
04
#249889
17
#249900
#249913
08
#249926
16
#249943
0:
#249959
1/
#249976
06
#249992
14
#250002
0/
#250018
1:
#250089
04
#250104
16
#250114
09
#250127
1/
#250138
0:
#250153
14
#250164
00
#250177
1:
#250188
#250200
0:
#250216
1:
#250234
04
#250250
14
#250261
#250281
01
#250297
11
#250308
#250320
01
#250336
11
#250353
01
#250369
11
#250381
#250401
0;
#250417
1;
#250435
#250462
0;
#250478
1-
#250490
#250509
#250527
0-
#250543
1;
#250555
#250575
#250603
06
#250619
1-
#250630
#250657
0<
#250673
12
#250690
#250700
#250712
#250739
0/
#250755
16
#250765
#250774
02
#250790
1.
#250802
1!
#250803
0!
#250808
#250828
#250845
#250854
0.
#250870
1<
#250880
#250890
#250902
04
#250918
15
#250929
0-
#250945
1/
#250961
#250971
#250986
#250996
#251013
05
#251029
12
#251106
0<
#251121
1.
#251132
06
#251147
14
#251158
0;
#251171
1-
#251181
#251197
04
#251213
15
#251223
02
#251240
1<
#251250
0-
#251266
16
#251276
0.
#251293
14
#251304
#251315
#251324
05
#251340
12
#251351
0<
#251367
1-
#251392
#251480
02
#251496
1.
#251566
04
#251581
15
#251592
06
#251607
1<
#251617
0/
#251633
12
#251650
0:
#251663
14
#251673
0.
#251689
16
#251715
1!
#251716
0!
#251720
#251740
01
#251753
1/
#251771
#251784
#251811
06
#251827
1.
#251844
0/
#251861
1,
#251885
#251899
#251918
#252002
#252014
#252041
05
#252057
16
#252068
#252096
#252163
0.
#252179
1/
#252189
0-
#252205
1=
#252217
#252228
0/
#252244
15
#252262
#252289
07
#252305
1.
#252315
02
#252332
1-
#252349
0,
#252365
1/
#252376
#252397
1!
#252398
0!
#252402
#252466
#252474
#252491
#252508
#252532
#252603
#252612
05
#252628
13
#252645
0.
#252661
17
#252686
#252706
0=
#252722
12
#252733
#252862
02
#252878
1,
#252887
#252898
#252915
07
#252931
15
#252955
#252964
05
#252980
1.
#253051
#253064
04
#253078
1=
#253148
0,
#253164
18
#253174
0-
#253190
12
#253207
0=
#253223
17
#253240
02
#253256
15
#253266
03
#253280
1,
#253357
0<
#253373
1-
#253393
1!
#253394
0!
#253398
#253471
0/
#253484
1=
#253494
0-
#253510
12
#253520
07
#253536
1<
#253546
0,
#253562
1-
#253573
08
#253586
17
#253603
0-
#253619
1,
#253637
0=
#253653
1-
#253664
#253690
#253719
#253797
#253810
#253819
0.
#253835
1=
#253846
07
#253862
19
#253871
#253881
05
#253897
10
#253914
0<
#253930
1.
#253941
#253954
#253979
00
#253995
17
#254006
#254020
#254033
#254058
09
#254074
15
#254085
#254099
#254126
0,
#254142
1<
#254159
#254168
0<
#254184
10
#254194
#254204
#254245
00
#254261
19
#254272
#254283
09
#254300
1;
#254311
#254321
#254330
0.
#254346
1,
#254364
0=
#254380
1<
#254390
0-
#254406
1:
#254483
07
#254499
10
#254508
#254518
#254530
00
#254546
19
#254556
0,
#254572
1.
#254588
#254604
0.
#254620
1=
#254632
1!
#254633
0!
#254637
#254657
0=
#254672
1-
#254691
#254763
#254832
09
#254847
17
#254857
0<
#254872
10
#254882
0-
#254897
1,
#254908
0;
#254920
1.
#254937
0:
#254950
1=
#254968
0=
#254984
19
#254994
0.
#255010
1<
#255020
06
#255034
1-
#255065
0-
#255081
1=
#255093
#255179
0<
#255195
1.
#255272
07
#255288
1-
#255306
05
#255319
1<
#255330
#255343
0,
#255359
17
#255369
0<
#255385
1,
#255447
1!
#255448
0!
#255453
#255465
09
#255481
1<
#255491
02
#255505
19
#255523
#255549
#255584
#255611
09
#255628
11
#255639
#255653
#255730
#255747
#255759
#255771
01
#255787
14
#255797
#255814
#255824
#255834
#255847
04
#255863
19
#255881
0-
#255897
13
#255914
0.
#255930
11
#255941
#255968
#255977
#255986
09
#256002
14
#256012
#256022
#256046
0=
#256063
1-
#256074
#256087
#256110
#256120
0,
#256136
1.
#256146
0-
#256162
1/
#256174
#256247
01
#256262
19
#256279
#256377
#256405
0.
#256420
1=
#256430
04
#256445
1,
#256506
#256515
0,
#256530
1-
#256542
#256552
#256562
1!
#256563
0!
#256568
#256641
0/
#256653
11
#256664
00
#256679
18
#256689
0-
#256705
1.
#256715
01
#256730
14
#256754
0=
#256769
1,
#256840
0,
#256855
10
#256865
0.
#256880
1-
#256890
04
#256905
11
#256915
08
#256928
1=
#257021
#257048
0=
#257063
1,
#257073
03
#257086
1.
#257096
07
#257111
14
#257121
09
#257135
16
#257145
00
#257161
1=
#257171
0<
#257184
17
#257209
#257226
#257237
#257248
07
#257265
10
#257274
#257291
06
#257307
17
#257331
07
#257347
16
#257358
#257380
#257392
0,
#257408
17
#257433
#257528
#257558
#257570
00
#257585
1,
#257596
04
#257612
1;
#257673
06
#257689
10
#257699
01
#257716
14
#257727
1!
#257728
0!
#257733
#257745
0,
#257762
16
#257785
06
#257802
11
#257819
01
#257836
1,
#257847
#257924
#257933
0-
#257949
16
#258039
#258116
07
#258129
11
#258146
0;
#258160
1-
#258171
#258205
01
#258220
1:
#258231
0-
#258246
11
#258256
#258266
#258345
#258355
0,
#258370
1-
#258395
#258422
0=
#258439
1,
#258450
#258463
#258481
1!
#258482
0!
#258487
#258500
0-
#258516
12
#258526
#258536
#258560
#258637
#258664
02
#258677
1=
#258695
0=
#258711
1-
#258722
#258751
#258762
00
#258778
15
#258795
#258805
#258817
06
#258833
1=
#258843
01
#258860
17
#258870
04
#258886
10
#258902
#258919
0.
#258935
16
#259093
05
#259106
11
#259118
#259131
0:
#259144
14
#259266
0-
#259282
1.
#259292
0=
#259308
1-
#259318
0,
#259332
1=
#259342
01
#259358
11
#259375
0-
#259391
1-
#259402
01
#259418
11
#259428
0.
#259444
1.
#259454
00
#259470
10
#259482
#259494
0.
#259510
1.
#259520
00
#259536
10
#259546
06
#259563
16
#259593
06
#259609
16
#259688
#259717
#259730
1!
#259731
0!
#259736
#259756
07
#259772
17
#259783
#259797
#259809
01
#259825
11
#259836
#259885
0-
#259901
13
#259912
#259932
01
#259948
1-
#259959
#259971
04
#259987
11
#260072
01
#260087
14
#260099
#260129
#260146
00
#260162
11
#260173
#260200
07
#260217
10
#260227
04
#260243
1/
#260260
03
#260276
17
#260294
#260321
#260330
0.
#260346
14
#260356
#260365
07
#260382
13
#260399
04
#260415
1<
#260426
#260454
#260466
#260477
03
#260493
1.
#260503
#260513
#260525
#260533
#260542
#260566
#260576
00
#260593
17
#260604
#260616
#260626
06
#260642
14
#260653
1!
#260654
0!
#260659
#260672
0<
#260688
18
#260697
#260795
08
#260809
13
#260819
0.
#260835
10
#260906
03
#260921
16
#260932
00
#260947
1<
#261025
06
#261040
1.
#261050
0<
#261066
13
#261083
0/
#261099
10
#261109
0=
#261122
16
#261132
0.
#261148
1<
#261165
06
#261181
1/
#261191
0<
#261207
1.
#261292
#261319
07
#261335
16
#261346
#261380
0-
#261393
1<
#261403
0.
#261419
19
#261430
#261449
0/
#261464
17
#261482
01
#261496
1;
#261505
#261514
#261531
#261541
#261551
#261566
#261577
06
#261594
1.
#261605
1!
#261606
0!
#261611
#261623
0;
#261639
1/
#261671
#261685
#261713
#261775
0/
#261791
16
#261803
#261813
#261829
00
#261845
1;
#261856
#261883
0<
#261900
12
#261910
0;
#261926
1/
#261944
#261955
#261971
02
#261987
10
#261998
#262017
09
#262033
15
#262117
06
#262133
1<
#262144
#262208
0<
#262224
1;
#262234
0/
#262250
12
#262259
#262275
0;
#262291
19
#262301
04
#262315
16
#262325
#262394
09
#262410
1<
#262420
02
#262436
1/
#262445
#262461
05
#262475
1;
#262486
#262498
0/
#262514
19
#262524
06
#262541
12
#262565
0<
#262581
1/
#262592
#262605
02
#262621
16
#262632
09
#262648
1<
#262659
#262671
03
#262687
12
#262712
#262747
#262761
#262772
00
#262788
19
#262798
0/
#262814
13
#262826
1!
#262827
0!
#262832
#262844
03
#262860
1:
#262870
#262879
0.
#262895
10
#262912
#262922
00
#262938
1/
#262962
0;
#262978
13
#263056
#263091
#263102
#263119
#263159
#263176
03
#263192
1.
#263210
#263220
#263348
#263376
#263385
0.
#263401
10
#263411
0:
#263424
1;
#263441
02
#263457
1,
#263467
0;
#263483
18
#263494
#263512
06
#263527
13
#263539
#263557
0<
#263573
1.
#263657
0.
#263673
12
#263684
#263705
09
#263721
1;
#263798
00
#263813
16
#263831
1!
#263832
0!
#263837
#263850
0,
#263863
1<
#263873
08
#263887
1.
#263897
02
#263913
19
#263924
#264002
0<
#264018
10
#264036
#264048
0;
#264064
12
#264074
#264135
#264146
06
#264162
1-
#264173
0/
#264189
1<
#264199
02
#264215
1;
#264306
00
#264322
16
#264333
#264442
#264471
#264480
0<
#264495
1/
#264506
09
#264521
12
#264530
#264549
1!
#264550
0!
#264554
#264618
#264627
0-
#264640
10
#264650
06
#264666
1=
#264684
#264709
07
#264725
1<
#264736
00
#264752
19
#264822
0.
#264838
16
#264922
0=
#264935
17
#264947
#264958
07
#264974
10
#264985
#265027
#265038
0/
#265054
1.
#265065
#265078
0;
#265092
17
#265109
03
#265125
11
#265135
07
#265151
1/
#265163
#265182
09
#265198
13
#265282
06
#265298
17
#265309
#265336
#265353
#265371
01
#265387
19
#265404
#265413
09
#265429
16
#265440
#265476
0.
#265491
14
#265502
0/
#265517
11
#265535
06
#265551
19
#265568
01
#265584
1.
#265595
0<
#265611
1/
#265682
1!
#265683
0!
#265688
#265701
03
#265716
16
#265740
06
#265756
11
#265767
#265779
01
#265795
1<
#265804
#265815
#265842
0.
#265857
13
#265881
#265889
#265949
03
#265965
16
#266043
#266072
#266082
#266093
0<
#266108
11
#266133
#266161
0/
#266176
15
#266187
#266270
#266296
02
#266309
1.
#266375
1!
#266376
0!
#266380
#266482
05
#266495
13
#266506
#266535
07
#266551
1<
#266621
04
#266637
1:
#266648
01
#266663
1/
#266674
00
#266689
17
#266700
0.
#266715
14
#266732
0/
#266748
11
#266758
09
#266772
10
#266783
#266801
#266810
04
#266827
1.
#266903
#266986
0:
#266999
1/
#267017
0<
#267030
14
#267041
0/
#267057
1/
#267081
04
#267097
14
#267176
#267203
00
#267219
18
#267236
#267246
#267324
#267333
08
#267348
10
#267359
#267386
06
#267400
18
#267417
08
#267433
1,
#267443
04
#267457
18
#267474
01
#267490
11
#267507
08
#267523
18
#267535
#267545
#267562
1!
#267563
0!
#267568
#267580
00
#267596
10
#267674
0.
#267690
1.
#267700
0,
#267714
1#
#267814
08
#267829
1%
#267906
#267983
01
#267997
11
#268008
#268038
0.
#268053
1<
#268063
0#
#268078
1.
#268096
#268108
00
#268122
1)
#268132
03
#268147
1&
#268164
0.
#268179
1.
#268190
#268220
#268230
#268239
07
#268254
1-
#268265
0/
#268279
17
#268303
07
#268318
1/
#268397
1!
#268398
0!
#268402
#268414
#268424
0-
#268436
17
#268447
#268476
0)
#268492
14
#268509
0<
#268524
1<
#268534
0/
#268550
1/
#268561
#268573
0<
#268588
1<
#268598
0/
#268613
1/
#268645
0<
#268660
1<
#268671
#268769
#268781
0.
#268795
18
#268806
0&
#268821
1.
#268832
#268872
0.
#268888
1;
#268897
#268973
#268982
08
#268995
1.
#269012
0.
#269027
1.
#269039
#269051
#269078
0<
#269094
10
#269105
#269124
04
#269139
1<
#269156
0<
#269171
14
#269183
#269211
#269239
#269250
0/
#269265
1<
#269275
#269284
0;
#269299
13
#269309
0<
#269325
1=
#269334
#269345
#269370
01
#269383
1/
#269394
07
#269409
1;
#269480
0;
#269495
1<
#269512
0=
#269525
17
#269611
#269638
0.
#269651
1;
#269662
1!
#269663
0!
#269668
#269680
#269689
0;
#269705
12
#269715
#269725
#269737
#269772
03
#269787
1;
#269798
0/
#269813
18
#269832
#269911
02
#269927
13
#269944
07
#269957
1/
#269975
0/
#269990
12
#270001
03
#270016
1/
#270094
0%
#270109
13
#270141
04
#270156
14
#270167
02
#270182
12
#270200
#270362
04
#270377
15
#270387
0;
#270400
14
#270410
02
#270425
12
#270435
#270445
1!
#270446
0!
#270451
#270465
#270495
#270506
0<
#270521
1<
#270532
03
#270547
13
#270558
00
#270572
1$
#270582
05
#270598
15
#270614
#270624
08
#270639
18
#270650
05
#270665
15
#270689
08
#270705
18
#270715
05
#270731
15
#270749
08
#270764
18
#270850
#270862
0/
#270876
1*
#270887
#270931
#270958
#270968
#270995
0$
#271011
19
#271021
#271031
#271058
#271070
#271148
0*
#271164
1:
#271175
05
#271191
1;
#271202
#271215
#271227
#271253
#271263
0<
#271279
10
#271296
0:
#271312
15
#271322
#271338
09
#271354
16
#271371
05
#271387
1<
#271464
#271539
#271549
0;
#271562
1:
#271580
1!
#271581
0!
#271586
#271598
0:
#271614
19
#271625
#271655
#271666
02
#271682
15
#271692
0<
#271708
1:
#271718
08
#271734
12
#271745
00
#271761
1<
#271771
0:
#271787
18
#271798
02
#271814
10
#271824
0<
#271840
1:
#271851
08
#271867
12
#271885
#271932
09
#271948
1<
#272153
05
#272168
18
#272178
0:
#272191
19
#272202
#272229
06
#272242
15
#272252
#272261
08
#272277
1,
#272287
02
#272303
18
#272313
09
#272329
12
#272340
#272351
#272381
0,
#272397
19
#272416
1!
#272417
0!
#272421
#272576
08
#272589
1,
#272606
0,
#272622
1,
#272699
0<
#272713
1'
#272723
04
#272737
1(
#272748
#272837
#272865
03
#272878
1;
#272895
0,
#272910
1-
#272920
0(
#272936
1,
#272946
00
#272962
10
#272972
#272981
0'
#272998
1#
#273009
#273022
#273039
#273049
#273085
0#
#273101
11
#273112
#273141
00
#273157
1:
#273167
#273184
#273202
01
#273218
10
#273229
09
#273245
11
#273256
#273274
#273283
00
#273299
19
#273310
01
#273326
10
#273477
0;
#273490
11
#273502
#273529
0-
#273544
1=
#273555
02
#273568
1-
#273580
#273598
01
#273614
11
#273624
0=
#273640
1=
#273658
0-
#273674
1-
#273685
1!
#273686
0!
#273691
#273704
0-
#273720
1-
#273730
0=
#273746
1=
#273825
#273868
#273880
0=
#273895
18
#273906
0,
#273919
1=
#273943
0:
#273959
1:
#273977
0:
#273993
1:
#274011
0:
#274027
1:
#274037
09
#274053
19
#274063
#274161
09
#274176
19
#274255
#274290
#274299
08
#274312
1;
#274323
0=
#274337
1)
#274347
0-
#274363
1-
#274431
0-
#274447
1-
#274518
#274548
1!
#274549
0!
#274554
#274566
0-
#274581
1.
#274593
#274605
05
#274618
1-
#274628
0)
#274645
1&
#274670
#274700
#274727
#274735
#274746
#274757
#274769
#274778
00
#274794
17
#274804
0&
#274820
1,
#274838
#274866
#274878
#274906
#274923
#274934
0;
#274950
10
#274960
#274969
01
#274985
1/
#274996
07
#275012
18
#275022
00
#275038
1;
#275071
#275082
#275098
0;
#275114
11
#275251
0/
#275264
17
#275275
08
#275288
10
#275305
07
#275322
1;
#275339
00
#275355
17
#275365
01
#275381
10
#275393
#275429
1!
#275430
0!
#275435
#275448
#275475
0,
#275491
11
#275561
0.
#275577
1=
#275587
01
#275603
1,
#275613
0;
#275629
1.
#275647
#275734
00
#275749
11
#275760
0:
#275773
1;
#275784
0.
#275800
18
#275877
0,
#275893
10
#275904
#275939
#275952
#276044
#276109
#276119
#276129
00
#276144
1.
#276155
0-
#276168
1,
#276179
09
#276195
13
#276205
07
#276221
16
#276231
#276240
0.
#276256
10
#276266
#276275
0=
#276291
19
#276302
0,
#276318
17
#276329
#276342
#276374
06
#276390
1.
#276400
#276409
09
#276425
1=
#276531
00
#276547
1,
#276625
1!
#276626
0!
#276631
#276717
01
#276730
16
#276741
#276769
#276780
0=
#276796
19
#276806
06
#276821
10
#276832
#276861
0;
#276877
1<
#276938
08
#276953
1=
#276963
03
#276976
16
#276987
0.
#277003
1;
#277013
0=
#277029
18
#277041
#277053
06
#277069
1.
#277079
0;
#277095
1=
#277120
#277191
07
#277207
16
#277218
#277231
#277273
#277299
#277310
#277324
#277334
#277343
09
#277359
1;
#277377
0<
#277393
17
#277403
08
#277419
14
#277430
07
#277446
12
#277464
#277476
#277488
04
#277504
19
#277529
#277543
#277555
06
#277571
1<
#277581
0.
#277597
18
#277614
0<
#277630
17
#277641
08
#277657
14
#277667
#277677
#277689
#277699
04
#277715
16
#277726
1!
#277727
0!
#277732
#277744
06
#277761
1.
#277770
#277779
#277831
0;
#277847
1<
#278038
0=
#278051
18
#278061
02
#278074
14
#278084
09
#278100
16
#278171
04
#278186
1;
#278196
0<
#278212
19
#278222
0,
#278235
14
#278245
07
#278261
1<
#278278
0.
#278294
17
#278305
#278317
06
#278333
1.
#278364
#278391
00
#278405
16
#278423
#278436
#278445
0;
#278461
15
#278471
09
#278488
1;
#278497
#278514
#278532
0;
#278548
19
#278566
05
#278582
1;
#278592
0.
#278609
15
#278679
09
#278695
1.
#278706
#278718
08
#278732
19
#278743
#278771
1!
#278772
0!
#278777
#278790
0;
#278806
1/
#278831
#278916
0/
#278932
1;
#278943
#278970
05
#278986
1/
#278997
#279041
#279067
#279077
#279111
0/
#279127
1:
#279138
#279165
#279174
0<
#279190
15
#279200
04
#279216
1-
#279226
#279236
#279246
#279256
#279267
#279275
#279285
05
#279301
13
#279310
#279319
#279328
#279343
#279360
#279385
06
#279401
1/
#279411
0-
#279427
11
#279438
#279457
0/
#279473
1<
#279483
0:
#279499
14
#279570
1!
#279571
0!
#279576
#279663
07
#279676
15
#279693
0.
#279709
16
#279719
03
#279733
1-
#279864
#279876
01
#279889
1/
#279914
#279928
#279947
0;
#279960
1:
#279971
06
#279987
1.
#279997
0-
#280013
16
#280030
0.
#280047
1-
#280057
06
#280073
1.
#280091
0-
#280107
16
#280117
04
#280134
1-
#280145
#280216
0.
#280232
14
#280242
05
#280258
1.
#280283
#280295
04
#280311
15
#280419
1!
#280420
0!
#280424
#280504
0:
#280519
14
#280545
09
#280558
1:
#280568
0<
#280584
1<
#280662
#280691
0/
#280707
1/
#280717
04
#280733
14
#280743
0-
#280759
1-
#280770
#280782
06
#280796
1%
#280806
05
#280822
15
#280914
#280944
#280972
0%
#280987
1=
#280997
#281006
05
#281022
16
#281033
#281044
0.
#281058
15
#281068
0:
#281084
1:
#281094
0<
#281111
1<
#281121
0/
#281137
1/
#281147
#281163
0=
#281179
1=
#281189
0/
#281205
1/
#281216
#281250
0=
#281267
10
#281278
#281290
0/
#281306
1=
#281338
#281367
#281394
0=
#281411
1/
#281421
0:
#281437
1.
#281447
#281457
1!
#281458
0!
#281463
#281475
#281492
#281505
#281533
#281545
#281556
04
#281572
12
#281582
0-
#281598
1=
#281615
#281705
06
#281719
1:
#281728
#281745
0:
#281761
1,
#281779
#281808
#281819
0.
#281836
14
#281846
05
#281862
1-
#281879
0-
#281895
1:
#281906
04
#281922
16
#281941
#282012
#282028
0<
#282041
1.
#282059
00
#282075
15
#282086
#282099
0.
#282115
1-
#282125
05
#282142
14
#282271
#282297
#282306
02
#282320
10
#282330
04
#282346
1.
#282358
#282369
00
#282385
15
#282395
0.
#282411
18
#282422
#282434
#282443
0,
#282459
14
#282475
#282499
1!
#282500
0!
#282505
#282518
05
#282534
10
#282620
#282707
0-
#282720
1.
#282731
0=
#282746
1,
#282758
#282776
00
#282792
15
#282803
#282881
08
#282895
1=
#282912
0=
#282928
10
#283027
0,
#283043
17
#283121
#283139
00
#283152
1=
#283163
07
#283178
1,
#283189
0=
#283204
17
#283216
#283245
07
#283260
1=
#283271
0,
#283287
17
#283297
04
#283313
1,
#283324
0:
#283340
14
#283357
06
#283373
1:
#283384
#283411
07
#283428
16
#283437
#283454
#283466
#283493
#283501
#283517
06
#283534
13
#283545
#283556
#283566
1!
#283567
0!
#283572
#283585
05
#283601
17
#283610
#283621
#283638
#283647
0/
#283663
11
#283688
#283731
#283750
0,
#283766
16
#283783
04
#283799
15
#283811
#283884
07
#283899
1/
#283917
06
#283933
10
#283944
#284016
03
#284031
1,
#284063
01
#284076
14
#284086
0/
#284102
17
#284112
0=
#284125
16
#284136
0,
#284152
13
#284163
#284184
04
#284200
1/
#284210
07
#284226
1,
#284243
0/
#284260
14
#284270
0,
#284286
17
#284408
#284436
03
#284451
1/
#284462
05
#284477
1,
#284488
0:
#284501
1;
#284570
#284604
#284632
#284643
07
#284659
13
#284676
#284686
#284749
#284758
00
#284775
15
#284785
0;
#284801
19
#284811
#284821
#284831
#284848
1!
#284849
0!
#284854
#284874
#284901
05
#284917
17
#284928
#285083
09
#285098
10
#285108
0.
#285121
1;
#285132
#285210
06
#285224
15
#285234
0/
#285250
19
#285262
#285289
03
#285305
1<
#285315
05
#285331
1/
#285342
09
#285358
12
#285368
#285377
00
#285393
13
#285404
#285415
0;
#285431
15
#285450
#285461
#285473
0<
#285489
19
#285506
0,
#285523
10
#285540
0/
#285556
1;
#285567
#285580
#285589
00
#285605
1<
#285622
03
#285638
1,
#285649
#285676
#285685
0;
#285701
1/
#285769
#285779
#285790
0<
#285806
10
#285817
1!
#285818
0!
#285823
#285836
09
#285852
13
#285869
07
#285885
18
#285895
0,
#285912
1;
#285922
03
#285938
1<
#285948
#285956
#285966
0/
#285982
19
#286072
0<
#286088
17
#286159
#286193
07
#286208
1,
#286220
#286232
#286265
0,
#286280
13
#286304
05
#286320
1/
#286397
02
#286410
1<
#286420
08
#286433
1-
#286443
#286453
#286491
1!
#286492
0!
#286496
#286569
#286585
09
#286601
17
#286612
#286639
04
#286653
1,
#286663
03
#286679
15
#286703
0;
#286719
19
#286730
#286742
#286754
07
#286770
11
#286780
#286789
00
#286805
13
#286837
05
#286853
1;
#286864
#286885
#286956
#287039
01
#287052
17
#287070
0,
#287083
10
#287093
0;
#287110
15
#287127
05
#287144
1;
#287221
00
#287237
15
#287247
0;
#287263
10
#287273
0/
#287287
1;
#287304
00
#287320
10
#287352
#287395
1!
#287396
0!
#287401
#287482
#287561
00
#287575
1=
#287636
0<
#287652
1,
#287663
#287675
#287694
0=
#287710
1<
#287742
#287882
#287894
07
#287910
1=
#287920
0-
#287934
10
#287945
#287972
09
#287988
17
#288005
#288015
#288029
#288040
#288056
0<
#288073
1:
#288084
#288097
0,
#288113
19
#288124
#288136
#288148
0=
#288164
1<
#288174
#288190
07
#288206
1,
#288217
#288231
05
#288247
1=
#288256
#288272
09
#288289
17
#288306
0=
#288323
15
#288333
0:
#288349
19
#288359
00
#288375
1=
#288386
05
#288402
1:
#288412
09
#288428
10
#288439
07
#288455
15
#288472
0,
#288488
19
#288500
1!
#288501
0!
#288505
#288518
00
#288534
17
#288544
0<
#288561
1,
#288638
05
#288654
10
#288664
0;
#288678
1<
#288688
0:
#288704
15
#288715
#288742
#288783
#288798
#288815
0=
#288832
1:
#288843
#288869
#288879
03
#288895
1.
#288906
#288934
#288961
0,
#288977
1=
#288987
#288996
0:
#289012
16
#289024
#289041
#289051
#289061
#289070
00
#289087
13
#289098
#289108
#289117
0<
#289134
12
#289151
06
#289167
18
#289311
02
#289324
1,
#289335
05
#289348
1:
#289358
#289366
#289375
#289480
0=
#289495
10
#289573
03
#289588
1<
#289598
07
#289612
16
#289623
#289651
#289662
06
#289678
1=
#289687
#289697
0<
#289712
13
#289723
0=
#289738
14
#289749
08
#289764
16
#289775
0.
#289790
1<
#289807
#289816
03
#289832
1=
#289842
09
#289856
18
#289867
#289965
06
#289981
1.
#289992
08
#290008
13
#290017
#290028
#290039
#290067
0<
#290083
11
#290099
#290108
04
#290125
16
#290134
#290143
0.
#290160
18
#290183
#290192
08
#290208
1/
#290219
#290232
#290244
1!
#290245
0!
#290250
#290283
0,
#290299
1<
#290375
1!
#290376
0!
#290380
#290427
#290516
03
#290531
14
#290548
0=
#290561
1.
#290572
04
#290587
18
#290598
0.
#290613
1,
#290691
#290703
0/
#290717
13
#290741
03
#290758
14
#290829
#290842
0:
#290858
1.
#290868
0<
#290884
13
#290895
#290907
03
#290923
1:
#291029
#291066
0,
#291081
1<
#291091
06
#291106
13
#291117
04
#291132
1,
#291203
01
#291216
16
#291277
00
#291291
14
#291301
06
#291317
16
#291328
0:
#291344
1:
#291379
1!
#291380
0!
#291383
#291433
06
#291449
16
#291474
#291502
#291514
0<
#291530
1-
#291548
#291559
0,
#291575
1<
#291586
#291599
0<
#291616
1,
#291626
0-
#291642
1<
#291652
04
#291669
1-
#291693
#291705
0-
#291721
14
#291733
#291766
#291776
#291789
#291798
0,
#291814
1-
#291838
0-
#291855
1;
#291866
#291884
#291913
#291924
0<
#291941
1,
#291964
#292164
#292173
0,
#292189
1-
#292198
#292208
#292237
0.
#292251
12
#292275
#292286
08
#292302
1<
#292312
0:
#292328
1,
#292346
#292355
0,
#292371
18
#292389
#292401
0;
#292417
1:
#292427
0<
#292443
1,
#292454
04
#292470
1;
#292703
0:
#292715
1<
#292725
06
#292739
14
#292750
#292777
08
#292793
15
#292803
0<
#292819
18
#292830
1!
#292831
0!
#292836
#292849
08
#292864
1<
#292874
#292884
#292895
03
#292909
18
#292919
0;
#292935
1;
#292946
#292974
#292983
05
#293000
1.
#293070
0;
#293086
15
#293103
0-
#293119
1;
#293130
#293170
02
#293183
1-
#293275
0-
#293291
1-
#293302
#293329
05
#293345
19
#293355
0,
#293369
15
#293379
0-
#293395
1-
#293473
05
#293488
15
#293499
0;
#293513
1$
#293524
#293554
04
#293570
1:
#293582
1!
#293583
0!
#293587
#293599
#293609
#293620
0$
#293637
14
#293647
0<
#293663
1<
#293679
#293689
09
#293705
19
#293723
#293758
#293769
#293786
#293820
09
#293836
17
#293846
0<
#293862
1=
#293939
#293949
#293960
#293969
0:
#293982
19
#294001
#294011
07
#294028
1<
#294037
#294046
09
#294063
17
#294087
08
#294103
19
#294114
0<
#294130
18
#294221
07
#294237
1<
#294322
#294351
0=
#294364
17
#294374
05
#294390
1;
#294401
#294413
08
#294429
15
#294439
07
#294455
18
#294472
05
#294488
17
#294498
08
#294514
15
#294525
#294558
#294568
#294655
09
#294670
18
#294681
0-
#294694
1/
#294712
#294732
1!
#294733
0!
#294738
#294826
#294843
0.
#294857
1:
#294867
0/
#294884
19
#294895
#294924
#295003
09
#295019
1/
#295036
08
#295050
1.
#295060
07
#295076
19
#295087
#295116
0/
#295132
17
#295203
05
#295218
18
#295229
0:
#295244
1/
#295255
04
#295268
15
#295278
#295338
07
#295354
1:
#295365
#295384
0/
#295400
17
#295410
09
#295427
1/
#295504
07
#295520
19
#295530
0:
#295546
17
#295571
#295598
08
#295611
1:
#295629
#295658
1!
#295659
0!
#295663
#295675
#295684
#295699
#295709
0:
#295725
11
#295734
#295744
#295779
#295805
#295823
#295834
01
#295851
10
#295862
#295897
05
#295913
1:
#295924
0.
#295940
13
#296002
#296109
#296138
0;
#296155
11
#296293
#296321
#296332
0/
#296347
18
#296357
0<
#296372
15
#296383
01
#296398
1.
#296408
09
#296421
1;
#296431
#296440
0.
#296456
16
#296467
#296479
03
#296493
1/
#296509
#296525
#296542
1!
#296543
0!
#296548
#296560
0/
#296576
1<
#296648
#296661
0<
#296676
11
#296686
#296746
0;
#296762
1.
#296779
01
#296795
1/
#296812
0.
#296828
1<
#296906
0/
#296921
1;
#296932
#296944
0:
#296957
11
#296982
#296996
#297008
00
#297024
1.
#297034
08
#297050
1/
#297074
05
#297090
10
#297101
#297129
#297142
00
#297158
18
#297167
#297177
01
#297192
15
#297203
06
#297216
12
#297227
0<
#297243
10
#297252
#297262
08
#297278
11
#297289
#297300
05
#297316
1<
#297333
00
#297349
18
#297360
07
#297376
15
#297386
0;
#297402
10
#297494
#297506
02
#297519
17
#297544
08
#297560
1;
#297571
#297599
07
#297615
18
#297626
1!
#297627
0!
#297632
#297644
#297653
01
#297669
1,
#297681
#297752
#297779
0;
#297795
17
#297807
#297817
#297826
0<
#297842
11
#297859
#297869
#297889
#297900
07
#297916
1-
#297933
0.
#297949
1;
#297960
#297981
05
#297997
1<
#298074
01
#298090
17
#298107
0<
#298123
1.
#298141
#298153
0/
#298166
15
#298178
#298205
0,
#298221
11
#298245
#298255
#298273
0.
#298289
1<
#298300
#298328
#298341
#298350
05
#298366
1=
#298435
#298447
#298458
#298467
#298476
0-
#298492
1,
#298515
#298525
0,
#298541
1.
#298565
0<
#298582
14
#298593
#298606
00
#298622
15
#298700
05
#298715
1-
#298726
0;
#298739
1,
#298756
07
#298772
1<
#298783
08
#298799
10
#298869
0.
#298885
15
#298956
00
#298971
17
#298989
1!
#298990
0!
#298995
#299008
0-
#299023
18
#299033
01
#299046
1.
#299056
07
#299072
10
#299083
0=
#299096
1-
#299114
#299149
#299161
#299173
04
#299189
17
#299199
0-
#299215
19
#299233
08
#299249
14
#299267
#299280
04
#299296
1-
#299307
#299334
0,
#299351
18
#299361
0.
#299377
14
#299387
00
#299403
13
#299472
#299485
#299495
#299505
04
#299521
1,
#299537
#299547
#299561
07
#299577
1.
#299587
09
#299603
10
#299615
1!
#299616
0!
#299620
#299633
0-
#299649
14
#299659
08
#299676
17
#299701
#299727
#299744
#299755
#299765
#299799
#299809
#299827
0<
#299843
19
#299852
#299863
#299873
#299882
09
#299898
1-
#299909
00
#299925
18
#299957
#300030
0,
#300046
16
#300062
#300072
0.
#300087
1:
#300098
07
#300111
1<
#300195
0<
#300211
19
#300222
#300234
09
#300249
10
#300266
03
#300280
1,
#300372
#300386
#300398
0-
#300414
1.
#300424
04
#300440
1<
#300457
0.
#300472
19
#300483
0<
#300498
1-
#300510
#300530
08
#300545
14
#300557
#300569
04
#300584
1.
#300609
#300623
#300650
09
#300666
1<
#300676
00
#300692
18
#300702
#300768
#300777
0,
#300793
14
#300811
#300824
#300842
05
#300858
12
#300868
0:
#300882
19
#300892
0-
#300908
10
#300987
1!
#300988
0!
#300992
#301005
00
#301021
1,
#301031
0.
#301045
15
#301056
#301069
0,
#301085
1-
#301095
05
#301112
10
#301122
0<
#301138
1,
#301148
08
#301164
15
#301188
04
#301205
1<
#301216
#301302
09
#301317
18
#301334
06
#301348
14
#301426
#301440
#301468
00
#301483
19
#301495
#301522
05
#301537
1/
#301556
#301567
#301595
0<
#301610
10
#301621
0/
#301636
1;
#301646
#301655
02
#301669
15
#301679
08
#301695
1=
#301707
#301717
#301726
#301736
1!
#301737
0!
#301742
#301754
#301763
0;
#301779
1<
#301797
#301815
09
#301831
1/
#301849
#301918
0<
#301934
18
#301943
#301975
#302052
00
#302068
1;
#302079
#302090
#302099
0;
#302115
19
#302139
0,
#302154
1<
#302224
#302233
04
#302246
11
#302271
#302306
#302377
#302387
#302398
#302414
08
#302429
10
#302441
#302454
01
#302467
1;
#302477
05
#302493
1,
#302503
0=
#302519
17
#302529
0;
#302545
18
#302555
0,
#302571
15
#302582
1!
#302583
0!
#302588
#302601
00
#302616
1=
#302634
08
#302649
1;
#302674
0-
#302687
1,
#302698
0/
#302714
10
#302806
#302818
05
#302833
18
#302844
#302872
09
#302885
1/
#302953
0/
#302969
15
#302981
#302992
0,
#303008
13
#303019
#303031
#303041
08
#303057
1/
#303068
#303095
0=
#303111
1,
#303122
07
#303138
18
#303148
0;
#303164
1:
#303176
#303187
05
#303203
1=
#303212
#303236
#303248
0=
#303264
17
#303274
03
#303291
1;
#303300
#303332
#303358
07
#303374
15
#303386
#303465
0;
#303481
1=
#303551
0,
#303566
13
#303644
0:
#303656
17
#303675
1!
#303676
0!
#303680
#303693
00
#303706
1;
#303716
03
#303732
1,
#303742
07
#303758
13
#303776
#303803
0/
#303817
17
#303842
0;
#303858
1.
#303867
#303877
0,
#303893
1;
#303904
#303934
#303959
#303986
03
#304002
1,
#304014
#304024
#304033
08
#304049
1/
#304060
0<
#304076
16
#304137
0,
#304153
13
#304163
0.
#304179
18
#304191
#304209
#304299
#304308
06
#304321
1<
#304405
0<
#304421
1,
#304445
#304523
1!
#304524
0!
#304528
#304548
08
#304563
1.
#304573
07
#304586
1<
#304605
#304641
0<
#304657
18
#304667
0/
#304683
1<
#304693
0.
#304710
1/
#304720
08
#304736
1.
#304807
0.
#304822
18
#304890
05
#304904
1.
#304915
#304948
#305028
0/
#305044
17
#305055
#305083
#305102
#305114
0;
#305130
1/
#305140
03
#305156
12
#305166
0<
#305183
1;
#305199
#305431
02
#305443
13
#305454
#305482
0;
#305497
1<
#305507
0=
#305520
1-
#305532
1!
#305533
0!
#305538
#305551
#305562
0<
#305578
1;
#305589
#305618
0;
#305634
1<
#305644
0-
#305660
1;
#305671
07
#305687
1-
#305696
#305706
0/
#305722
17
#305747
#305759
0-
#305775
1/
#305799
0.
#305815
1-
#305900
07
#305915
1.
#305927
#305956
#305983
0;
#305999
17
#306009
0-
#306025
1=
#306035
#306044
0,
#306058
14
#306069
#306080
#306164
#306194
#306206
03
#306222
1;
#306232
#306248
0<
#306264
1-
#306275
#306288
07
#306304
13
#306314
#306331
#306343
#306355
04
#306371
1<
#306381
0;
#306397
17
#306408
0=
#306424
14
#306462
#306489
04
#306506
1;
#306517
#306542
#306569
0.
#306586
1=
#306596
08
#306612
11
#306623
1!
#306624
0!
#306629
#306710
#306727
#306736
#306745
03
#306759
14
#306829
0=
#306845
19
#306855
0;
#306871
1.
#306881
04
#306897
18
#306907
0/
#306921
1=
#306932
#306961
08
#306977
1;
#306986
#307002
0.
#307018
14
#307029
01
#307045
13
#307055
0-
#307071
18
#307088
0=
#307105
1.
#307174
#307184
09
#307197
11
#307215
#307227
01
#307243
1-
#307254
08
#307270
1=
#307295
#307336
#307345
0.
#307361
11
#307373
#307384
0-
#307400
18
#307476
#307485
01
#307501
1:
#307518
07
#307532
1.
#307610
#307654
#307681
03
#307696
1-
#307708
#307726
0<
#307741
11
#307759
0:
#307775
10
#307792
04
#307808
13
#307820
#307832
03
#307848
1<
#307858
0-
#307874
1:
#307886
1!
#307887
0!
#307891
#307911
0:
#307927
14
#307945
#308024
#308036
#308096
01
#308112
13
#308124
#308136
#308147
#308170
0;
#308186
1-
#308331
#308358
00
#308371
1:
#308382
03
#308397
16
#308408
0:
#308424
11
#308435
#308453
06
#308468
1;
#308480
#308492
#308502
08
#308517
15
#308528
0<
#308543
13
#308553
#308570
#308583
#308617
0=
#308630
1:
#308640
#308650
#308663
01
#308679
16
#308691
1!
#308692
0!
#308697
#308709
06
#308725
18
#308742
04
#308759
1<
#308776
0;
#308792
12
#308802
0<
#308818
11
#308830
#308842
#308853
05
#308869
16
#308955
#308967
#308977
08
#308992
14
#309003
0:
#309018
1;
#309035
06
#309051
1<
#309062
0;
#309077
15
#309101
0.
#309115
18
#309124
#309135
#309146
#309222
08
#309238
1:
#309248
02
#309262
16
#309273
#309300
0<
#309316
1;
#309327
#309346
0:
#309362
18
#309387
#309458
06
#309474
1<
#309486
#309497
0<
#309514
1:
#309532
#309560
#309571
01
#309587
16
#309598
#309611
05
#309627
1<
#309638
03
#309654
1,
#309665
1!
#309666
0!
#309671
#309691
04
#309707
11
#309718
0<
#309734
15
#309744
0:
#309760
13
#309831
0;
#309846
14
#309863
#309873
#309900
#309909
05
#309925
1<
#309935
0-
#309948
1:
#309959
03
#309975
1;
#309985
#309994
04
#310010
1/
#310035
#310047
#310082
#310092
#310101
0/
#310117
15
#310128
08
#310144
13
#310161
06
#310177
14
#310187
#310197
#310223
#310232
0;
#310249
19
#310274
#310285
#310319
09
#310336
1/
#310347
#310360
#310370
#310380
1!
#310381
0!
#310386
#310398
#310407
0<
#310423
18
#310463
0/
#310479
16
#310615
06
#310630
17
#310642
#310655
01
#310668
1;
#310678
05
#310694
10
#310704
03
#310720
19
#310730
0;
#310746
1<
#310822
#310831
0<
#310847
1/
#310864
09
#310879
16
#310889
#311025
0,
#311037
15
#311048
07
#311060
13
#311071
#311112
00
#311125
1;
#311135
#311145
#311163
#311173
#311198
04
#311214
1<
#311224
08
#311240
19
#311251
#311279
#311293
#311304
0<
#311320
1=
#311330
09
#311346
14
#311355
#311364
05
#311380
18
#311397
04
#311413
1.
#311423
0:
#311437
1<
#311447
0/
#311463
19
#311474
03
#311490
15
#311500
06
#311516
14
#311528
1!
#311529
0!
#311533
#311546
04
#311562
1/
#311572
08
#311589
13
#311614
#311625
#311715
05
#311731
16
#311741
0=
#311755
14
#311766
#311851
0<
#311867
18
#311939
#311950
0;
#311964
15
#311981
06
#311997
1<
#312008
#312022
0<
#312038
16
#312055
04
#312071
1<
#312149
0<
#312164
14
#312175
0.
#312188
1<
#312200
#312218
06
#312234
16
#312246
#312301
#312315
#312476
#312503
08
#312518
12
#312529
03
#312544
1-
#312555
1!
#312556
0!
#312561
#312575
#312586
09
#312599
18
#312609
0/
#312623
13
#312634
#312645
04
#312661
14
#312671
#312680
02
#312696
12
#312706
08
#312722
18
#312733
03
#312749
13
#312758
#312775
02
#312791
12
#312801
08
#312817
18
#312828
#312855
0-
#312872
1:
#312882
02
#312898
1-
#312916
#312945
04
#312961
12
#312972
#313004
0-
#313020
19
#313031
06
#313047
14
#313058
#313083
#313093
#313173
#313207
#313216
02
#313232
1-
#313242
#313303
#313314
#313324
#313351
#313359
#313368
0:
#313385
16
#313402
0-
#313418
1/
#313429
#313443
#313455
#313467
09
#313483
11
#313501
#313520
01
#313536
12
#313605
#313615
08
#313628
1,
#313638
#313877
06
#313892
1:
#313902
05
#313915
1-
#313993
0:
#314007
19
#314025
09
#314040
11
#314124
03
#314136
16
#314147
01
#314161
1:
#314172
06
#314187
19
#314197
0:
#314212
11
#314223
#314252
01
#314267
16
#314278
1!
#314279
0!
#314284
#314297
02
#314312
1:
#314322
0/
#314337
11
#314347
0,
#314361
12
#314371
04
#314384
1/
#314395
0-
#314411
1-
#314421
09
#314437
19
#314461
02
#314477
12
#314488
0/
#314504
1/
#314515
#314550
#314568
0/
#314585
17
#314616
0<
#314632
1/
#314650
1!
#314651
0!
#314656
#314670
#314832
#314861
0-
#314877
1<
#314888
#314914
#314924
01
#314937
10
#314947
#314957
#314967
#314984
#314996
#315023
0:
#315040
1-
#315049
#315058
#315067
0<
#315083
1=
#315095
#315106
#315122
07
#315138
1;
#315149
#315160
00
#315176
1:
#315188
#315198
#315207
06
#315223
1<
#315240
#315249
0=
#315265
17
#315282
0<
#315298
10
#315309
0:
#315325
16
#315342
06
#315358
1=
#315376
0=
#315392
1<
#315404
1!
#315405
0!
#315409
#315490
#315526
#315538
0/
#315551
1:
#315569
0-
#315585
16
#315596
#315623
07
#315639
1=
#315778
0;
#315791
11
#315801
00
#315817
1-
#315888
0<
#315903
17
#315913
09
#315926
10
#315937
0:
#315952
1<
#315963
00
#315978
1:
#315989
0-
#316004
10
#316015
06
#316031
1-
#316054
07
#316070
16
#316081
#316100
0<
#316116
17
#316133
0-
#316149
1<
#316160
#316174
#316201
00
#316217
1-
#316228
#316240
0<
#316255
1.
#316266
02
#316279
10
#316296
0=
#316313
1<
#316322
#316346
#316374
#316386
#316419
#316428
#316438
#316451
0.
#316467
1=
#316478
00
#316494
18
#316504
06
#316520
1,
#316545
#316613
#316623
#316649
08
#316665
1.
#316676
#316687
#316772
1!
#316773
0!
#316778
#316791
#316804
0,
#316820
10
#316830
0:
#316844
16
#316914
00
#316930
18
#316941
#316953
06
#316969
1,
#316979
01
#316995
10
#317005
0-
#317019
16
#317029
08
#317045
11
#317055
#317064
06
#317080
18
#317091
01
#317107
16
#317124
0,
#317140
11
#317158
01
#317174
1,
#317252
0,
#317267
11
#317278
08
#317293
1,
#317304
0<
#317317
18
#317350
#317385
#317486
#317495
0,
#317508
14
#317518
#317594
#317604
#317614
#317623
0.
#317639
15
#317650
0=
#317663
1.
#317674
#317692
0.
#317708
1.
#317740
04
#317756
14
#317848
04
#317864
14
#317935
05
#317950
15
#317961
#317995
01
#318008
13
#318087
#318098
06
#318112
1*
#318122
0.
#318136
1(
#318147
04
#318162
14
#318172
05
#318188
15
#318205
05
#318221
15
#318231
03
#318246
13
#318331
03
#318345
13
#318363
03
#318378
13
#318389
1!
#318390
0!
#318395
#318484
1!
#318485
0!
#318489
#318509
#318518
04
#318532
1'
#318544
#318624
08
#318637
1,
#318654
07
#318669
17
#318678
#318688
#318707
07
#318722
17
#318896
0*
#318913
1#
#318923
0,
#318938
1)
#318948
03
#318963
1&
#318973
07
#318987
17
#318998
#319096
0#
#319110
1=
#319121
#319150
05
#319164
1/
#319173
#319183
00
#319194
15
#319205
0'
#319222
1%
#319233
#319246
#319257
05
#319271
15
#319281
#319304
0/
#319318
1/
#319329
05
#319343
15
#319369
#319399
0/
#319413
1.
#319424
#319453
#319465
0&
#319480
1/
#319490
#319499
0=
#319514
12
#319524
0%
#319539
1=
#319559
1!
#319560
0!
#319564
#319629
#319647
0=
#319662
1=
#319672
02
#319687
12
#319699
#319728
#319737
0/
#319753
18
#319763
0)
#319779
1/
#319796
0.
#319811
1.
#319830
#319902
0.
#319917
1.
#319935
07
#319949
1$
#320020
0.
#320035
1.
#320045
05
#320060
1*
#320077
0=
#320092
1=
#320102
02
#320117
12
#320142
#320171
#320199
#320208
0*
#320223
1;
#320233
02
#320249
19
#320273
#320283
#320312
#320322
#320333
0$
#320348
12
#320359
08
#320374
14
#320399
#320410
0(
#320427
18
#320487
#320504
09
#320520
19
#320531
1!
#320532
0!
#320537
#320550
09
#320566
19
#320577
#320589
09
#320605
19
#320622
0;
#320638
1;
#320723
#320752
08
#320768
1,
#320778
0;
#320794
18
#320804
02
#320820
1;
#320887
0=
#320901
12
#320912
#320932
08
#320948
18
#320972
02
#320988
12
#321126
02
#321141
12
#321151
0/
#321165
1#
#321190
0.
#321204
1'
#321216
#321244
0;
#321260
1:
#321338
#321357
#321385
0#
#321400
1;
#321410
#321419
0'
#321435
1-
#321444
#321466
#321476
09
#321490
1&
#321500
#321583
0:
#321599
1:
#321610
#321648
#321660
#321671
0&
#321687
13
#321697
0,
#321713
1,
#321737
02
#321753
12
#321770
02
#321786
12
#321796
0,
#321812
1,
#321883
0,
#321898
1,
#321908
0-
#321922
1%
#321933
#321963
04
#321977
1/
#321988
#322000
0%
#322017
1)
#322028
1!
#322029
0!
#322034
#322061
#322091
#322119
0)
#322135
1<
#322145
0:
#322161
19
#322222
#322231
0;
#322247
1:
#322258
#322270
#322282
0<
#322298
1;
#322315
0:
#322332
1<
#322349
02
#322365
1:
#322375
0<
#322391
12
#322402
03
#322418
1<
#322429
#322458
0<
#322474
13
#322485
#322497
0/
#322513
14
#322523
#322532
0;
#322548
1<
#322641
1!
#322642
0!
#322647
#322659
08
#322673
1/
#322711
0/
#322727
1;
#322738
03
#322754
1/
#322765
#322787
#322798
09
#322815
13
#322960
0;
#322975
19
#323053
09
#323067
1;
#323078
0,
#323090
19
#323175
02
#323188
1*
#323199
0<
#323213
1$
#323224
#323259
09
#323274
11
#323285
#323314
0:
#323329
19
#323339
0*
#323355
1:
#323365
0/
#323381
1/
#323391
03
#323407
13
#323418
#323435
#323445
#323475
#323488
1!
#323489
0!
#323494
#323506
01
#323522
16
#323532
0$
#323549
11
#323559
04
#323575
14
#323585
#323602
#323614
#323640
#323656
04
#323672
10
#323683
#323713
#323731
0:
#323747
14
#323757
00
#323773
12
#323783
#323792
#323801
06
#323817
1:
#323828
#323846
#323856
0:
#323872
10
#323882
01
#323898
16
#323922
06
#323938
1:
#323956
0:
#323972
11
#323990
#324026
00
#324043
16
#324053
02
#324069
1:
#324140
#324167
06
#324183
1<
#324193
01
#324209
10
#324219
09
#324233
12
#324243
#324253
#324265
00
#324281
17
#324292
#324310
04
#324326
16
#324336
02
#324352
11
#324432
1!
#324433
0!
#324437
#324524
03
#324538
10
#324549
#324563
#324597
07
#324610
14
#324621
0;
#324637
12
#324648
#324667
0<
#324683
15
#324714
#324731
#324883
05
#324898
1;
#324910
#324937
02
#324952
1<
#324962
00
#324976
15
#324986
0;
#325002
1=
#325012
06
#325025
12
#325035
#325045
#325073
#325083
#325094
01
#325111
1;
#325127
#325136
0<
#325153
16
#325162
#325172
#325213
#325299
#325317
0;
#325333
11
#325343
0:
#325359
1<
#325437
0<
#325453
1.
#325463
01
#325479
1;
#325549
05
#325564
1:
#325588
0/
#325601
1<
#325680
1!
#325681
0!
#325686
#325707
#325734
0:
#325749
11
#325759
0=
#325775
15
#325785
0.
#325798
1-
#325875
05
#325891
1:
#325902
#325913
0;
#325926
1=
#325936
0:
#325952
15
#325962
04
#325976
1:
#325987
#326015
#326031
01
#326047
10
#326059
#326070
06
#326087
11
#326097
0=
#326113
16
#326123
#326131
#326154
0-
#326170
1=
#326255
#326282
#326291
06
#326307
1-
#326318
#326346
#326355
0=
#326371
18
#326388
05
#326404
16
#326413
#326424
#326435
00
#326448
1;
#326458
06
#326475
1=
#326492
0<
#326508
15
#326519
1!
#326520
0!
#326525
#326538
05
#326554
16
#326565
#326673
#326709
0;
#326724
1<
#326736
#326754
0-
#326770
15
#326781
#326910
05
#326926
10
#326935
#326944
0<
#326960
1;
#326972
#326988
#326998
0;
#327013
1-
#327045
#327066
0-
#327081
1,
#327099
0=
#327114
15
#327126
#327271
00
#327284
1<
#327294
06
#327307
1;
#327319
#327347
0;
#327363
1-
#327387
0:
#327403
1=
#327413
0<
#327429
10
#327439
01
#327452
1;
#327463
02
#327479
1:
#327557
#327578
1!
#327579
0!
#327584
#327596
08
#327610
1<
#327755
#327782
0=
#327798
12
#327809
#327845
0-
#327860
19
#327872
#327899
0:
#327914
1=
#327925
0,
#327938
1-
#327957
#327968
#327984
#327993
00
#328009
17
#328027
#328039
#328110
0-
#328126
1:
#328137
#328157
#328169
09
#328185
10
#328262
07
#328278
1-
#328288
0:
#328304
19
#328314
05
#328328
17
#328338
02
#328354
1:
#328365
#328378
#328387
00
#328403
12
#328414
0=
#328430
10
#328440
09
#328456
1=
#328467
0<
#328483
19
#328494
1!
#328495
0!
#328500
#328513
00
#328529
1<
#328539
02
#328555
10
#328566
09
#328582
12
#328592
0-
#328608
19
#328633
#328668
#328688
#328715
07
#328731
1-
#328756
#328770
#328796
#328805
0<
#328822
13
#328832
02
#328848
14
#328859
#328871
#328883
03
#328899
17
#328911
#328928
04
#328945
1/
#328956
#328970
#328980
#328990
09
#329006
1<
#329015
#329024
#329033
#329042
0/
#329058
12
#329068
0<
#329085
13
#329124
0-
#329140
14
#329270
#329279
00
#329292
19
#329308
#329318
09
#329333
1/
#329344
0=
#329357
1<
#329368
04
#329384
1-
#329395
1!
#329396
0!
#329401
#329428
#329463
#329491
#329503
#329514
07
#329530
19
#329541
0:
#329557
14
#329567
02
#329583
1.
#329594
0;
#329610
11
#329620
03
#329636
17
#329660
0/
#329676
1:
#329747
#329759
0:
#329775
12
#329785
04
#329801
1;
#329818
09
#329834
13
#329850
#329859
03
#329875
1/
#329885
0.
#329899
1:
#329909
#329919
#329932
0;
#329948
14
#329958
02
#329974
19
#330044
#330053
#330069
07
#330085
13
#330096
#330108
01
#330121
1;
#330131
0/
#330148
12
#330172
#330206
0:
#330223
17
#330234
#330260
#330277
#330291
07
#330307
1/
#330317
0;
#330333
16
#330343
#330352
04
#330368
1:
#330378
#330388
#330405
#330422
#330433
06
#330449
18
#330475
1!
#330476
0!
#330481
#330620
08
#330633
17
#330651
07
#330667
1;
#330745
#330771
02
#330784
14
#330802
04
#330817
16
#330829
#330842
06
#330857
17
#330868
0/
#330883
14
#330895
#330907
04
#330922
16
#330947
#330975
#330988
#330997
06
#331013
1/
#331023
03
#331039
14
#331049
09
#331063
1,
#331073
0<
#331089
16
#331099
#331108
0/
#331124
13
#331149
#331174
#331186
0-
#331202
1<
#331226
0<
#331243
1/
#331254
#331268
#331287
03
#331303
1-
#331314
#331343
#331421
#331434
#331494
0,
#331510
1<
#331520
07
#331533
13
#331544
0-
#331560
15
#331570
0:
#331586
1,
#331597
03
#331613
1-
#331630
0<
#331646
1:
#331656
06
#331673
13
#331743
0,
#331759
1<
#331770
#331782
05
#331796
16
#331813
0-
#331829
1,
#331839
06
#331855
1-
#331865
#331874
0:
#331890
16
#331908
#331930
1!
#331931
0!
#331935
#331948
0/
#331964
1:
#331975
#332001
0:
#332018
1/
#332103
#332144
#332172
#332183
06
#332199
1:
#332209
04
#332225
10
#332235
#332250
#332260
#332287
#332295
#332304
#332319
#332330
#332348
03
#332363
1=
#332381
#332401
#332430
0:
#332445
16
#332456
0;
#332471
14
#332542
0<
#332557
1.
#332567
0,
#332582
13
#332593
0/
#332606
1:
#332617
0-
#332633
1;
#332643
0:
#332659
1<
#332676
04
#332693
1,
#332723
03
#332740
1-
#332751
#332836
0;
#332852
1:
#332862
00
#332876
14
#332887
#332900
0:
#332916
13
#332928
#332956
1!
#332957
0!
#332962
#333024
#333034
03
#333050
1;
#333061
#333071
#333081
0<
#333097
1:
#333107
0,
#333123
11
#333194
04
#333209
13
#333227
#333239
0=
#333255
1<
#333332
0;
#333348
1,
#333365
01
#333378
14
#333410
#333424
#333436
0<
#333452
1=
#333529
0.
#333542
1;
#333554
1!
#333555
0!
#333559
#333572
0:
#333585
1<
#333617
0=
#333633
1=
#333644
#333739
#333768
04
#333782
18
#333792
03
#333808
1:
#333818
0=
#333835
13
#333853
#333865
#333876
03
#333893
1=
#333910
06
#333926
13
#333937
#333964
#333973
03
#333989
16
#334005
#334016
#334034
08
#334050
19
#334074
0-
#334090
13
#334228
0,
#334243
18
#334254
#334282
09
#334295
1-
#334304
#334314
08
#334329
1,
#334340
0-
#334355
12
#334365
#334374
0,
#334390
18
#334408
#334426
02
#334442
1-
#334460
08
#334475
1,
#334554
#334582
06
#334597
12
#334608
03
#334621
18
#334632
#334666
02
#334682
14
#334693
#334704
#334720
#334730
#334750
08
#334766
16
#334777
#334788
06
#334804
17
#334814
0,
#334830
12
#334840
0:
#334856
18
#334873
02
#334888
16
#334899
08
#334914
1,
#334926
#335012
#335021
07
#335034
1:
#335052
0:
#335068
12
#335078
0;
#335091
18
#335102
0-
#335118
1:
#335128
0,
#335144
1-
#335155
08
#335171
1,
#335181
0:
#335197
18
#335229
#335243
#335271
#335351
1!
#335352
0!
#335357
#335369
0,
#335385
1:
#335395
06
#335409
15
#335420
1!
#335421
0!
#335426
#335438
#335453
#335471
#335497
#335514
#335526
#335556
#335567
0<
#335583
1,
#335593
02
#335609
1/
#335619
05
#335636
16
#335661
#335733
#335761
04
#335776
1<
#335861
#335897
0=
#335913
12
#335924
#335936
02
#335952
15
#335968
#335979
#335991
#336007
0,
#336023
10
#336041
#336059
08
#336075
14
#336085
0/
#336099
1=
#336109
06
#336125
12
#336196
04
#336211
1,
#336223
#336234
#336250
02
#336266
18
#336275
#336286
#336299
08
#336314
16
#336332
0=
#336347
14
#336358
06
#336373
12
#336384
04
#336399
18
#336424
0<
#336440
1=
#336451
#336529
05
#336545
16
#336554
#336564
0=
#336579
14
#336591
#336601
#336624
0-
#336640
1<
#336657
0<
#336673
1.
#336684
#336713
1!
#336714
0!
#336718
#336732
#336803
06
#336818
15
#336828
0:
#336841
1=
#336852
0,
#336867
1-
#336878
02
#336891
1<
#336902
05
#336918
11
#336928
00
#336944
16
#336955
0=
#336971
1,
#336981
0-
#336997
15
#337014
0,
#337031
10
#337042
#337077
#337089
#337100
01
#337117
1=
#337126
#337135
00
#337152
1-
#337175
#337184
0-
#337200
1,
#337212
#337246
#337260
#337288
05
#337304
1;
#337314
08
#337330
11
#337340
#337355
#337366
#337383
#337391
#337401
0;
#337417
10
#337428
#337447
01
#337463
1-
#337474
#337485
00
#337501
19
#337512
1!
#337513
0!
#337518
#337545
0,
#337561
13
#337645
06
#337659
15
#337750
05
#337765
18
#337777
#337865
0-
#337881
1;
#337891
0<
#337907
11
#337923
#337933
09
#337946
10
#337957
0;
#337973
1,
#337983
01
#337999
15
#338009
#338025
05
#338041
1-
#338052
#338064
0,
#338080
1<
#338098
0<
#338114
1;
#338125
#338138
0;
#338154
11
#338166
#338177
00
#338194
15
#338293
#338381
#338469
1!
#338470
0!
#338474
#338549
#338562
0=
#338574
1,
#338585
03
#338597
1<
#338615
08
#338630
1;
#338640
0<
#338655
10
#338666
0,
#338681
18
#338699
#338733
0-
#338748
1<
#338760
#338778
0.
#338791
1,
#338802
04
#338815
17
#338826
08
#338842
1-
#338853
#338895
#338909
#338927
#339010
00
#339026
18
#339036
01
#339052
1/
#339062
#339070
#339079
#339096
#339126
#339137
0,
#339152
10
#339164
#339182
0<
#339197
11
#339215
01
#339231
1,
#339241
00
#339258
1<
#339268
07
#339284
11
#339301
0,
#339317
10
#339328
0<
#339344
17
#339354
01
#339370
1,
#339381
0-
#339397
1<
#339474
0,
#339490
11
#339500
05
#339514
1-
#339525
#339552
07
#339568
1,
#339580
1!
#339581
0!
#339585
#339662
0;
#339679
1:
#339689
0-
#339705
17
#339715
#339725
#339751
#339760
#339769
08
#339785
1;
#339797
#339824
0<
#339840
1-
#339851
#339863
#339873
#339890
#339903
#339937
07
#339953
12
#339965
#339986
#339997
#340014
#340024
0/
#340040
18
#340050
0:
#340066
16
#340077
00
#340093
1<
#340103
0;
#340119
19
#340136
#340145
#340175
02
#340191
17
#340202
#340288
#340306
#340323
#340354
01
#340370
1/
#340448
#340468
#340477
0<
#340493
1:
#340563
0/
#340578
10
#340590
1!
#340591
0!
#340595
#340719
06
#340731
1;
#340801
#340810
0:
#340825
12
#340835
0;
#340850
1.
#340860
0,
#340873
11
#340883
00
#340899
1<
#340909
0-
#340922
1/
#340932
01
#340948
1:
#340958
0<
#340974
1;
#340985
0/
#341000
10
#341017
09
#341031
11
#341042
#341054
0;
#341070
1<
#341080
00
#341097
1/
#341189
#341209
0<
#341225
1;
#341235
07
#341251
10
#341322
0.
#341335
1<
#341345
01
#341361
17
#341386
#341414
#341432
#341442
1!
#341443
0!
#341448
#341476
#341503
07
#341518
11
#341596
08
#341609
14
#341619
02
#341635
13
#341644
#341653
#341669
00
#341683
17
#341694
#341706
#341717
0:
#341733
12
#341743
04
#341759
1:
#341770
03
#341786
14
#341796
02
#341812
13
#341829
#341838
07
#341854
12
#341864
03
#341881
17
#341920
#341957
#342043
0/
#342059
13
#342069
0<
#342083
10
#342094
#342108
#342120
0:
#342136
1/
#342146
04
#342162
1:
#342180
0/
#342196
14
#342206
0:
#342222
1/
#342232
03
#342249
1:
#342334
#342369
0/
#342385
13
#342396
#342474
01
#342490
1/
#342501
02
#342517
1=
#342527
0:
#342543
11
#342562
#342572
04
#342589
12
#342600
1!
#342601
0!
#342606
#342619
#342646
02
#342663
1:
#342674
#342685
#342694
0=
#342711
14
#342794
#342804
#342840
00
#342856
15
#342867
#342909
#342920
#342930
#342941
#342949
#342958
#342982
#342996
#343014
03
#343030
12
#343054
02
#343071
1=
#343082
#343096
#343114
01
#343130
10
#343140
07
#343156
16
#343233
0/
#343249
13
#343260
#343332
03
#343347
12
#343358
04
#343373
11
#343383
05
#343396
17
#343413
01
#343429
1/
#343440
#343468
#343479
0=
#343495
13
#343505
07
#343521
14
#343538
0;
#343552
11
#343569
0/
#343585
1,
#343657
1!
#343658
0!
#343662
#343674
#343683
0:
#343699
1=
#343709
01
#343725
17
#343736
#343750
04
#343765
1/
#343782
03
#343798
1:
#343808
06
#343822
11
#343831
#343841
0=
#343857
14
#343867
07
#343883
13
#343901
0:
#343917
1=
#343928
#343962
00
#343978
17
#343989
#344017
0/
#344033
1:
#344058
#344069
0:
#344086
1-
#344097
#344109
#344186
04
#344202
10
#344213
#344233
02
#344249
19
#344260
#344271
#344287
#344297
#344317
0=
#344333
1/
#344350
#344419
07
#344435
1:
#344444
#344455
1!
#344456
0!
#344460
#344495
#344507
0-
#344522
14
#344607
0,
#344619
12
#344630
00
#344645
1=
#344655
03
#344668
17
#344679
#344713
0=
#344729
1-
#344740
#344753
07
#344769
10
#344779
#344788
0:
#344804
1.
#344864
#344874
0-
#344889
1=
#344906
00
#344922
17
#344933
#344958
0.
#344974
1:
#344991
0:
#345007
1-
#345078
02
#345093
10
#345171
0=
#345185
1.
#345197
#345224
04
#345236
1:
#345246
#345255
0.
#345271
12
#345281
0:
#345296
1=
#345307
09
#345320
18
#345338
#345350
01
#345363
1.
#345373
07
#345390
1:
#345401
#345429
#345446
#345455
02
#345471
17
#345483
#345503
0-
#345519
1<
#345529
0/
#345545
12
#345555
0.
#345572
1-
#345583
#345611
1!
#345612
0!
#345617
#345636
#345646
#345657
#345666
#345695
#345705
#345719
#345737
#345771
0:
#345788
1/
#345799
#345809
#345818
0/
#345835
1.
#345845
0<
#345861
1;
#345872
#345896
#345906
#345992
0;
#346006
15
#346016
0=
#346032
1:
#346043
08
#346059
1/
#346070
#346090
0:
#346106
1<
#346116
0/
#346132
1=
#346149
02
#346166
18
#346176
0-
#346192
1:
#346262
0<
#346278
1/
#346288
0=
#346304
12
#346321
08
#346337
1-
#346347
0:
#346363
1<
#346431
05
#346445
1=
#346462
0-
#346478
18
#346489
0<
#346505
1:
#346516
#346529
1!
#346530
0!
#346535
#346548
#346576
02
#346592
1-
#346659
#346669
#346680
08
#346696
1<
#346713
0=
#346730
16
#346740
0-
#346756
12
#346774
#346787
#346804
#346823
02
#346839
18
#346849
07
#346865
1=
#346936
0.
#346951
1-
#347029
06
#347042
12
#347059
00
#347073
17
#347112
07
#347128
1.
#347146
0.
#347162
17
#347246
07
#347262
1.
#347273
#347303
#347330
0.
#347346
17
#347356
0=
#347372
1,
#347382
0<
#347399
1.
#347410
#347423
#347455
#347469
#347481
0,
#347497
1=
#347507
0:
#347523
1<
#347554
0<
#347570
1,
#347581
#347646
#347673
0,
#347689
1:
#347701
#347727
#347736
#347796
0:
#347812
1<
#347873
0<
#347889
11
#347899
#347908
07
#347925
1,
#347936
#347946
#347956
#347968
01
#347984
13
#348008
#348018
#348030
1!
#348031
0!
#348036
#348062
0,
#348078
1:
#348089
#348213
0:
#348229
1<
#348239
0=
#348255
17
#348265
0-
#348281
11
#348298
07
#348313
1,
#348324
01
#348339
1:
#348350
0/
#348363
1=
#348375
#348387
#348434
#348445
#348459
#348485
#348494
08
#348510
1-
#348520
#348530
#348541
#348551
0=
#348567
17
#348577
0-
#348593
11
#348617
#348627
1!
#348628
0!
#348633
#348645
01
#348661
19
#348685
07
#348702
14
#348713
#348725
#348736
#348757
0,
#348773
18
#348857
0<
#348873
1=
#348883
0:
#348897
1-
#348967
08
#348983
11
#348993
0-
#349009
17
#349108
#349188
#349215
02
#349228
1,
#349239
#349251
#349264
0,
#349279
1<
#349290
04
#349305
18
#349315
09
#349331
1-
#349341
0.
#349354
1;
#349364
03
#349378
1,
#349388
08
#349404
14
#349415
0=
#349431
19
#349441
0,
#349457
18
#349468
04
#349484
1=
#349494
09
#349510
1,
#349542
#349569
01
#349585
14
#349596
#349638
#349649
#349710
#349737
#349752
#349762
#349773
#349781
#349790
#349805
#349821
#349831
#349845
#349862
0-
#349879
19
#349889
07
#349905
15
#349915
0<
#349932
11
#349942
09
#349958
16
#349969
1!
#349970
0!
#349975
#349989
#350000
01
#350016
10
#350160
06
#350173
1-
#350183
0,
#350197
17
#350207
04
#350223
1<
#350234
0-
#350250
19
#350260
0<
#350276
11
#350287
07
#350303
14
#350320
0;
#350336
1-
#350347
#350359
0-
#350375
1<
#350407
#350421
#350455
#350469
#350481
01
#350497
17
#350521
0=
#350537
1;
#350554
07
#350570
1-
#350581
0;
#350597
11
#350668
#350682
1!
#350683
0!
#350688
#350715
#350742
09
#350758
1=
#350769
#350796
0<
#350812
17
#350822
04
#350838
1;
#350906
05
#350920
1/
#350929
#350939
#350952
#351015
#351025
#351048
#351058
#351131
07
#351146
19
#351157
08
#351172
1:
#351183
00
#351196
1<
#351207
09
#351223
14
#351240
0<
#351256
17
#351333
0/
#351349
18
#351359
07
#351375
19
#351394
1!
#351395
0!
#351400
#351473
09
#351488
1<
#351498
0=
#351514
1/
#351524
01
#351537
17
#351547
0<
#351563
19
#351573
0/
#351589
1=
#351599
0;
#351615
1<
#351632
#351641
04
#351656
1/
#351668
#351695
07
#351711
1;
#351721
0:
#351734
14
#351745
08
#351761
12
#351771
0=
#351787
17
#351798
04
#351814
18
#351839
#351867
#351879
#351890
#351905
#351921
#351930
02
#351946
1=
#351956
#351973
#351987
#352020
#352048
#352059
0/
#352075
14
#352086
#352100
08
#352116
13
#352127
#352137
#352153
0=
#352169
12
#352180
0;
#352196
1.
#352205
#352215
09
#352231
1/
#352249
02
#352265
18
#352296
0-
#352312
1=
#352337
#352357
#352385
#352412
1!
#352413
0!
#352417
#352497
0=
#352513
1;
#352523
#352532
03
#352548
19
#352557
#352568
#352603
09
#352619
12
#352629
08
#352645
1-
#352655
0/
#352672
16
#352682
02
#352698
1=
#352708
0-
#352725
13
#352869
06
#352882
19
#352892
04
#352906
18
#352916
0=
#352932
1/
#352942
03
#352959
12
#352969
09
#352985
1-
#353056
#353075
0.
#353089
1=
#353099
08
#353115
13
#353140
0-
#353156
19
#353248
#353276
#353354
#353363
07
#353378
18
#353389
0;
#353404
1-
#353414
0<
#353427
1,
#353444
03
#353460
17
#353478
07
#353494
1;
#353503
#353512
08
#353528
13
#353606
#353649
02
#353665
17
#353676
#353688
0-
#353701
18
#353712
07
#353728
12
#353821
1!
#353822
0!
#353826
#353907
0,
#353920
17
#353998
09
#354012
1(
#354051
#354086
#354096
0;
#354111
15
#354121
02
#354134
1;
#354146
#354225
#354236
0/
#354252
1-
#354262
03
#354278
1/
#354288
05
#354304
13
#354315
#354341
0/
#354356
15
#354442
#354468
0-
#354481
1/
#354491
#354500
0/
#354516
10
#354525
#354535
0(
#354551
1/
#354562
#354580
00
#354596
10
#354614
00
#354630
10
#354642
1!
#354643
0!
#354647
#354660
00
#354676
10
#354754
#354832
05
#354848
1:
#354859
#354887
#354896
03
#354912
15
#354923
#354934
07
#354950
19
#354967
0:
#354983
13
#355008
#355080
05
#355096
17
#355113
0;
#355126
1:
#355136
#355145
08
#355159
15
#355169
07
#355185
17
#355262
#355278
07
#355294
17
#355387
#355414
00
#355428
11
#355438
0:
#355453
1:
#355471
0:
#355486
1:
#355498
#355509
03
#355524
13
#355542
05
#355556
1#
#355567
#355597
#355606
0#
#355622
12
#355645
#355722
01
#355736
1'
#355755
#355768
1!
#355769
0!
#355774
#355854
#355892
0'
#355908
1-
#355918
0:
#355934
1:
#355944
07
#355958
1&
#355969
0:
#355984
1:
#355996
#356007
0=
#356023
1=
#356101
0=
#356116
1=
#356127
#356156
0/
#356169
16
#356179
0=
#356195
1=
#356205
09
#356221
19
#356238
0&
#356255
1%
#356272
#356281
09
#356296
19
#356375
#356405
0:
#356420
10
#356431
09
#356446
1:
#356456
02
#356469
19
#356480
0-
#356495
1-
#356513
0%
#356530
1)
#356541
#356553
#356596
#356607
#356616
#356626
#356652
0-
#356668
14
#356684
#356695
#356707
1!
#356708
0!
#356712
#356740
#356768
#356785
#356795
03
#356810
1.
#356821
0)
#356837
1-
#356855
0-
#356871
15
#356881
04
#356897
13
#356958
#356968
#356993
03
#357009
1-
#357087
06
#357103
14
#357114
#357142
00
#357156
13
#357166
04
#357182
16
#357200
03
#357216
12
#357226
06
#357242
14
#357252
0=
#357269
13
#357279
05
#357295
16
#357306
#357325
04
#357341
1=
#357352
#357387
#357399
#357428
0=
#357444
15
#357522
1!
#357523
0!
#357528
#357541
0.
#357556
14
#357574
02
#357590
1<
#357600
05
#357616
10
#357626
0:
#357640
1=
#357710
06
#357726
1.
#357743
0=
#357758
12
#357768
#357844
#357854
#357873
02
#357889
15
#357899
09
#357912
16
#357922
0.
#357938
1=
#357969
0<
#357983
12
#358067
05
#358083
1.
#358100
02
#358116
15
#358127
#358162
#358192
#358262
#358289
00
#358305
12
#358315
04
#358331
1,
#358392
0-
#358408
1;
#358420
#358430
0.
#358447
10
#358456
#358479
#358489
#358561
00
#358576
14
#358593
#358602
0;
#358616
1-
#358625
#358636
1!
#358637
0!
#358641
#358654
0-
#358670
1.
#358688
#358730
#358748
#358757
0=
#358773
10
#358784
#358858
0,
#358873
1-
#358883
#358892
03
#358908
18
#358919
#358931
00
#358947
1=
#358978
0-
#358994
1,
#359018
0=
#359033
13
#359044
0,
#359059
10
#359137
03
#359152
1-
#359230
#359266
06
#359281
1=
#359293
#359304
0.
#359318
1,
#359335
0,
#359351
13
#359361
05
#359375
16
#359446
0=
#359461
1,
#359488
1!
#359489
0!
#359493
#359647
08
#359660
1=
#359684
06
#359698
1*
#359710
#359738
02
#359751
11
#359761
#359770
04
#359786
14
#359864
0*
#359880
1$
#359898
#359928
03
#359944
1.
#359955
#359967
04
#359982
13
#359992
0,
#360005
14
#360022
0$
#360039
1(
#360057
0-
#360072
1-
#360090
#360119
0-
#360135
17
#360213
#360225
#360253
0.
#360266
1-
#360276
0(
#360293
16
#360302
#360311
#360320
0-
#360336
1-
#360347
#360358
04
#360374
14
#360386
#360398
0=
#360414
1=
#360423
#360433
07
#360449
17
#360473
07
#360489
17
#360500
#360535
#360559
07
#360575
1/
#360585
#360594
0=
#360611
17
#360621
00
#360637
1=
#360648
#360676
#360687
#360697
#360725
#360741
0/
#360757
10
#360775
06
#360791
1:
#360868
01
#360884
1,
#360895
#360914
00
#360930
1/
#360948
1!
#360949
0!
#360954
#361033
0-
#361046
16
#361058
#361086
06
#361102
11
#361172
07
#361188
10
#361199
#361211
0=
#361226
1.
#361237
03
#361250
16
#361259
#361268
0/
#361284
17
#361301
06
#361317
1=
#361334
01
#361350
1/
#361427
0:
#361440
16
#361464
00
#361480
11
#361491
#361518
0.
#361532
10
#361543
#361554
07
#361570
19
#361580
#361589
0/
#361605
17
#361616
04
#361632
1/
#361657
#361685
1!
#361686
0!
#361691
#361703
01
#361720
14
#361782
#361811
#361822
07
#361838
1<
#361849
0,
#361865
11
#361875
04
#361891
1.
#361909
#362016
#362026
#362039
#362055
0<
#362068
17
#362130
#362217
#362243
#362252
01
#362266
1,
#362290
0,
#362306
14
#362316
0.
#362333
1;
#362411
#362429
00
#362442
1,
#362454
#362482
0,
#362498
1.
#362516
0/
#362532
11
#362604
#362616
09
#362631
1,
#362642
0=
#362655
1/
#362672
#362681
0/
#362697
19
#362715
#362742
#362751
09
#362767
1/
#362784
#362799
#362809
#362827
07
#362843
15
#362929
04
#362944
19
#363022
06
#363035
17
#363045
0,
#363059
14
#363070
1!
#363071
0!
#363076
#363156
07
#363171
17
#363182
05
#363196
1#
#363206
07
#363222
17
#363232
09
#363248
19
#363354
04
#363369
1'
#363454
0;
#363469
1;
#363479
0.
#363494
1.
#363504
0/
#363519
1/
#363530
#363567
0#
#363582
10
#363594
#363622
0;
#363638
18
#363648
01
#363663
1;
#363673
0.
#363689
11
#363699
0'
#363715
1.
#363724
#363735
#363753
07
#363768
1&
#363778
01
#363794
11
#363805
1!
#363806
0!
#363811
#363823
01
#363839
11
#363850
#363862
#363906
#363931
#363941
0;
#363956
12
#363967
#363995
#364012
#364022
#364031
0&
#364047
1-
#364058
02
#364074
1;
#364083
#364100
00
#364116
14
#364127
#364138
#364162
#364262
#364375
1!
#364376
0!
#364380
#364436
0;
#364451
12
#364529
04
#364542
10
#364552
0/
#364567
17
#364578
0.
#364591
1;
#364602
#364614
02
#364630
1/
#364640
0;
#364656
12
#364666
00
#364682
1;
#364692
0-
#364705
10
#364790
02
#364805
12
#364816
01
#364830
1%
#364908
0/
#364923
1/
#364933
07
#364948
1)
#364958
0/
#364973
1/
#365005
0;
#365020
1;
#365030
00
#365045
10
#365057
#365087
08
#365102
14
#365113
#365139
0)
#365154
18
#365166
#365262
0%
#365277
13
#365287
#365303
04
#365317
1*
#365336
#365347
#365428
08
#365444
17
#365454
#365464
#365477
#365503
09
#365519
18
#365529
0/
#365545
1:
#365554
#365578
1!
#365579
0!
#365584
#365597
0*
#365613
19
#365690
09
#365706
1/
#365716
03
#365732
19
#365742
02
#365756
13
#365767
#365778
09
#365794
19
#365805
03
#365821
13
#365830
#365840
08
#365856
18
#365866
0/
#365882
1/
#365906
03
#365922
13
#365932
0/
#365949
1/
#365960
#365994
0;
#366010
1<
#366029
#366114
03
#366127
1;
#366145
0;
#366161
1;
#366246
0;
#366262
1;
#366347
#366374
#366384
#366414
#366424
#366433
07
#366449
1=
#366459
0:
#366474
14
#366567
#366639
0=
#366651
17
#366661
09
#366674
1:
#366698
0:
#366713
1:
#366724
#366753
0:
#366768
12
#366779
#366791
0<
#366806
1:
#366817
04
#366832
1<
#366856
00
#366869
14
#366879
08
#366894
1$
#366904
0<
#366920
1<
#366931
#366961
04
#366977
13
#366988
1!
#366989
0!
#366994
#367006
#367016
#367028
0$
#367044
14
#367054
#367063
0<
#367079
1<
#367117
07
#367133
17
#367151
#367181
#367260
0:
#367276
18
#367286
07
#367302
1:
#367312
04
#367328
17
#367346
0;
#367361
14
#367432
02
#367445
1;
#367523
0;
#367538
1;
#367548
0<
#367562
1(
#367572
0;
#367588
1;
#367619
#367716
#367744
0/
#367757
16
#367774
0:
#367789
12
#367799
03
#367815
1:
#367833
#367860
#367871
#367880
#367889
08
#367902
13
#367914
1!
#367915
0!
#367920
#367933
#367943
#367959
0(
#367975
1,
#367986
03
#368002
13
#368013
#368040
06
#368056
15
#368074
03
#368090
16
#368099
#368110
#368121
#368149
#368159
05
#368175
13
#368186
#368197
02
#368213
1<
#368223
#368232
0:
#368248
15
#368258
0;
#368275
12
#368298
06
#368315
1:
#368326
#368354
#368431
#368443
1!
#368444
0!
#368449
#368462
02
#368478
1;
#368503
#368530
05
#368546
16
#368557
#368585
#368595
#368606
0<
#368622
1.
#368632
#368641
#368657
04
#368673
12
#368696
#368705
0;
#368721
1-
#368791
02
#368807
15
#368958
06
#368973
18
#368983
0,
#368996
1<
#369007
#369019
07
#369034
14
#369045
0<
#369060
1;
#369070
05
#369086
12
#369096
0:
#369109
16
#369201
0.
#369214
17
#369224
0;
#369240
1<
#369251
#369264
07
#369280
15
#369290
0<
#369306
1;
#369317
#369351
08
#369367
17
#369377
04
#369393
1<
#369410
07
#369426
11
#369437
#369457
1!
#369458
0!
#369463
#369476
0-
#369489
18
#369581
#369611
#369688
#369704
06
#369720
14
#369732
#369743
04
#369760
17
#369769
#369779
08
#369795
10
#369818
#369828
#369842
#369861
05
#369877
16
#369887
0;
#369903
14
#369920
#369930
#369942
#369980
0<
#369996
18
#370081
08
#370097
15
#370107
03
#370123
1;
#370133
00
#370147
1<
#370218
0;
#370233
18
#370311
0<
#370326
13
#370403
02
#370416
1;
#370426
03
#370442
1<
#370452
06
#370465
13
#370475
0;
#370491
1;
#370501
04
#370516
1#
#370533
03
#370549
13
#370560
#370595
0#
#370612
1=
#370621
#370631
#370661
#370674
#370684
#370700
0=
#370716
16
#370733
07
#370750
1=
#370767
0=
#370783
17
#370795
#370823
07
#370839
1=
#370857
05
#370873
14
#370883
03
#370899
17
#370970
0=
#370985
15
#370997
1!
#370998
0!
#371003
#371016
#371028
0;
#371042
13
#371052
05
#371068
1=
#371166
01
#371180
15
#371191
#371205
#371291
#371319
04
#371332
19
#371349
#371359
#371387
#371396
0=
#371412
14
#371431
#371443
#371462
#371489
0<
#371505
1=
#371516
05
#371532
1/
#371543
1!
#371544
0!
#371549
#371562
07
#371578
1<
#371588
06
#371604
15
#371621
03
#371638
17
#371655
05
#371672
16
#371695
06
#371712
13
#371723
#371737
#371764
04
#371780
15
#371791
#371802
03
#371819
16
#371829
0/
#371845
1.
#371855
#371864
05
#371880
14
#371890
#371900
#371918
04
#371934
13
#371959
0.
#371975
1/
#371986
#372114
#372124
0/
#372140
15
#372150
0=
#372166
14
#372176
#372186
#372196
#372213
04
#372229
1.
#372238
#372255
0.
#372271
1,
#372392
06
#372408
1/
#372418
08
#372432
1=
#372442
07
#372458
14
#372469
0=
#372485
1.
#372503
#372529
#372563
0/
#372579
16
#372591
#372611
0<
#372627
17
#372638
#372665
#372674
07
#372690
1=
#372700
#372708
#372717
#372741
#372752
#372771
#372798
04
#372814
1:
#372826
#372837
#372853
03
#372869
1/
#372886
#372896
#372917
#372934
0.
#372950
1<
#372961
05
#372977
1-
#372988
1!
#372989
0!
#372994
#373014
06
#373030
17
#373173
07
#373189
10
#373199
0,
#373212
14
#373290
#373369
04
#373383
13
#373461
0:
#373473
1.
#373483
00
#373496
15
#373514
#373527
05
#373542
16
#373613
0<
#373628
17
#373639
#373651
0-
#373664
14
#373681
0=
#373694
15
#373704
04
#373720
1<
#373731
1!
#373732
0!
#373737
#373751
#373764
09
#373777
14
#373788
05
#373804
15
#373814
0.
#373830
1.
#373854
0.
#373870
1.
#373882
#373893
0.
#373909
1.
#373941
06
#373957
16
#373968
#373981
03
#373997
13
#374008
06
#374024
16
#374034
04
#374050
14
#374074
04
#374090
14
#374102
#374113
04
#374129
14
#374147
#374175
0/
#374191
12
#374202
#374215
0<
#374231
1/
#374243
#374254
03
#374270
1<
#374287
06
#374303
13
#374314
#374392
#374408
0/
#374424
16
#374435
#374463
#374497
06
#374513
1;
#374523
#374533
#374544
#374554
02
#374570
1/
#374581
#374606
0;
#374622
11
#374638
#374648
#374662
#374724
03
#374740
18
#374750
0.
#374767
16
#374777
0/
#374793
12
#374803
#374811
#374821
02
#374837
1;
#374853
#374863
0;
#374879
13
#374890
#374915
01
#374931
1.
#374949
0.
#374965
1/
#374977
1!
#374978
0!
#374983
#375002
06
#375018
12
#375035
#375104
03
#375119
1;
#375131
#375267
#375292
#375304
#375313
08
#375326
11
#375337
02
#375353
1.
#375363
04
#375379
16
#375390
01
#375406
13
#375416
0.
#375432
1,
#375443
0;
#375459
12
#375470
1!
#375471
0!
#375476
#375489
03
#375505
14
#375521
#375618
0,
#375632
11
#375643
#375729
#375742
01
#375758
1.
#375769
#375782
#375792
#375802
07
#375818
1;
#375954
#375963
04
#375979
13
#376003
05
#376016
1=
#376101
#376129
0.
#376142
11
#376153
#376163
#376179
#376277
01
#376290
17
#376302
#376330
0/
#376346
14
#376416
02
#376432
1:
#376442
04
#376457
1.
#376474
07
#376490
1/
#376501
#376514
1!
#376515
0!
#376520
#376560
0/
#376575
12
#376593
0<
#376606
14
#376616
0=
#376632
17
#376770
03
#376783
1/
#376793
02
#376808
1=
#376819
0:
#376832
12
#376843
#376871
06
#376885
11
#376896
#376908
0/
#376924
1/
#376941
07
#376957
17
#376976
#376996
#377008
0=
#377024
1=
#377035
02
#377051
12
#377061
0.
#377077
1.
#377161
04
#377177
14
#377187
0;
#377202
1'
#377212
04
#377228
14
#377252
#377283
0=
#377298
1;
#377310
#377336
0.
#377352
1=
#377362
04
#377378
19
#377397
1!
#377398
0!
#377402
#377467
#377480
#377499
#377525
0/
#377541
1.
#377565
09
#377581
14
#377591
#377600
0.
#377616
10
#377633
0'
#377649
1/
#377660
#377689
#377699
#377708
0/
#377724
19
#377734
#377750
00
#377766
1.
#377776
#377786
#377804
07
#377820
1-
#377831
#377864
#377875
#377887
#377947
0;
#377963
1/
#377982
#377993
0/
#378010
10
#378021
#378039
02
#378055
17
#378066
#378079
07
#378095
18
#378106
0=
#378122
1;
#378190
0;
#378206
1/
#378217
#378229
09
#378245
12
#378329
02
#378345
17
#378355
08
#378369
1=
#378380
#378394
#378421
07
#378437
1;
#378454
0=
#378470
19
#378482
1!
#378483
0!
#378488
#378500
0;
#378516
12
#378526
#378535
02
#378552
1,
#378562
01
#378578
17
#378588
#378605
#378617
#378628
0,
#378645
1=
#378684
#378704
#378773
0=
#378788
1;
#378919
0-
#378932
12
#378941
#378951
0/
#378964
11
#378981
04
#378995
1,
#379005
01
#379021
1=
#379031
07
#379047
11
#379058
0,
#379074
17
#379085
#379097
07
#379113
1,
#379138
#379165
01
#379181
17
#379193
#379205
#379221
02
#379237
1<
#379254
#379263
07
#379279
11
#379290
#379318
0,
#379334
12
#379352
#379364
#379390
1!
#379391
0!
#379396
#379408
#379417
00
#379433
17
#379443
0=
#379460
15
#379471
#379498
09
#379514
1,
#379524
02
#379541
10
#379552
#379563
0<
#379579
1=
#379589
#379664
#379673
05
#379689
13
#379699
#379708
00
#379723
19
#379741
0=
#379756
12
#379774
02
#379790
1<
#379801
#379836
#379854
0.
#379867
15
#379877
#379886
03
#379902
10
#379913
05
#379929
1=
#379940
#379952
0=
#379968
12
#379978
#380076
#380111
#380141
#380152
0,
#380168
1:
#380178
0<
#380194
13
#380211
07
#380228
15
#380239
#380251
03
#380267
1=
#380276
#380292
#380301
05
#380317
16
#380482
0:
#380495
1,
#380505
06
#380519
1<
#380537
#380550
0<
#380566
17
#380576
00
#380593
13
#380662
1!
#380663
0!
#380667
#380740
03
#380756
15
#380774
09
#380789
1<
#380867
0;
#380880
10
#380949
#380974
01
#380988
13
#381005
07
#381021
19
#381033
#381047
#381059
00
#381075
17
#381085
05
#381101
10
#381261
#381291
#381303
07
#381318
15
#381395
0=
#381411
17
#381421
09
#381436
1=
#381446
0<
#381460
19
#381470
02
#381484
1&
#381495
09
#381510
19
#381608
05
#381623
15
#381648
0,
#381663
1,
#381673
00
#381689
10
#381700
1!
#381701
0!
#381706
#381718
05
#381734
15
#381745
#381848
0&
#381863
18
#381874
#381901
#381910
0,
#381925
1/
#381937
#381948
#381977
08
#381992
1,
#382003
0=
#382016
1<
#382027
#382038
03
#382054
18
#382063
#382081
#382092
#382101
08
#382117
13
#382127
0/
#382143
18
#382161
#382187
#382196
07
#382210
1/
#382220
0,
#382236
1-
#382248
#382276
08
#382292
1,
#382310
0/
#382326
1=
#382336
0<
#382352
18
#382369
#382379
#382398
#382424
#382450
#382466
#382476
03
#382492
1/
#382502
00
#382518
1<
#382530
1!
#382531
0!
#382536
#382606
0/
#382622
14
#382699
0<
#382715
13
#382726
#382751
04
#382767
10
#382777
08
#382791
1/
#382801
#382810
03
#382826
1<
#382911
00
#382926
14
#383003
04
#383019
13
#383030
#383059
#383145
09
#383158
10
#383169
#383198
00
#383213
14
#383223
0=
#383238
17
#383249
0/
#383264
18
#383275
#383302
05
#383316
10
#383327
#383345
#383354
04
#383370
1=
#383387
0-
#383401
1/
#383425
0=
#383441
1.
#383459
#383537
0/
#383553
14
#383563
0,
#383579
1=
#383589
0<
#383605
1/
#383615
#383699
#383734
0/
#383750
1,
#383761
#383773
0,
#383788
1<
#383873
#383903
#383931
1!
#383932
0!
#383937
#383950
0.
#383963
1/
#383973
00
#383989
1,
#384000
08
#384016
1:
#384033
0=
#384049
10
#384060
#384087
07
#384104
18
#384121
04
#384137
1=
#384148
#384159
0,
#384175
16
#384193
#384205
#384233
#384244
#384252
#384261
0:
#384278
17
#384287
#384298
#384309
#384331
#384341
#384404
#384420
07
#384436
14
#384454
04
#384470
1,
#384555
0=
#384569
1;
#384579
03
#384595
1:
#384667
1!
#384668
0!
#384672
#384685
06
#384701
17
#384711
0:
#384727
14
#384744
04
#384760
13
#384770
07
#384786
16
#384803
08
#384819
1:
#384829
06
#384845
14
#384929
0:
#384945
17
#385016
#385035
0<
#385048
18
#385058
03
#385073
16
#385083
0/
#385097
1:
#385107
07
#385123
13
#385140
06
#385155
17
#385172
0;
#385186
16
#385212
#385275
03
#385292
13
#385354
#385379
08
#385395
18
#385413
#385433
0,
#385449
1,
#385461
#385479
0,
#385495
1,
#385507
#385541
06
#385557
11
#385568
0,
#385584
16
#385729
#385747
03
#385760
1,
#385770
06
#385786
16
#385796
00
#385811
1)
#385821
06
#385837
16
#385854
01
#385870
11
#385888
#385917
01
#385932
12
#385942
#385952
#385979
0)
#385995
11
#386006
#386016
#386026
01
#386042
1-
#386052
02
#386068
11
#386078
#386088
#386113
0-
#386129
12
#386147
02
#386163
1-
#386174
#386202
1!
#386203
0!
#386208
#386221
0-
#386237
12
#386246
#386257
#386283
#386300
02
#386316
15
#386326
#386336
#386346
#386355
#386363
#386431
1!
#386432
0!
#386437
#386451
#386462
05
#386478
1-
#386509
0-
#386525
19
#386537
#386565
#386639
0:
#386655
12
#386673
06
#386689
15
#386760
#386838
05
#386854
1-
#386865
#386900
04
#386914
10
#386931
01
#386946
1:
#386958
#386969
0,
#386983
16
#386993
0:
#387009
15
#387101
06
#387117
13
#387127
05
#387143
11
#387167
00
#387180
1:
#387204
01
#387220
16
#387230
0:
#387247
15
#387391
03
#387405
11
#387415
0-
#387428
1:
#387500
#387528
06
#387544
10
#387554
09
#387568
16
#387578
01
#387594
11
#387606
#387631
02
#387647
12
#387689
1!
#387690
0!
#387694
#387774
02
#387790
12
#387801
#387830
#387858
02
#387873
13
#387884
07
#387897
1.
#387908
#387934
00
#387950
12
#387966
#387977
#388107
05
#388123
10
#388134
#388211
#388276
#388287
03
#388303
1-
#388315
#388349
0.
#388365
15
#388376
#388402
#388413
#388426
1!
#388427
0!
#388431
#388444
00
#388460
13
#388477
05
#388493
1=
#388504
03
#388520
1.
#388536
#388546
#388611
#388622
#388632
#388650
0.
#388666
1<
#388684
08
#388700
10
#388718
#388729
#388738
#388807
0=
#388822
15
#388900
0<
#388913
13
#388924
#388937
03
#388953
1.
#388963
0-
#388979
18
#388996
08
#389012
1=
#389104
0:
#389118
13
#389128
06
#389144
1-
#389154
01
#389167
18
#389238
00
#389254
16
#389264
08
#389280
10
#389290
02
#389304
18
#389314
05
#389330
15
#389341
0.
#389357
1.
#389367
0=
#389383
1=
#389400
0=
#389416
1=
#389428
#389469
#389482
#389509
0-
#389525
1/
#389542
#389552
#389563
06
#389579
1;
#389591
#389605
#389623
08
#389639
1-
#389648
#389658
0/
#389674
16
#389685
1!
#389686
0!
#389691
#389710
0-
#389726
18
#389744
0;
#389760
1/
#389771
#389799
#389817
#389842
#389905
#389914
0.
#389930
1-
#389942
#389953
#389962
08
#389978
1;
#390002
0;
#390018
14
#390030
#390116
#390129
06
#390145
1.
#390155
00
#390171
18
#390181
0/
#390197
1;
#390207
04
#390221
16
#390291
0.
#390307
10
#390317
08
#390333
1/
#390343
0;
#390359
1.
#390376
03
#390390
18
#390400
00
#390416
1;
#390426
#390442
0.
#390458
10
#390469
1!
#390470
0!
#390475
#390489
#390537
#390564
0=
#390581
1.
#390592
#390602
#390618
0/
#390634
1,
#390645
#390674
#390684
#390694
#390721
00
#390737
19
#390748
05
#390764
1=
#390773
#390782
#390791
#390801
#390812
0,
#390828
1/
#390838
0=
#390855
17
#390871
#390888
#390899
09
#390915
1:
#390940
#390965
#391108
0:
#391121
10
#391131
07
#391145
15
#391156
#391170
#391188
0/
#391205
1,
#391215
06
#391231
1=
#391248
05
#391264
19
#391335
0,
#391350
1/
#391361
0=
#391376
16
#391387
0-
#391400
15
#391410
#391427
05
#391443
1,
#391461
09
#391477
1=
#391487
06
#391503
15
#391515
1!
#391516
0!
#391520
#391667
0.
#391680
19
#391691
#391719
0,
#391734
16
#391745
09
#391760
1<
#391771
0/
#391786
1,
#391900
#391912
#391941
05
#391954
19
#391965
08
#391980
1/
#391991
00
#392007
18
#392017
0;
#392033
10
#392043
#392060
#392071
#392088
0/
#392104
1;
#392115
08
#392131
1/
#392215
0;
#392231
18
#392242
#392277
09
#392291
1;
#392301
08
#392317
15
#392328
00
#392344
18
#392354
0;
#392370
10
#392382
#392422
06
#392439
1;
#392450
#392461
#392478
#392495
#392572
00
#392587
11
#392612
#392639
0,
#392653
16
#392731
#392742
#392751
0<
#392767
10
#392777
0/
#392793
12
#392804
1!
#392805
0!
#392810
#392851
05
#392865
1<
#392876
#392964
0<
#392980
1/
#393050
08
#393066
19
#393134
0=
#393147
1<
#393156
#393166
00
#393181
18
#393193
#393271
02
#393284
10
#393295
0<
#393310
1<
#393321
01
#393335
1%
#393346
0/
#393361
1/
#393446
0/
#393461
1/
#393472
#393509
06
#393522
1,
#393533
0%
#393550
1*
#393561
#393596
#393612
08
#393628
14
#393639
#393658
#393670
0;
#393685
18
#393696
0*
#393712
1;
#393782
0;
#393798
1;
#393808
04
#393823
1$
#393833
0;
#393849
1;
#393874
#393911
#393923
08
#393939
15
#393949
0$
#393965
18
#393976
0,
#393992
1,
#394097
0,
#394113
1,
#394124
#394153
0,
#394168
16
#394230
0/
#394245
1,
#394256
05
#394269
1/
#394280
#394292
09
#394308
19
#394318
#394328
1!
#394329
0!
#394334
#394347
09
#394363
19
#394381
09
#394397
19
#394408
#394456
#394493
1!
#394494
0!
#394499
#394511
0/
#394527
13
#394588
#394598
#394659
#394668
06
#394685
15
#394696
#394724
#394737
#394777
#394787
#394805
03
#394821
1/
#394972
00
#394987
16
#394998
0<
#395011
1:
#395022
#395033
06
#395049
17
#395066
0/
#395081
13
#395092
08
#395107
10
#395131
03
#395147
16
#395157
00
#395173
1/
#395251
#395281
#395308
05
#395323
18
#395334
0;
#395349
13
#395360
07
#395373
10
#395384
06
#395400
1-
#395410
03
#395426
15
#395436
00
#395453
1;
#395472
1!
#395473
0!
#395477
#395542
#395553
#395563
#395575
0-
#395591
16
#395615
08
#395631
13
#395702
#395728
#395744
#395752
#395775
#395785
0:
#395798
10
#395808
#395890
#395900
05
#395915
1-
#395926
#395944
03
#395958
18
#395982
09
#395998
1.
#396010
#396053
08
#396069
15
#396087
05
#396103
19
#396113
0-
#396129
1<
#396266
09
#396281
18
#396352
0;
#396367
15
#396452
#396464
0,
#396476
1-
#396486
0.
#396499
19
#396511
1!
#396512
0!
#396516
#396529
0/
#396542
1;
#396552
0-
#396568
1-
#396578
09
#396594
19
#396612
0;
#396627
1;
#396712
06
#396726
1(
#396737
#396768
#396780
00
#396793
13
#396803
0;
#396819
1;
#396844
#396872
#396891
0(
#396907
10
#396917
08
#396934
18
#396944
0<
#396960
1<
#397044
08
#397060
18
#397070
0<
#397086
1<
#397096
03
#397110
1#
#397121
08
#397136
18
#397147
0<
#397162
1<
#397254
00
#397268
1'
#397279
#397309
#397338
0'
#397354
11
#397364
#397380
0-
#397395
13
#397406
0#
#397422
1-
#397440
1!
#397441
0!
#397446
#397460
#397471
#397498
#397515
#397543
#397562
01
#397578
1=
#397588
#397666
#397676
#397684
#397700
09
#397714
12
#397724
0=
#397740
11
#397757
#397767
#397786
#397830
#397857
0-
#397873
1=
#397934
01
#397950
10
#397962
#397973
03
#397989
14
#398000
#398153
02
#398168
1-
#398179
0;
#398192
11
#398209
01
#398225
13
#398235
04
#398249
12
#398259
0-
#398275
11
#398286
0<
#398302
1-
#398312
02
#398328
1<
#398420
#398429
08
#398442
12
#398454
#398481
0<
#398497
17
#398507
0=
#398523
1<
#398534
02
#398550
1=
#398559
#398570
#398647
#398656
07
#398672
12
#398684
1!
#398685
0!
#398689
#398702
0=
#398718
17
#398735
01
#398748
1=
#398758
#398767
0<
#398783
1<
#398964
02
#398978
1&
#399003
0-
#399017
1)
#399238
05
#399252
1%
#399262
0<
#399276
1*
#399288
#399318
03
#399332
19
#399342
0%
#399356
13
#399367
00
#399381
10
#399392
#399404
07
#399419
17
#399429
0=
#399444
1$
#399454
07
#399468
17
#399479
03
#399493
13
#399504
1!
#399505
0!
#399510
#399523
00
#399537
10
#399554
00
#399569
10
#399580
#399617
0$
#399632
11
#399650
#399662
#399698
0&
#399713
1:
#399723
#399740
#399771
#399783
#399796
#399824
09
#399839
12
#399849
0)
#399865
16
#399881
#399890
#399907
#399942
0*
#399958
19
#399968
01
#399984
1=
#399994
#400003
07
#400019
11
#400030
#400041
09
#400058
17
#400125
0:
#400142
19
#400152
07
#400168
1:
#400179
#400191
01
#400207
17
#400218
0:
#400234
11
#400325
03
#400340
1:
#400352
#400380
09
#400396
13
#400406
06
#400420
1<
#400481
0:
#400497
19
#400507
01
#400524
1:
#400534
02
#400550
11
#400567
07
#400583
12
#400595
#400623
1!
#400624
0!
#400629
#400641
02
#400657
17
#400669
#400680
03
#400697
1/
#400728
#400740
#400754
#400780
#400864
#400893
0:
#400910
12
#400981
#401008
0<
#401024
13
#401034
#401050
0/
#401065
1:
#401077
#401105
#401117
0=
#401132
1.
#401149
02
#401165
1<
#401176
#401187
00
#401201
1/
#401211
#401221
#401232
0<
#401248
1,
#401257
#401267
03
#401283
1=
#401293
#401302
0.
#401318
12
#401328
09
#401344
1<
#401362
0/
#401378
13
#401387
#401397
0=
#401413
1.
#401432
1!
#401433
0!
#401437
#401525
#401552
0<
#401568
19
#401579
#401590
0.
#401606
1/
#401623
0,
#401637
1=
#401654
0/
#401670
1;
#401680
0=
#401696
1<
#401708
#401722
#401755
#401783
#401796
#401805
03
#401821
1.
#401832
#401843
0.
#401859
1/
#401869
#401885
07
#401901
1=
#401912
#401924
01
#401940
14
#401957
0:
#401974
13
#402050
#402060
#402073
09
#402089
1.
#402106
0/
#402122
17
#402133
#402159
#402177
#402188
#402200
07
#402216
11
#402226
#402235
0;
#402248
1:
#402259
03
#402275
19
#402292
0:
#402308
1/
#402318
09
#402335
18
#402352
04
#402368
17
#402387
#402406
0.
#402423
13
#402499
#402508
0/
#402524
1:
#402535
1!
#402536
0!
#402541
#402554
01
#402569
19
#402580
08
#402593
14
#402671
07
#402687
1.
#402697
02
#402711
1/
#402735
0/
#402751
11
#402761
03
#402777
17
#402788
0.
#402804
1/
#402814
04
#402830
13
#402909
#402927
01
#402943
1.
#402954
#403003
#403017
#403045
#403056
#403065
0.
#403081
14
#403091
0=
#403107
11
#403117
0:
#403133
1-
#403142
#403151
04
#403167
15
#403178
0<
#403191
1.
#403202
#403352
05
#403368
1=
#403379
#403406
09
#403422
1:
#403432
0=
#403448
14
#403459
1!
#403460
0!
#403465
#403484
#403492
#403509
#403536
#403545
#403560
#403570
#403588
0/
#403604
15
#403615
#403628
#403639
05
#403654
16
#403665
0:
#403680
19
#403704
09
#403720
1=
#403791
#403804
06
#403818
10
#403828
0-
#403841
1/
#403912
01
#403927
15
#403938
0/
#403953
1:
#403964
03
#403977
19
#403988
05
#404004
11
#404014
0:
#404030
1/
#404041
09
#404057
15
#404074
0/
#404090
1:
#404101
#404113
0:
#404129
19
#404161
#404175
#404202
04
#404218
1/
#404230
#404241
#404257
#404266
0=
#404282
1:
#404292
#404309
#404321
#404334
01
#404350
1,
#404375
#404387
00
#404403
14
#404434
07
#404450
1=
#404475
#404490
1!
#404491
0!
#404495
#404508
0:
#404524
11
#404534
04
#404551
10
#404569
01
#404585
17
#404595
00
#404611
1:
#404742
07
#404757
14
#404767
0:
#404783
11
#404851
0.
#404864
10
#404875
04
#404890
17
#404951
00
#404967
1:
#404977
07
#404993
14
#405010
0,
#405024
10
#405095
0:
#405110
17
#405121
#405150
#405189
09
#405203
1:
#405288
#405318
#405352
0/
#405368
1;
#405379
#405406
#405473
#405485
#405493
#405509
05
#405525
18
#405557
#405571
#405583
#405611
#405623
#405635
1!
#405636
0!
#405641
#405653
#405662
01
#405678
1/
#405688
#405697
0;
#405713
12
#405723
#405732
08
#405748
15
#405758
#405768
#405786
05
#405802
1<
#405827
0=
#405843
11
#405973
02
#405988
1;
#405999
0:
#406012
18
#406021
#406038
0<
#406051
15
#406061
0;
#406078
1=
#406095
08
#406111
12
#406122
01
#406138
1;
#406209
05
#406224
18
#406235
0=
#406250
11
#406267
04
#406281
15
#406291
08
#406307
1=
#406318
01
#406334
18
#406344
0;
#406360
11
#406392
#406405
#406587
00
#406600
1;
#406611
#406692
#406703
0/
#406716
1-
#406733
08
#406750
10
#406761
#406774
1!
#406775
0!
#406780
#406799
07
#406815
18
#406826
#406855
08
#406871
17
#406882
#406894
01
#406910
1/
#406920
#406929
07
#406946
18
#406975
#407059
#407139
02
#407155
11
#407165
0;
#407181
17
#407191
0=
#407207
12
#407219
#407231
08
#407247
1;
#407257
07
#407273
1=
#407284
01
#407300
18
#407310
00
#407326
17
#407350
02
#407366
11
#407398
#407426
#407498
#407525
01
#407541
10
#407551
#407568
#407581
05
#407597
12
#407608
#407620
0-
#407634
16
#407643
#407719
#407735
0;
#407751
13
#407762
#407798
07
#407814
11
#407825
#407838
#407848
#407857
00
#407874
15
#407884
0/
#407900
1;
#407939
1!
#407940
0!
#407944
#407965
#407993
05
#408009
17
#408019
0;
#408035
10
#408045
#408055
#408075
#408148
02
#408163
1/
#408174
06
#408189
1,
#408200
08
#408213
15
#408224
0/
#408240
1;
#408257
05
#408273
12
#408284
#408364
#408442
02
#408457
16
#408468
0=
#408481
1/
#408498
#408507
00
#408523
15
#408534
0/
#408550
1.
#408560
03
#408576
12
#408587
#408602
1!
#408603
0!
#408607
#408619
#408630
#408647
06
#408663
10
#408675
#408686
#408695
0.
#408711
1/
#408722
07
#408738
13
#408762
00
#408778
16
#408789
#408824
#408838
#408849
05
#408865
1.
#408875
02
#408892
17
#408901
#408911
06
#408927
10
#408937
03
#408953
19
#408963
01
#408980
15
#408997
07
#409013
12
#409024
#409051
0.
#409067
16
#409077
#409087
#409105
05
#409121
13
#409133
#409174
#409191
#409201
#409213
#409222
0;
#409238
11
#409261
#409271
01
#409287
17
#409298
#409378
0,
#409392
1:
#409401
#409410
09
#409427
1.
#409437
06
#409453
15
#409463
03
#409480
1<
#409517
05
#409533
1;
#409603
0;
#409619
11
#409629
07
#409645
19
#409655
0:
#409669
16
#409687
06
#409703
13
#409833
0.
#409848
15
#409860
1!
#409861
0!
#409866
#409878
09
#409893
1;
#409904
0<
#409917
17
#409927
01
#409943
16
#409967
0;
#409983
1.
#409994
#410021
06
#410037
19
#410106
#410118
#410152
#410216
0/
#410230
11
#410300
0.
#410316
1;
#410327
#410346
00
#410359
14
#410391
#410417
#410428
#410491
#410499
#410508
#410524
09
#410540
16
#410551
#410569
02
#410585
1.
#410596
07
#410612
1-
#410623
1!
#410624
0!
#410629
#410649
#410677
0.
#410693
19
#410704
#410715
#410737
#410748
#410768
#410780
03
#410796
12
#410807
0;
#410823
17
#410842
#410933
06
#410949
18
#410959
07
#410975
1.
#410985
02
#411001
13
#411099
03
#411114
1;
#411245
0-
#411257
16
#411267
0;
#411282
17
#411292
01
#411305
12
#411315
04
#411328
13
#411339
05
#411352
1;
#411363
06
#411379
16
#411451
#411479
0.
#411495
11
#411505
0;
#411521
1.
#411531
07
#411547
1;
#411557
06
#411573
17
#411583
02
#411599
16
#411610
1!
#411611
0!
#411616
#411630
#411642
03
#411657
12
#411682
#411717
#411758
#411767
#411849
#411866
06
#411879
13
#411889
08
#411903
1=
#411913
09
#411929
1,
#411939
#412030
#412042
#412060
07
#412073
19
#412084
0=
#412100
1=
#412124
09
#412140
19
#412150
0=
#412166
1=
#412184
09
#412200
19
#412211
0=
#412227
1=
#412305
#412400
#412412
#412446
0;
#412459
1:
#412469
#412478
0.
#412494
1/
#412504
#412514
#412524
#412533
02
#412547
1.
#412563
#412580
0,
#412596
1,
#412607
#412636
0:
#412652
16
#412669
01
#412685
1:
#412821
0.
#412837
11
#412848
#412860
0:
#412875
1.
#412892
03
#412906
1:
#412916
01
#412932
11
#413018
0/
#413032
1(
#413043
#413074
1!
#413075
0!
#413080
#413093
0(
#413109
17
#413180
0=
#413195
1=
#413207
#413219
0.
#413234
1.
#413312
0:
#413327
1:
#413337
01
#413352
11
#413370
09
#413383
1'
#413394
0=
#413409
1=
#413426
06
#413441
1#
#413452
#413482
0=
#413497
12
#413508
0,
#413523
1=
#413534
#413553
0'
#413569
1,
#413593
0,
#413608
1,
#413619
#413650
#413743
0#
#413759
16
#413770
#413800
#413827
07
#413843
1<
#413854
0:
#413870
17
#413888
#413900
#413911
07
#413928
1:
#413937
#413947
0<
#413963
17
#413972
#413989
02
#414005
1<
#414016
#414029
0<
#414045
12
#414057
1!
#414058
0!
#414063
#414076
#414088
0,
#414104
1<
#414129
#414156
0.
#414172
1,
#414184
#414198
#414210
0<
#414226
10
#414236
02
#414252
1.
#414269
0:
#414285
1<
#414297
#414314
0.
#414331
12
#414348
00
#414365
1:
#414374
#414384
#414398
07
#414414
1.
#414425
1!
#414426
0!
#414431
#414443
0,
#414460
10
#414477
0:
#414493
17
#414503
00
#414519
1,
#414529
#414538
06
#414554
1:
#414566
#414577
0.
#414594
10
#414618
0,
#414634
16
#414652
06
#414668
1.
#414753
#414766
0=
#414780
1,
#414790
0<
#414806
16
#414877
00
#414892
1<
#414911
#414945
#414973
06
#414988
10
#414999
01
#415012
14
#415022
0<
#415039
1-
#415050
#415077
02
#415093
16
#415103
#415113
#415123
#415139
#415154
#415163
#415173
#415200
0-
#415216
1<
#415227
#415254
#415262
#415286
#415303
#415314
#415331
#415341
#415352
0,
#415368
15
#415378
0.
#415394
12
#415406
#415418
#415429
#415439
1!
#415440
0!
#415445
#415457
02
#415473
18
#415484
07
#415500
1-
#415524
0-
#415540
1;
#415550
06
#415566
1,
#415643
0,
#415659
1.
#415677
0.
#415692
12
#415784
#415811
08
#415824
17
#415886
#415899
07
#415915
1-
#415926
#415937
00
#415953
16
#415970
0<
#415986
1,
#415996
0;
#416010
1.
#416019
#416088
0:
#416104
13
#416114
0.
#416130
17
#416140
0,
#416156
10
#416167
0-
#416182
1<
#416192
#416201
05
#416215
1:
#416239
06
#416255
1.
#416265
0:
#416281
1,
#416352
#416380
03
#416393
1-
#416462
#416475
#416486
00
#416502
16
#416512
07
#416528
1:
#416545
06
#416562
1/
#416572
0:
#416588
10
#416613
#416627
1!
#416628
0!
#416633
#416646
0.
#416662
17
#416672
04
#416688
16
#416699
#416725
00
#416741
1:
#416779
#416864
#416878
#416949
#416958
0/
#416972
1.
#416989
0.
#417004
14
#417089
0:
#417102
10
#417181
#417210
0<
#417223
1.
#417233
0-
#417249
1:
#417259
0.
#417275
1-
#417286
#417379
06
#417392
1.
#417403
04
#417418
14
#417510
07
#417524
1%
#417535
#417564
04
#417579
19
#417589
#417599
#417625
02
#417638
14
#417649
0,
#417664
1=
#417676
#417686
#417703
1!
#417704
0!
#417709
#417721
#417730
09
#417746
1,
#417765
#417782
0=
#417798
19
#417816
09
#417832
1=
#417842
0-
#417858
19
#417928
09
#417943
1-
#418021
0=
#418036
19
#418046
00
#418059
1=
#418083
0=
#418098
1=
#418116
0-
#418131
1-
#418148
04
#418163
1$
#418188
#418217
#418244
0%
#418260
11
#418321
0$
#418337
16
#418379
1!
#418380
0!
#418384
#418427
#418437
#418446
0,
#418462
1,
#418472
#418482
#418494
0:
#418510
1:
#418527
#418536
01
#418552
11
#418562
0,
#418578
1,
#418596
01
#418612
11
#418630
01
#418646
11
#418656
0:
#418672
1:
#418750
0:
#418765
1:
#418797
0-
#418812
1&
#418957
01
#418971
1)
#418981
0.
#418996
1*
#419007
#419042
#419052
#419083
#419095
0)
#419110
18
#419120
0=
#419135
17
#419160
#419189
#419208
#419285
#419294
06
#419309
1=
#419321
#419333
0&
#419348
1;
#419359
08
#419374
14
#419459
0=
#419474
16
#419485
#419495
#419511
0*
#419527
18
#419537
07
#419551
1=
#419561
06
#419577
16
#419588
0;
#419604
1;
#419681
#419691
1!
#419692
0!
#419697
#419710
0;
#419725
1;
#419736
#419765
0;
#419781
11
#419798
09
#419814
1;
#419825
#419859
#419949
#419960
0:
#419974
19
#419984
01
#420000
17
#420017
04
#420030
11
#420041
08
#420057
18
#420075
#420104
#420116
01
#420132
14
#420143
0;
#420159
11
#420169
08
#420185
1;
#420196
09
#420212
18
#420230
01
#420246
19
#420330
0=
#420346
11
#420423
0,
#420436
1=
#420447
06
#420462
16
#420473
09
#420488
19
#420499
#420543
#420571
1!
#420572
0!
#420577
#420590
07
#420606
15
#420617
#420628
#420657
#420667
#420702
#420730
#420742
#420752
#420761
#420770
01
#420786
17
#420798
#420810
#420819
05
#420836
13
#420846
04
#420862
12
#420872
08
#420889
11
#420899
0;
#420915
15
#420926
#420944
07
#420960
14
#420970
#420986
05
#421002
18
#421079
08
#421095
1;
#421106
#421134
#421147
#421158
03
#421172
17
#421182
01
#421198
15
#421208
#421217
07
#421233
18
#421243
05
#421260
1/
#421270
02
#421286
11
#421310
0;
#421326
17
#421344
08
#421360
15
#421376
#421393
09
#421409
12
#421426
01
#421442
1;
#421453
#421553
#421565
#421579
1!
#421580
0!
#421585
#421656
#421683
#421692
04
#421708
18
#421768
#421779
#421856
#421867
0=
#421883
19
#421894
#421922
#421933
02
#421949
11
#421966
#421975
07
#421991
1<
#422002
09
#422018
10
#422027
#422043
#422053
#422065
#422081
05
#422098
14
#422136
04
#422152
1=
#422349
08
#422361
1-
#422492
0<
#422504
12
#422515
00
#422527
17
#422544
06
#422560
19
#422570
0/
#422583
15
#422593
02
#422609
14
#422619
09
#422635
16
#422645
07
#422661
12
#422671
05
#422687
19
#422772
0=
#422787
17
#422798
#422810
0-
#422823
15
#422834
1!
#422835
0!
#422840
#422874
0;
#422887
1=
#422898
04
#422914
14
#422924
05
#422940
15
#422958
0=
#422974
1=
#422984
07
#423001
17
#423167
#423195
#423224
0=
#423237
1.
#423248
02
#423264
12
#423275
#423285
#423295
02
#423311
12
#423320
#423336
02
#423353
12
#423364
#423391
06
#423407
1:
#423424
#423434
#423445
01
#423461
16
#423472
#423499
#423508
0:
#423524
11
#423536
1!
#423537
0!
#423541
#423562
#423648
0.
#423664
1,
#423674
06
#423690
1:
#423700
09
#423714
1.
#423800
#423818
0:
#423834
16
#423903
#423919
07
#423933
1:
#423943
0.
#423959
1.
#423969
0,
#423984
1,
#424009
04
#424023
1(
#424041
0:
#424057
1:
#424067
0.
#424083
1.
#424093
0,
#424109
1,
#424125
#424195
0,
#424210
1,
#424227
05
#424242
1'
#424261
#424402
0'
#424417
1=
#424428
01
#424443
11
#424454
#424466
02
#424480
1#
#424499
1!
#424500
0!
#424504
#424591
0=
#424606
1%
#424788
01
#424802
11
#424819
0.
#424833
1$
#424912
01
#424925
11
#424936
#424967
0:
#424978
19
#424995
0,
#425010
1)
#425020
0%
#425038
1&
#425049
#425078
06
#425092
13
#425102
#425112
#425125
#425136
0&
#425150
16
#425166
#425176
06
#425190
16
#425207
03
#425222
13
#425232
06
#425246
16
#425265
#425362
0#
#425377
17
#425388
#425417
01
#425429
10
#425439
03
#425454
13
#425464
09
#425479
19
#425489
0(
#425507
1*
#425518
#425529
#425539
#425551
1!
#425552
0!
#425557
#425576
#425585
00
#425600
10
#425610
03
#425625
13
#425642
09
#425657
19
#425667
00
#425682
10
#425700
00
#425715
10
#425732
09
#425747
19
#425825
#425856
#425884
06
#425896
1=
#425913
0)
#425929
18
#425940
#425966
07
#425981
17
#426059
#426068
07
#426083
17
#426092
#426102
#426139
0$
#426154
1:
#426164
00
#426179
10
#426191
#426201
00
#426217
10
#426228
#426240
07
#426255
17
#426265
09
#426281
19
#426304
0*
#426321
1'
#426338
03
#426353
1%
#426492
1!
#426493
0!
#426498
#426510
08
#426525
1&
#426535
09
#426549
19
#426561
#426598
0'
#426612
1.
#426624
#426652
09
#426667
1<
#426677
0:
#426692
19
#426702
#426711
0=
#426724
1:
#426734
00
#426749
10
#426760
0&
#426777
1#
#426788
#426806
#426836
0:
#426852
1:
#426863
#426899
#426911
#426942
#426952
0%
#426968
1/
#426978
0<
#426994
1,
#427004
07
#427020
1<
#427031
0.
#427046
17
#427058
#427069
0:
#427085
1.
#427163
0#
#427178
1:
#427188
#427197
0<
#427213
1<
#427223
#427232
09
#427246
1(
#427257
0<
#427272
1<
#427296
0.
#427312
1.
#427428
1!
#427429
0!
#427433
#427507
#427605
0(
#427620
13
#427631
#427658
07
#427673
1;
#427683
00
#427696
17
#427706
0/
#427720
1)
#427731
#427742
0<
#427757
1$
#427767
07
#427782
17
#427793
0;
#427808
1;
#427818
0.
#427833
1.
#427851
0;
#427866
1;
#427877
#427889
0;
#427904
1;
#427921
0,
#427937
1,
#427953
#427963
#427993
0,
#428009
1=
#428018
#428027
0$
#428043
1,
#428061
#428169
0,
#428184
1,
#428196
#428275
07
#428290
1-
#428368
0)
#428384
17
#428393
#428404
1!
#428405
0!
#428409
#428423
#428434
0;
#428448
1*
#428472
07
#428487
17
#428498
#428528
03
#428542
19
#428552
0:
#428567
1:
#428645
0=
#428660
1=
#428671
#428683
0*
#428700
1'
#428717
0-
#428731
1&
#428742
0=
#428757
1=
#428767
07
#428783
17
#428794
#428824
0:
#428839
1<
#428850
0&
#428865
1:
#428876
0=
#428891
1=
#428902
09
#428917
19
#428935
#428965
#428991
09
#429007
14
#429018
#429029
#429039
0:
#429054
15
#429064
#429074
#429091
#429100
#429109
04
#429125
19
#429136
#429148
#429183
0'
#429199
1:
#429210
#429237
0<
#429253
14
#429263
#429287
#429298
05
#429314
13
#429332
#429350
0.
#429367
12
#429384
04
#429401
1<
#429418
09
#429434
15
#429511
0<
#429527
1.
#429538
#429567
0,
#429581
14
#429599
#429610
#429619
04
#429635
19
#429773
0=
#429786
1<
#429796
05
#429812
1;
#429829
02
#429842
14
#429853
0<
#429869
15
#429880
#429908
#429921
0.
#429937
1<
#429949
1!
#429950
0!
#429955
#429967
05
#429983
11
#429995
#430007
0:
#430023
1.
#430048
#430074
#430092
#430176
03
#430192
15
#430202
#430211
0.
#430227
1:
#430243
#430253
01
#430268
16
#430278
#430287
0:
#430303
13
#430314
#430344
#430364
#430374
#430383
04
#430399
1.
#430416
06
#430433
11
#430464
01
#430480
1:
#430490
0;
#430507
14
#430532
#430546
1!
#430547
0!
#430552
#430565
0:
#430581
16
#430658
05
#430674
11
#430692
01
#430707
1;
#430718
06
#430733
1:
#430794
03
#430810
15
#430881
05
#430896
11
#430913
07
#430926
16
#430998
#431026
#431038
06
#431053
13
#431063
0<
#431077
15
#431100
05
#431116
18
#431127
#431141
#431153
03
#431169
16
#431179
#431189
#431213
#431222
08
#431238
15
#431270
#431284
#431311
01
#431327
13
#431337
09
#431351
18
#431362
#431373
#431389
08
#431405
1/
#431415
#431425
#431451
#431479
#431489
#431498
0/
#431515
11
#431525
05
#431541
18
#431552
#431565
08
#431582
10
#431591
#431600
01
#431617
1/
#431627
0.
#431643
15
#431653
0;
#431670
18
#431693
05
#431710
11
#431789
1!
#431790
0!
#431794
#431866
01
#431882
1.
#431906
04
#431922
1;
#431932
0/
#431948
15
#431958
00
#431972
11
#432042
05
#432058
14
#432069
#432148
0;
#432164
1/
#432175
#432195
0:
#432208
15
#432218
03
#432232
1;
#432242
04
#432258
14
#432275
0/
#432292
1/
#432302
04
#432318
14
#432329
#432349
#432390
#432474
#432503
0/
#432519
1-
#432529
05
#432545
1/
#432555
#432565
#432600
#432612
#432639
0.
#432655
15
#432666
0-
#432682
1,
#432700
#432712
06
#432728
1=
#432739
#432758
1!
#432759
0!
#432764
#432776
0,
#432793
1.
#432804
#432816
#432829
01
#432845
1-
#432855
#432864
08
#432880
16
#432898
#432909
#432918
06
#432935
1,
#432952
0.
#432968
11
#432979
#432992
0-
#433008
18
#433079
0/
#433095
16
#433112
0=
#433125
1.
#433136
06
#433152
1-
#433176
01
#433193
1/
#433263
0/
#433279
16
#433288
#433298
0;
#433311
11
#433321
#433331
#433358
0-
#433374
1/
#433392
01
#433408
12
#433425
05
#433441
1-
#433452
#433470
0,
#433486
11
#433497
04
#433513
15
#433522
#433533
#433545
1!
#433546
0!
#433551
#433564
0/
#433580
1,
#433596
#433607
#433634
08
#433650
14
#433661
#433675
#433693
0-
#433709
1/
#433720
#433739
05
#433755
19
#433773
0,
#433789
18
#433806
#433816
#433894
04
#433910
1-
#433920
#433928
#433945
#433956
08
#433972
15
#433989
0-
#434006
1,
#434022
#434032
#434060
#434079
#434092
06
#434108
17
#434133
01
#434149
14
#434159
0.
#434176
18
#434187
#434205
#434215
#434241
#434309
#434323
#434334
04
#434350
1-
#434361
0,
#434377
1<
#434387
02
#434403
16
#434414
0-
#434430
11
#434447
0/
#434463
1.
#434473
01
#434490
10
#434499
#434568
0.
#434584
14
#434601
09
#434614
1,
#434640
1!
#434641
0!
#434645
#434666
#434738
0,
#434753
12
#434830
05
#434844
1-
#434854
02
#434870
1/
#434880
00
#434893
11
#434905
#434918
01
#434934
1.
#434944
#434960
04
#434976
1,
#434986
0.
#435002
12
#435019
0,
#435036
11
#435046
02
#435062
14
#435073
#435102
#435126
06
#435142
1.
#435153
#435181
04
#435197
1,
#435265
0/
#435281
12
#435292
#435325
#435353
#435364
#435374
#435387
07
#435403
13
#435414
#435425
#435435
08
#435451
16
#435462
#435479
#435488
0.
#435505
1:
#435516
#435537
1!
#435538
0!
#435543
#435555
0<
#435571
14
#435589
02
#435605
1/
#435614
#435630
#435640
06
#435656
1=
#435665
#435681
04
#435698
17
#435708
0/
#435724
18
#435822
0,
#435835
1.
#435905
0.
#435921
1<
#435999
03
#436012
12
#436142
0<
#436157
16
#436168
0=
#436180
14
#436191
0:
#436204
1/
#436221
07
#436236
1.
#436248
#436260
0.
#436275
1<
#436292
01
#436306
17
#436323
07
#436339
1.
#436350
#436370
06
#436387
17
#436457
02
#436473
16
#436484
0<
#436499
12
#436511
#436522
08
#436538
1<
#436577
#436642
#436676
0/
#436692
18
#436703
#436715
08
#436731
1;
#436740
#436757
#436768
#436778
#436792
#436805
1!
#436806
0!
#436811
#436823
0;
#436839
1/
#436856
07
#436872
18
#436883
#436910
0-
#436924
1;
#436934
06
#436950
17
#436961
0;
#436977
19
#436987
07
#437003
16
#437014
02
#437030
1;
#437041
#437052
0/
#437068
17
#437078
06
#437095
12
#437106
#437119
09
#437135
1/
#437152
0<
#437168
16
#437201
#437212
#437281
#437297
0.
#437311
19
#437322
#437335
09
#437351
1<
#437368
08
#437385
19
#437402
0<
#437418
18
#437430
1!
#437431
0!
#437436
#437448
09
#437465
1<
#437535
0/
#437551
19
#437562
#437590
0;
#437605
1/
#437622
07
#437638
15
#437649
#437661
#437690
#437700
#437727
08
#437743
1;
#437754
#437767
0<
#437783
17
#437794
#437822
#437833
04
#437846
10
#437857
09
#437873
18
#437898
#437911
#437921
#437929
#437946
#437957
05
#437974
1<
#437984
08
#438000
1,
#438010
02
#438026
19
#438036
#438051
#438068
09
#438084
15
#438095
#438123
#438187
05
#438203
18
#438241
#438269
00
#438285
12
#438296
#438324
#438334
#438345
#438356
#438367
#438376
0,
#438392
19
#438402
0;
#438418
13
#438428
#438437
#438446
06
#438462
15
#438473
0/
#438489
1=
#438512
#438588
05
#438603
10
#438614
03
#438627
1:
#438645
00
#438661
1,
#438686
0,
#438702
1;
#438772
0;
#438787
16
#438918
0<
#438930
1/
#438941
06
#438956
15
#438966
07
#438979
10
#438990
02
#439005
1,
#439016
0/
#439031
1;
#439042
00
#439057
16
#439068
0:
#439081
12
#439092
0;
#439108
1/
#439125
02
#439141
10
#439153
1!
#439154
0!
#439158
#439171
09
#439187
1;
#439197
0,
#439214
12
#439223
#439239
0/
#439255
19
#439340
#439352
0=
#439366
1,
#439384
#439412
#439438
#439454
#439463
#439471
#439488
#439507
#439518
08
#439534
1/
#439559
#439573
0;
#439589
11
#439614
#439625
06
#439642
1-
#439735
#439748
05
#439763
18
#439781
00
#439796
1;
#439922
09
#439935
16
#439947
1!
#439948
0!
#439953
#440025
08
#440041
15
#440052
#440064
01
#440078
10
#440095
05
#440111
18
#440182
0;
#440197
15
#440214
0-
#440228
1;
#440238
00
#440254
10
#440339
0;
#440354
1;
#440365
00
#440380
10
#440390
05
#440406
15
#440423
0,
#440438
1%
#440597
06
#440612
1#
#440622
0;
#440637
1(
#440648
#440685
0(
#440700
1,
#440712
1!
#440713
0!
#440718
#440731
#440761
#440779
0#
#440795
1.
#440805
02
#440821
12
#440831
#440907
08
#440922
18
#440940
02
#440955
12
#440966
#440978
#441007
02
#441022
14
#441032
0.
#441047
12
#441064
#441088
#441116
#441144
#441157
#441167
#441175
#441185
0/
#441198
1.
#441208
0%
#441224
16
#441235
0,
#441251
13
#441261
0.
#441277
1,
#441294
#441378
#441407
06
#441420
1.
#441431
08
#441447
1;
#441457
0.
#441473
18
#441491
#441502
#441513
#441524
04
#441540
1.
#441558
1!
#441559
0!
#441564
#441651
0,
#441667
14
#441685
08
#441700
1,
#441786
0.
#441799
18
#441876
08
#441891
18
#441903
#441938
02
#441951
1/
#441962
0;
#441977
1;
#441996
#442068
0;
#442084
1;
#442094
05
#442108
1$
#442118
0;
#442133
1;
#442144
03
#442159
13
#442183
03
#442198
13
#442209
#442239
#442267
03
#442282
1<
#442292
#442301
00
#442314
16
#442324
04
#442340
13
#442351
#442362
0,
#442378
14
#442395
0/
#442411
1,
#442422
#442434
04
#442450
1/
#442481
#442508
0<
#442523
14
#442533
#442555
#442573
1!
#442574
0!
#442579
#442591
0$
#442607
17
#442619
#442647
0/
#442664
1<
#442725
03
#442741
1.
#442751
0<
#442767
1/
#442779
#442865
#442891
#442902
#442920
#442931
06
#442945
13
#442955
#442964
08
#442980
1<
#442990
03
#443006
1:
#443024
0/
#443040
18
#443049
#443059
0<
#443075
13
#443166
08
#443181
1/
#443274
07
#443289
1<
#443428
#443456
0;
#443469
18
#443479
04
#443494
17
#443504
0,
#443517
16
#443528
#443540
07
#443555
14
#443572
08
#443587
17
#443604
03
#443620
18
#443631
#443661
1!
#443662
0!
#443667
#443730
07
#443745
13
#443756
04
#443771
17
#443795
0<
#443811
14
#443822
#443850
#443862
0:
#443876
1<
#443886
0.
#443902
1=
#443913
04
#443929
1.
#443947
#443966
#443979
0<
#443995
14
#444005
08
#444022
1<
#444032
0=
#444048
18
#444066
#444094
#444107
#444140
#444150
#444165
#444176
#444199
#444213
#444225
0<
#444241
1=
#444252
08
#444268
19
#444278
#444286
#444297
#444307
06
#444324
11
#444333
#444343
#444354
0.
#444371
1<
#444387
#444411
09
#444427
18
#444504
08
#444520
16
#444531
#444566
#444577
06
#444592
1.
#444611
#444624
04
#444639
19
#444650
0=
#444665
18
#444676
07
#444691
1-
#444703
1!
#444704
0!
#444709
#444721
09
#444737
16
#444747
0.
#444763
14
#444780
04
#444796
1=
#444807
#444834
06
#444850
17
#444860
0=
#444876
19
#444887
#444898
09
#444914
1.
#444924
0/
#444940
14
#444950
01
#444966
10
#444976
04
#444992
16
#445009
03
#445023
1=
#445032
#445055
#445065
#445193
#445201
#445210
#445227
#445239
#445264
#445287
00
#445303
19
#445433
0<
#445446
1/
#445457
0-
#445470
11
#445488
0/
#445504
14
#445595
01
#445611
12
#445621
07
#445637
10
#445654
0.
#445670
1/
#445747
06
#445761
11
#445771
09
#445784
17
#445796
#445824
01
#445840
1.
#445851
07
#445867
19
#445884
0=
#445900
11
#445912
#445940
#445972
#445995
#446072
#446091
#446127
09
#446143
17
#446205
1!
#446206
0!
#446211
#446224
00
#446239
1=
#446317
0/
#446332
15
#446350
0.
#446363
19
#446373
04
#446390
10
#446409
1!
#446410
0!
#446414
#446488
0=
#446504
1/
#446528
#446556
#446627
09
#446642
14
#446653
00
#446668
1=
#446680
#446691
08
#446704
1:
#446794
#446804
#446884
02
#446900
19
#446910
01
#446926
10
#446936
0/
#446952
12
#446963
0=
#446979
11
#446989
05
#447005
1/
#447024
#447035
#447111
02
#447127
1=
#447144
01
#447159
15
#447170
09
#447185
12
#447196
0:
#447209
11
#447375
02
#447390
19
#447401
#447428
05
#447444
12
#447454
01
#447469
1,
#447486
00
#447500
15
#447518
#447546
1!
#447547
0!
#447552
#447564
#447573
05
#447589
11
#447600
#447630
#447641
#447649
#447659
0/
#447674
1;
#447685
04
#447701
15
#447717
#447734
#447760
#447795
0;
#447811
1/
#447823
#447842
#447854
02
#447870
14
#447880
0/
#447896
10
#447988
#448023
#448167
#448177
04
#448189
1;
#448199
09
#448215
12
#448232
0=
#448245
1/
#448255
00
#448269
13
#448280
#448309
07
#448325
19
#448334
#448344
02
#448360
14
#448370
05
#448386
17
#448397
09
#448413
12
#448430
0;
#448446
15
#448466
1!
#448467
0!
#448471
#448545
#448557
0/
#448573
19
#448583
0,
#448596
1;
#448614
07
#448630
1/
#448640
02
#448656
17
#448666
0;
#448683
12
#448700
05
#448717
1;
#448862
#448891
01
#448904
15
#448914
04
#448930
10
#448940
03
#448954
14
#448965
#448984
04
#449000
14
#449010
05
#449026
15
#449038
#449065
09
#449081
1<
#449091
04
#449107
19
#449119
#449146
07
#449162
14
#449173
#449190
#449214
#449241
0<
#449257
1-
#449275
#449283
#449293
#449305
#449414
0-
#449429
17
#449440
09
#449453
16
#449470
#449559
#449568
0;
#449582
1<
#449593
#449604
0<
#449620
1.
#449646
#449656
#449666
#449695
0/
#449711
1-
#449728
00
#449744
1<
#449761
04
#449777
19
#449787
#449907
06
#449921
1/
#449931
0-
#449947
10
#449957
0/
#449974
14
#449985
#449997
04
#450013
1-
#450023
00
#450039
1/
#450071
0<
#450087
14
#450097
0/
#450113
10
#450184
04
#450199
1<
#450210
00
#450226
1/
#450237
#450280
#450292
09
#450308
14
#450326
1!
#450327
0!
#450332
#450352
0-
#450367
10
#450452
#450548
0.
#450561
1;
#450622
0/
#450637
19
#450648
05
#450661
1-
#450671
#450680
07
#450696
1/
#450707
#450726
09
#450742
17
#450761
1!
#450762
0!
#450767
#450860
0/
#450875
19
#450907
#451068
#451077
0;
#451090
1/
#451167
#451177
07
#451189
18
#451200
0/
#451215
1/
#451233
#451252
#451342
08
#451357
18
#451367
00
#451381
1)
#451391
08
#451407
18
#451417
04
#451432
14
#451443
0-
#451458
1-
#451475
04
#451490
14
#451501
#451530
04
#451545
1:
#451556
0<
#451569
14
#451585
#451595
09
#451610
19
#451621
0)
#451638
1*
#451648
08
#451663
18
#451675
#451687
#451698
#451722
#451751
#451780
1!
#451781
0!
#451786
#451805
#451815
#451827
#451853
0*
#451870
1=
#451880
02
#451896
1;
#451906
#451916
#451933
#451942
0=
#451958
1,
#452051
#452063
0,
#452076
12
#452153
02
#452169
1=
#452180
#452209
0:
#452225
12
#452235
08
#452251
1<
#452261
02
#452277
1:
#452287
0-
#452303
18
#452314
#452333
0:
#452349
12
#452366
#452382
09
#452395
1-
#452406
0=
#452422
1:
#452500
1!
#452501
0!
#452506
#452519
0-
#452534
1=
#452545
0:
#452560
1-
#452578
0/
#452591
1:
#452601
0-
#452618
1-
#452718
#452746
#452832
0<
#452848
13
#452859
#452871
04
#452885
17
#452963
#452981
0;
#452995
1<
#453005
03
#453021
13
#453032
08
#453048
18
#453058
0=
#453074
1=
#453084
#453167
0<
#453183
1<
#453192
#453201
03
#453217
13
#453227
08
#453243
18
#453260
02
#453275
1&
#453292
0<
#453307
1<
#453318
03
#453333
13
#453358
#453395
#453480
0-
#453496
11
#453514
0&
#453529
1-
#453608
#453636
#453666
#453678
0:
#453693
16
#453711
1!
#453712
0!
#453717
#453730
0=
#453743
1;
#453754
#453773
#453802
#453814
03
#453828
1:
#453838
0-
#453854
12
#453931
01
#453947
1-
#453965
#453994
0-
#454009
11
#454020
0:
#454035
1=
#454046
07
#454061
1-
#454072
0;
#454087
1:
#454097
#454106
01
#454122
17
#454133
#454144
#454220
#454230
06
#454243
1;
#454260
02
#454273
11
#454291
01
#454307
11
#454399
08
#454414
1'
#454491
0;
#454506
1;
#454524
01
#454539
1(
#454616
#454625
0:
#454640
1:
#454650
07
#454665
17
#454682
0;
#454697
1;
#454708
1!
#454709
0!
#454714
#454727
07
#454742
17
#454753
#454797
#454825
0-
#454838
13
#454855
0'
#454871
1.
#454882
#454908
0(
#454925
15
#454936
#454946
#454957
#454974
0.
#454990
1.
#455000
#455009
05
#455025
15
#455043
0.
#455059
1.
#455069
05
#455085
15
#455103
05
#455119
15
#455130
#455157
0=
#455174
10
#455184
0.
#455200
1=
#455269
#455281
0=
#455297
1.
#455306
#455317
#455341
#455357
00
#455373
1=
#455458
#455538
05
#455553
10
#455565
#455666
#455696
1!
#455697
0!
#455702
#455714
0.
#455729
12
#455740
0;
#455753
15
#455764
#455903
03
#455916
11
#455926
0<
#455940
1.
#455950
0:
#455964
1#
#455975
0.
#455990
1.
#456000
#456009
0.
#456025
1.
#456035
0=
#456051
1=
#456061
00
#456077
10
#456093
#456103
00
#456118
10
#456129
#456160
05
#456175
1-
#456186
0#
#456202
15
#456220
#456253
#456288
#456298
#456376
#456403
05
#456418
1,
#456429
07
#456444
19
#456455
01
#456468
15
#456480
1!
#456481
0!
#456486
#456499
#456516
#456533
0,
#456549
17
#456701
00
#456714
1,
#456724
02
#456740
12
#456757
#456826
0,
#456841
1,
#456852
02
#456867
12
#456878
#456907
0=
#456920
13
#456930
0,
#456946
1,
#456956
02
#456972
12
#456982
0-
#456998
1-
#457015
09
#457029
1%
#457040
#457052
0-
#457068
1-
#457079
#457121
#457129
#457139
07
#457154
1/
#457166
#457194
#457206
0-
#457222
17
#457231
#457249
#457259
0%
#457276
11
#457286
03
#457302
1-
#457312
0/
#457329
13
#457368
#457419
1!
#457420
0!
#457423
#457488
03
#457504
1/
#457580
#457591
#457619
#457628
0,
#457644
14
#457654
0/
#457670
13
#457687
01
#457700
10
#457712
#457723
#457751
07
#457767
1,
#457777
03
#457793
1/
#457811
#457824
#457835
04
#457851
16
#457861
#457870
0-
#457886
17
#457897
0,
#457913
13
#457922
#457946
#458025
#458062
#458072
00
#458089
14
#458099
0/
#458115
1-
#458139
#458148
04
#458165
1,
#458182
0.
#458198
18
#458267
#458283
0,
#458299
11
#458310
#458335
02
#458349
10
#458376
1!
#458377
0!
#458381
#458581
08
#458594
1/
#458604
0-
#458620
14
#458630
00
#458645
1.
#458655
01
#458669
1,
#458753
0.
#458768
1-
#458787
#458866
04
#458881
10
#458892
07
#458907
1.
#458917
03
#458930
11
#458941
05
#458954
14
#458965
00
#458981
17
#458998
0-
#459014
10
#459025
#459125
#459160
#459187
0.
#459203
1-
#459220
#459243
0/
#459257
1:
#459267
07
#459283
1;
#459293
#459303
#459333
#459344
#459356
#459368
0;
#459384
1.
#459395
01
#459411
17
#459496
#459525
0:
#459541
1/
#459617
#459627
#459646
04
#459662
1;
#459680
1!
#459681
0!
#459686
#459698
0;
#459714
11
#459732
#459796
0.
#459812
1:
#459830
0:
#459845
14
#459917
#459929
0-
#459944
1;
#459954
0,
#459967
1.
#459978
06
#459991
1:
#460001
#460010
07
#460026
1-
#460037
0.
#460053
17
#460063
0:
#460079
1.
#460096
01
#460113
1:
#460218
0/
#460232
11
#460243
#460278
01
#460294
1/
#460305
04
#460321
11
#460332
#460359
0;
#460375
14
#460393
0.
#460409
1<
#460420
#460448
#460460
#460470
#460479
#460488
00
#460504
1;
#460515
0-
#460531
1.
#460540
#460608
#460642
04
#460658
19
#460670
#460680
#460696
0<
#460712
10
#460788
#460799
#460823
#460839
01
#460855
1-
#460872
0-
#460888
1=
#460973
09
#460986
14
#460997
00
#461012
1<
#461090
07
#461103
11
#461113
0<
#461129
1-
#461140
#461214
01
#461229
10
#461240
1!
#461241
0!
#461246
#461259
0=
#461272
1<
#461282
00
#461298
11
#461308
04
#461324
10
#461334
0.
#461348
14
#461358
0:
#461374
1:
#461384
0<
#461401
1<
#461424
0:
#461441
1:
#461452
#461464
0:
#461480
1:
#461498
#461549
1!
#461550
0!
#461553
#461635
#461663
#461723
00
#461739
12
#461750
#461784
0/
#461800
10
#461811
#461846
01
#461862
18
#461873
#461886
#461898
#461916
02
#461932
1/
#461943
#461956
08
#461972
15
#461983
0<
#461999
11
#462010
#462023
#462033
#462048
#462132
#462161
#462170
0;
#462186
12
#462197
00
#462213
18
#462222
#462231
#462240
05
#462256
1<
#462267
0/
#462283
1;
#462293
02
#462309
10
#462320
08
#462336
15
#462347
#462366
05
#462382
1/
#462414
#462435
1!
#462436
0!
#462441
#462521
0/
#462536
12
#462554
02
#462570
18
#462581
#462593
08
#462608
15
#462679
05
#462694
1/
#462711
0:
#462725
12
#462735
0/
#462751
18
#462762
#462789
01
#462804
15
#462815
0<
#462830
1/
#462842
#462860
0;
#462876
11
#462887
#462928
#462937
01
#462953
1<
#462964
#462983
#462993
0<
#463008
1;
#463020
#463082
#463101
02
#463116
13
#463134
0-
#463150
11
#463160
00
#463176
1<
#463253
04
#463266
12
#463297
0/
#463311
1-
#463322
#463349
0;
#463365
10
#463376
0-
#463392
16
#463402
01
#463418
1;
#463435
#463445
#463471
#463480
#463489
0;
#463505
1-
#463522
#463531
0-
#463547
11
#463558
#463583
0<
#463599
1,
#463609
02
#463626
1;
#463637
#463715
00
#463730
1-
#463750
1!
#463751
0!
#463755
#463836
#463863
03
#463876
1<
#463887
08
#463900
12
#463910
#463919
0<
#463935
10
#463947
#463975
00
#463991
19
#464001
#464011
#464022
05
#464038
1<
#464049
02
#464065
18
#464097
#464116
09
#464132
10
#464143
0<
#464159
15
#464237
#464250
05
#464266
12
#464337
#464349
06
#464362
19
#464379
08
#464395
1<
#464405
09
#464421
15
#464432
1!
#464433
0!
#464438
#464459
#464479
#464508
#464519
#464532
#464559
05
#464575
18
#464585
0-
#464601
19
#464611
0;
#464625
17
#464635
00
#464651
1.
#464668
09
#464685
15
#464694
#464704
#464715
0,
#464732
1-
#464741
#464750
0.
#464767
10
#464778
#464798
0-
#464814
19
#464824
0<
#464840
1,
#464850
#464866
#464890
#464909
0,
#464925
1.
#465017
#465030
0.
#465046
1-
#465117
0-
#465132
1<
#465150
07
#465163
1,
#465224
09
#465240
1.
#465250
0,
#465266
1-
#465277
#465349
0.
#465364
19
#465389
#465417
#465430
#465439
00
#465454
1,
#465465
0<
#465480
1.
#465490
#465500
1!
#465501
0!
#465506
#465533
#465551
0-
#465566
1=
#465577
#465589
02
#465602
10
#465613
08
#465628
1<
#465645
0<
#465661
1-
#465672
#465686
0-
#465701
18
#465718
0.
#465734
1<
#465744
00
#465760
1-
#465771
08
#465786
1.
#465798
#465825
01
#465838
10
#465849
09
#465865
18
#465875
00
#465891
14
#465909
#465928
#465956
#465967
#465977
0=
#465993
19
#466062
#466074
#466083
09
#466099
10
#466117
0,
#466133
1:
#466144
#466171
0-
#466187
1=
#466199
#466224
#466252
#466264
#466274
#466284
0.
#466300
19
#466310
08
#466326
1,
#466336
#466345
0:
#466361
1/
#466372
04
#466388
1-
#466404
#466420
#466430
#466456
#466524
1!
#466525
0!
#466530
#466543
0=
#466559
13
#466570
#466590
#466607
#466616
03
#466633
1.
#466722
#466799
0/
#466812
18
#466822
0.
#466838
1:
#466855
08
#466871
14
#466881
0:
#466897
1;
#466906
#466916
#466989
0-
#467005
1=
#467015
0,
#467030
13
#467041
0<
#467054
1.
#467071
0=
#467086
18
#467097
03
#467112
1:
#467190
0:
#467205
1-
#467215
00
#467228
1,
#467239
04
#467254
1=
#467265
0;
#467278
13
#467302
03
#467318
1:
#467329
0-
#467345
14
#467356
#467368
0,
#467384
13
#467402
#467444
1!
#467445
0!
#467450
#467471
#467489
08
#467505
1-
#467523
0-
#467539
1,
#467550
04
#467566
16
#467577
#467596
#467607
#467735
0=
#467751
18
#467762
09
#467778
1-
#467788
#467855
#467882
#467892
#467904
#467937
#467956
05
#467972
14
#467989
#468147
0:
#468160
11
#468169
#468179
06
#468194
1=
#468279
04
#468292
19
#468303
#468332
09
#468348
17
#468365
03
#468381
15
#468391
08
#468407
16
#468425
05
#468441
19
#468451
06
#468467
13
#468487
1!
#468488
0!
#468492
#468571
#468588
0.
#468601
18
#468671
0=
#468687
15
#468697
03
#468713
16
#468723
09
#468739
1=
#468811
#468822
06
#468838
13
#468848
01
#468861
19
#468892
03
#468908
16
#469053
0,
#469065
13
#469076
05
#469091
15
#469101
0=
#469116
1=
#469134
07
#469148
1$
#469234
#469263
09
#469275
12
#469292
#469384
#469417
#469493
#469503
06
#469515
10
#469533
#469545
#469557
#469585
0=
#469600
1:
#469617
0-
#469629
1=
#469640
0$
#469656
1)
#469666
#469675
05
#469690
1*
#469760
0=
#469775
1=
#469786
#469798
02
#469813
1&
#469830
00
#469845
10
#469856
1!
#469857
0!
#469862
#469874
0=
#469889
1=
#469900
00
#469914
10
#469932
#469963
08
#469977
14
#469989
#470000
0:
#470015
18
#470032
0*
#470047
1:
#470058
00
#470073
10
#470090
0:
#470105
1:
#470117
#470154
0)
#470169
19
#470187
0:
#470203
1:
#470213
08
#470229
18
#470313
03
#470328
1'
#470339
#470368
08
#470383
1/
#470393
#470403
#470424
1!
#470425
0!
#470429
#470510
0=
#470525
18
#470536
#470554
04
#470566
1=
#470590
0'
#470607
1(
#470617
#470626
0=
#470641
1=
#470659
0/
#470674
1/
#470685
#470773
00
#470789
15
#470800
#470828
0(
#470843
10
#470905
0&
#470921
1<
#470930
#470941
#470952
0/
#470969
1/
#470993
#471004
0/
#471020
1/
#471099
#471128
0:
#471143
16
#471160
#471169
09
#471185
1:
#471196
#471215
0:
#471230
19
#471248
09
#471264
1:
#471274
00
#471290
19
#471361
09
#471376
10
#471386
0:
#471401
19
#471412
08
#471425
1:
#471450
#471477
00
#471493
1;
#471504
#471540
#471552
#471564
0;
#471580
10
#471590
06
#471606
14
#471637
#471667
#471694
0:
#471710
1;
#471720
#471728
#471738
#471750
0;
#471766
16
#471776
#471784
#471808
#471887
#471923
00
#471938
1.
#471949
0/
#471964
1:
#471975
05
#471990
1;
#472015
0:
#472031
10
#472042
0;
#472058
1/
#472128
04
#472144
15
#472154
0/
#472170
1:
#472180
0=
#472196
1;
#472266
00
#472282
14
#472293
#472305
09
#472318
1/
#472328
0.
#472342
1=
#472366
0:
#472382
10
#472392
0/
#472408
1:
#472425
00
#472442
1/
#472453
#472548
#472584
04
#472600
10
#472611
#472639
1!
#472640
0!
#472645
#472659
#472670
06
#472686
11
#472704
#472716
#472742
#472752
01
#472768
14
#472778
#472786
#472795
#472812
#472825
#472835
05
#472852
1,
#472862
0=
#472878
16
#472902
06
#472918
1-
#472996
0,
#473010
11
#473019
#473103
1!
#473104
0!
#473109
#473122
01
#473137
15
#473148
00
#473161
1=
#473238
#473336
0;
#473349
16
#473360
0<
#473375
11
#473446
01
#473461
1<
#473478
0/
#473491
11
#473502
0<
#473517
1<
#473536
1!
#473537
0!
#473541
#473561
0<
#473577
1<
#473676
01
#473690
1#
#473769
#473806
0#
#473821
10
#473832
#473859
0<
#473873
17
#473883
04
#473899
14
#473910
#473923
#473934
0-
#473948
1%
#473958
05
#473974
15
#473984
0=
#474000
1=
#474016
#474026
05
#474041
15
#474052
0=
#474067
1=
#474078
#474108
#474117
04
#474133
1;
#474143
0:
#474159
14
#474169
0%
#474185
1:
#474203
#474215
0:
#474231
1:
#474243
#474277
04
#474293
12
#474303
0:
#474319
14
#474329
#474345
#474354
00
#474370
1:
#474395
#474498
#474517
1!
#474518
0!
#474523
#474542
#474558
0=
#474571
10
#474583
#474611
00
#474627
13
#474688
0;
#474705
11
#474714
#474724
#474750
03
#474766
10
#474843
00
#474859
1;
#474870
#474942
07
#474958
13
#474988
06
#475001
10
#475012
03
#475027
17
#475039
#475074
02
#475088
13
#475098
0;
#475114
1<
#475125
#475152
07
#475169
1;
#475179
03
#475195
18
#475206
#475276
#475348
0:
#475363
17
#475380
#475390
#475419
07
#475434
13
#475446
#475457
04
#475473
1:
#475483
0<
#475499
1=
#475517
1!
#475518
0!
#475523
#475536
0;
#475551
17
#475629
0:
#475644
14
#475669
05
#475682
1<
#475700
#475713
08
#475726
1;
#475737
04
#475753
1:
#475763
0<
#475779
14
#475840
#475849
01
#475865
1<
#475875
04
#475891
11
#475903
#475929
0<
#475945
14
#475955
01
#475971
1<
#476069
0=
#476083
11
#476101
01
#476117
11
#476135
#476163
#476192
#476204
#476231
0:
#476247
1.
#476258
03
#476274
1=
#476284
00
#476300
19
#476420
#476432
#476443
#476458
#476469
#476502
#476510
#476521
1!
#476522
0!
#476527
#476552
#476561
#476762
09
#476777
1:
#476787
07
#476800
13
#476811
#476841
#476859
0=
#476875
10
#476886
04
#476902
1,
#476919
00
#476935
19
#476945
03
#476961
1=
#476980
#477074
0.
#477089
14
#477168
#477201
01
#477215
10
#477225
09
#477241
13
#477252
#477280
04
#477296
1.
#477306
0<
#477320
1-
#477330
#477339
03
#477355
19
#477366
#477377
#477386
0=
#477402
17
#477412
00
#477429
14
#477440
1!
#477441
0!
#477446
#477459
#477598
0-
#477614
13
#477624
09
#477639
1=
#477664
0,
#477677
10
#477687
04
#477703
1-
#477774
#477801
07
#477817
19
#477828
#477855
0=
#477870
14
#477881
#477893
#477902
0-
#477917
17
#477927
0:
#477940
1/
#477964
#477973
07
#477989
1=
#478000
#478040
0=
#478055
1-
#478066
#478094
0/
#478109
17
#478121
#478185
0;
#478198
1=
#478208
0.
#478225
12
#478234
#478243
0-
#478260
1/
#478270
07
#478286
1.
#478296
#478356
00
#478372
1-
#478390
#478415
0.
#478431
17
#478442
#478454
02
#478470
10
#478480
0/
#478496
1.
#478508
1!
#478509
0!
#478514
#478614
03
#478627
12
#478638
#478673
#478684
#478767
#478776
04
#478792
1/
#478802
02
#478818
16
#478902
0/
#478917
14
#478935
09
#478948
12
#478959
#478988
02
#479004
1/
#479014
0.
#479028
19
#479038
04
#479054
12
#479064
0-
#479080
14
#479151
04
#479167
1-
#479178
#479197
07
#479210
14
#479228
#479255
00
#479272
15
#479295
#479305
#479346
#479425
0-
#479442
10
#479451
#479460
05
#479477
1.
#479487
09
#479503
1-
#479572
#479644
0-
#479660
15
#479684
06
#479698
19
#479708
05
#479724
1-
#479744
1!
#479745
0!
#479749
#479829
00
#479845
15
#479996
09
#480011
10
#480035
02
#480048
19
#480058
04
#480072
1$
#480082
09
#480098
19
#480108
05
#480123
15
#480133
0=
#480148
1*
#480159
#480196
0*
#480212
14
#480222
0.
#480238
1.
#480249
#480279
#480305
#480315
#480340
#480350
0$
#480366
18
#480428
#480441
1!
#480442
0!
#480447
#480465
#480474
#480489
#480500
#480510
#480527
#480539
#480550
08
#480566
11
#480590
00
#480607
1<
#480618
#480646
0.
#480663
18
#480673
09
#480689
10
#480699
04
#480716
12
#480726
08
#480742
1.
#480752
00
#480768
19
#480787
#480886
0.
#480901
14
#481039
0<
#481052
18
#481069
05
#481082
10
#481092
02
#481106
1.
#481116
08
#481132
18
#481143
#481179
0/
#481195
15
#481205
00
#481222
1/
#481233
#481260
04
#481276
10
#481287
#481306
0/
#481322
1,
#481341
#481352
09
#481368
14
#481395
1!
#481396
0!
#481400
#481480
04
#481496
1/
#481506
01
#481520
19
#481604
0-
#481620
14
#481631
#481666
#481675
08
#481689
1-
#481699
0/
#481715
12
#481726
05
#481742
1/
#481752
0-
#481768
15
#481838
#481847
05
#481863
1-
#481880
09
#481896
15
#481906
0,
#481920
19
#481951
05
#481967
15
#482029
#482107
0-
#482123
1;
#482133
#482150
#482162
#482190
#482201
#482225
#482261
#482274
#482291
#482301
02
#482317
1-
#482328
#482363
#482374
0;
#482390
1:
#482406
#482417
#482436
09
#482453
18
#482463
0.
#482479
12
#482600
0:
#482614
13
#482766
03
#482779
1;
#482789
04
#482803
19
#482814
#482825
#482834
0;
#482850
1.
#482869
1!
#482870
0!
#482874
#482887
0/
#482903
1;
#482913
09
#482930
1/
#482941
#482954
0;
#482970
19
#482980
0.
#482997
1;
#483007
0-
#483023
1.
#483033
#483043
#483062
0/
#483078
1-
#483095
09
#483111
1/
#483121
02
#483137
19
#483155
0-
#483171
12
#483262
02
#483278
1-
#483288
0.
#483304
12
#483322
0/
#483337
1.
#483379
1!
#483380
0!
#483384
#483510
0;
#483522
1/
#483533
0-
#483548
1-
#483558
00
#483572
1)
#483590
#483641
#483667
#483685
#483712
#483728
05
#483741
17
#483803
#483830
#483841
08
#483857
16
#483867
#483877
#483890
#483900
#483909
0)
#483925
1;
#483950
#483979
06
#483995
1=
#484006
#484018
#484097
0.
#484113
18
#484122
#484131
#484140
07
#484156
10
#484166
09
#484182
16
#484206
0/
#484219
1.
#484236
08
#484253
17
#484323
0.
#484339
19
#484349
07
#484365
18
#484384
1!
#484385
0!
#484389
#484470
08
#484485
1.
#484495
0=
#484508
17
#484519
06
#484534
18
#484546
#484574
09
#484590
16
#484607
00
#484621
1/
#484631
0.
#484647
19
#484657
0;
#484673
1.
#484684
07
#484700
1;
#484710
06
#484726
17
#484752
#484772
#484819
09
#484835
16
#484847
#484875
#484910
0;
#484926
1<
#484937
0/
#484953
19
#484962
#484973
#484985
#484997
#485008
0<
#485024
11
#485049
#485063
#485075
06
#485091
10
#485108
#485183
#485261
#485274
02
#485289
1;
#485299
#485359
09
#485374
1/
#485384
0-
#485397
1<
#485421
0<
#485437
16
#485448
1!
#485449
0!
#485454
#485474
0/
#485490
12
#485501
#485588
06
#485603
19
#485613
0;
#485628
1<
#485646
01
#485659
1/
#485669
09
#485685
16
#485695
0<
#485711
1;
#485721
02
#485737
19
#485747
08
#485761
1<
#485771
06
#485787
12
#485797
0/
#485813
16
#485825
#485852
#485880
09
#485896
1/
#485907
#485941
00
#485957
1,
#485968
#485979
#486002
#486012
#486033
#486061
#486072
0<
#486088
19
#486148
#486209
0,
#486225
1:
#486235
02
#486251
10
#486262
#486273
#486283
#486293
#486309
#486319
#486347
#486364
#486380
#486391
#486476
00
#486491
13
#486502
06
#486515
1<
#486527
#486540
0;
#486556
1,
#486566
0<
#486582
12
#486606
0:
#486622
14
#486699
03
#486713
10
#486791
#486803
00
#486819
1;
#486829
0,
#486845
1<
#486862
0<
#486878
1:
#486889
#486902
0:
#486918
10
#486929
1!
#486930
0!
#486935
#486955
0.
#486971
1,
#486988
07
#487003
1<
#487015
#487042
02
#487058
1:
#487068
0;
#487084
1.
#487146
#487157
0:
#487172
17
#487183
0,
#487198
15
#487215
04
#487229
12
#487239
07
#487255
1;
#487267
#487293
#487302
02
#487319
1:
#487329
0;
#487345
1,
#487356
#487367
0.
#487383
17
#487394
0/
#487410
1=
#487427
07
#487443
12
#487454
#487472
#487481
#487491
1!
#487492
0!
#487497
#487516
#487533
#487567
09
#487583
1;
#487654
#487666
0,
#487682
1.
#487759
0.
#487774
1/
#487785
#487798
0/
#487814
17
#487831
0:
#487846
19
#487857
#487869
09
#487884
1,
#487970
#487983
05
#487996
1.
#488013
0;
#488028
1/
#488046
0/
#488061
1:
#488139
02
#488153
19
#488164
0<
#488176
1;
#488187
00
#488200
1/
#488210
0=
#488224
12
#488234
0,
#488250
1,
#488261
#488288
0:
#488305
11
#488315
0;
#488331
1:
#488341
09
#488358
1;
#488369
#488381
#488393
0,
#488409
19
#488418
#488428
01
#488444
1,
#488454
0;
#488470
11
#488480
#488504
#488518
#488543
0:
#488559
1;
#488584
#488598
#488618
#488645
0.
#488661
1:
#488679
1!
#488680
0!
#488685
#488698
09
#488714
1-
#488732
#488746
#488774
#488801
01
#488817
1.
#488829
#488839
#488855
0/
#488871
19
#488882
#488909
#488917
#488926
#488935
#488943
#488952
#488968
0.
#488984
18
#488995
#489005
#489016
#489027
09
#489043
16
#489060
0:
#489076
11
#489087
#489098
01
#489115
1/
#489146
07
#489162
13
#489306
02
#489319
1.
#489397
0/
#489412
19
#489422
0.
#489438
1:
#489455
08
#489471
11
#489482
1!
#489483
0!
#489488
#489500
0-
#489513
17
#489524
03
#489537
1/
#489548
09
#489564
1.
#489695
0;
#489708
18
#489725
06
#489741
19
#489751
08
#489767
16
#489777
0:
#489793
18
#489804
#489816
08
#489832
1:
#489842
0,
#489855
18
#489879
07
#489896
17
#489906
0/
#489922
1/
#489940
#489953
07
#489969
17
#489980
#489993
#490020
06
#490036
14
#490047
01
#490063
16
#490088
#490100
#490113
06
#490129
11
#490139
#490149
#490176
0:
#490192
16
#490209
08
#490225
1=
#490242
#490251
04
#490267
1:
#490278
#490304
01
#490320
18
#490337
#490347
#490361
#490372
06
#490388
14
#490399
#490411
08
#490427
11
#490437
#490446
0.
#490462
16
#490487
#490509
1!
#490510
0!
#490515
#490527
07
#490543
18
#490560
06
#490577
1.
#490588
#490600
08
#490616
17
#490627
#490655
#490666
0.
#490682
16
#490700
01
#490716
18
#490727
#490807
0:
#490823
10
#490833
04
#490849
1.
#490860
#490887
09
#490901
11
#490911
#490920
0.
#490936
1:
#490952
#490962
0:
#490978
14
#490988
07
#491004
15
#491023
#491033
#491049
#491059
#491086
04
#491102
1.
#491164
05
#491180
1:
#491205
#491216
0:
#491233
17
#491244
#491254
#491277
#491286
0=
#491302
1<
#491314
#491327
06
#491343
14
#491353
07
#491369
15
#491386
08
#491403
1:
#491608
#491619
0<
#491632
1=
#491656
0=
#491671
16
#491689
05
#491704
17
#491722
#491736
0.
#491751
18
#491768
0/
#491781
1=
#491792
1!
#491793
0!
#491798
#491811
0=
#491826
15
#491838
#491865
04
#491881
1.
#491891
00
#491904
1=
#491922
05
#491938
12
#491947
#491964
#491991
0.
#492008
14
#492019
#492032
#492109
#492118
08
#492134
15
#492151
04
#492168
1-
#492184
#492200
#492210
#492222
#492247
06
#492263
1.
#492274
#492285
0.
#492301
13
#492312
0-
#492328
18
#492338
07
#492354
14
#492372
#492385
04
#492402
16
#492419
08
#492435
1.
#492445
0=
#492461
1-
#492471
#492546
#492556
#492584
0-
#492599
17
#492618
#492646
1!
#492647
0!
#492650
#492774
06
#492790
14
#492800
0:
#492813
18
#492823
02
#492837
1=
#492914
0=
#492930
1;
#492941
#492969
#492980
#492989
03
#493002
1-
#493012
#493021
#493030
0-
#493046
16
#493063
#493072
0;
#493088
1=
#493105
0=
#493121
1,
#493146
06
#493162
1-
#493307
0,
#493320
1;
#493330
07
#493346
1=
#493357
#493450
0.
#493463
16
#493481
0;
#493497
17
#493515
#493609
01
#493624
1;
#493635
#493664
#493673
08
#493689
19
#493700
#493711
#493721
#493732
0;
#493748
11
#493765
09
#493781
18
#493791
01
#493807
1;
#493817
04
#493831
19
#493841
07
#493857
11
#493882
09
#493898
17
#493908
01
#493925
19
#494015
0-
#494031
11
#494102
08
#494115
1-
#494133
0-
#494148
1-
#494159
09
#494174
19
#494199
0=
#494213
1'
#494224
0-
#494239
1-
#494413
06
#494427
1(
#494437
01
#494452
1&
#494463
#494493
1!
#494494
0!
#494499
#494654
0'
#494669
1/
#494678
#494688
07
#494702
1#
#494711
#494721
0;
#494736
1%
#494754
1!
#494755
0!
#494760
#494773
#494866
09
#494881
1*
#494952
0-
#494965
1-
#494976
#495006
0/
#495018
18
#495028
0-
#495042
1-
#495052
0%
#495070
1$
#495081
#495093
0-
#495107
1-
#495117
05
#495131
15
#495156
#495187
#495199
08
#495213
16
#495223
0$
#495238
18
#495261
08
#495276
18
#495287
#495317
05
#495332
11
#495393
0-
#495407
15
#495417
08
#495432
1-
#495442
05
#495456
18
#495467
0-
#495481
15
#495492
#495519
1!
#495520
0!
#495525
#495537
0(
#495552
1-
#495563
#495593
#495628
0-
#495643
10
#495654
#495682
0*
#495698
1<
#495709
#495720
01
#495735
1-
#495745
0#
#495761
1;
#495772
#495783
0&
#495799
11
#495811
#495829
0<
#495845
1<
#495862
#495939
0<
#495954
1<
#495965
#495994
0<
#496010
17
#496020
01
#496036
1<
#496046
00
#496062
11
#496072
06
#496088
10
#496097
#496114
00
#496129
16
#496140
#496152
06
#496168
10
#496178
#496186
#496195
0;
#496209
16
#496240
06
#496257
16
#496275
#496303
01
#496319
19
#496344
0<
#496360
11
#496371
#496405
00
#496422
1<
#496433
1!
#496434
0!
#496439
#496451
0<
#496467
12
#496530
#496558
#496570
#496582
#496593
#496675
#496683
#496693
#496727
08
#496743
10
#496754
#496782
#496792
02
#496807
1<
#496817
#496833
07
#496849
1:
#496858
#496925
0<
#496941
13
#496952
#496970
0-
#496986
18
#497084
#497096
08
#497111
1;
#497242
03
#497254
12
#497271
0:
#497284
17
#497302
02
#497317
1<
#497327
06
#497340
1-
#497375
1!
#497376
0!
#497380
#497452
0-
#497467
18
#497538
07
#497553
12
#497564
#497598
01
#497611
1-
#497628
02
#497643
17
#497653
#497663
#497692
0-
#497707
14
#497717
#497726
05
#497739
12
#497750
0;
#497766
1-
#497827
08
#497843
1;
#497853
00
#497869
18
#497880
07
#497896
10
#497914
#497926
#497938
00
#497954
17
#497978
04
#497994
10
#498086
#498114
#498133
#498162
#498188
00
#498204
14
#498288
04
#498303
1,
#498313
09
#498329
10
#498339
0<
#498355
14
#498366
#498402
08
#498418
19
#498429
#498582
#498610
04
#498624
1<
#498635
0,
#498648
18
#498658
09
#498672
1.
#498689
08
#498705
14
#498716
#498745
0-
#498761
18
#498771
02
#498788
19
#498799
1!
#498800
0!
#498805
#498818
0;
#498834
1-
#498845
#498856
#498865
08
#498882
12
#498898
#498907
02
#498924
1;
#498934
0-
#498950
18
#499049
#499077
#499095
#499104
07
#499120
12
#499130
0<
#499146
1-
#499223
0-
#499238
1=
#499249
02
#499264
17
#499274
04
#499287
1<
#499297
#499307
#499318
0<
#499334
1-
#499351
0=
#499367
12
#499452
#499480
#499498
0;
#499512
1<
#499521
#499532
1!
#499533
0!
#499537
#499549
#499559
#499603
#499614
09
#499630
1=
#499655
07
#499671
1/
#499682
#499777
0<
#499793
1;
#499804
#499831
00
#499844
19
#499854
#499864
#499875
09
#499891
17
#499900
#499910
0/
#499925
14
#499935
#499952
#499963
#499980
0.
#499996
1<
#500066
0=
#500081
15
#500098
08
#500112
19
#500263
0;
#500275
1/
#500286
09
#500301
1.
#500311
05
#500324
1=
#500335
0/
#500351
19
#500362
#500397
0=
#500413
1/
#500423
04
#500439
1;
#500449
0/
#500465
1=
#500483
#500502
07
#500518
14
#500535
02
#500549
1/
#500559
0<
#500575
17
#500593
0.
#500609
1<
#500755
1!
#500756
0!
#500761
#500788
#500816
0<
#500831
1.
#500841
0-
#500854
13
#500865
#500894
0=
#500911
1<
#500922
#500932
#500942
04
#500958
1=
#500968
0.
#500984
14
#501001
0;
#501017
1.
#501029
#501041
04
#501057
1;
#501155
#501235
0/
#501251
14
#501267
#501277
0;
#501293
1/
#501304
#501332
#501344
03
#501360
1;
#501377
0;
#501394
16
#501405
#501419
#501430
0.
#501446
13
#501456
0=
#501473
1;
#501483
03
#501499
1.
#501509
06
#501526
1=
#501550
#501579
#501590
#501607
#501640
#501650
#501713
#501722
#501737
#501748
#501758
#501774
0;
#501790
13
#501801
#501812
03
#501828
16
#501846
0<
#501862
1:
#501879
0/
#501895
11
#501906
0.
#501922
1;
#501939
0=
#501955
13
#502032
06
#502048
1<
#502059
#502071
0<
#502086
1/
#502097
01
#502110
1.
#502128
0.
#502144
1=
#502155
0;
#502171
16
#502202
1!
#502203
0!
#502208
#502288
06
#502304
1<
#502375
#502411
0<
#502427
1.
#502437
03
#502452
1;
#502462
0/
#502478
16
#502488
0=
#502504
1<
#502589
#502616
0;
#502631
13
#502643
#502654
04
#502668
1/
#502678
07
#502694
1=
#502711
0:
#502724
1,
#502736
1!
#502737
0!
#502741
#502762
#502776
#502787
#502803
#502813
#502833
0<
#502849
1;
#502860
#502871
03
#502887
17
#502898
0.
#502914
1<
#502924
06
#502940
13
#502952
#502970
0<
#502986
1.
#503004
#503032
0=
#503048
16
#503059
#503137
09
#503151
1<
#503169
0.
#503185
10
#503195
0<
#503211
1=
#503222
#503286
03
#503302
1.
#503320
07
#503336
1<
#503345
#503421
#503431
#503444
#503471
0.
#503487
13
#503519
#503533
#503561
#503572
06
#503587
17
#503598
00
#503611
18
#503621
#503630
0,
#503646
1.
#503657
0/
#503673
12
#503697
0;
#503713
16
#503724
#503737
1!
#503738
0!
#503743
#503755
#503763
#503780
#503792
#503805
07
#503822
1,
#503838
#503847
0.
#503863
1/
#503941
02
#503956
1;
#503974
0;
#503990
17
#504001
#504028
06
#504044
1.
#504105
07
#504121
12
#504131
0,
#504147
1;
#504158
#504169
02
#504185
15
#504195
0;
#504211
16
#504221
08
#504234
17
#504393
05
#504406
1,
#504416
0<
#504430
12
#504440
03
#504457
1;
#504467
0,
#504483
13
#504494
#504521
0/
#504538
1,
#504548
02
#504564
1-
#504574
#504590
0.
#504606
1/
#504617
#504644
03
#504660
12
#504685
#504714
#504725
#504738
1!
#504739
0!
#504744
#504770
#504786
#504796
#504815
#504824
0,
#504841
1.
#504903
#504915
#504926
0.
#504942
11
#504953
0=
#504969
13
#504979
0/
#504995
1:
#505014
#505025
#505039
03
#505055
1,
#505064
#505087
01
#505103
1.
#505188
0,
#505204
1=
#505215
#505242
0:
#505255
1/
#505265
#505325
0-
#505341
13
#505352
0=
#505368
11
#505377
#505387
02
#505403
1,
#505414
1!
#505415
0!
#505420
#505439
#505454
#505464
#505484
#505495
01
#505511
14
#505528
06
#505544
1-
#505556
#505570
#505588
03
#505604
1=
#505614
#505637
0=
#505654
12
#505798
07
#505811
11
#505821
02
#505837
16
#505862
01
#505878
13
#505888
06
#505904
1=
#505974
04
#505987
12
#505998
0.
#506011
11
#506028
0,
#506044
16
#506062
06
#506078
1,
#506096
02
#506112
16
#506272
#506352
03
#506367
12
#506387
1!
#506388
0!
#506392
#506456
0=
#506472
13
#506482
0/
#506498
1=
#506508
0;
#506522
1/
#506545
0/
#506562
1/
#506573
#506600
0-
#506616
19
#506627
#506655
#506667
#506700
03
#506716
1-
#506792
#506869
0-
#506884
10
#506894
0/
#506910
13
#506920
01
#506933
1-
#506949
#506959
09
#506974
1/
#506986
#507021
#507032
#507081
00
#507096
19
#507106
#507116
#507127
#507202
#507211
#507220
0-
#507233
18
#507244
06
#507257
15
#507268
#507296
#507306
0=
#507322
10
#507332
#507341
09
#507357
11
#507375
#507395
#507413
0,
#507430
1=
#507440
02
#507456
19
#507533
09
#507549
1,
#507566
03
#507579
12
#507597
02
#507613
19
#507624
0=
#507640
12
#507724
00
#507739
1=
#507818
1!
#507819
0!
#507824
#507836
08
#507849
10
#507860
0,
#507875
1,
#507887
#507915
00
#507931
16
#508002
0=
#508017
10
#508027
0,
#508043
1=
#508054
#508066
0/
#508079
1,
#508104
#508132
02
#508148
1-
#508159
#508178
01
#508194
12
#508204
09
#508220
11
#508244
#508258
#508277
05
#508291
19
#508301
00
#508317
10
#508328
#508375
#508385
#508500
0,
#508516
1<
#508527
09
#508543
1,
#508554
#508567
#508579
1!
#508580
0!
#508585
#508597
00
#508613
19
#508630
#508647
01
#508663
10
#508674
#508688
#508700
0,
#508716
11
#508726
0-
#508743
1,
#508753
0<
#508769
1-
#508786
09
#508802
1<
#508886
0-
#508902
19
#508920
02
#508934
1-
#508944
00
#508960
10
#508970
0,
#508986
1,
#509004
#509033
0<
#509049
12
#509121
#509140
0=
#509153
1<
#509163
0-
#509180
1-
#509191
#509225
0<
#509241
1:
#509252
#509280
#509314
#509324
#509351
06
#509367
1<
#509377
#509393
01
#509409
17
#509428
1!
#509429
0!
#509434
#509521
#509532
0<
#509546
14
#509557
#509568
09
#509584
1.
#509602
#509614
#509642
#509652
02
#509668
16
#509678
0:
#509694
11
#509704
#509728
#509756
#509766
#509775
0-
#509792
19
#509801
#509810
#509818
#509828
09
#509844
1<
#509862
#509875
#509893
00
#509909
12
#509926
02
#509943
1:
#510026
07
#510042
1;
#510052
0,
#510066
1-
#510203
0-
#510218
19
#510228
06
#510244
10
#510254
04
#510267
12
#510338
00
#510353
17
#510363
09
#510379
1-
#510389
0.
#510402
16
#510412
02
#510428
10
#510438
#510447
0;
#510461
19
#510471
07
#510487
12
#510503
#510513
00
#510529
17
#510540
1!
#510541
0!
#510546
#510566
#510587
0<
#510603
10
#510614
0:
#510630
1<
#510701
0-
#510716
1:
#510727
01
#510740
1-
#510750
06
#510767
16
#510777
07
#510793
17
#510818
#510831
#510871
#510881
#510894
#510904
#510923
09
#510939
13
#510964
#511028
0<
#511044
19
#511055
0-
#511071
1<
#511082
#511094
09
#511110
1-
#511120
0<
#511137
19
#511154
0:
#511170
1<
#511181
#511201
0-
#511217
1:
#511228
#511270
#511283
#511295
#511329
03
#511345
1-
#511355
#511363
#511373
0-
#511389
1/
#511405
#511414
#511424
#511438
1!
#511439
0!
#511444
#511457
#511482
07
#511498
18
#511508
09
#511525
13
#511536
#511547
00
#511563
1-
#511573
02
#511589
17
#511614
#511634
#511662
0/
#511678
19
#511688
03
#511704
10
#511715
07
#511731
12
#511791
#511815
#511842
00
#511858
15
#511870
#511882
#511891
0:
#511907
1/
#511919
#511929
#511938
02
#511954
13
#511966
#511989
#511999
03
#512015
17
#512032
06
#512048
1=
#512192
05
#512205
10
#512222
00
#512238
1:
#512256
07
#512272
12
#512342
0:
#512357
13
#512377
1!
#512378
0!
#512382
#512456
02
#512470
16
#512487
0/
#512502
10
#512513
09
#512525
17
#512536
06
#512551
1:
#512561
0<
#512576
12
#512588
#512667
0=
#512679
1/
#512690
08
#512703
16
#512720
0-
#512733
1<
#512744
0/
#512760
1/
#512770
06
#512786
16
#512826
#512853
0:
#512869
1,
#512886
#512896
#512907
0<
#512923
1:
#512935
#513057
#513085
#513119
03
#513135
1<
#513146
#513172
0<
#513188
1.
#513197
#513273
#513282
0,
#513298
14
#513309
#513319
#513336
0/
#513349
13
#513367
#513460
04
#513475
1<
#513486
06
#513499
1,
#513525
#513553
0,
#513569
14
#513581
1!
#513582
0!
#513587
#513600
#513612
0.
#513628
1/
#513638
#513654
03
#513670
1,
#513681
#513711
#513850
0:
#513863
1.
#513873
0,
#513889
13
#513899
04
#513915
16
#513925
07
#513939
1,
#513949
0.
#513965
14
#513975
#513984
02
#514000
1.
#514025
#514097
#514109
0<
#514125
12
#514142
03
#514159
1<
#514176
02
#514192
13
#514203
#514216
0.
#514232
12
#514250
0<
#514266
1.
#514277
#514304
0/
#514320
1<
#514331
0,
#514347
1;
#514357
04
#514373
1/
#514384
02
#514400
1,
#514468
0,
#514484
14
#514495
#514515
#514541
1!
#514542
0!
#514546
#514558
#514575
0;
#514591
12
#514602
0<
#514618
1,
#514627
#514637
#514709
#514736
0,
#514752
1;
#514770
0.
#514786
1<
#514797
#514808
0;
#514824
11
#514834
0/
#514850
1,
#514860
#514927
03
#514943
1.
#515014
#515026
0.
#515042
1;
#515074
#515101
00
#515114
1/
#515124
#515133
0/
#515150
13
#515161
#515173
#515182
04
#515199
1.
#515223
03
#515239
18
#515250
#515268
0.
#515284
1/
#515294
0,
#515310
14
#515322
#515350
#515412
#515421
0;
#515437
13
#515455
1!
#515456
0!
#515461
#515474
04
#515490
1.
#515500
#515574
#515585
03
#515601
1,
#515611
#515620
08
#515636
15
#515648
#515676
#515703
#515714
06
#515730
1;
#515756
#515783
0,
#515799
14
#515860
#515921
#515931
#515961
05
#515977
13
#516047
04
#516062
18
#516140
01
#516153
1=
#516170
02
#516184
16
#516194
08
#516210
19
#516221
#516232
#516242
06
#516258
1,
#516334
#516343
0,
#516359
15
#516384
1!
#516385
0!
#516390
#516403
0.
#516416
14
#516427
#516440
05
#516457
18
#516474
03
#516490
16
#516508
08
#516524
1,
#516661
09
#516674
15
#516685
06
#516700
13
#516712
#516791
0/
#516804
18
#516814
05
#516830
16
#516841
#516868
03
#516884
15
#516916
#516930
#516964
#516978
#517005
0=
#517018
1-
#517028
#517037
0<
#517053
13
#517064
05
#517080
1:
#517149
#517160
#517168
#517179
#517191
#517202
03
#517218
1<
#517241
#517331
0:
#517347
15
#517358
#517387
08
#517404
13
#517414
0,
#517430
1:
#517440
0<
#517457
18
#517468
1!
#517469
0!
#517474
#517493
0-
#517509
1,
#517520
0;
#517536
1<
#517606
05
#517622
1-
#517639
0:
#517655
1;
#517665
04
#517679
15
#517689
0-
#517705
1:
#517723
0,
#517739
1-
#517749
0<
#517766
1,
#517836
0:
#517852
1<
#517862
0;
#517878
1:
#517888
06
#517902
1;
#517912
0-
#517928
1-
#517939
05
#517955
15
#517993
#518020
#518055
0;
#518071
17
#518082
#518095
#518105
#518133
#518145
0-
#518161
1;
#518172
0,
#518188
10
#518333
#518351
0:
#518364
1-
#518382
#518412
#518439
#518448
0<
#518464
1,
#518475
#518486
#518496
1!
#518497
0!
#518502
#518514
07
#518530
12
#518548
08
#518564
1<
#518575
#518601
#518612
#518623
0-
#518640
17
#518650
00
#518666
18
#518676
#518686
#518703
#518712
#518736
#518764
08
#518780
11
#518791
07
#518807
1-
#518818
#518836
0-
#518852
10
#518862
02
#518878
1:
#518888
#518897
03
#518913
18
#518924
00
#518940
17
#519011
#519036
0<
#519052
1-
#519070
08
#519086
12
#519096
07
#519112
13
#519137
#519164
01
#519177
10
#519189
#519199
00
#519216
1<
#519227
#519240
0;
#519256
18
#519274
0:
#519290
17
#519367
02
#519383
1.
#519393
03
#519409
10
#519419
05
#519433
1;
#519442
#519453
1!
#519454
0!
#519458
#519472
#519551
#519562
0<
#519578
1:
#519595
0;
#519611
12
#519621
0:
#519638
13
#519648
0.
#519664
19
#519675
#519687
02
#519703
1<
#519726
#519736
03
#519752
1;
#519777
#519797
0;
#519814
1:
#519831
00
#519847
1.
#519858
#519870
0:
#519886
12
#519896
0.
#519913
13
#519952
#519966
#519978
07
#519994
1;
#520004
#520020
0<
#520036
10
#520047
#520179
#520189
09
#520202
1:
#520219
00
#520235
1.
#520252
0.
#520268
17
#520345
0,
#520359
1<
#520369
08
#520382
10
#520400
#520478
00
#520495
1.
#520505
07
#520521
1/
#520531
#520592
#520602
#520611
03
#520627
10
#520639
#520666
0/
#520682
17
#520698
#520709
#520721
1!
#520722
0!
#520726
#520739
0:
#520755
13
#520773
#520791
#520814
03
#520830
1=
#520856
#520989
02
#521005
1/
#521016
#521050
0=
#521063
1:
#521073
0/
#521089
13
#521099
#521108
0:
#521124
12
#521184
#521194
#521214
#521232
0-
#521247
14
#521258
03
#521273
1/
#521285
#521304
0/
#521320
1:
#521331
#521343
0:
#521359
1-
#521376
0;
#521392
13
#521469
0-
#521484
1/
#521496
1!
#521497
0!
#521502
#521529
#521556
04
#521569
1:
#521580
#521591
#521601
#521621
00
#521636
1;
#521647
0.
#521662
1-
#521673
07
#521688
16
#521699
0;
#521714
10
#521725
0-
#521740
1.
#521758
#521837
#521846
0.
#521861
17
#521872
06
#521885
1;
#521896
#521923
0:
#521938
1-
#521950
#521969
0;
#521985
1.
#521995
0<
#522008
1:
#522019
02
#522035
1;
#522126
03
#522140
12
#522151
#522179
#522192
02
#522208
11
#522220
#522247
0.
#522263
12
#522273
0/
#522289
15
#522300
00
#522316
1.
#522327
#522345
0:
#522361
1/
#522377
#522387
01
#522403
10
#522414
#522427
1!
#522428
0!
#522433
#522446
#522473
#522483
#522510
00
#522526
1:
#522536
#522545
#522554
0/
#522570
11
#522580
#522595
#522604
01
#522620
1,
#522632
#522650
#522661
0;
#522677
19
#522695
0,
#522711
10
#522722
#522736
#522747
0-
#522763
1/
#522780
#522789
02
#522805
11
#522815
0/
#522831
1;
#522841
#522850
01
#522866
1,
#522950
0:
#522966
1-
#523058
0,
#523074
12
#523144
02
#523159
1/
#523170
#523189
07
#523202
11
#523213
#523253
#523269
#523279
#523344
#523355
00
#523370
1:
#523381
0;
#523396
1,
#523407
#523426
05
#523439
12
#523450
0.
#523463
18
#523473
0-
#523490
10
#523507
02
#523523
1;
#523534
1!
#523535
0!
#523540
#523694
0/
#523708
1-
#523718
08
#523731
12
#523743
#523770
09
#523786
1<
#523796
0-
#523812
19
#523823
0,
#523839
1-
#523850
#523861
0;
#523877
1,
#523902
#523944
09
#523960
1;
#523969
#523992
#524002
0<
#524018
1=
#524177
#524188
#524197
02
#524210
19
#524220
0=
#524236
1<
#524246
#524255
09
#524271
1=
#524281
00
#524297
19
#524322
#524352
#524363
01
#524379
10
#524471
00
#524487
11
#524557
01
#524572
10
#524583
0,
#524598
11
#524608
0-
#524621
1,
#524633
#524662
#524674
01
#524690
12
#524700
09
#524716
11
#524747
0=
#524762
19
#524848
1!
#524849
0!
#524854
#524866
02
#524879
1=
#524890
#524918
0;
#524931
14
#524942
#524953
0=
#524969
1=
#524980
0<
#524996
1<
#525013
09
#525029
19
#525039
0:
#525055
1:
#525066
0<
#525082
1<
#525101
#525127
#525136
0:
#525153
16
#525164
#525242
#525251
0=
#525264
1:
#525281
04
#525298
14
#525308
0:
#525324
1:
#525483
06
#525497
1)
#525576
#525613
0)
#525628
1;
#525639
0<
#525653
1'
#525664
#525676
09
#525691
19
#525701
#525718
1!
#525719
0!
#525723
#525817
00
#525831
1%
#525843
#525873
04
#525888
12
#525899
#525926
#525936
#525948
0;
#525961
14
#525971
0,
#525986
13
#525997
0'
#526012
1,
#526023
0:
#526038
1:
#526049
0%
#526066
1$
#526084
#526095
0:
#526110
1:
#526122
#526151
#526160
0$
#526177
1=
#526187
02
#526203
12
#526219
#526229
02
#526245
12
#526262
02
#526278
12
#526304
#526452
#526480
01
#526493
1<
#526505
#526532
04
#526547
15
#526558
0=
#526573
14
#526584
0,
#526599
1=
#526611
#526622
03
#526637
1,
#526648
05
#526664
13
#526674
0=
#526690
15
#526700
0:
#526716
1=
#526726
05
#526742
1:
#526753
1!
#526754
0!
#526759
#526772
#526784
09
#526798
15
#526822
05
#526838
15
#526849
#526885
0<
#526901
1;
#526912
#527006
#527035
#527044
04
#527060
1<
#527070
03
#527086
14
#527096
#527105
0<
#527121
13
#527131
04
#527148
1<
#527165
0<
#527181
14
#527206
04
#527222
1<
#527300
#527327
0,
#527343
14
#527354
#527388
0=
#527404
1.
#527415
#527443
#527454
05
#527470
1,
#527480
02
#527494
17
#527504
#527512
#527521
#527529
#527538
#527553
#527571
#527582
#527593
0.
#527609
1=
#527620
0<
#527636
1/
#527647
1!
#527648
0!
#527653
#527667
#527679
04
#527695
15
#527720
#527747
03
#527763
1.
#527774
#527809
#527821
#527835
#527845
#527854
#527869
#527878
#527976
0:
#527989
1<
#528001
#528072
0<
#528088
14
#528106
04
#528121
18
#528139
0;
#528154
13
#528172
#528185
0.
#528201
1-
#528272
07
#528287
1<
#528297
0=
#528310
14
#528377
1!
#528378
0!
#528381
#528408
0<
#528424
1;
#528434
0/
#528449
1.
#528460
04
#528475
17
#528485
08
#528498
1<
#528509
05
#528524
1/
#528535
0,
#528548
14
#528565
0.
#528581
15
#528592
07
#528608
1.
#528633
#528645
0/
#528661
17
#528693
07
#528709
1/
#528793
0;
#528809
17
#528819
0/
#528835
1;
#528852
03
#528865
1/
#528883
05
#528899
15
#528976
05
#528992
15
#529002
0-
#529017
1(
#529035
#529065
0;
#529081
13
#529092
#529118
0<
#529134
1;
#529145
#529171
#529328
0(
#529344
10
#529353
#529363
#529393
#529413
#529440
03
#529455
1<
#529466
0.
#529481
16
#529498
#529508
#529537
0<
#529553
13
#529562
#529573
#529634
04
#529650
1.
#529662
#529679
03
#529696
1<
#529713
0<
#529730
14
#529740
06
#529756
13
#529767
1!
#529768
0!
#529773
#529786
07
#529802
1<
#529874
#529913
03
#529929
16
#530013
00
#530028
17
#530039
#530117
0.
#530130
13
#530207
#530217
0;
#530230
10
#530240
06
#530256
19
#530267
#530278
00
#530294
16
#530305
#530347
0/
#530361
10
#530371
05
#530387
1.
#530397
06
#530413
15
#530485
#530498
#530525
07
#530541
16
#530551
05
#530567
11
#530578
1!
#530579
0!
#530584
#530596
00
#530612
17
#530622
#530638
09
#530651
15
#530661
#530670
07
#530686
10
#530705
#530734
#530745
05
#530761
17
#530772
0.
#530788
1/
#530798
01
#530814
15
#530825
04
#530841
1.
#530865
0.
#530881
11
#530892
#530904
01
#530920
14
#531033
0<
#531046
1.
#531057
#531072
#531150
04
#531166
11
#531183
0.
#531199
14
#531209
0/
#531223
1.
#531233
01
#531249
11
#531260
#531289
04
#531305
1/
#531323
#531350
#531410
06
#531426
14
#531437
#531448
#531470
#531481
#531523
#531540
#531549
07
#531565
12
#531642
#531652
#531681
00
#531697
16
#531714
0/
#531730
1:
#531742
#531769
05
#531785
17
#531795
06
#531811
10
#531823
#531835
#531845
0:
#531862
1/
#531880
#531892
0/
#531908
1=
#531917
#531933
#531951
1!
#531952
0!
#531956
#532043
04
#532059
15
#532070
#532216
#532228
02
#532241
16
#532251
03
#532265
1:
#532335
07
#532351
1/
#532368
06
#532384
14
#532394
00
#532410
17
#532420
0:
#532436
16
#532446
05
#532462
10
#532474
1!
#532475
0!
#532479
#532492
07
#532508
1:
#532518
0=
#532531
15
#532542
0/
#532558
17
#532568
00
#532584
1/
#532595
05
#532611
10
#532689
#532703
0.
#532716
15
#532727
#532739
01
#532755
11
#532786
04
#532802
14
#532813
#532840
00
#532857
18
#532868
#532881
04
#532897
10
#532907
#532917
#532928
07
#532944
14
#532954
01
#532971
17
#532980
#532989
08
#533006
11
#533044
01
#533060
18
#533071
#533106
#533134
#533161
0:
#533178
11
#533239
08
#533255
1,
#533264
#533275
#533286
#533310
#533324
#533352
#533363
07
#533379
1-
#533390
#533400
#533410
04
#533426
1;
#533436
#533446
#533463
#533472
#533482
#533493
0-
#533509
1:
#533520
1!
#533521
0!
#533526
#533545
#533568
#533668
#533677
0;
#533691
18
#533708
0/
#533724
19
#533734
08
#533750
17
#533762
#533782
0:
#533798
14
#533869
0,
#533884
1-
#533955
05
#533970
1/
#533987
07
#534002
18
#534013
00
#534026
1:
#534096
0:
#534112
1,
#534182
04
#534197
15
#534208
06
#534220
17
#534231
01
#534244
1:
#534254
0-
#534270
14
#534280
09
#534294
1-
#534304
05
#534320
15
#534330
0:
#534346
1:
#534357
0/
#534373
1/
#534390
0-
#534406
1-
#534416
05
#534432
15
#534450
04
#534466
14
#534477
#534496
0/
#534512
1/
#534618
#534646
#534676
#534694
#534777
0,
#534793
1<
#534803
0-
#534819
1,
#534835
#534845
#534863
0,
#534879
1-
#534890
#534926
08
#534942
1,
#534960
0/
#534976
18
#534986
05
#535002
1/
#535020
1!
#535021
0!
#535026
#535040
#535067
0-
#535083
15
#535145
#535157
0/
#535173
12
#535183
0<
#535199
1-
#535211
#535237
#535254
#535266
#535276
#535285
#535294
04
#535310
1/
#535327
02
#535343
1<
#535354
0-
#535370
13
#535447
#535471
1!
#535472
0!
#535476
#535496
05
#535510
14
#535520
0/
#535536
12
#535548
#535576
02
#535592
1-
#535603
04
#535619
1/
#535629
0,
#535645
15
#535663
0<
#535679
12
#535690
#535769
#535781
#535799
#535897
#535986
05
#536001
14
#536012
02
#536027
1,
#536037
07
#536050
1<
#536120
#536129
08
#536145
1=
#536155
0<
#536171
15
#536181
0,
#536197
12
#536214
0:
#536228
18
#536252
04
#536268
1<
#536300
#536320
#536478
#536488
#536517
03
#536533
1,
#536543
08
#536560
14
#536569
#536578
05
#536595
1.
#536664
1!
#536665
0!
#536669
#536683
#536695
0,
#536711
13
#536722
#536755
#536836
03
#536852
18
#536869
0<
#536885
15
#537007
#537019
05
#537034
1,
#537044
0=
#537057
13
#537081
03
#537097
1<
#537108
#537122
#537149
02
#537165
15
#537227
#537239
0-
#537253
13
#537270
0.
#537286
1;
#537297
#537331
04
#537347
12
#537359
#537372
0<
#537388
1.
#537399
#537409
#537420
#537431
08
#537447
10
#537464
02
#537480
14
#537491
#537503
0.
#537519
1<
#537529
#537537
#537547
04
#537563
18
#537573
0/
#537589
12
#537599
#537623
#537650
02
#537666
1.
#537677
0<
#537693
14
#537703
03
#537719
1/
#537790
0.
#537806
12
#537816
04
#537832
1<
#537842
0,
#537855
13
#537866
0/
#537882
1.
#537907
#537942
#537970
#537980
#537989
#537998
03
#538014
14
#538025
#538036
#538046
#538064
05
#538080
1/
#538092
1!
#538093
0!
#538098
#538118
#538145
00
#538161
11
#538172
#538189
#538199
0/
#538215
16
#538225
0;
#538241
13
#538258
08
#538275
15
#538285
02
#538301
19
#538371
03
#538387
10
#538410
#538419
01
#538433
1/
#538510
#538527
1!
#538528
0!
#538533
#538545
05
#538561
1;
#538639
00
#538654
18
#538664
0;
#538680
12
#538690
09
#538703
13
#538714
#538778
0<
#538792
15
#538809
02
#538825
10
#538835
05
#538852
1;
#538862
0.
#538878
12
#538897
#538909
08
#538925
15
#539016
04
#539029
1.
#539047
0.
#539063
18
#539081
#539108
0;
#539125
1.
#539135
00
#539151
17
#539168
02
#539184
1;
#539196
#539224
#539338
0/
#539355
10
#539366
#539378
#539395
#539410
#539421
#539455
#539528
0.
#539544
12
#539554
0;
#539570
1:
#539579
#539595
06
#539611
1/
#539622
#539634
0/
#539650
1.
#539682
#539716
07
#539732
1;
#539743
#539757
1!
#539758
0!
#539763
#539776
03
#539789
16
#539801
#539811
#539871
06
#539887
1/
#539897
0:
#539913
1-
#539930
#539946
#539956
#540042
02
#540058
17
#540128
05
#540141
16
#540212
06
#540227
1:
#540237
0;
#540252
12
#540263
0-
#540276
16
#540286
08
#540300
1;
#540324
0;
#540340
1;
#540358
0:
#540374
1:
#540384
0/
#540400
1/
#540479
1!
#540480
0!
#540485
#540497
02
#540513
12
#540530
0.
#540544
1*
#540562
07
#540578
17
#540662
07
#540678
17
#540689
#540717
06
#540731
1=
#540740
#540749
0*
#540766
1#
#540778
#540808
0:
#540824
15
#540835
#540854
#540865
02
#540881
1:
#540892
0#
#540908
12
#540918
00
#540934
10
#540959
#540986
0=
#541002
1,
#541026
#541035
00
#541052
1=
#541069
#541079
#541091
#541119
#541128
0,
#541144
10
#541161
05
#541177
16
#541290
#541398
00
#541413
1,
#541424
07
#541437
15
#541508
0,
#541524
10
#541601
05
#541616
1,
#541628
#541655
0;
#541668
15
#541679
#541706
0=
#541722
11
#541732
0/
#541746
19
#541756
0,
#541772
1=
#541783
05
#541799
1,
#541808
#541819
#541843
#541852
01
#541868
15
#541879
1!
#541880
0!
#541885
#541904
#542002
#542088
0:
#542101
11
#542111
09
#542127
19
#542138
#542167
01
#542183
17
#542193
0,
#542207
11
#542218
#542246
#542258
09
#542274
1<
#542284
01
#542300
19
#542361
06
#542378
11
#542389
#542408
1!
#542409
0!
#542413
#542426
0<
#542442
16
#542452
#542461
0=
#542477
1<
#542548
09
#542563
1=
#542580
02
#542594
19
#542604
#542709
0<
#542725
1<
#542741
#542832
01
#542846
1&
#542857
0<
#542872
1<
#542950
00
#542964
1)
#542981
0=
#542996
1'
#543081
09
#543096
1%
#543174
05
#543189
1$
#543200
#543230
06
#543244
1:
#543254
0$
#543269
16
#543279
07
#543293
17
#543305
#543324
06
#543338
16
#543349
07
#543363
17
#543456
1!
#543457
0!
#543462
#543474
07
#543488
17
#543499
#543530
#543565
0%
#543580
1,
#543591
#543619
0:
#543633
14
#543643
0)
#543658
13
#543668
0<
#543681
1:
#543692
#543705
#543716
0:
#543731
1:
#543741
#543750
0'
#543767
1(
#543784
#543794
#543824
#543832
#543841
04
#543857
11
#543868
#543879
0(
#543895
14
#543905
0,
#543921
1,
#543939
#543950
0:
#543966
1:
#543976
04
#543992
14
#544002
0,
#544018
1,
#544036
04
#544051
14
#544062
0,
#544077
1,
#544095
03
#544110
13
#544181
03
#544196
13
#544206
06
#544221
1*
#544231
03
#544246
13
#544346
07
#544361
1#
#544446
1!
#544447
0!
#544452
#544466
#544496
03
#544508
1=
#544519
#544554
0*
#544569
18
#544580
01
#544595
11
#544606
#544618
0#
#544635
1$
#544652
#544662
#544691
#544701
#544713
0$
#544729
19
#544739
01
#544755
11
#544765
0=
#544781
1=
#544806
#544818
#544856
#544868
#544895
08
#544910
1<
#544928
0&
#544944
1-
#544955
#544983
#544993
#545005
09
#545021
18
#545031
#545048
#545066
08
#545082
13
#545100
0-
#545116
19
#545133
01
#545149
18
#545220
08
#545235
1-
#545247
#545260
0,
#545273
11
#545284
0<
#545300
18
#545310
09
#545326
1<
#545337
0-
#545353
19
#545363
0=
#545379
1-
#545404
#545482
0-
#545498
1=
#545508
09
#545525
1.
#545535
0=
#545551
1-
#545562
#545573
04
#545589
19
#545607
0:
#545623
1=
#545632
#545716
#545728
0<
#545744
14
#545754
0.
#545768
1:
#545779
#545805
#545814
#545823
0:
#545840
1<
#545856
#545865
0<
#545881
1/
#545907
#545992
0/
#546007
1:
#546019
#546046
0-
#546059
1<
#546069
#546079
#546096
#546106
09
#546122
1/
#546140
#546168
0/
#546184
1;
#546209
#546287
#546316
01
#546329
19
#546340
08
#546356
12
#546426
09
#546442
1/
#546460
1!
#546461
0!
#546466
#546480
#546553
1!
#546554
0!
#546559
#546571
0:
#546586
1-
#546597
02
#546610
18
#546626
#546636
08
#546651
19
#546662
04
#546677
1:
#546689
#546702
0=
#546717
18
#546734
0;
#546748
14
#546758
0/
#546774
1=
#546786
#546798
03
#546814
1/
#546830
#546839
09
#546855
13
#546866
08
#546882
19
#546899
0=
#546915
18
#547029
#547059
#547071
04
#547086
1=
#547170
0=
#547186
14
#547197
#547287
09
#547302
1=
#547319
0<
#547333
19
#547344
#547378
09
#547394
10
#547412
#547439
03
#547456
19
#547467
#547478
0:
#547494
15
#547504
00
#547521
13
#547532
#547544
0/
#547560
1:
#547571
1!
#547572
0!
#547577
#547590
0:
#547606
10
#547617
#547628
00
#547644
1/
#547654
0-
#547671
1:
#547681
03
#547697
10
#547714
#547724
#547737
#547745
#547754
0=
#547771
1-
#547787
#547879
09
#547894
13
#547905
04
#547918
1=
#547996
05
#548011
19
#548022
0=
#548037
15
#548048
08
#548061
1=
#548073
#548085
#548119
0:
#548136
16
#548147
#548181
00
#548197
1:
#548208
#548222
#548235
#548246
0/
#548262
17
#548287
#548315
#548328
05
#548345
10
#548355
0-
#548371
1/
#548381
0=
#548398
1,
#548414
#548424
#548437
#548447
#548463
0,
#548480
15
#548491
1!
#548492
0!
#548497
#548510
#548522
#548535
#548544
06
#548560
1-
#548570
#548579
0/
#548595
1=
#548605
00
#548622
1,
#548652
#548669
05
#548685
16
#548763
03
#548776
1/
#548786
07
#548803
10
#548812
#548882
00
#548897
15
#548915
#548943
0,
#548958
17
#548969
09
#548982
10
#548993
#549004
#549013
0/
#549029
1.
#549039
0:
#549056
1,
#549073
07
#549089
1/
#549100
#549112
0,
#549128
1:
#549138
#549161
00
#549177
17
#549201
07
#549217
1,
#549235
#549263
06
#549279
10
#549341
#549353
#549376
0-
#549392
17
#549403
05
#549419
11
#549429
0:
#549445
16
#549514
#549526
06
#549542
1-
#549553
#549581
#549593
#549610
#549619
#549628
01
#549644
15
#549655
0.
#549671
1:
#549682
#549708
#549718
1!
#549719
0!
#549724
#549737
0-
#549753
16
#549770
0:
#549786
1;
#549797
#549809
05
#549825
11
#549836
07
#549852
1.
#549869
01
#549885
1-
#549896
0.
#549912
1:
#549930
#550018
#550030
00
#550043
15
#550068
#550095
05
#550111
17
#550122
0,
#550138
11
#550199
01
#550215
1.
#550225
#550234
0.
#550250
12
#550260
#550270
#550284
#550302
0:
#550318
15
#550335
02
#550352
1,
#550377
#550463
0=
#550477
11
#550548
#550568
07
#550584
1.
#550594
06
#550610
1:
#550627
0,
#550642
12
#550654
#550794
1!
#550795
0!
#550800
#550813
0:
#550827
17
#550838
0;
#550850
16
#550862
#550875
0-
#550888
1,
#550899
#550926
07
#550942
1:
#550952
0/
#550966
1<
#550983
0,
#550999
17
#551009
#551019
#551030
06
#551046
1,
#551056
02
#551072
16
#551082
#551091
01
#551107
12
#551119
#551152
0<
#551168
11
#551186
#551213
06
#551229
1<
#551239
0:
#551256
14
#551317
02
#551333
16
#551344
#551355
01
#551371
1:
#551389
#551403
#551445
#551472
0.
#551488
12
#551500
#551533
#551543
#551554
#551563
#551573
#551597
#551606
05
#551622
11
#551634
#551651
04
#551667
18
#551679
#551692
0<
#551708
13
#551718
0,
#551734
1.
#551744
#551755
1!
#551756
0!
#551760
#551774
#551785
01
#551801
19
#551811
#551826
#551834
#551844
0.
#551860
15
#551870
07
#551886
14
#551956
04
#551972
1<
#551989
08
#552003
1,
#552020
0<
#552036
11
#552135
#552162
0,
#552178
1.
#552189
#552199
#552268
#552277
09
#552290
17
#552361
02
#552376
14
#552386
07
#552401
1<
#552412
0.
#552427
10
#552437
06
#552450
1,
#552461
04
#552476
12
#552507
0:
#552523
17
#552533
05
#552549
1.
#552619
0,
#552635
14
#552645
02
#552660
1:
#552670
03
#552684
15
#552695
#552713
00
#552727
1,
#552752
#552780
1!
#552781
0!
#552786
#552799
#552817
05
#552833
12
#552851
02
#552867
1=
#552879
#552943
#552955
0<
#552971
15
#552988
01
#553005
12
#553169
0=
#553182
1<
#553200
0<
#553216
11
#553227
#553256
0,
#553272
1<
#553283
07
#553299
1,
#553309
04
#553325
17
#553336
0:
#553352
14
#553363
#553374
#553384
01
#553400
1:
#553411
#553504
#553515
1!
#553516
0!
#553520
#553532
#553542
05
#553555
11
#553565
0<
#553582
1-
#553599
01
#553615
1<
#553640
0:
#553656
11
#553734
#553745
07
#553759
1:
#553789
#553805
0.
#553822
1.
#553907
01
#553921
1%
#554006
0.
#554021
1.
#554032
#554062
04
#554078
15
#554088
0.
#554103
14
#554114
0%
#554129
1.
#554147
#554168
#554196
#554207
04
#554222
1/
#554233
0:
#554246
14
#554257
0,
#554273
1,
#554350
0,
#554366
1,
#554377
#554405
0,
#554421
17
#554432
05
#554447
1,
#554459
#554551
02
#554564
15
#554574
#554584
#554611
#554619
#554630
1!
#554631
0!
#554635
#554648
05
#554664
1;
#554673
#554683
#554716
0;
#554731
15
#554749
0/
#554763
1;
#554848
0;
#554863
1;
#554874
0-
#554889
1-
#554967
0.
#554981
1)
#554991
0-
#555006
1-
#555017
#555046
0,
#555059
18
#555120
0-
#555136
1-
#555153
#555163
#555192
#555202
0)
#555219
11
#555229
07
#555245
17
#555255
0;
#555271
1;
#555283
#555295
05
#555311
15
#555328
07
#555344
17
#555361
08
#555377
18
#555461
07
#555477
17
#555488
1!
#555489
0!
#555494
#555514
0<
#555528
1'
#555539
#555577
#555604
#555617
#555643
08
#555659
1:
#555669
#555677
#555687
0'
#555703
13
#555721
01
#555737
19
#555746
#555897
0;
#555910
18
#555921
#555932
#555942
#555953
08
#555969
11
#555979
09
#555995
18
#556100
03
#556115
19
#556268
05
#556280
13
#556291
09
#556305
19
#556316
0:
#556329
1(
#556339
03
#556354
13
#556364
09
#556379
19
#556390
01
#556404
11
#556415
08
#556429
1*
#556439
03
#556454
13
#556464
01
#556479
11
#556496
07
#556511
1#
#556618
#556648
#556658
#556687
1!
#556688
0!
#556693
#556705
0#
#556720
1.
#556730
#556739
0-
#556754
16
#556765
#556776
#556793
0(
#556808
1-
#556819
#556830
0-
#556845
1-
#556869
04
#556884
14
#556895
0-
#556910
1-
#556921
#557018
0.
#557033
1;
#557043
0*
#557059
1.
#557069
03
#557083
1$
#557094
#557106
06
#557121
1&
#557131
04
#557146
14
#557164
#557193
04
#557208
10
#557226
#557255
#557265
#557276
0.
#557291
14
#557302
0;
#557317
1:
#557327
0$
#557343
1.
#557353
01
#557369
1;
#557437
0&
#557453
11
#557463
0;
#557480
1;
#557491
1!
#557492
0!
#557497
#557509
0;
#557525
1;
#557537
#557561
#557584
0.
#557600
1.
#557617
01
#557634
11
#557652
#557747
04
#557763
18
#557824
00
#557838
14
#557907
#557934
01
#557950
1=
#557961
04
#557977
11
#557988
#558001
#558011
#558035
#558077
#558105
#558114
0=
#558130
14
#558141
#558220
0:
#558236
12
#558245
#558322
04
#558337
13
#558398
09
#558411
1=
#558428
#558437
08
#558451
1:
#558469
#558481
1!
#558482
0!
#558487
#558499
0=
#558515
14
#558613
03
#558627
1=
#558638
#558675
#558702
0:
#558718
18
#558730
#558740
#558810
#558822
0.
#558838
1/
#558847
#558856
0;
#558870
1:
#558894
0:
#558910
1.
#558995
0=
#559011
1:
#559088
01
#559103
1=
#559114
04
#559127
11
#559138
#559173
#559184
01
#559199
1,
#559209
#559218
02
#559234
11
#559244
0-
#559260
12
#559270
#559286
02
#559302
1-
#559387
01
#559402
12
#559412
0.
#559428
11
#559438
0=
#559451
1.
#559461
0-
#559477
1-
#559495
#559531
0.
#559547
19
#559557
02
#559573
1.
#559644
#559663
0/
#559676
12
#559775
0:
#559789
1%
#559799
0,
#559814
1)
#559831
0-
#559847
1-
#559858
#560023
1!
#560024
0!
#560028
#560041
02
#560053
1<
#560064
0%
#560080
1'
#560091
#560122
0.
#560134
13
#560151
#560161
#560172
09
#560187
19
#560198
#560210
0'
#560227
1#
#560245
08
#560260
18
#560271
#560302
#560314
0#
#560330
1=
#560340
09
#560356
19
#560366
03
#560382
13
#560392
08
#560408
18
#560500
#560529
#560540
1!
#560541
0!
#560545
#560558
0)
#560574
12
#560584
09
#560600
19
#560610
03
#560626
13
#560636
0-
#560652
1-
#560669
08
#560684
18
#560695
0=
#560709
1(
#560734
#560747
#560776
#560803
03
#560818
15
#560828
#560837
0<
#560853
17
#560863
#560873
#560884
0-
#560900
13
#560911
#560943
07
#560959
1<
#560970
#561046
#561056
0<
#561071
1-
#561081
#561091
#561110
#561137
#561146
01
#561162
17
#561172
0(
#561188
16
#561206
0-
#561222
1<
#561232
#561241
05
#561257
1.
#561268
02
#561284
11
#561362
#561396
#561425
08
#561438
1-
#561583
07
#561598
15
#561610
1!
#561611
0!
#561615
#561628
0<
#561643
12
#561654
06
#561667
1=
#561677
0.
#561693
17
#561703
01
#561719
1<
#561796
09
#561809
1.
#561820
05
#561835
11
#561847
#561858
01
#561874
15
#561884
0.
#561900
11
#561925
#561939
#561966
02
#561982
1.
#561993
#562005
0<
#562021
10
#562052
#562062
#562074
#562087
07
#562102
12
#562112
#562121
00
#562137
1<
#562147
03
#562161
17
#562171
05
#562187
10
#562249
0=
#562265
15
#562282
02
#562298
1=
#562316
0=
#562332
12
#562349
0.
#562365
1=
#562382
0<
#562399
1.
#562410
#562438
#562450
0=
#562466
1<
#562503
#562514
#562528
#562539
#562548
00
#562564
1;
#562575
07
#562591
1=
#562611
1!
#562612
0!
#562615
#562680
#562691
0<
#562708
10
#562718
0;
#562734
17
#562751
00
#562767
1<
#562779
#562879
#562888
05
#562902
1;
#562913
#562939
#562955
0;
#562972
10
#562983
#563018
01
#563035
1/
#563046
#563065
#563076
#563104
07
#563120
14
#563130
02
#563146
1;
#563208
#563219
#563228
0/
#563244
15
#563254
#563262
#563272
0;
#563288
11
#563306
#563317
#563326
04
#563342
1:
#563377
1!
#563378
0!
#563382
#563595
0:
#563608
17
#563685
07
#563700
12
#563711
0-
#563723
1/
#563734
0<
#563747
1;
#563757
0.
#563771
14
#563803
#563817
#563829
04
#563845
17
#563855
01
#563871
14
#563896
#563917
02
#563933
11
#563994
0/
#564010
12
#564021
05
#564037
1/
#564047
0;
#564063
15
#564135
#564147
04
#564163
1;
#564173
0/
#564189
14
#564199
01
#564215
1/
#564225
0=
#564239
11
#564256
02
#564272
12
#564282
05
#564298
15
#564337
#564351
#564379
00
#564395
1,
#564470
#564498
05
#564514
10
#564525
#564535
#564546
#564565
0;
#564581
18
#564591
#564600
0,
#564616
15
#564626
#564710
#564722
#564750
#564759
0/
#564775
1;
#564786
#564813
1!
#564814
0!
#564819
#564839
08
#564854
1,
#564879
#564900
0;
#564916
1/
#564987
#565015
04
#565030
18
#565091
02
#565107
1;
#565117
07
#565131
16
#565141
#565151
#565162
0/
#565178
14
#565195
00
#565211
12
#565222
08
#565238
1/
#565249
#565261
02
#565277
10
#565294
0/
#565310
18
#565320
0,
#565337
12
#565353
#565362
08
#565378
1/
#565389
02
#565405
1,
#565415
01
#565431
18
#565443
#565469
04
#565486
12
#565497
#565524
00
#565540
11
#565551
#565563
1!
#565564
0!
#565569
#565642
05
#565658
14
#565669
#565696
0,
#565712
19
#565721
#565738
06
#565751
10
#565761
04
#565778
15
#565789
#565807
#565817
#565836
#565863
05
#565879
13
#565889
#565898
09
#565914
1,
#565925
#565937
#565965
#565977
08
#565993
14
#566004
#566031
#566040
01
#566056
1-
#566073
04
#566089
15
#566099
#566109
#566119
#566130
#566142
#566151
0-
#566167
19
#566177
#566186
03
#566203
18
#566227
08
#566243
1:
#566275
0,
#566291
11
#566361
01
#566377
14
#566387
05
#566403
1-
#566413
00
#566427
13
#566564
0-
#566579
18
#566589
0:
#566602
1,
#566614
#566648
03
#566663
11
#566674
0,
#566689
15
#566700
0/
#566713
1-
#566723
#566732
08
#566748
1<
#566759
#566770
#566793
09
#566809
13
#566820
#566832
0-
#566848
1,
#566858
02
#566874
18
#567122
#567150
1!
#567151
0!
#567156
#567169
0<
#567181
19
#567193
#567203
09
#567219
1-
#567228
#567238
0;
#567253
12
#567263
03
#567278
1.
#567295
#567304
02
#567319
19
#567351
01
#567364
1;
#567375
#567404
0;
#567419
13
#567431
#567456
05
#567472
12
#567542
02
#567558
11
#567568
0,
#567583
1;
#567594
0.
#567607
15
#567624
0;
#567640
12
#567664
05
#567680
1,
#567765
04
#567778
1;
#567863
0-
#567876
15
#567887
1!
#567888
0!
#567893
#567906
05
#567921
15
#567938
01
#567953
1*
#568038
#568135
#568213
#568222
0*
#568238
1=
#568248
02
#568261
11
#568271
08
#568286
1$
#568297
#568309
#568321
0=
#568337
1=
#568354
0=
#568370
1=
#568395
#568425
#568452
0$
#568468
17
#568530
09
#568546
1-
#568555
#568564
#568574
#568587
#568598
01
#568614
19
#568626
1!
#568627
0!
#568631
#568657
#568674
09
#568690
11
#568707
07
#568723
19
#568808
#568844
09
#568860
17
#568870
03
#568886
12
#568958
#568970
0=
#568985
19
#568995
05
#569008
13
#569019
07
#569034
1=
#569118
01
#569134
17
#569151
0-
#569164
11
#569241
03
#569256
13
#569267
01
#569282
11
#569292
0;
#569306
1&
#569317
03
#569332
13
#569350
#569394
#569421
#569449
1!
#569450
0!
#569454
#569467
0&
#569483
16
#569492
#569501
#569577
#569586
0,
#569599
10
#569616
#569626
#569661
0=
#569675
1:
#569693
#569705
#569716
02
#569732
1-
#569742
03
#569758
12
#569769
0:
#569785
13
#569796
#569806
#569817
#569828
07
#569844
1:
#569854
#569863
02
#569880
17
#569890
03
#569906
12
#569916
01
#569933
13
#569963
0:
#569979
11
#569997
01
#570013
1:
#570030
03
#570047
11
#570117
0:
#570133
13
#570271
#570300
06
#570313
1:
#570323
0-
#570338
1;
#570355
09
#570369
1-
#570387
#570399
0-
#570414
1-
#570432
0-
#570448
1-
#570465
02
#570481
12
#570491
01
#570507
11
#570517
00
#570532
1%
#570624
1!
#570625
0!
#570630
#570642
0:
#570657
1'
#570668
#570705
#570733
#570743
0'
#570758
1/
#570769
0;
#570784
1=
#570852
#570862
#570874
0%
#570890
1;
#570901
#570948
#571032
0;
#571047
14
#571059
#571088
#571099
#571109
#571120
01
#571135
1;
#571146
04
#571161
1:
#571179
03
#571192
11
#571262
#571287
01
#571303
14
#571313
0/
#571330
11
#571481
01
#571497
1/
#571507
0:
#571520
11
#571531
#571567
07
#571583
13
#571655
#571667
0;
#571682
17
#571692
02
#571705
1;
#571717
1!
#571718
0!
#571723
#571742
07
#571758
17
#571769
#571803
07
#571819
1<
#571830
#571857
0=
#571871
17
#571932
04
#571948
1.
#571958
0/
#571974
14
#571986
#572004
0.
#572020
1/
#572030
04
#572046
1.
#572057
#572085
#572095
0.
#572111
14
#572121
03
#572137
1:
#572147
#572157
#572169
#572188
0<
#572204
1.
#572222
0.
#572238
13
#572248
#572317
03
#572333
1<
#572342
#572366
#572394
#572413
0/
#572429
1.
#572603
#572631
0;
#572644
13
#572654
0<
#572670
18
#572680
04
#572693
1/
#572704
1!
#572705
0!
#572710
#572730
0:
#572745
1=
#572757
#572850
#572879
0=
#572892
1<
#572902
0/
#572918
1:
#572928
0<
#572944
14
#572954
03
#572970
1/
#572987
01
#573001
1<
#573011
#573079
#573089
08
#573102
13
#573120
0-
#573136
1-
#573204
0-
#573220
1-
#573231
0:
#573247
1:
#573258
#573337
0/
#573353
1/
#573371
#573401
1!
#573402
0!
#573406
#573426
04
#573441
1=
#573452
0/
#573467
14
#573479
#573506
07
#573519
1/
#573530
0-
#573546
1,
#573557
#573568
#573599
04
#573615
1-
#573700
#573712
#573792
0,
#573807
14
#573817
#573826
0<
#573842
1,
#573853
0:
#573869
1<
#573879
0.
#573895
1:
#573913
#573940
#573968
04
#573984
1.
#574142
0-
#574155
15
#574164
#574175
#574209
0=
#574222
14
#574233
#574244
#574254
#574297
#574324
05
#574340
19
#574352
#574362
0<
#574379
1-
#574390
#574401
0/
#574417
16
#574427
0.
#574443
15
#574455
#574466
#574482
#574491
#574500
09
#574516
1<
#574527
1!
#574528
0!
#574533
#574545
#574621
0,
#574637
1/
#574655
03
#574668
1.
#574678
0/
#574695
19
#574772
0<
#574787
1,
#574804
05
#574820
1/
#574831
09
#574846
1<
#574931
0.
#574946
15
#574958
#574986
05
#575001
19
#575012
0<
#575027
1.
#575037
0/
#575053
1=
#575063
0-
#575078
15
#575156
04
#575168
1<
#575179
0,
#575194
1/
#575205
#575231
09
#575246
1-
#575263
06
#575276
1,
#575294
#575321
0-
#575337
19
#575422
#575465
0=
#575480
10
#575491
05
#575506
1-
#575516
#575526
1!
#575527
0!
#575532
#575544
#575554
#575581
#575608
0:
#575622
1=
#575632
#575642
#575720
0-
#575736
15
#575754
#575782
#575791
0,
#575807
12
#575875
09
#575891
1-
#575903
#575914
00
#575930
1,
#575941
#575953
05
#575969
19
#576089
02
#576105
10
#576115
0,
#576129
15
#576147
#576225
00
#576241
12
#576251
#576260
02
#576276
1;
#576287
#576298
#576314
05
#576330
10
#576347
0.
#576363
12
#576381
02
#576397
15
#576467
00
#576483
1.
#576494
#576523
09
#576539
12
#576550
1!
#576551
0!
#576556
#576575
0;
#576589
10
#576599
0.
#576615
1,
#576626
0=
#576642
19
#576787
#576821
09
#576836
1.
#576848
#576912
0<
#576925
1=
#577036
0=
#577052
19
#577063
#577089
0,
#577105
1=
#577116
#577129
0.
#577145
1,
#577155
0-
#577169
1.
#577180
#577265
#577291
0=
#577307
11
#577318
#577331
0,
#577348
1=
#577357
#577367
0.
#577383
1,
#577394
#577406
1!
#577407
0!
#577412
#577424
01
#577441
1.
#577457
#577518
#577546
#577558
0.
#577574
11
#577599
#577626
0/
#577642
18
#577653
#577667
0,
#577683
1.
#577694
#577704
#577720
02
#577737
17
#577748
#577760
#577771
#577780
01
#577796
1/
#577807
0.
#577823
1,
#577833
#577848
#577857
08
#577873
12
#577884
05
#577900
11
#577977
01
#577993
1.
#578003
0/
#578019
18
#578029
07
#578042
15
#578067
#578101
05
#578118
11
#578129
#578147
0=
#578163
1/
#578181
0/
#578197
13
#578281
02
#578297
15
#578374
#578443
01
#578456
1=
#578466
09
#578479
1/
#578490
05
#578505
12
#578517
#578551
03
#578564
15
#578582
#578618
0=
#578634
14
#578645
#578672
02
#578688
11
#578699
00
#578715
1=
#578726
#578739
#578758
1!
#578759
0!
#578763
#578776
08
#578792
16
#578809
04
#578825
12
#578837
#578916
#578944
#578960
0=
#578976
10
#578987
#579013
#579023
05
#579038
18
#579049
01
#579065
14
#579075
#579084
00
#579100
1=
#579110
06
#579126
1:
#579137
08
#579153
15
#579163
#579173
#579184
05
#579200
11
#579210
#579226
04
#579242
10
#579253
#579272
00
#579288
16
#579298
#579306
#579315
0:
#579331
18
#579370
06
#579386
15
#579412
#579485
01
#579501
14
#579571
02
#579584
10
#579594
0/
#579608
1:
#579618
05
#579634
16
#579646
1!
#579647
0!
#579652
#579671
0:
#579687
11
#579698
06
#579714
15
#579814
#579892
0.
#579905
1:
#579917
#579996
0:
#580011
16
#580028
08
#580042
1;
#580053
#580083
#580094
0=
#580110
1:
#580120
0;
#580136
18
#580147
04
#580163
1=
#580181
#580193
0=
#580209
1;
#580241
#580269
01
#580285
14
#580296
#580308
#580318
0;
#580334
1=
#580345
#580371
#580383
0,
#580399
1<
#580409
0=
#580425
11
#580435
#580452
1!
#580453
0!
#580458
#580470
#580554
#580583
08
#580599
1;
#580609
#580669
01
#580684
1,
#580695
0:
#580711
1=
#580757
#580770
#580797
0;
#580813
18
#580824
#580835
04
#580851
11
#580989
#581003
0,
#581018
1:
#581028
00
#581043
1-
#581054
06
#581069
1;
#581079
#581089
#581107
08
#581123
14
#581132
#581209
04
#581224
1,
#581234
0-
#581246
10
#581264
0,
#581280
16
#581357
00
#581372
18
#581389
0=
#581402
14
#581412
06
#581427
1,
#581438
04
#581453
10
#581471
#581485
#581497
0:
#581512
16
#581522
08
#581538
14
#581555
06
#581570
1:
#581581
#581595
#581623
05
#581636
18
#581646
0<
#581660
16
#581684
#581696
00
#581712
17
#581724
#581752
1!
#581753
0!
#581758
#581771
#581782
0,
#581798
10
#581823
#581857
0:
#581873
19
#581892
#581902
#581911
#581926
#581935
#582012
#582041
#582049
#582058
0;
#582074
1,
#582084
07
#582100
13
#582125
#582136
00
#582152
1:
#582177
0:
#582193
1;
#582211
0;
#582227
17
#582237
09
#582253
10
#582324
0,
#582340
1:
#582375
1!
#582376
0!
#582380
#582445
03
#582460
1;
#582470
06
#582483
19
#582494
#582523
#582534
04
#582548
1,
#582559
#582569
#582579
0;
#582595
13
#582605
01
#582621
12
#582633
#582667
07
#582683
1;
#582694
#582707
0,
#582723
11
#582735
#582745
00
#582762
1/
#582772
01
#582788
17
#582798
02
#582815
1,
#582824
#582840
#582850
#582884
09
#582900
10
#582911
#582922
#582931
03
#582947
11
#582957
08
#582974
12
#582991
02
#583007
1.
#583017
00
#583033
19
#583045
#583073
#583091
09
#583107
13
#583117
07
#583133
18
#583210
03
#583226
12
#583243
#583252
0.
#583266
10
#583275
#583351
00
#583367
15
#583392
02
#583407
19
#583539
1!
#583540
0!
#583545
#583557
05
#583570
17
#583587
0:
#583600
13
#583611
01
#583626
10
#583638
#583656
#583666
#583692
#583716
#583730
#583741
#583751
09
#583766
12
#583783
#583793
#583811
0;
#583826
11
#583837
0/
#583852
1<
#583877
08
#583893
19
#584031
0,
#584043
1;
#584060
00
#584074
1/
#584084
0<
#584097
18
#584108
0;
#584124
1;
#584142
08
#584158
18
#584168
0;
#584184
1;
#584201
0/
#584217
1/
#584309
0/
#584325
1/
#584375
1!
#584376
0!
#584380
#584445
#584474
02
#584488
1#
#584499
03
#584514
13
#584526
#584538
03
#584553
13
#584577
03
#584593
13
#584604
#584686
#584704
0#
#584721
12
#584732
#584759
0/
#584775
1-
#584800
#584878
0-
#584894
1/
#584904
01
#584918
1-
#584929
#584958
09
#584974
11
#584984
0-
#585000
19
#585011
08
#585027
1-
#585038
#585057
09
#585073
18
#585083
0-
#585099
19
#585198
07
#585213
1-
#585225
#585258
#585341
#585350
02
#585363
17
#585389
1!
#585390
0!
#585394
#585408
#585419
0/
#585435
1=
#585452
03
#585467
1/
#585478
08
#585493
13
#585578
07
#585591
18
#585601
0/
#585617
1/
#585627
#585696
03
#585711
13
#585722
0=
#585736
1)
#585746
03
#585761
13
#585771
#585780
08
#585795
18
#585828
#585857
0;
#585872
1;
#585934
#585966
01
#585982
11
#586000
#586091
03
#586106
12
#586167
09
#586180
13
#586190
01
#586206
11
#586217
#586244
03
#586259
14
#586321
01
#586336
13
#586347
0)
#586363
11
#586372
#586383
#586402
#586414
#586462
04
#586478
16
#586488
03
#586504
14
#586583
1!
#586584
0!
#586589
#586602
#586637
#586647
#586657
#586686
06
#586702
13
#586719
02
#586735
1.
#586753
#586763
#586779
08
#586795
17
#586804
#586875
#586902
04
#586917
16
#586927
#586935
#586951
#586961
#586979
06
#586994
12
#587012
02
#587027
18
#587037
0;
#587050
1:
#587112
0/
#587127
14
#587138
0.
#587151
16
#587161
#587170
08
#587186
12
#587204
#587216
04
#587232
1/
#587249
06
#587265
18
#587411
#587440
03
#587453
14
#587463
0-
#587479
16
#587490
#587509
0/
#587525
1;
#587544
1!
#587545
0!
#587550
#587562
01
#587576
1-
#587586
08
#587602
1/
#587626
0/
#587642
18
#587653
#587717
0-
#587733
1/
#587744
07
#587760
1-
#587771
#587811
0-
#587827
17
#587838
#587859
#587946
02
#587961
1-
#588106
07
#588121
12
#588132
#588161
06
#588174
17
#588184
0;
#588200
1;
#588210
0/
#588226
1/
#588236
08
#588252
18
#588262
0:
#588276
1(
#588287
07
#588302
17
#588313
0;
#588328
1;
#588339
0/
#588354
1/
#588378
0;
#588394
1;
#588404
0/
#588420
1/
#588431
#588461
1!
#588462
0!
#588467
#588479
#588496
#588523
#588556
#588564
#588575
#588602
#588613
#588704
#588732
04
#588745
1,
#588763
#588773
#588783
08
#588798
15
#588810
#588837
#588849
#588859
#588868
0;
#588884
10
#588894
0(
#588911
1<
#588920
#588930
0,
#588946
16
#588955
#588964
#588974
#588984
#588995
#589006
05
#589022
18
#589040
#589059
08
#589075
1=
#589100
#589157
06
#589173
1;
#589258
0<
#589273
1,
#589284
00
#589300
15
#589379
1!
#589380
0!
#589384
#589518
0=
#589530
18
#589540
0;
#589555
14
#589626
02
#589638
16
#589648
05
#589663
1<
#589673
08
#589688
10
#589698
06
#589713
1;
#589724
0<
#589738
15
#589749
0/
#589761
18
#589772
00
#589787
16
#589798
#589810
0,
#589825
1<
#589842
07
#589855
10
#589866
05
#589882
1,
#589893
#589920
06
#589936
15
#589946
00
#589962
19
#589972
0,
#589988
16
#589997
#590013
0-
#590027
10
#590038
#590055
#590065
0;
#590081
1,
#590092
#590133
0<
#590149
1;
#590174
#590253
#590283
#590295
04
#590311
1.
#590341
#590352
#590365
08
#590380
1<
#590398
05
#590414
14
#590425
#590437
04
#590453
18
#590470
00
#590486
15
#590570
0.
#590584
14
#590595
#590608
04
#590625
10
#590635
09
#590651
14
#590661
0;
#590677
19
#590697
1!
#590698
0!
#590702
#590772
#590789
#590816
00
#590833
1;
#590894
09
#590910
11
#590921
#590932
#590956
#590976
#590990
#591001
06
#591018
10
#591034
#591043
0,
#591059
19
#591070
08
#591086
16
#591156
00
#591172
1,
#591249
0;
#591265
18
#591275
01
#591288
10
#591298
0,
#591314
1;
#591338
0<
#591352
1,
#591362
06
#591378
16
#591388
08
#591404
18
#591416
#591450
0,
#591466
13
#591484
#591513
#591525
#591537
04
#591553
1,
#591564
09
#591580
1<
#591590
06
#591606
14
#591623
05
#591639
19
#591651
1!
#591652
0!
#591657
#591669
04
#591685
16
#591695
#591705
#591733
#591768
#591779
#591795
0;
#591811
15
#591828
#591837
05
#591854
14
#591871
08
#591887
1:
#591898
#591969
09
#591985
1;
#591995
#592005
#592024
#592036
04
#592052
15
#592136
03
#592152
18
#592162
06
#592176
19
#592187
#592216
08
#592232
14
#592256
09
#592272
13
#592342
0<
#592358
16
#592375
0:
#592389
18
#592399
05
#592415
19
#592427
#592438
03
#592454
1<
#592466
1!
#592467
0!
#592472
#592484
09
#592500
15
#592511
08
#592527
13
#592538
#592660
#592690
#592717
04
#592733
19
#592743
0<
#592759
18
#592770
03
#592785
1=
#592795
#592811
06
#592827
17
#592838
#592865
#592875
#592945
#592956
#592985
#592995
#593004
00
#593020
14
#593030
#593039
#593047
#593063
#593072
0=
#593088
1<
#593099
#593110
04
#593126
13
#593143
07
#593159
16
#593170
0;
#593186
12
#593257
#593268
#593291
0,
#593304
1/
#593388
02
#593401
10
#593479
00
#593495
1=
#593526
0/
#593540
14
#593564
0=
#593580
17
#593658
04
#593673
1;
#593685
1!
#593686
0!
#593691
#593763
0<
#593778
10
#593796
00
#593811
1=
#593822
03
#593835
14
#593845
0;
#593861
1<
#593871
05
#593885
10
#593955
07
#593971
1;
#593989
#594032
#594060
#594072
09
#594086
17
#594096
0;
#594112
13
#594122
#594131
07
#594147
1-
#594216
#594242
#594259
#594270
#594286
0-
#594302
1;
#594312
0=
#594328
17
#594407
#594449
03
#594465
1.
#594475
#594484
00
#594500
1-
#594512
#594523
0-
#594539
1=
#594550
#594562
06
#594578
13
#594618
#594821
#594833
0;
#594849
10
#594933
0<
#594948
1-
#594959
#595023
0-
#595039
16
#595050
1!
#595051
0!
#595056
#595068
0=
#595084
1;
#595094
00
#595109
1<
#595121
#595132
0.
#595145
1-
#595216
06
#595231
1=
#595249
0;
#595264
10
#595274
0<
#595289
16
#595367
00
#595382
1;
#595392
06
#595407
1<
#595417
08
#595430
10
#595447
0<
#595462
16
#595480
#595510
#595544
07
#595559
1<
#595571
#595582
04
#595596
11
#595606
0=
#595622
17
#595641
#595652
#595666
07
#595682
1=
#595692
03
#595708
17
#595719
0-
#595735
13
#595746
1!
#595747
0!
#595752
#595765
0;
#595781
1-
#595791
01
#595807
1;
#595824
0=
#595840
11
#595852
#595878
#595888
07
#595904
1=
#595920
#595929
01
#595946
1:
#595971
#595989
0:
#596005
17
#596016
#596043
0-
#596060
11
#596122
#596134
#596160
#596186
#596197
#596210
01
#596226
1:
#596237
#596249
0<
#596265
1,
#596290
#596317
#596325
#596335
#596348
00
#596365
1-
#596374
#596385
#596395
0:
#596412
12
#596422
03
#596438
11
#596448
#596463
#596473
#596484
#596501
0-
#596517
1<
#596541
0<
#596557
1/
#596568
#596587
#596600
#596682
0,
#596698
10
#596708
0;
#596724
1:
#596801
01
#596816
13
#596826
0:
#596842
1-
#596919
06
#596932
1<
#596942
0/
#596955
1,
#596965
00
#596981
1;
#597000
1!
#597001
0!
#597006
#597018
0<
#597034
11
#597044
0;
#597060
1:
#597078
0,
#597094
10
#597164
02
#597177
1<
#597188
01
#597203
1;
#597221
07
#597234
1,
#597313
#597324
0=
#597338
11
#597355
0,
#597371
1,
#597382
#597410
0;
#597426
15
#597437
#597458
#597469
0:
#597485
1;
#597495
03
#597511
1:
#597522
05
#597538
13
#597556
#597568
01
#597584
15
#597594
00
#597610
11
#597635
#597649
#597662
#597697
1!
#597698
0!
#597703
#597715
#597725
#597738
03
#597754
10
#597765
0:
#597781
19
#597797
#597808
#597835
0;
#597851
13
#597861
0,
#597877
1:
#597889
#597900
05
#597916
1.
#597925
#597936
#597946
#597961
#597977
09
#597994
1;
#598004
0:
#598020
1,
#598051
0,
#598068
15
#598078
0.
#598094
19
#598113
#598125
05
#598141
1:
#598151
09
#598167
1,
#598237
#598320
0-
#598333
1.
#598344
#598372
0,
#598387
15
#598399
#598412
0.
#598427
19
#598437
#598447
1!
#598448
0!
#598453
#598465
#598482
#598509
0;
#598525
18
#598536
#598547
#598558
#598575
#598584
08
#598600
1,
#598611
#598638
05
#598653
1.
#598664
0<
#598677
14
#598688
00
#598704
1;
#598715
#598726
0.
#598742
18
#598759
0;
#598775
15
#598792
03
#598809
10
#598826
00
#598843
1.
#598854
#598881
09
#598897
1;
#598907
05
#598924
13
#598992
#599003
03
#599019
10
#599043
08
#599060
16
#599071
#599098
0:
#599114
19
#599176
#599187
00
#599203
15
#599220
#599295
#599304
01
#599318
13
#599336
#599347
06
#599364
18
#599381
05
#599397
1/
#599407
03
#599423
1:
#599515
#599583
#599592
0;
#599606
10
#599617
1!
#599618
0!
#599623
#599642
0:
#599658
16
#599668
0.
#599682
15
#599692
08
#599708
13
#599779
06
#599794
1:
#599818
0/
#599832
18
#599842
0:
#599858
16
#599884
#599976
06
#599992
1:
#600076
#600085
08
#600099
12
#600116
#600126
#600211
0:
#600225
16
#600317
#600409
#600419
#600447
#600456
09
#600472
17
#600541
#600613
#600625
05
#600638
1.
#600662
04
#600675
19
#600686
07
#600702
17
#600712
02
#600728
12
#600799
07
#600814
17
#600825
02
#600840
12
#600851
0,
#600865
1*
#600875
07
#600891
17
#600901
02
#600917
12
#600942
09
#600957
19
#601036
00
#601050
1$
#601129
1!
#601130
0!
#601135
#601147
07
#601162
1&
#601338
#601369
#601381
02
#601392
18
#601409
03
#601424
1'
#601441
09
#601456
19
#601466
06
#601480
16
#601492
1!
#601493
0!
#601498
#601510
06
#601524
16
#601610
#601641
#601668
06
#601682
1:
#601692
0.
#601706
1=
#601716
0*
#601730
16
#601740
#601749
08
#601762
1.
#601773
#601786
#601803
0$
#601821
1%
#601830
#601853
0.
#601868
1.
#601887
#601916
0=
#601931
17
#601941
0%
#601957
1=
#601967
0:
#601982
1:
#601993
#602021
0&
#602037
1<
#602098
0:
#602114
1:
#602124
0.
#602140
1.
#602149
#602159
0=
#602174
1=
#602186
#602203
0:
#602219
1:
#602229
#602238
0<
#602253
1<
#602272
#602283
0<
#602299
1<
#602310
#602337
0<
#602352
1-
#602364
#602389
#602399
0=
#602414
1<
#602432
#602444
#602472
0'
#602488
11
#602506
#602525
0-
#602541
1=
#602552
1!
#602553
0!
#602558
#602571
09
#602587
13
#602597
#602605
#602614
07
#602630
1-
#602654
#602671
#602757
0-
#602772
19
#602790
06
#602803
17
#602821
07
#602837
1-
#602848
#602884
09
#602901
17
#602962
0-
#602978
12
#603048
0=
#603064
19
#603075
#603101
0.
#603114
1-
#603312
0:
#603325
1=
#603335
07
#603351
17
#603375
03
#603388
1#
#603399
0=
#603414
1=
#603425
#603455
09
#603471
18
#603481
0#
#603497
19
#603515
#603527
01
#603541
1)
#603551
0=
#603567
1=
#603660
#603689
0-
#603702
1;
#603711
#603729
#603739
#603749
#603775
02
#603791
1/
#603808
#603818
#603828
#603919
0/
#603932
12
#604077
02
#604092
12
#604102
07
#604116
1(
#604126
02
#604141
12
#604152
#604189
0<
#604201
13
#604212
0(
#604229
1*
#604240
#604252
08
#604267
18
#604278
1!
#604279
0!
#604284
#604298
#604326
08
#604341
15
#604351
0*
#604367
18
#604377
#604387
#604398
0)
#604415
1$
#604433
1!
#604434
0!
#604439
#604451
#604460
05
#604476
15
#604493
05
#604509
15
#604519
0;
#604535
1;
#604545
0=
#604561
1=
#604571
08
#604587
18
#604671
05
#604687
15
#604697
09
#604712
1%
#604722
0;
#604737
1;
#604747
0=
#604763
1=
#604780
0;
#604796
1;
#604806
0=
#604821
1=
#604900
#604937
0%
#604952
1-
#604969
02
#604984
1&
#604995
#605096
#605126
0;
#605139
1<
#605156
0&
#605173
1'
#605185
#605211
#605241
#605270
#605279
0'
#605294
14
#605305
0$
#605321
19
#605331
0=
#605347
1=
#605358
03
#605374
13
#605384
05
#605400
15
#605412
#605424
#605435
03
#605451
13
#605462
05
#605478
15
#605555
0=
#605571
1=
#605581
04
#605597
14
#605607
03
#605623
13
#605633
05
#605649
15
#605659
0-
#605673
1#
#605684
0=
#605699
1=
#605710
04
#605725
14
#605749
04
#605765
14
#605844
#605872
#605887
#605979
#606012
#606022
#606050
1!
#606051
0!
#606055
#606067
#606076
#606084
#606101
0#
#606116
1,
#606127
#606157
#606168
0<
#606181
10
#606190
#606206
09
#606222
16
#606232
0,
#606248
1;
#606259
#606278
#606290
#606317
06
#606333
19
#606343
04
#606356
1,
#606374
00
#606390
16
#606400
0,
#606416
10
#606547
#606576
06
#606591
1,
#606608
03
#606621
1-
#606639
0;
#606654
16
#606672
06
#606688
1;
#606699
#606771
0,
#606786
16
#606811
08
#606824
1,
#606834
00
#606850
10
#606860
05
#606875
1(
#606885
00
#606901
10
#606941
#606971
09
#606987
1<
#607048
0;
#607064
19
#607131
0(
#607148
1;
#607159
#607184
0;
#607200
1;
#607219
1!
#607220
0!
#607224
#607237
09
#607253
19
#607338
#607367
0,
#607380
14
#607441
0-
#607458
1-
#607476
#607504
#607515
#607524
06
#607541
1.
#607550
#607560
#607639
0.
#607654
16
#607672
0=
#607686
1.
#607709
0-
#607726
1-
#607737
#607765
1!
#607766
0!
#607771
#607783
0.
#607800
1:
#607809
#607825
06
#607841
1.
#607853
#607932
#608021
0.
#608036
16
#608046
0:
#608061
1,
#608072
09
#608085
1.
#608096
#608108
04
#608122
1:
#608199
0<
#608215
1<
#608239
0<
#608254
1<
#608272
0<
#608288
1<
#608298
06
#608314
16
#608324
0:
#608340
1:
#608350
00
#608364
1*
#608375
0:
#608390
1:
#608401
0-
#608416
1-
#608426
#608516
0.
#608531
1)
#608542
#608572
#608608
0)
#608624
11
#608634
0,
#608650
14
#608660
#608670
#608682
0*
#608698
1,
#608722
0,
#608738
1,
#608816
#608845
04
#608859
10
#608869
0:
#608885
1:
#608902
0:
#608918
1:
#608929
#608964
0:
#608980
1/
#608990
0,
#609006
1:
#609017
#609034
#609044
0;
#609060
1,
#609071
1!
#609072
0!
#609077
#609091
#609117
#609127
#609155
#609167
#609178
#609188
#609200
0/
#609216
1;
#609225
#609242
0;
#609258
17
#609269
#609299
#609316
00
#609332
12
#609343
07
#609359
1/
#609369
#609459
0-
#609473
1;
#609550
0;
#609566
1.
#609577
#609603
#609613
0:
#609626
10
#609637
01
#609653
17
#609663
00
#609679
1;
#609691
#609722
#609732
#609760
#609771
#609782
0.
#609798
13
#609815
06
#609831
11
#609848
0/
#609864
10
#609875
#609895
01
#609911
14
#609921
00
#609937
1.
#610074
0,
#610087
16
#610099
1!
#610100
0!
#610105
#610117
06
#610133
1/
#610150
02
#610164
11
#610174
0.
#610190
10
#610200
07
#610217
16
#610300
#610309
04
#610323
1.
#610334
#610362
#610398
06
#610414
17
#610424
0.
#610440
18
#610451
01
#610467
14
#610477
0;
#610493
16
#610504
07
#610520
1.
#610531
#610542
#610559
#610583
#610592
0/
#610608
11
#610680
1!
#610681
0!
#610686
#610706
#610728
#610755
08
#610768
1;
#610779
04
#610795
17
#610806
#610818
03
#610834
1/
#610851
0;
#610867
15
#610890
#610901
#610919
#610933
#611012
#611021
05
#611037
14
#611204
#611233
0<
#611246
13
#611263
00
#611276
1;
#611286
01
#611302
15
#611313
03
#611329
11
#611339
0;
#611355
13
#611366
06
#611382
1;
#611392
0/
#611408
16
#611420
#611439
03
#611455
1/
#611472
05
#611488
13
#611500
#611527
06
#611543
15
#611554
1!
#611555
0!
#611560
#611623
04
#611640
1=
#611658
#611676
0.
#611692
16
#611709
#611859
05
#611874
14
#611884
#611894
#611923
07
#611936
1.
#611946
0/
#611962
15
#611972
06
#611989
1/
#611999
0.
#612015
16
#612092
04
#612108
1.
#612119
0=
#612132
14
#612143
#612177
01
#612193
19
#612205
#612216
0.
#612233
11
#612243
03
#612259
1.
#612284
#612303
09
#612319
13
#612330
#612416
05
#612432
19
#612444
#612462
0/
#612478
17
#612503
01
#612519
15
#612670
05
#612686
1/
#612697
1!
#612698
0!
#612703
#612723
#612753
#612780
0.
#612795
11
#612857
#612884
#612893
0;
#612906
15
#612918
#612929
09
#612946
1-
#612956
05
#612972
1.
#612982
#612990
#613001
#613012
01
#613028
1:
#613038
0.
#613054
19
#613071
#613081
#613093
#613113
03
#613129
15
#613139
07
#613155
11
#613179
#613249
0-
#613264
1.
#613282
#613309
#613318
09
#613334
13
#613345
#613380
1!
#613381
0!
#613386
#613398
#613408
#613418
#613428
0:
#613443
17
#613454
0/
#613469
1-
#613479
#613489
#613507
#613517
0-
#613532
1,
#613557
#613576
0,
#613591
19
#613603
#613676
07
#613691
12
#613708
05
#613721
1:
#613739
0:
#613755
1/
#613766
#613778
0/
#613793
1-
#613885
06
#613898
1,
#613908
0.
#613924
17
#613935
#613948
0,
#613964
1:
#613974
07
#613990
1/
#614000
03
#614016
1.
#614033
0-
#614049
1,
#614059
09
#614075
17
#614145
01
#614159
13
#614169
0:
#614185
1-
#614195
0/
#614211
19
#614221
03
#614237
1:
#614314
07
#614329
1/
#614340
0,
#614355
13
#614365
02
#614378
17
#614403
#614439
1!
#614440
0!
#614444
#614458
#614486
#614514
#614526
04
#614539
1,
#614571
#614585
#614604
09
#614621
18
#614631
0:
#614647
1<
#614657
#614741
#614759
08
#614775
10
#614785
#614862
#614880
0/
#614893
19
#614903
00
#614919
1:
#614929
09
#614945
18
#614955
#614965
#614975
#614984
08
#615000
10
#615010
0.
#615026
19
#615043
#615059
#615216
0<
#615229
18
#615240
#615330
0,
#615345
1.
#615355
0-
#615370
1,
#615381
03
#615394
1-
#615404
08
#615420
18
#615430
0.
#615446
1.
#615456
0:
#615472
1:
#615489
0.
#615504
1.
#615515
0:
#615530
1:
#615542
#615569
00
#615584
1=
#615595
07
#615608
10
#615620
1!
#615621
0!
#615626
#615638
00
#615654
10
#615672
#615684
#615696
0=
#615712
1=
#615729
0=
#615745
1=
#615757
#615785
0=
#615801
1/
#615819
08
#615835
1=
#615846
#615879
0,
#615895
18
#615913
08
#615929
1,
#616014
#616041
#616050
0,
#616066
18
#616082
#616091
08
#616107
1;
#616117
#616134
#616144
#616161
0;
#616177
1,
#616262
#616292
#616319
09
#616332
18
#616342
0/
#616358
1;
#616369
#616380
#616390
#616408
#616417
0:
#616433
16
#616585
06
#616598
1/
#616609
0,
#616622
1:
#616633
#616661
0;
#616677
15
#616687
0/
#616703
1;
#616721
#616733
#616746
0:
#616763
1/
#616772
#616781
00
#616798
1:
#616809
#616821
0;
#616837
10
#616848
1!
#616849
0!
#616854
#616933
#616942
05
#616958
1;
#616968
0=
#616982
15
#616992
0:
#617008
1:
#617033
#617062
05
#617078
1=
#617088
0.
#617104
15
#617116
#617134
0-
#617150
1.
#617168
05
#617184
1-
#617194
0/
#617210
15
#617227
00
#617243
1/
#617255
#617276
#617295
0;
#617311
10
#617321
0-
#617338
1;
#617355
0;
#617372
1-
#617382
00
#617398
1;
#617556
0-
#617571
10
#617589
0:
#617602
1-
#617614
1!
#617615
0!
#617620
#617632
0=
#617646
1%
#617732
#617762
05
#617775
1:
#617792
0%
#617809
1&
#617821
#617899
#617909
0;
#617924
11
#617943
#617954
#617981
01
#617997
1;
#618006
#618022
0.
#618038
12
#618049
#618075
#618085
#618096
0&
#618112
11
#618122
#618138
01
#618154
1.
#618166
#618176
0.
#618193
14
#618204
#618232
#618244
0-
#618260
11
#618270
02
#618286
1.
#618298
#618315
#618330
#618339
0.
#618355
17
#618366
04
#618382
1-
#618452
01
#618468
12
#618477
#618487
#618530
0-
#618545
1.
#618563
08
#618577
14
#618587
02
#618603
11
#618620
#618689
04
#618704
1=
#618735
0:
#618751
1-
#618769
0-
#618784
12
#618795
0/
#618808
14
#618826
02
#618842
1:
#618853
#618926
#618953
0:
#618969
1-
#618979
04
#618995
12
#619005
0;
#619019
1<
#619038
1!
#619039
0!
#619044
#619056
#619218
0-
#619232
1:
#619243
#619321
#619407
1!
#619408
0!
#619412
#619485
01
#619498
14
#619508
07
#619522
1'
#619546
02
#619561
1$
#619585
0:
#619601
1:
#619814
04
#619828
1#
#619838
0.
#619852
1(
#619863
00
#619878
1)
#619889
#619919
#619948
0<
#619962
13
#619972
#619981
0=
#619995
15
#620005
0$
#620020
1<
#620030
0#
#620045
1=
#620056
#620067
#620084
#620096
#620126
0=
#620141
1-
#620151
0<
#620166
1=
#620183
03
#620198
1<
#620216
0=
#620231
13
#620241
05
#620256
1=
#620267
#620279
03
#620294
15
#620304
0)
#620319
13
#620405
#620435
05
#620450
11
#620461
#620489
0<
#620504
15
#620514
0-
#620529
19
#620539
0(
#620554
1<
#620566
1!
#620567
0!
#620572
#620591
03
#620606
1-
#620617
0'
#620632
13
#620643
0:
#620657
1*
#620668
#620688
0-
#620703
1-
#620720
#620730
#620759
#620769
01
#620784
12
#620795
0*
#620811
11
#620829
#620842
#620853
01
#620869
11
#620879
05
#620895
15
#620919
0=
#620935
1=
#620946
01
#620962
11
#621107
0-
#621122
1-
#621139
0=
#621155
1=
#621232
0<
#621246
1%
#621256
03
#621270
1&
#621282
#621310
0=
#621325
16
#621342
#621352
#621382
1!
#621383
0!
#621388
#621401
02
#621415
1=
#621426
0&
#621441
14
#621451
0%
#621467
12
#621485
#621497
#621516
02
#621531
12
#621549
06
#621565
16
#621575
02
#621591
12
#621602
#621629
09
#621643
1,
#621675
#621703
#621731
#621740
04
#621756
18
#621766
#621776
#621802
#621864
#621881
#621890
08
#621906
1<
#621924
#621934
#621944
06
#621960
14
#621971
#621982
#621992
02
#622008
1/
#622019
#622029
#622052
0,
#622068
18
#622086
08
#622102
16
#622114
#622142
06
#622158
12
#622229
0<
#622244
1,
#622255
05
#622268
18
#622292
08
#622308
13
#622319
02
#622335
16
#622406
#622425
0,
#622441
1<
#622451
0/
#622464
18
#622585
04
#622601
12
#622679
02
#622694
1,
#622778
08
#622791
14
#622862
0=
#622874
12
#622885
04
#622900
14
#622910
0-
#622924
1$
#623002
#623039
#623051
0,
#623066
1,
#623077
#623119
#623128
0$
#623144
1;
#623155
#623185
#623196
01
#623210
18
#623221
#623233
0;
#623249
1;
#623266
02
#623282
12
#623292
0;
#623308
1;
#623320
#623348
0;
#623364
1=
#623376
#623387
02
#623404
1;
#623414
0,
#623430
12
#623462
#623476
#623488
03
#623504
1,
#623581
06
#623597
13
#623607
08
#623623
16
#623634
1!
#623635
0!
#623640
#623652
#623661
0=
#623675
18
#623699
08
#623715
18
#623792
08
#623808
18
#623818
06
#623833
1#
#623844
#623874
02
#623890
1=
#623900
0#
#623916
12
#623927
0;
#623943
1;
#623960
0,
#623976
1,
#623986
03
#624002
13
#624014
1!
#624015
0!
#624020
#624032
0,
#624048
1,
#624059
03
#624075
13
#624093
#624121
#624134
#624144
#624153
0;
#624169
17
#624180
0<
#624196
1;
#624212
#624221
04
#624238
1<
#624249
#624290
#624319
0;
#624335
14
#624345
#624355
#624373
0<
#624389
10
#624399
02
#624415
16
#624486
0=
#624501
1;
#624592
07
#624606
1<
#624616
00
#624629
12
#624647
#624681
02
#624698
1=
#624707
#624717
#624729
#624738
0=
#624754
1.
#624777
#624787
#624815
04
#624831
12
#624842
#624854
1!
#624855
0!
#624860
#624872
0.
#624889
1=
#624900
#624911
0=
#624927
1:
#624938
#624958
02
#624974
14
#624985
06
#625001
1.
#625012
#625040
#625068
#625080
#625091
04
#625107
1=
#625117
0.
#625134
12
#625143
#625152
#625168
0:
#625184
16
#625194
#625204
#625231
08
#625247
19
#625271
06
#625287
15
#625298
#625309
#625325
0<
#625341
14
#625351
0,
#625367
1.
#625437
#625445
#625454
#625470
09
#625483
1:
#625495
#625513
0.
#625529
1/
#625674
05
#625687
18
#625697
0:
#625713
16
#625783
08
#625798
1<
#625809
06
#625824
1,
#625841
0,
#625856
1.
#625867
#625888
02
#625903
1:
#625914
#625926
0:
#625941
18
#625958
0;
#625971
16
#625982
0/
#625995
1,
#626013
#626033
0,
#626050
12
#626060
04
#626076
1:
#626095
1!
#626096
0!
#626101
#626113
0<
#626130
1,
#626199
#626222
03
#626236
14
#626247
#626259
04
#626275
1<
#626307
0<
#626323
14
#626334
#626347
08
#626363
1<
#626439
#626467
1!
#626468
0!
#626473
#626485
0,
#626501
18
#626660
0<
#626673
1,
#626825
0,
#626840
1,
#626851
#626880
0,
#626894
1<
#626905
08
#626917
1,
#626929
#626940
0:
#626956
1:
#626967
#626994
02
#627009
1-
#627026
0.
#627040
12
#627058
#627069
04
#627084
14
#627095
0=
#627109
1)
#627120
#627149
02
#627165
11
#627175
0:
#627191
12
#627200
#627211
#627222
#627256
#627266
0-
#627281
1:
#627298
0<
#627314
18
#627331
0)
#627347
1-
#627357
#627366
01
#627383
1<
#627394
#627405
#627422
#627450
#627478
#627488
#627499
08
#627515
11
#627525
#627534
06
#627550
17
#627561
0:
#627577
1.
#627595
#627622
0-
#627638
18
#627649
#627666
#627677
1!
#627678
0!
#627683
#627694
#627712
#627731
0<
#627747
16
#627757
08
#627774
1:
#627784
01
#627800
10
#627877
0,
#627891
1-
#627901
02
#627917
1<
#628048
0-
#628063
18
#628073
06
#628089
11
#628099
07
#628112
12
#628129
01
#628145
1-
#628155
02
#628171
16
#628182
#628202
0.
#628218
11
#628304
#628331
08
#628346
12
#628357
04
#628370
1.
#628387
0.
#628403
19
#628412
#628423
#628434
00
#628448
18
#628458
0<
#628474
1.
#628486
#628510
09
#628526
1<
#628537
02
#628553
19
#628564
#628578
#628605
0.
#628622
12
#628632
06
#628648
15
#628673
#628701
1!
#628702
0!
#628707
#628720
09
#628736
1.
#628747
#628760
#628777
0-
#628794
16
#628810
#628820
#628833
#628841
#628857
02
#628874
1/
#628884
05
#628900
19
#628910
#628927
#628946
#628981
#628993
#629018
0<
#629034
1-
#629111
#629127
09
#629142
12
#629153
0-
#629168
15
#629179
0:
#629195
1;
#629204
#629214
#629243
06
#629260
1<
#629270
05
#629286
19
#629302
#629378
0<
#629394
1-
#629412
0-
#629428
1:
#629445
0:
#629461
16
#629532
0/
#629545
15
#629555
02
#629571
1<
#629582
#629594
05
#629609
1-
#629620
0<
#629635
1:
#629646
01
#629662
12
#629732
02
#629747
15
#629765
08
#629778
1<
#629803
#629830
0:
#629845
11
#630086
09
#630099
12
#630109
0<
#630122
13
#630131
#630141
05
#630154
1:
#630163
#630269
#630280
01
#630295
11
#630306
0:
#630319
1(
#630330
01
#630345
11
#630356
#630385
0-
#630400
1=
#630412
#630422
#630431
0.
#630444
1-
#630461
0-
#630477
1-
#630488
#630516
0-
#630532
15
#630542
06
#630558
1-
#630590
#630723
#630749
0=
#630762
16
#630771
#630781
03
#630794
1,
#630803
#630814
#630825
06
#630840
16
#630858
06
#630873
16
#630891
0(
#630908
1'
#630918
#630928
1!
#630929
0!
#630934
#631021
#631058
01
#631071
19
#631082
0'
#631099
1*
#631110
#631204
#631234
0,
#631249
1<
#631259
0*
#631275
1,
#631301
#631313
#631341
09
#631354
10
#631364
0,
#631381
1,
#631392
1!
#631393
0!
#631398
#631410
0,
#631426
1,
#631437
05
#631453
15
#631463
0-
#631479
1-
#631547
05
#631563
15
#631574
0-
#631590
1-
#631601
#631631
#631643
1!
#631644
0!
#631648
#631661
05
#631677
1:
#631687
0;
#631704
15
#631714
0-
#631730
1;
#631741
#631753
0<
#631769
1-
#631779
#631810
#631836
#631845
#631860
#631870
#631888
06
#631904
1<
#631982
00
#631996
17
#632006
0<
#632022
16
#632093
06
#632109
1<
#632194
02
#632209
16
#632219
0-
#632232
12
#632243
0<
#632258
1<
#632336
06
#632351
16
#632361
02
#632377
12
#632387
0,
#632401
1&
#632411
02
#632426
12
#632459
1!
#632460
0!
#632465
#632491
07
#632505
1%
#632517
#632547
0;
#632562
19
#632573
#632667
#632695
0:
#632710
1;
#632788
#632822
0%
#632837
14
#632846
#632856
09
#632868
1:
#632879
02
#632894
1,
#632904
0;
#632920
12
#632930
0:
#632945
1;
#632956
#632968
06
#632981
1:
#632991
#633008
#633041
02
#633057
1/
#633068
#633095
#633104
0:
#633120
12
#633131
#633142
#633151
02
#633167
16
#633177
0,
#633193
1:
#633204
#633216
#633235
05
#633250
12
#633343
#633376
0;
#633389
1,
#633399
#633408
0,
#633424
15
#633435
#633446
05
#633462
1.
#633472
#633481
0<
#633497
1,
#633514
0&
#633530
15
#633554
05
#633570
1<
#633588
0<
#633604
15
#633681
0,
#633697
1<
#633775
#633804
04
#633817
1,
#633827
06
#633843
19
#633915
#633933
0:
#633946
16
#633957
0/
#633972
1/
#633983
0.
#633997
1$
#634007
06
#634023
16
#634033
0/
#634049
1/
#634059
0<
#634075
1<
#634092
06
#634108
16
#634118
0/
#634134
1/
#634159
#634196
#634289
#634297
#634307
0<
#634320
18
#634344
#634427
05
#634440
13
#634451
#634480
#634491
09
#634507
1;
#634518
1!
#634519
0!
#634524
#634543
0,
#634559
19
#634570
#634582
09
#634598
1,
#634609
#634627
03
#634643
19
#634654
#634682
09
#634698
13
#634709
#634721
0/
#634736
1<
#634747
0$
#634763
19
#634781
1!
#634782
0!
#634787
#634799
#634815
0,
#634831
1/
#634909
#634939
#634966
0;
#634982
1,
#634993
#635021
#635032
#635056
#635067
08
#635080
15
#635091
03
#635107
1=
#635117
#635127
#635141
#635154
#635165
0,
#635181
1;
#635191
0<
#635207
11
#635218
06
#635234
13
#635244
0/
#635260
1,
#635277
0;
#635293
1<
#635305
#635317
#635326
05
#635343
16
#635360
0<
#635376
1/
#635385
#635401
03
#635418
1;
#635435
0;
#635451
15
#635461
06
#635477
1<
#635495
05
#635511
13
#635522
0<
#635538
1;
#635549
#635629
#635671
#635685
#635696
#635705
0,
#635721
16
#635731
0=
#635747
15
#635763
#635772
06
#635788
1<
#635798
05
#635814
10
#635824
0/
#635840
1,
#635851
#635865
#635876
0,
#635892
1=
#635904
1!
#635905
0!
#635909
#635989
09
#636002
16
#636012
03
#636028
15
#636039
#636066
0=
#636082
1/
#636107
#636117
#636126
00
#636142
1,
#636180
01
#636194
13
#636205
#636232
0;
#636248
1-
#636260
#636338
03
#636354
1=
#636363
#636374
#636385
0=
#636401
10
#636412
#636424
00
#636440
17
#636450
#636459
0-
#636475
1;
#636493
#636505
#636524
#636533
0,
#636550
1.
#636560
06
#636576
13
#636586
#636615
#636625
07
#636641
1=
#636724
03
#636740
10
#636750
05
#636764
1-
#636856
00
#636872
1,
#636882
0;
#636898
16
#636909
1!
#636910
0!
#636915
#636934
0-
#636950
17
#637020
0<
#637033
13
#637044
0.
#637057
10
#637129
#637141
02
#637154
1;
#637172
#637199
06
#637215
1-
#637226
0;
#637242
14
#637252
#637261
07
#637277
16
#637288
#637300
#637313
#637322
06
#637338
1;
#637348
0-
#637364
17
#637382
0=
#637398
16
#637423
#637434
04
#637451
1-
#637476
1!
#637477
0!
#637482
#637509
#637594
#637604
#637668
07
#637684
1=
#637696
#637707
#637741
0;
#637758
14
#637769
#637787
0,
#637804
1:
#637814
0=
#637830
17
#637907
#637915
#637924
04
#637940
18
#637951
0-
#637964
1;
#637988
0;
#638004
1,
#638022
0,
#638038
1=
#638049
#638260
#638276
07
#638289
14
#638299
0:
#638312
1;
#638324
#638352
0;
#638368
1,
#638378
08
#638392
1-
#638409
00
#638425
1;
#638436
#638509
0=
#638524
10
#638535
04
#638550
1=
#638561
0/
#638574
14
#638586
1!
#638587
0!
#638591
#638604
06
#638620
16
#638630
0,
#638647
1,
#638670
06
#638687
16
#638698
#638726
06
#638743
17
#638760
0-
#638776
16
#638787
#638814
00
#638830
1-
#638849
#638861
#638889
#638900
#638930
0-
#638946
19
#638970
#638979
03
#638995
10
#639007
#639071
#639083
#639092
00
#639108
11
#639118
#639128
#639139
07
#639155
1-
#639192
0-
#639209
13
#639346
03
#639361
10
#639372
#639409
04
#639425
17
#639442
09
#639457
1-
#639469
#639548
1!
#639549
0!
#639554
#639565
#639575
0,
#639590
13
#639614
#639623
03
#639639
14
#639650
#639662
07
#639677
19
#639709
#639804
#639833
#639843
#639854
#639865
00
#639881
15
#639891
04
#639907
1,
#639917
06
#639933
13
#639943
01
#639957
17
#640027
09
#640042
1<
#640052
#640068
0,
#640084
10
#640094
07
#640110
14
#640120
0;
#640134
16
#640204
00
#640220
19
#640237
0=
#640252
1,
#640263
05
#640276
17
#640287
09
#640303
10
#640314
#640333
0,
#640350
1=
#640380
0=
#640396
19
#640542
#640571
0<
#640584
1,
#640601
06
#640617
1=
#640628
#640640
0=
#640656
16
#640674
#640701
00
#640717
1=
#640734
03
#640750
1.
#640762
#640774
#640790
09
#640806
10
#640817
04
#640833
13
#640843
#640853
#640865
06
#640881
19
#640906
#640935
1!
#640936
0!
#640940
#640954
#641033
#641201
#641230
00
#641242
14
#641253
03
#641268
16
#641278
09
#641293
12
#641304
04
#641319
13
#641329
#641344
#641354
03
#641369
19
#641454
02
#641467
14
#641485
0-
#641498
13
#641509
07
#641525
17
#641535
0=
#641551
1=
#641561
0.
#641578
1.
#641588
09
#641604
19
#641615
#641643
#641655
07
#641671
1:
#641696
#641723
#641733
#641761
#641769
#641778
#641794
0=
#641810
17
#641821
#641832
07
#641849
18
#641866
06
#641882
10
#641892
04
#641908
1=
#641920
#641991
0.
#642006
17
#642018
1!
#642019
0!
#642024
#642036
08
#642052
16
#642069
0,
#642082
14
#642093
03
#642109
1.
#642126
06
#642142
18
#642159
08
#642175
13
#642187
#642214
0.
#642230
16
#642299
#642312
#642347
#642359
#642372
09
#642388
18
#642399
#642411
07
#642427
1/
#642438
08
#642454
1.
#642471
0=
#642487
11
#642503
#642521
#642534
06
#642550
19
#642562
#642574
1!
#642575
0!
#642580
#642592
01
#642608
17
#642618
#642627
09
#642643
18
#642660
#642682
#642952
#643031
03
#643043
1=
#643055
#643068
0=
#643082
16
#643093
00
#643108
11
#643118
0.
#643133
19
#643143
07
#643158
1=
#643168
09
#643183
10
#643193
01
#643208
1.
#643225
04
#643238
17
#643249
#643261
07
#643276
19
#643287
0.
#643302
11
#643320
#643355
#643369
#643381
08
#643396
17
#643406
0:
#643419
1.
#643443
0.
#643459
1;
#643470
#643484
#643496
01
#643512
18
#643522
09
#643538
1.
#643549
1!
#643550
0!
#643555
#643569
#643593
0;
#643609
11
#643620
#643655
#643669
#643681
06
#643696
19
#643707
0/
#643720
1;
#643731
00
#643747
15
#643764
09
#643780
16
#643791
#643804
0;
#643821
10
#643832
#643843
08
#643859
19
#643869
#643878
01
#643894
1;
#643911
06
#643927
18
#643939
#643965
#643974
00
#643991
11
#644001
05
#644017
16
#644027
09
#644044
1<
#644053
#644062
#644071
0;
#644087
10
#644099
#644109
#644118
08
#644134
15
#644151
01
#644167
19
#644179
#644220
#644248
06
#644264
1;
#644275
#644285
#644294
05
#644311
18
#644321
0<
#644337
11
#644347
#644362
#644371
0=
#644387
1-
#644399
#644424
1!
#644425
0!
#644430
#644458
#644470
01
#644486
12
#644511
#644537
#644554
#644565
07
#644581
16
#644651
02
#644667
15
#644737
00
#644750
1<
#644760
#644768
#644784
0<
#644800
1=
#644811
#644838
#644855
#644869
#644880
0;
#644895
11
#644906
05
#644921
1,
#644931
#644940
0=
#644956
17
#644980
09
#644996
12
#645065
#645074
07
#645089
1<
#645107
02
#645122
1:
#645133
0-
#645146
1;
#645184
0,
#645197
15
#645375
1!
#645376
0!
#645380
#645430
08
#645443
1=
#645514
#645541
06
#645554
19
#645564
0:
#645577
17
#645587
#645597
#645609
0<
#645625
12
#645635
0=
#645651
14
#645661
07
#645677
1<
#645694
09
#645710
1=
#645721
#645740
#645753
0;
#645768
17
#645779
05
#645795
19
#645805
0.
#645818
1;
#645842
0;
#645858
15
#645870
#645882
05
#645898
1;
#645908
09
#645924
15
#645949
#645963
#645991
#646003
02
#646019
19
#646043
04
#646059
13
#646078
#646098
#646211
#646221
05
#646237
12
#646247
0=
#646263
14
#646274
03
#646290
15
#646314
07
#646330
1=
#646341
#646359
#646457
#646484
0<
#646498
13
#646516
0=
#646532
17
#646542
#646551
04
#646567
1/
#646578
#646606
#646666
07
#646682
1=
#646701
1!
#646702
0!
#646706
#646719
09
#646735
14
#646745
#646754
03
#646770
1<
#646831
04
#646847
17
#646865
#646885
#646970
0=
#646985
19
#646996
07
#647011
13
#647096
02
#647109
14
#647120
09
#647135
1=
#647146
#647250
#647262
05
#647275
17
#647293
#647321
#647338
#647347
0;
#647363
19
#647373
0/
#647389
12
#647400
#647413
#647422
09
#647438
10
#647449
1!
#647450
0!
#647455
#647475
#647502
0<
#647518
1;
#647528
04
#647544
1/
#647606
#647618
0/
#647634
19
#647645
#647663
03
#647678
1-
#647690
#647702
#647717
#647727
01
#647740
1<
#647825
0<
#647841
14
#647918
0;
#647933
1/
#647944
07
#647957
13
#647967
04
#647983
1<
#648000
0/
#648016
1;
#648027
#648039
0;
#648055
14
#648066
#648107
0<
#648122
1/
#648134
#648146
#648155
04
#648171
1;
#648181
03
#648197
1,
#648222
#648233
#648243
#648268
0=
#648283
1<
#648294
00
#648309
14
#648335
02
#648350
13
#648368
0-
#648381
1=
#648466
#648493
0;
#648507
10
#648518
#648547
00
#648563
12
#648580
0/
#648596
1.
#648607
#648634
03
#648651
1;
#648713
#648723
#648732
#648742
1!
#648743
0!
#648748
#648760
0.
#648777
10
#648788
#648798
#648807
0=
#648824
1/
#648834
09
#648850
18
#648868
#648894
0/
#648910
13
#648922
#648995
0;
#649010
1.
#649081
03
#649096
1=
#649106
02
#649122
19
#649132
0,
#649145
1/
#649155
04
#649169
1;
#649179
0.
#649195
13
#649206
09
#649222
12
#649232
0;
#649248
1.
#649265
0=
#649282
19
#649293
#649320
0/
#649336
1;
#649346
00
#649363
1=
#649373
02
#649389
16
#649400
#649417
#649427
0.
#649443
1/
#649454
#649466
08
#649482
10
#649499
09
#649515
12
#649547
#649574
#649584
#649596
#649610
#649628
0=
#649644
1.
#649656
#649683
0;
#649699
18
#649710
#649720
#649730
06
#649746
19
#649762
#649854
#649883
0<
#649899
1:
#649909
00
#649925
1=
#649949
0=
#649964
11
#650041
0:
#650054
1;
#650200
1!
#650201
0!
#650206
#650218
01
#650231
16
#650242
#650269
#650277
#650286
#650295
06
#650311
1<
#650320
#650336
#650346
#650364
03
#650380
10
#650397
08
#650413
1=
#650425
1!
#650426
0!
#650430
#650443
0=
#650459
15
#650544
#650623
05
#650635
16
#650646
#650660
06
#650675
13
#650685
09
#650700
18
#650711
0.
#650726
1=
#650736
08
#650752
16
#650769
0<
#650784
19
#650809
#650821
09
#650836
1.
#650861
0/
#650874
18
#650884
00
#650900
1<
#650991
02
#651004
19
#651014
03
#651030
10
#651041
#651070
09
#651086
13
#651096
00
#651112
19
#651123
06
#651139
10
#651150
#651177
0.
#651193
16
#651262
#651290
#651302
0<
#651318
1-
#651343
#651370
#651380
#651393
06
#651409
1.
#651419
03
#651435
17
#651447
#651457
#651466
08
#651482
1<
#651492
#651502
#651515
#651534
#651553
1!
#651554
0!
#651559
#651571
#651580
#651589
0-
#651605
14
#651622
#651639
#651659
0.
#651675
16
#651686
0;
#651702
13
#651837
0=
#651850
18
#651861
#651880
08
#651896
1-
#651906
06
#651922
1.
#652014
0<
#652028
1;
#652045
07
#652061
18
#652131
0-
#652147
16
#652157
0.
#652173
17
#652184
#652213
08
#652228
1-
#652239
0;
#652254
1.
#652332
0-
#652347
1<
#652365
#652392
07
#652408
18
#652418
04
#652431
1;
#652442
#652452
#652468
03
#652484
1-
#652495
00
#652508
1,
#652519
#652554
1!
#652555
0!
#652560
#652574
#652586
09
#652602
17
#652627
#652705
0.
#652721
13
#652731
0,
#652747
1:
#652757
0;
#652773
19
#652784
#652819
#652828
#652837
07
#652853
1.
#652929
#652939
0-
#652954
1,
#652965
0:
#652978
1;
#652995
0,
#653011
17
#653044
#653123
08
#653137
1-
#653148
#653223
#653235
0;
#653250
1,
#653282
0,
#653298
1;
#653308
06
#653321
1,
#653333
#653346
03
#653362
13
#653372
09
#653388
19
#653399
0<
#653415
1<
#653439
03
#653455
13
#653465
0<
#653481
1<
#653492
#653520
0;
#653536
11
#653547
#653559
0-
#653575
1;
#653652
0<
#653668
1-
#653678
#653688
#653699
07
#653712
1<
#653730
1!
#653731
0!
#653736
#653749
0-
#653765
1-
#653781
#653791
01
#653807
11
#653818
#653845
09
#653861
1/
#653872
01
#653888
19
#653899
#653928
0-
#653944
11
#653969
#653980
0,
#653997
17
#654008
#654033
0/
#654049
1-
#654060
01
#654076
1,
#654220
0;
#654235
1/
#654260
#654287
0,
#654303
11
#654314
#654340
#654350
0.
#654363
1;
#654372
#654381
#654405
#654435
#654462
09
#654477
12
#654488
07
#654504
1,
#654522
#654534
#654545
02
#654561
15
#654571
0/
#654587
1=
#654598
03
#654614
19
#654625
1!
#654626
0!
#654631
#654645
#654655
#654664
#654672
#654681
09
#654698
17
#654715
0,
#654731
12
#654809
#654828
05
#654842
1/
#654852
02
#654868
13
#654878
0=
#654895
19
#654972
0/
#654988
1,
#654998
03
#655014
12
#655024
09
#655040
1=
#655050
#655066
0=
#655082
1/
#655179
#655257
#655284
02
#655299
13
#655309
0<
#655321
19
#655333
#655343
#655359
0;
#655374
1=
#655386
#655414
#655443
03
#655458
10
#655468
0-
#655481
12
#655492
01
#655508
1;
#655518
07
#655534
14
#655544
#655554
#655566
1!
#655567
0!
#655572
#655585
0;
#655601
13
#655611
0=
#655627
11
#655659
#655693
#655714
#655786
00
#655802
17
#655894
#655923
01
#655939
1;
#655948
#655958
0,
#655971
1=
#655981
07
#655997
10
#656065
0/
#656081
11
#656151
0;
#656167
17
#656178
#656196
#656213
00
#656229
1/
#656306
01
#656321
1;
#656353
04
#656366
10
#656392
1!
#656393
0!
#656398
#656410
03
#656426
11
#656497
00
#656512
13
#656523
#656552
09
#656565
10
#656576
02
#656592
12
#656602
07
#656618
17
#656628
0=
#656644
1=
#656655
0/
#656671
1/
#656733
#656745
02
#656761
12
#656771
0/
#656787
1/
#656804
02
#656821
12
#656913
#656949
03
#656965
13
#656976
#657004
01
#657020
1:
#657030
03
#657046
11
#657064
#657076
#657104
#657116
0:
#657132
13
#657142
#657166
#657180
#657208
#657219
#657228
00
#657245
18
#657269
#657283
#657310
#657320
#657331
03
#657347
1:
#657357
#657366
08
#657382
16
#657392
#657408
0:
#657424
10
#657434
#657444
#657457
#657483
#657493
06
#657510
1.
#657528
#657541
0=
#657557
13
#657574
07
#657590
18
#657600
#657676
0;
#657691
1:
#657703
#657729
#657738
0.
#657752
16
#657762
08
#657778
1=
#657789
0:
#657805
17
#657815
06
#657831
1;
#657843
#657853
#657862
07
#657878
15
#657889
0;
#657905
18
#657914
#657924
01
#657940
1:
#657951
1!
#657952
0!
#657957
#657983
08
#657999
16
#658017
06
#658033
17
#658185
00
#658200
1;
#658271
#658283
0=
#658298
11
#658308
03
#658321
18
#658331
05
#658344
16
#658391
#658405
#658417
07
#658433
10
#658443
02
#658457
1=
#658467
0;
#658483
17
#658500
00
#658516
1;
#658527
#658541
01
#658557
10
#658626
#658653
0:
#658669
11
#658731
1!
#658732
0!
#658737
#658749
00
#658766
1-
#658775
#658785
0=
#658801
1:
#658819
#658831
#658843
01
#658859
10
#658869
0-
#658885
1=
#658908
#658992
06
#659007
11
#659018
#659046
0:
#659061
1-
#659073
#659101
#659114
0/
#659127
16
#659138
#659150
#659159
08
#659175
1<
#659185
06
#659202
1:
#659220
#659231
0:
#659247
1,
#659263
#659274
#659293
#659313
0<
#659329
18
#659339
07
#659355
16
#659366
0,
#659382
1:
#659400
08
#659416
1<
#659440
0<
#659456
17
#659474
06
#659490
1,
#659561
#659638
#659698
0-
#659714
18
#659724
#659733
0=
#659747
1<
#659757
07
#659773
16
#659783
0<
#659800
14
#659816
#659826
#659838
#659851
#659878
#659895
#659906
#659926
04
#659943
1-
#659953
01
#659969
17
#659979
#659988
0;
#660004
1<
#660021
#660030
07
#660046
19
#660093
#660240
#660313
0<
#660328
14
#660339
1!
#660340
0!
#660345
#660358
06
#660370
11
#660381
04
#660396
1;
#660406
00
#660419
17
#660430
08
#660446
1<
#660456
0,
#660472
14
#660483
1!
#660484
0!
#660489
#660501
04
#660517
18
#660527
01
#660543
1,
#660553
0:
#660567
14
#660638
0;
#660653
11
#660671
0<
#660686
1;
#660697
#660739
#660766
0-
#660782
1<
#660793
#660804
#660814
0;
#660829
1.
#660840
0,
#660855
15
#660872
#660882
#660894
#660912
0.
#660927
1-
#660938
05
#660953
1;
#660965
#660985
04
#661001
1,
#661011
09
#661025
1.
#661035
01
#661051
15
#661136
#661148
0.
#661164
14
#661174
05
#661190
11
#661207
#661223
0<
#661239
1.
#661250
#661270
07
#661284
15
#661345
0;
#661361
1<
#661379
#661391
0.
#661407
1;
#661425
#661453
1!
#661454
0!
#661459
#661479
04
#661495
1.
#661512
#661522
#661535
05
#661551
12
#661612
0-
#661629
14
#661645
#661654
0;
#661670
15
#661682
#661694
04
#661710
1-
#661728
#661768
#661784
#661794
#661946
08
#661961
1;
#661978
0,
#661991
14
#662002
05
#662015
13
#662033
#662062
0;
#662078
18
#662089
#662118
#662129
#662140
#662149
0<
#662165
15
#662175
0.
#662192
1;
#662201
#662217
#662233
0-
#662249
1/
#662260
#662288
#662299
08
#662315
1<
#662346
#662482
02
#662495
1.
#662506
0/
#662522
1-
#662532
0<
#662548
1=
#662558
0.
#662574
18
#662645
1!
#662646
0!
#662651
#662670
03
#662685
1/
#662695
#662704
0-
#662720
1<
#662797
01
#662810
1.
#662820
08
#662835
13
#662853
03
#662868
1-
#662879
0<
#662894
18
#662904
0/
#662919
13
#662930
0=
#662943
1<
#662954
#663033
04
#663046
1/
#663057
0.
#663072
1.
#663104
03
#663119
13
#663136
0/
#663152
1/
#663163
#663271
0;
#663284
16
#663303
#663333
#663345
#663363
08
#663377
1,
#663536
05
#663551
15
#663561
0<
#663575
1#
#663586
05
#663601
15
#663611
03
#663626
1)
#663636
05
#663651
15
#663663
#663693
06
#663708
18
#663726
#663753
#663763
#663790
1!
#663791
0!
#663796
#663808
0#
#663824
16
#663834
#663844
#663856
06
#663872
1:
#663881
#663892
#663902
0/
#663918
10
#663928
0)
#663945
16
#663961
#663971
#663983
#664020
#664107
#664135
0:
#664151
1/
#664161
0,
#664177
1<
#664187
0/
#664203
13
#664214
06
#664229
1:
#664241
#664333
0:
#664348
1,
#664366
00
#664381
1/
#664392
03
#664405
16
#664415
0,
#664431
1:
#664441
08
#664457
10
#664527
0/
#664543
1,
#664560
00
#664575
18
#664593
05
#664606
1/
#664616
0,
#664632
10
#664642
#664718
08
#664733
1,
#664744
0-
#664757
18
#664774
06
#664788
1(
#664805
#664814
0:
#664830
1:
#664848
#664877
#664904
00
#664919
19
#664931
1!
#664932
0!
#664937
#664957
#664967
#664977
#665005
#665014
0(
#665030
17
#665040
09
#665056
10
#665066
#665090
#665101
#665132
#665161
#665172
00
#665188
13
#665214
08
#665230
19
#665240
0/
#665256
16
#665267
0<
#665283
10
#665361
#665500
07
#665513
18
#665524
#665537
0.
#665551
1/
#665562
#665574
0:
#665589
1<
#665606
0,
#665620
1:
#665630
09
#665646
19
#665657
00
#665673
10
#665765
#665794
0:
#665810
1:
#665820
09
#665836
19
#665847
#665875
06
#665891
12
#665901
03
#665917
16
#665927
0:
#665944
13
#665962
1!
#665963
0!
#665968
#665980
#665989
0<
#666005
1:
#666016
#666027
#666044
#666056
#666069
06
#666086
1<
#666096
00
#666112
16
#666122
09
#666138
10
#666156
02
#666172
19
#666183
#666195
0<
#666211
12
#666221
0/
#666238
1<
#666262
#666276
#666304
06
#666320
1/
#666337
03
#666353
11
#666364
#666392
#666410
#666420
#666447
09
#666463
16
#666473
0/
#666490
13
#666500
02
#666516
14
#666527
1!
#666528
0!
#666533
#666545
#666562
#666573
08
#666589
1=
#666599
#666607
#666618
#666646
#666656
#666665
03
#666681
19
#666691
#666700
#666709
01
#666725
1/
#666735
04
#666752
12
#666776
#666800
#666810
#666829
02
#666845
18
#666863
08
#666879
1;
#666896
09
#666913
13
#666924
#667003
06
#667017
11
#667027
0/
#667043
14
#667060
01
#667077
12
#667087
04
#667103
18
#667113
03
#667130
19
#667349
00
#667363
1/
#667375
#667402
0=
#667415
11
#667425
0:
#667438
14
#667448
0<
#667462
13
#667473
#667492
0/
#667508
10
#667519
#667553
00
#667569
1-
#667580
#667644
02
#667661
1/
#667671
08
#667687
15
#667697
0/
#667714
10
#667725
#667737
#667747
#667756
0;
#667773
12
#667783
05
#667799
18
#667809
#667818
02
#667834
1/
#667880
1!
#667881
0!
#667886
#667960
#667988
#668050
01
#668066
1;
#668084
#668095
0;
#668111
15
#668120
#668130
03
#668145
12
#668156
0-
#668169
1,
#668179
#668188
04
#668204
11
#668214
#668224
#668244
00
#668260
1;
#668270
02
#668287
13
#668356
#668366
0;
#668381
14
#668398
08
#668414
10
#668424
0,
#668438
12
#668462
05
#668478
1;
#668489
#668597
0/
#668610
18
#668636
#668649
08
#668665
15
#668676
#668688
04
#668704
18
#668782
05
#668797
14
#668815
03
#668830
15
#668842
#668884
00
#668900
13
#668911
#668939
1!
#668940
0!
#668945
#668958
03
#668974
10
#668984
#668994
#669004
#669065
#669084
09
#669100
17
#669110
01
#669126
13
#669143
08
#669160
19
#669171
#669184
04
#669200
11
#669217
00
#669233
18
#669245
#669256
09
#669273
14
#669296
05
#669313
10
#669351
00
#669367
19
#669438
#669461
1!
#669462
0!
#669466
#669590
04
#669606
15
#669616
03
#669631
10
#669692
07
#669705
14
#669717
#669736
#669763
09
#669779
13
#669796
02
#669810
1.
#669828
#669842
#669869
0;
#669885
19
#669897
#669924
05
#669940
16
#669958
#669977
#669987
#669997
#670013
03
#670029
1;
#670041
#670055
#670065
#670074
#670083
06
#670099
1=
#670109
01
#670125
15
#670143
0;
#670159
13
#670170
#670181
03
#670197
16
#670207
#670223
05
#670239
11
#670249
06
#670265
1;
#670276
0.
#670292
13
#670301
#670311
01
#670327
15
#670337
0;
#670353
16
#670431
#670524
#670551
08
#670567
1.
#670584
06
#670600
11
#670611
#670621
#670630
#670639
00
#670655
1;
#670665
0=
#670679
1:
#670690
1!
#670691
0!
#670696
#670709
#670721
0.
#670737
1<
#670749
#670773
01
#670789
18
#670801
#670829
#670839
#670848
04
#670864
16
#670874
#670898
#670970
08
#670986
10
#670997
#671009
0<
#671023
1.
#671033
00
#671049
11
#671081
#671095
#671123
#671134
06
#671150
1-
#671160
09
#671177
14
#671187
0.
#671203
18
#671213
03
#671230
10
#671239
#671255
04
#671271
1,
#671281
#671290
#671299
00
#671315
16
#671332
0:
#671348
19
#671358
#671384
1!
#671385
0!
#671388
#671528
09
#671543
1.
#671561
06
#671576
13
#671587
0-
#671600
14
#671610
0,
#671624
10
#671716
#671809
0;
#671823
1:
#671834
#671847
0:
#671863
19
#671880
09
#671896
16
#671906
0.
#671922
1:
#671932
08
#671948
19
#672026
01
#672039
1.
#672049
03
#672065
18
#672076
#672110
04
#672126
13
#672137
#672149
03
#672165
1/
#672175
0:
#672191
14
#672209
#672226
05
#672240
13
#672250
#672259
0/
#672275
1:
#672285
0.
#672302
1/
#672325
#672336
#672362
0/
#672379
1.
#672396
0.
#672413
1/
#672424
#672436
0/
#672452
1.
#672462
08
#672478
1/
#672490
1!
#672491
0!
#672495
#672589
09
#672602
18
#672620
08
#672636
18
#672715
#672810
#672839
00
#672854
12
#672865
06
#672880
10
#672891
0/
#672904
16
#672916
#672995
08
#673010
18
#673020
#673030
#673056
#673083
0:
#673099
17
#673110
#673138
04
#673152
1:
#673163
#673175
0:
#673191
1/
#673201
#673211
#673229
02
#673245
1:
#673256
#673291
#673301
#673313
03
#673329
12
#673346
#673356
07
#673372
14
#673382
00
#673398
13
#673409
0:
#673425
17
#673517
1!
#673518
0!
#673523
#673535
07
#673551
10
#673561
03
#673577
1:
#673588
#673616
#673641
06
#673656
17
#673668
#673696
#673760
02
#673775
13
#673786
0/
#673801
1=
#673811
#673820
07
#673836
16
#673846
00
#673862
1<
#673872
#673882
#673893
#673903
#673921
03
#673937
12
#673946
#673977
0.
#673990
1/
#674001
06
#674017
17
#674028
#674041
0/
#674057
10
#674068
02
#674084
13
#674094
04
#674110
16
#674181
0<
#674196
1/
#674221
#674233
06
#674249
12
#674273
0/
#674289
14
#674374
04
#674389
1<
#674468
#674481
0<
#674496
16
#674506
0=
#674519
1/
#674530
1!
#674531
0!
#674536
#674556
#674583
08
#674596
14
#674607
00
#674622
1<
#674634
#674645
#674721
0<
#674736
1-
#674746
#674755
04
#674770
10
#674781
02
#674794
1<
#674812
#674824
#674866
07
#674882
14
#674892
06
#674908
12
#674927
#674938
0:
#674952
17
#675030
0-
#675045
16
#675062
03
#675076
1-
#675086
07
#675102
17
#675114
#675142
#675169
06
#675185
1,
#675195
0-
#675211
11
#675223
#675258
#675276
07
#675292
16
#675302
#675375
1!
#675376
0!
#675380
#675412
#675421
0,
#675437
1-
#675446
#675457
#675485
#675494
06
#675510
1;
#675520
02
#675536
17
#675554
#675566
#675577
0;
#675593
1,
#675603
0/
#675619
16
#675636
#675704
#675714
0-
#675729
12
#675740
01
#675753
1;
#675770
02
#675787
1/
#675804
0/
#675821
1-
#675838
0;
#675854
12
#675872
02
#675888
1/
#676026
04
#676039
1;
#676049
00
#676063
12
#676073
0<
#676089
1<
#676106
0;
#676122
1;
#676134
#676161
0,
#676177
15
#676195
#676208
#676239
#676250
#676313
#676322
05
#676338
1,
#676348
0<
#676365
15
#676376
#676403
0/
#676419
1<
#676431
1!
#676432
0!
#676436
#676457
#676469
05
#676485
19
#676510
#676529
#676614
0,
#676631
1/
#676708
09
#676724
15
#676740
#676756
#676766
#676851
0<
#676867
1.
#676891
#676960
0-
#676973
1,
#676984
#677013
05
#677028
19
#677105
0;
#677120
1<
#677130
09
#677145
1-
#677155
07
#677170
15
#677181
0.
#677193
1;
#677203
#677219
0/
#677232
19
#677242
06
#677256
17
#677267
#677286
09
#677302
19
#677312
07
#677328
17
#677367
#677405
1!
#677406
0!
#677410
#677534
#677545
07
#677561
1/
#677572
0;
#677588
17
#677598
0,
#677614
1;
#677699
0;
#677715
1,
#677732
02
#677746
1;
#677756
0,
#677772
1,
#677857
#677884
0<
#677900
18
#677977
#677986
0,
#678002
1<
#678025
07
#678039
1,
#678050
#678129
#678172
05
#678187
15
#678199
#678225
#678234
08
#678250
1:
#678260
0-
#678274
18
#678285
#678297
#678309
0:
#678325
1:
#678342
05
#678358
15
#678369
0:
#678385
1:
#678396
#678424
0:
#678441
17
#678451
08
#678467
1:
#678477
05
#678494
18
#678504
09
#678520
15
#678531
#678543
08
#678559
19
#678576
0/
#678593
18
#678604
#678637
#678653
#678662
#678744
#678755
#678772
08
#678786
1/
#678796
0,
#678812
1=
#678919
0/
#678932
1,
#678944
#679028
0,
#679044
13
#679056
#679133
0;
#679147
1,
#679158
#679246
#679255
0,
#679271
1-
#679281
05
#679295
1,
#679312
0=
#679328
1=
#679339
#679351
#679360
07
#679376
17
#679387
1!
#679388
0!
#679393
#679488
#679517
07
#679532
18
#679544
1!
#679545
0!
#679549
#679562
09
#679578
17
#679639
0-
#679655
19
#679666
#679773
03
#679786
1-
#679796
0=
#679812
1=
#679822
09
#679838
19
#679848
0,
#679863
1'
#679873
0-
#679889
1-
#679899
0=
#679914
1=
#679933
#679977
#679989
0'
#680005
1/
#680016
0-
#680032
1-
#680042
08
#680058
18
#680156
08
#680172
18
#680182
0/
#680196
1*
#680207
08
#680222
18
#680234
#680263
#680292
#680305
#680338
07
#680354
11
#680365
#680392
#680401
#680410
0=
#680426
1,
#680486
#680510
#680522
#680533
0<
#680548
14
#680560
#680586
0:
#680602
17
#680612
09
#680628
1/
#680637
#680648
1!
#680649
0!
#680654
#680667
#680678
#680694
01
#680709
1=
#680727
0=
#680742
1<
#680753
0*
#680769
10
#680794
#680821
0<
#680838
1:
#680898
#680908
#680979
#681063
04
#681079
19
#681102
#681112
#681141
0:
#681157
11
#681167
0/
#681184
1=
#681201
09
#681217
16
#681235
0=
#681251
1<
#681268
01
#681284
14
#681413
#681422
04
#681438
1:
#681448
0,
#681463
1/
#681475
1!
#681476
0!
#681481
#681493
00
#681506
19
#681577
0<
#681592
1=
#681602
09
#681617
11
#681688
08
#681701
14
#681711
0:
#681726
1,
#681737
0-
#681750
1<
#681761
#681773
06
#681786
19
#681818
01
#681834
1:
#681858
0,
#681874
11
#681892
#681906
#681933
04
#681949
1,
#682018
#682030
0,
#682046
1.
#682057
#682100
#682112
#682203
#682214
#682243
0<
#682259
14
#682269
07
#682285
1,
#682296
0/
#682312
12
#682372
#682381
#682397
09
#682413
1<
#682424
#682442
#682486
#682558
0.
#682574
17
#682645
#682657
07
#682673
1/
#682750
04
#682765
19
#682836
01
#682848
1.
#682859
09
#682874
17
#682891
0.
#682906
14
#682924
0=
#682937
19
#682954
02
#682968
1.
#682979
1!
#682980
0!
#682985
#682998
0.
#683014
1.
#683025
#683103
07
#683119
1;
#683137
#683156
09
#683172
17
#683257
#683286
0/
#683302
19
#683312
0.
#683326
11
#683337
#683355
#683371
0<
#683387
1/
#683398
#683427
0/
#683443
1<
#683454
#683481
#683491
#683503
07
#683519
1.
#683529
#683545
04
#683561
1/
#683572
#683586
#683597
0<
#683613
15
#683624
0;
#683640
17
#683649
#683660
1!
#683661
0!
#683666
#683678
0:
#683694
14
#683725
01
#683741
1<
#683752
#683780
04
#683796
1;
#683807
#683820
#683851
#683860
07
#683877
1:
#683888
#683961
0<
#683976
11
#684047
0.
#684062
13
#684072
0;
#684088
14
#684098
05
#684111
17
#684121
09
#684137
1<
#684161
0,
#684175
1.
#684184
#684267
07
#684283
1;
#684302
#684329
0:
#684345
19
#684355
03
#684368
17
#684380
#684414
0;
#684430
10
#684441
#684469
#684479
#684488
#684497
09
#684514
1:
#684524
0.
#684540
18
#684550
#684560
1!
#684561
0!
#684566
#684578
0:
#684595
1;
#684605
01
#684621
1-
#684646
#684656
#684666
#684677
#684752
#684761
0-
#684777
19
#684787
0<
#684803
1.
#684873
0/
#684886
1:
#684903
0.
#684919
11
#684944
08
#684957
1-
#685042
04
#685056
1<
#685066
00
#685082
1.
#685093
0-
#685109
10
#685119
0<
#685135
1-
#685146
#685158
01
#685174
1<
#685192
0-
#685208
11
#685354
#685381
00
#685396
1-
#685414
1!
#685415
0!
#685420
#685433
0:
#685446
16
#685464
#685493
07
#685506
10
#685516
#685525
0<
#685541
1:
#685559
#685570
#685580
#685592
06
#685608
1<
#685619
#685646
00
#685662
16
#685687
#685701
#685720
0-
#685736
12
#685747
#685778
0.
#685795
10
#685933
#685962
0:
#685978
1-
#685988
02
#686002
1.
#686011
#686021
0<
#686037
1:
#686047
0;
#686063
1<
#686073
#686082
0-
#686098
1;
#686110
#686122
0.
#686138
1-
#686148
0<
#686164
1.
#686181
0.
#686198
1<
#686208
09
#686224
1.
#686235
#686255
06
#686271
19
#686282
0:
#686298
16
#686316
#686356
06
#686372
1:
#686383
#686396
0;
#686412
16
#686424
#686502
0-
#686518
1;
#686536
1!
#686537
0!
#686542
#686563
#686592
0:
#686608
1-
#686685
0.
#686701
1:
#686712
#686724
0:
#686740
1.
#686750
09
#686766
1:
#686783
00
#686799
19
#686810
#686823
09
#686839
10
#686849
06
#686865
19
#686875
0;
#686891
16
#686902
#686914
09
#686930
1;
#686940
06
#686956
19
#686988
#687016
#687044
#687071
01
#687084
16
#687095
0<
#687111
1=
#687121
#687129
#687140
#687150
0.
#687167
15
#687176
#687186
#687210
#687221
#687231
#687239
#687249
06
#687265
1,
#687275
0;
#687291
1<
#687302
0=
#687318
1.
#687335
05
#687351
16
#687422
#687464
#687478
#687505
00
#687521
1;
#687538
#687546
#687555
0;
#687571
1=
#687581
#687589
#687600
#687648
#687666
06
#687682
15
#687693
#687704
05
#687719
13
#687731
#687742
0,
#687755
1/
#687765
0.
#687782
10
#687799
0-
#687815
1;
#687825
0=
#687841
18
#687852
0:
#687868
16
#687877
#687893
#687902
0;
#687918
15
#687935
00
#687951
1.
#688088
08
#688101
1-
#688113
#688140
06
#688155
1=
#688166
03
#688179
1:
#688190
0-
#688206
1;
#688223
0:
#688239
10
#688250
#688261
00
#688277
14
#688288
0=
#688304
16
#688314
0<
#688330
1-
#688342
1!
#688343
0!
#688348
#688360
0-
#688376
1:
#688393
06
#688409
10
#688427
05
#688443
1=
#688515
1!
#688516
0!
#688521
#688601
#688613
0/
#688626
1<
#688636
04
#688650
1-
#688727
#688737
#688757
0<
#688772
16
#688784
#688795
09
#688809
15
#688825
#688836
#688856
0-
#688872
1<
#688897
0<
#688913
1-
#688984
#689018
0.
#689032
1<
#689043
#689055
0:
#689071
17
#689089
#689108
#689121
07
#689138
1:
#689148
0;
#689164
17
#689175
#689187
07
#689203
1;
#689236
#689249
0=
#689265
17
#689275
05
#689292
1=
#689309
0=
#689325
15
#689335
07
#689351
1=
#689363
#689381
0=
#689397
17
#689423
#689487
0-
#689503
1=
#689513
06
#689530
1-
#689541
#689559
#689575
0;
#689591
16
#689602
#689667
#689694
#689703
0-
#689719
1;
#689729
0<
#689746
12
#689755
#689765
06
#689781
1-
#689792
#689804
#689822
#689913
00
#689927
1<
#690005
0<
#690020
16
#690031
#690066
0=
#690079
1<
#690089
06
#690106
11
#690115
#690124
0<
#690141
16
#690152
#690162
#690172
#690192
01
#690208
1<
#690226
0:
#690242
11
#690252
05
#690268
1:
#690279
#690313
01
#690329
15
#690341
#690367
#690377
#690389
1!
#690390
0!
#690395
#690407
#690416
05
#690433
1,
#690443
0-
#690459
11
#690471
1!
#690472
0!
#690476
#690495
#690504
#690520
01
#690536
18
#690547
#690565
06
#690581
15
#690612
0:
#690628
1-
#690821
#690832
08
#690845
11
#690862
0;
#690877
16
#690889
#690902
06
#690917
1:
#690927
02
#690943
1;
#690953
07
#690968
16
#690985
0:
#691001
12
#691012
#691039
0<
#691052
17
#691076
07
#691092
1:
#691103
#691138
#691150
06
#691165
13
#691175
#691185
#691212
02
#691228
17
#691240
#691250
#691259
03
#691275
14
#691285
07
#691301
16
#691310
#691328
#691346
04
#691362
1/
#691447
#691465
0/
#691480
12
#691491
06
#691504
13
#691574
#691582
#691598
#691608
#691643
01
#691659
17
#691683
0,
#691696
14
#691707
0-
#691722
1/
#691794
#691821
04
#691836
16
#691847
0:
#691860
11
#691871
#691884
1!
#691885
0!
#691890
#691902
#691918
0/
#691934
1-
#691944
02
#691960
19
#691970
01
#691986
14
#691996
0-
#692012
1/
#692021
#692032
#692042
03
#692058
12
#692069
04
#692084
11
#692095
#692115
0;
#692129
1-
#692147
#692172
0/
#692189
13
#692221
03
#692237
14
#692247
09
#692263
1/
#692281
01
#692297
13
#692448
07
#692461
19
#692473
1!
#692474
0!
#692479
#692491
09
#692507
11
#692517
06
#692533
19
#692559
#692595
0-
#692611
16
#692622
#692650
09
#692666
1-
#692836
#692847
#692863
06
#692879
1.
#692904
#692921
#692931
02
#692947
19
#693045
0-
#693059
16
#693136
06
#693152
12
#693169
04
#693183
16
#693261
#693290
02
#693306
1-
#693316
03
#693332
12
#693410
#693422
0/
#693435
13
#693453
03
#693468
13
#693479
0.
#693494
1.
#693565
02
#693580
12
#693591
01
#693605
1%
#693615
03
#693630
13
#693640
0.
#693656
1.
#693740
0.
#693755
1.
#693766
#693797
1!
#693798
0!
#693803
#693816
09
#693828
14
#693839
0%
#693855
1&
#693867
#693902
#693912
#693939
#693950
#693973
#693983
#694011
#694030
04
#694045
10
#694057
#694069
#694079
03
#694095
1=
#694112
05
#694125
1/
#694143
#694172
#694185
#694218
0.
#694234
14
#694245
#694258
04
#694274
13
#694284
0/
#694300
19
#694309
#694319
0&
#694335
1<
#694345
#694355
#694366
0-
#694382
1.
#694399
0.
#694415
14
#694433
04
#694449
1/
#694459
#694475
00
#694491
1-
#694561
0<
#694577
1.
#694587
0-
#694603
14
#694613
0/
#694629
10
#694641
1!
#694642
0!
#694646
#694733
0=
#694746
1<
#694757
#694784
03
#694800
1-
#694811
#694822
#694831
0<
#694847
1/
#694857
0-
#694873
18
#694882
#694899
#694978
02
#694991
13
#695002
0.
#695017
1<
#695029
#695042
03
#695057
1-
#695068
0<
#695083
1.
#695094
08
#695107
13
#695132
#695159
00
#695175
1<
#695187
#695221
06
#695237
1,
#695248
#695261
#695272
0/
#695288
10
#695305
0,
#695321
1;
#695332
00
#695348
16
#695357
#695366
#695376
#695395
#695406
#695431
0<
#695447
1/
#695457
06
#695473
1,
#695552
#695570
#695586
04
#695600
10
#695691
0-
#695704
1<
#695722
0<
#695738
16
#695750
#695778
1!
#695779
0!
#695784
#695796
06
#695812
1<
#695824
#695834
0,
#695851
1:
#695928
0.
#695944
16
#695953
#695969
#695978
00
#695991
1,
#696003
#696031
0,
#696047
1.
#696065
03
#696081
10
#696092
#696171
0.
#696187
1,
#696292
09
#696307
13
#696318
#696347
0<
#696362
1.
#696373
0:
#696386
19
#696447
06
#696463
1<
#696473
09
#696490
16
#696501
#696513
00
#696529
19
#696553
06
#696570
10
#696580
03
#696596
16
#696607
#696685
0;
#696701
13
#696725
#696802
#696814
#696844
1!
#696845
0!
#696850
#696862
00
#696878
17
#696889
09
#696905
1;
#696915
0,
#696931
10
#696942
06
#696958
19
#696968
0.
#696984
1,
#696994
#697003
03
#697019
16
#697036
0,
#697053
1.
#697070
0/
#697086
13
#697104
#697117
#697210
#697221
0;
#697237
1,
#697322
#697364
#697393
#697422
#697432
#697441
00
#697457
1/
#697467
0.
#697483
11
#697494
0,
#697510
1;
#697520
0<
#697536
15
#697546
#697556
#697566
#697582
#697592
1!
#697593
0!
#697598
#697610
#697685
#697694
05
#697708
12
#697733
07
#697749
10
#697826
00
#697842
1.
#697852
03
#697866
1,
#697877
#697889
0/
#697905
1<
#697922
0;
#697939
17
#697950
#697970
01
#697986
10
#698139
#698217
02
#698230
1/
#698240
0.
#698256
1;
#698266
0/
#698282
11
#698292
#698308
0<
#698323
1=
#698335
#698347
#698358
07
#698374
1.
#698391
0=
#698407
1/
#698417
0.
#698433
1<
#698443
#698452
09
#698465
17
#698476
00
#698492
1=
#698503
#698516
07
#698532
1.
#698543
0=
#698559
10
#698569
01
#698585
17
#698610
#698622
0.
#698638
1=
#698670
#698698
#698716
0;
#698732
11
#698743
#698757
1!
#698758
0!
#698763
#698776
0/
#698792
1.
#698802
0<
#698818
18
#698828
#698838
#698924
01
#698939
1;
#698950
#698977
#698986
06
#699000
1/
#699009
#699019
0=
#699035
1<
#699045
0/
#699061
11
#699130
#699150
0,
#699166
14
#699177
#699218
#699230
#699243
0;
#699259
1=
#699277
07
#699293
1/
#699303
#699312
08
#699328
1,
#699377
1!
#699378
0!
#699382
#699424
0<
#699440
1;
#699511
#699530
0/
#699546
17
#699556
04
#699570
18
#699708
00
#699721
1<
#699731
07
#699747
1/
#699764
0<
#699780
17
#699791
#699804
08
#699820
1<
#699837
01
#699853
18
#699864
#699876
0.
#699890
11
#699900
0,
#699916
1,
#699926
0;
#699942
1;
#699953
07
#699969
17
#699979
0<
#699995
1<
#700005
08
#700022
18
#700039
01
#700055
11
#700065
0,
#700081
1,
#700092
#700106
01
#700122
11
#700139
0=
#700155
1=
#700172
0=
#700188
1=
#700200
#700228
#700246
0=
#700262
1-
#700281
#700316
#700328
#700338
#700372
0,
#700388
1=
#700398
#700408
#700450
#700478
#700488
#700504
#700514
#700554
#700565
#700575
#700585
#700595
#700605
01
#700621
1:
#700630
#700640
0;
#700656
15
#700665
#700674
#700683
#700691
#700715
#700727
#700745
07
#700761
1,
#700772
#700783
0,
#700799
13
#700810
0/
#700826
19
#700837
1!
#700838
0!
#700843
#700856
0-
#700872
12
#700889
0<
#700905
11
#700916
#700935
01
#700951
1;
#701088
#701101
02
#701115
17
#701138
08
#701154
1,
#701232
0,
#701247
1/
#701257
0:
#701270
1-
#701281
07
#701297
1<
#701314
03
#701327
11
#701344
0;
#701360
18
#701491
0<
#701506
1,
#701517
0-
#701532
17
#701542
05
#701555
1;
#701566
01
#701581
1<
#701592
08
#701607
1-
#701618
0;
#701633
11
#701644
0<
#701659
18
#701670
0-
#701685
1;
#701696
0/
#701711
1<
#701790
1!
#701791
0!
#701796
#701808
0=
#701822
1-
#701832
09
#701845
1/
#701870
#701897
07
#701914
16
#701925
#701936
#701946
#701970
#701979
06
#701996
17
#702007
#702021
#702033
0/
#702049
16
#702059
0<
#702075
1/
#702136
#702259
#702291
0-
#702307
1<
#702318
#702390
0<
#702406
1-
#702416
01
#702432
1<
#702443
08
#702459
11
#702479
1!
#702480
0!
#702483
#702659
0<
#702674
18
#702685
01
#702700
1<
#702711
06
#702726
11
#702738
#702756
01
#702772
16
#702783
#702824
0,
#702838
11
#703003
#703033
#703061
06
#703076
14
#703086
0/
#703100
10
#703110
0-
#703126
16
#703136
0;
#703153
1-
#703162
#703172
07
#703188
1;
#703199
#703218
#703230
#703241
04
#703258
17
#703268
0-
#703284
14
#703295
#703329
00
#703345
1-
#703356
04
#703372
1.
#703382
#703404
#703481
1!
#703482
0!
#703487
#703500
0;
#703513
10
#703525
#703559
00
#703575
14
#703586
#703615
#703626
04
#703643
13
#703653
01
#703669
10
#703679
06
#703695
1/
#703707
#703717
#703727
#703738
#703748
07
#703764
14
#703774
#703796
#703812
#703821
00
#703837
11
#703854
03
#703871
16
#703882
#704066
01
#704081
17
#704152
07
#704166
10
#704177
06
#704192
13
#704202
0-
#704215
1;
#704232
03
#704247
11
#704258
#704270
01
#704285
17
#704296
0/
#704311
16
#704336
08
#704349
13
#704367
03
#704382
11
#704393
#704508
0.
#704522
1/
#704546
0/
#704562
13
#704573
#704599
#704627
06
#704643
1/
#704654
#704725
01
#704741
12
#704801
#704812
#704822
0/
#704839
16
#704855
#704872
#704885
#704912
02
#704928
11
#705011
1!
#705012
0!
#705017
#705031
#705049
#705063
#705075
07
#705091
1/
#705101
#705110
04
#705126
1:
#705210
#705287
#705314
0<
#705327
12
#705337
03
#705351
17
#705361
#705377
02
#705393
14
#705403
0;
#705419
1=
#705429
#705438
07
#705454
12
#705473
1!
#705474
0!
#705478
#705499
#705510
04
#705526
1;
#705604
06
#705619
17
#705630
01
#705645
14
#705656
0:
#705669
16
#705680
02
#705696
11
#705766
07
#705782
12
#705792
04
#705808
17
#705818
06
#705834
14
#705844
01
#705860
16
#705898
#705928
#705941
#705968
06
#705983
11
#706045
0/
#706058
13
#706082
#706106
#706119
0;
#706135
15
#706145
#706206
#706234
#706296
02
#706312
16
#706323
#706333
#706343
00
#706359
1;
#706369
0=
#706385
19
#706397
#706414
#706425
1!
#706426
0!
#706431
#706479
0;
#706495
12
#706519
05
#706535
10
#706673
00
#706688
1=
#706698
04
#706711
1;
#706789
01
#706802
15
#706813
#706842
#706852
05
#706868
10
#706878
02
#706894
1,
#706905
00
#706920
15
#706931
09
#706946
12
#706964
#706993
02
#707009
10
#707131
#707143
07
#707159
19
#707169
0,
#707183
12
#707193
03
#707209
17
#707226
09
#707243
13
#707266
03
#707283
19
#707293
0=
#707309
13
#707320
#707348
#707362
03
#707378
1=
#707388
09
#707404
1.
#707415
06
#707431
13
#707440
#707451
#707462
05
#707478
19
#707488
0=
#707504
16
#707521
#707536
#707546
#707559
1!
#707560
0!
#707565
#707659
#707689
#707716
09
#707732
15
#707741
#707751
07
#707767
1=
#707778
#707812
0.
#707828
18
#707839
#707851
#707860
06
#707876
19
#707901
#707915
#707925
#707942
#707959
#707969
0;
#707985
17
#707996
#708022
08
#708038
1-
#708049
09
#708065
1.
#708089
0.
#708105
16
#708242
06
#708258
1;
#708275
00
#708288
18
#708359
08
#708374
19
#708384
0=
#708399
1.
#708411
1!
#708412
0!
#708417
#708429
0.
#708444
16
#708456
#708469
09
#708484
18
#708494
02
#708507
1=
#708525
05
#708540
1.
#708551
#708578
#708587
0-
#708601
19
#708611
0;
#708627
15
#708638
08
#708654
1<
#708715
0=
#708731
1;
#708748
0;
#708764
18
#708774
#708784
#708795
#708819
#708833
#708852
0.
#708868
1=
#708879
#708897
0=
#708913
1;
#708923
0<
#708940
1.
#708994
#709067
0.
#709083
1=
#709093
08
#709109
1<
#709119
06
#709133
1.
#709204
#709232
05
#709247
18
#709258
0.
#709273
1:
#709284
03
#709297
15
#709309
#709320
05
#709337
1.
#709346
#709435
#709452
#709480
#709509
0<
#709525
15
#709535
0;
#709552
1/
#709563
#709588
#709615
#709625
#709635
#709645
0:
#709661
1<
#709671
09
#709687
1;
#709698
08
#709714
14
#709723
#709733
0<
#709749
1:
#709759
07
#709775
19
#709787
#709805
1!
#709806
0!
#709811
#709830
#709840
#709873
09
#709889
18
#709899
0:
#709916
1<
#709987
#710007
04
#710023
17
#710034
#710046
07
#710061
19
#710072
08
#710087
1:
#710158
0:
#710173
14
#710190
0/
#710203
17
#710215
#710242
05
#710255
18
#710266
04
#710282
1:
#710292
07
#710308
11
#710318
#710349
#710360
#710370
#710398
#710411
01
#710427
14
#710438
#710449
04
#710465
17
#710475
#710484
0<
#710501
1,
#710511
0;
#710527
11
#710543
#710553
09
#710569
14
#710580
#710608
1!
#710609
0!
#710614
#710633
0.
#710650
1<
#710725
#710752
#710763
0<
#710779
1;
#710789
01
#710805
19
#710816
#710844
04
#710860
10
#710870
#710886
0;
#710902
1.
#710912
0=
#710928
1<
#711109
#711118
08
#711131
11
#711141
0,
#711155
14
#711165
0.
#711181
1;
#711192
#711218
0<
#711234
1=
#711244
01
#711260
1.
#711271
0;
#711287
1<
#711297
0=
#711313
11
#711324
0.
#711340
1;
#711350
04
#711366
1=
#711390
0=
#711406
1.
#711418
#711453
#711467
#711486
#711512
#711525
00
#711541
14
#711602
0.
#711618
1=
#711629
#711657
09
#711673
1-
#711684
#711697
1!
#711698
0!
#711703
#711716
#711727
04
#711743
10
#711761
0-
#711777
1.
#711788
00
#711804
12
#711896
#711992
01
#712008
19
#712018
0:
#712034
14
#712044
#712119
#712129
#712163
#712237
0=
#712252
1-
#712261
#712271
0;
#712283
10
#712293
#712302
0-
#712317
11
#712328
00
#712343
1:
#712361
#712380
0:
#712396
1=
#712473
0.
#712488
1-
#712498
0<
#712511
10
#712521
02
#712535
1:
#712552
0:
#712567
1.
#712579
#712606
07
#712619
1:
#712630
09
#712646
16
#712656
0=
#712672
19
#712684
1!
#712685
0!
#712690
#712702
09
#712718
1=
#712730
#712741
0=
#712757
19
#712768
#712788
01
#712804
1=
#712815
#712827
0-
#712843
11
#712861
01
#712877
1-
#712888
#712908
00
#712924
11
#712935
#712947
01
#712963
10
#712981
0.
#712997
11
#713008
#713028
#713037
0-
#713053
1.
#713071
#713097
#713106
#713122
#713132
#713150
04
#713166
1-
#713177
#713204
06
#713220
13
#713232
#713249
0-
#713265
14
#713275
#713351
01
#713367
15
#713377
#713387
#713421
00
#713436
16
#713448
#713483
#713495
#713522
04
#713538
1-
#713555
03
#713568
11
#713578
#713589
1!
#713590
0!
#713594
#713606
#713616
#713634
0:
#713650
1/
#713662
#713672
#713681
09
#713697
10
#713708
06
#713724
1,
#713733
#713749
00
#713766
18
#713842
0,
#713856
14
#713933
04
#713949
1:
#713958
#713968
08
#713981
19
#713998
#714008
09
#714024
16
#714094
0:
#714110
10
#714141
05
#714157
14
#714168
#714246
0-
#714262
19
#714280
#714292
#714304
09
#714319
1:
#714329
#714338
0/
#714354
15
#714371
01
#714387
12
#714397
#714413
06
#714428
1-
#714440
#714453
0=
#714466
19
#714477
04
#714493
1/
#714503
0:
#714519
11
#714544
#714556
0/
#714572
16
#714582
01
#714599
14
#714623
05
#714639
1:
#714658
1!
#714659
0!
#714663
#714677
#714751
#714770
09
#714785
1/
#714870
#714884
#714912
06
#714927
11
#714937
04
#714952
15
#715013
0/
#715029
19
#715038
#715048
00
#715061
17
#715071
0.
#715085
16
#715108
#715117
09
#715133
14
#715145
#715163
06
#715179
1/
#715191
#715208
04
#715224
19
#715249
0-
#715265
16
#715282
05
#715298
14
#715309
06
#715325
1-
#715335
09
#715351
15
#715429
07
#715442
16
#715535
#715711
01
#715724
19
#715735
#715763
#715792
0/
#715805
1;
#715817
#715827
0:
#715843
1<
#715853
0-
#715870
1:
#715880
05
#715896
1-
#715906
#715916
#715927
#715950
0;
#715966
15
#715985
#716057
#716084
#716101
#716113
#716141
#716149
#716158
#716174
0<
#716190
1;
#716207
0;
#716223
13
#716235
1!
#716236
0!
#716240
#716253
0:
#716269
11
#716279
05
#716295
1<
#716305
0-
#716321
1;
#716391
06
#716404
1:
#716422
#716434
0:
#716450
15
#716460
0<
#716476
1-
#716494
04
#716507
1:
#716524
02
#716541
1<
#716680
1!
#716681
0!
#716685
#716705
09
#716718
12
#716728
0<
#716744
1<
#716755
#716791
02
#716806
1/
#716817
#716829
01
#716845
12
#716862
02
#716878
11
#716889
#716902
01
#716918
12
#716928
0;
#716944
11
#716954
0<
#716970
1;
#716980
05
#716996
1<
#717014
#717041
#717069
03
#717082
15
#717166
05
#717182
1,
#717193
#717223
#717243
#717261
0,
#717276
15
#717288
#717308
#717320
01
#717336
1,
#717348
#717375
0;
#717391
11
#717408
0,
#717424
18
#717434
#717444
1!
#717445
0!
#717450
#717462
#717479
#717493
#717520
02
#717536
1;
#717548
#717565
08
#717582
1,
#717593
#717604
0,
#717620
1=
#717630
0<
#717646
12
#717657
05
#717673
18
#717683
#717699
02
#717715
1,
#717725
08
#717741
1<
#717812
0;
#717827
15
#717837
#717846
0=
#717860
12
#717884
05
#717900
18
#717918
08
#717934
1;
#717944
02
#717960
15
#718031
05
#718047
18
#718057
0;
#718073
12
#718083
01
#718097
15
#718121
#718155
#718165
#718176
#718200
#718214
#718226
#718252
05
#718269
1;
#718280
#718293
02
#718309
1.
#718319
0-
#718335
15
#718346
08
#718362
12
#718372
0/
#718388
1-
#718449
#718459
#718471
0<
#718487
18
#718497
#718506
02
#718522
1/
#718533
05
#718549
1<
#718647
#718677
#718704
0-
#718720
12
#718730
08
#718746
15
#718763
0,
#718779
10
#718791
#718802
05
#718818
1-
#718835
0:
#718851
18
#718861
0-
#718877
1,
#718889
1!
#718890
0!
#718895
#718914
0/
#718930
15
#718941
#719026
#719036
0.
#719049
1:
#719060
#719087
#719096
08
#719112
1-
#719129
0:
#719145
1/
#719155
#719164
0/
#719181
17
#719190
#719251
#719276
07
#719292
18
#719370
00
#719384
1:
#719407
0:
#719424
1/
#719435
#719514
#719524
#719540
02
#719556
17
#719566
#719576
#719603
0<
#719619
1:
#719630
0-
#719646
16
#719671
#719683
#719703
0,
#719719
12
#719731
#719759
#719770
06
#719787
14
#719805
#719829
#719839
#719912
#719925
1!
#719926
0!
#719931
#719944
0:
#719959
1<
#719970
07
#719985
1-
#719996
04
#720009
1,
#720019
#720028
05
#720044
19
#720054
#720063
0,
#720079
16
#720090
0<
#720106
1:
#720204
0:
#720220
17
#720238
#720251
07
#720266
15
#720276
#720346
#720373
06
#720389
1,
#720450
02
#720465
1<
#720482
08
#720495
1:
#720506
09
#720519
17
#720530
05
#720546
13
#720557
#720567
#720583
#720593
1!
#720594
0!
#720599
#720686
0:
#720702
16
#720719
0/
#720734
12
#720745
03
#720758
15
#720829
06
#720845
1:
#720870
#720882
0,
#720898
1/
#720908
0;
#720921
16
#721014
#721041
0-
#721055
1,
#721065
0<
#721081
1=
#721158
#721168
#721179
06
#721193
1<
#721204
#721233
0=
#721249
16
#721265
#721275
07
#721291
1=
#721302
#721321
0=
#721337
17
#721355
07
#721371
1=
#721381
02
#721397
17
#721468
0=
#721484
12
#721494
07
#721510
1=
#721520
0:
#721534
17
#721551
05
#721567
15
#721593
#721620
0/
#721636
11
#721721
#721733
#721762
01
#721778
1/
#721788
06
#721804
11
#721815
#721827
01
#721843
16
#721855
1!
#721856
0!
#721861
#721880
02
#721896
11
#721908
#721935
0=
#721951
12
#721982
#721992
#722086
0/
#722102
1.
#722112
#722122
#722133
06
#722148
1=
#722158
#722167
05
#722181
10
#722191
#722201
#722307
0=
#722320
1/
#722331
00
#722347
16
#722425
0.
#722441
10
#722511
00
#722526
1.
#722544
0,
#722557
10
#722567
0.
#722583
1.
#722607
00
#722623
10
#722633
0.
#722649
1.
#722735
1!
#722736
0!
#722740
#722752
#722768
#722785
#722872
#722898
0<
#722913
15
#722992
#723020
0/
#723033
1<
#723044
#723056
0.
#723071
1=
#723096
0<
#723111
1.
#723129
#723209
01
#723224
1<
#723234
05
#723250
1/
#723260
02
#723273
11
#723283
06
#723299
15
#723371
#723383
0.
#723398
16
#723408
07
#723421
1.
#723432
00
#723446
1$
#723470
0<
#723486
1<
#723504
#723534
1!
#723535
0!
#723539
#723552
0.
#723568
14
#723585
0$
#723601
1.
#723693
05
#723708
15
#723719
#723748
05
#723764
10
#723775
#723802
01
#723816
15
#723827
#723839
0=
#723855
19
#723865
#723873
#723884
#723975
#723985
#724012
09
#724028
1=
#724045
0/
#724059
18
#724070
#724082
#724100
06
#724116
19
#724127
#724153
#724163
09
#724179
16
#724190
#724200
#724211
#724246
08
#724262
13
#724280
00
#724296
19
#724366
#724375
0=
#724391
11
#724401
05
#724415
18
#724425
06
#724441
10
#724452
#724471
04
#724487
1=
#724498
08
#724514
16
#724524
09
#724540
14
#724552
1!
#724553
0!
#724557
#724569
#724579
04
#724595
18
#724605
06
#724621
19
#724631
#724661
08
#724678
14
#724769
04
#724785
16
#724870
#724907
#724919
0.
#724932
18
#725002
09
#725016
14
#725026
0<
#725039
1/
#725057
01
#725073
11
#725083
00
#725099
10
#725170
0=
#725185
1=
#725196
03
#725210
1#
#725234
01
#725250
11
#725260
00
#725276
10
#725287
#725397
0#
#725413
1;
#725423
#725439
01
#725454
11
#725538
#725547
0/
#725561
1)
#725572
04
#725586
1(
#725597
#725633
0(
#725649
1-
#725658
#725668
#725698
#725708
#725719
1!
#725720
0!
#725725
#725738
#725750
#725778
0)
#725794
1:
#725804
06
#725820
19
#725839
#725850
0-
#725866
16
#725877
#725889
0:
#725905
1-
#725915
06
#725931
1:
#725949
0:
#725965
16
#725976
#726005
06
#726021
1:
#726031
09
#726047
1/
#726059
#726070
#726078
#726094
0=
#726111
16
#726134
0-
#726151
19
#726236
#726271
#726341
#726350
09
#726365
1=
#726376
#726404
#726414
0=
#726429
1-
#726439
0:
#726454
12
#726465
0/
#726478
19
#726495
08
#726511
14
#726602
02
#726615
1=
#726626
09
#726641
1:
#726652
01
#726667
18
#726678
0;
#726691
19
#726701
0=
#726718
11
#726788
01
#726804
1=
#726822
#726834
00
#726847
11
#726859
1!
#726860
0!
#726865
#726877
01
#726893
11
#726918
#726946
#726957
0-
#726973
1,
#727133
0=
#727146
1-
#727157
0:
#727171
1'
#727188
06
#727204
16
#727222
#727252
08
#727268
1/
#727278
06
#727294
18
#727304
0'
#727320
16
#727330
04
#727347
14
#727425
#727444
0,
#727458
1*
#727483
08
#727499
18
#727576
#727660
0-
#727674
1%
#727685
#727714
0%
#727729
17
#727739
#727748
06
#727763
16
#727774
04
#727789
14
#727807
#727818
04
#727833
14
#727844
#727874
01
#727887
1=
#727899
1!
#727900
0!
#727905
#727917
0*
#727934
1&
#727945
07
#727960
17
#727970
#727985
#727994
07
#728010
17
#728034
07
#728050
17
#728143
#728222
09
#728236
1$
#728247
08
#728261
1#
#728272
#728304
#728315
0&
#728331
1:
#728341
07
#728356
17
#728381
1!
#728382
0!
#728387
#728400
07
#728415
17
#728493
#728530
0#
#728546
1-
#728556
07
#728571
17
#728582
06
#728597
16
#728608
#728620
0:
#728634
1(
#728652
#728682
#728709
#728719
0/
#728734
15
#728744
0$
#728760
1.
#728770
#728779
06
#728794
1/
#728806
#728824
#728835
#728844
0/
#728860
16
#728870
05
#728886
1/
#728896
0.
#728912
15
#728928
#728937
0/
#728953
1.
#728963
05
#728979
1/
#729071
#729107
0=
#729120
15
#729137
0-
#729152
11
#729163
0(
#729179
1-
#729189
0.
#729205
1.
#729223
0.
#729239
1.
#729250
06
#729266
16
#729283
05
#729299
15
#729310
#729338
#729371
0-
#729387
1<
#729399
#729428
#729499
01
#729515
1-
#729525
0<
#729541
1:
#729551
07
#729565
11
#729634
#729653
0-
#729669
1<
#729686
01
#729702
1-
#729712
#729722
#729800
0<
#729816
11
#729895
1!
#729896
0!
#729901
#729914
#729942
#729952
#729964
05
#729978
13
#729989
#730000
01
#730016
1<
#730033
#730042
0<
#730058
1=
#730068
0:
#730085
11
#730102
04
#730118
1<
#730143
#730171
#730195
06
#730212
1:
#730229
0:
#730245
14
#730322
#730398
#730408
0<
#730421
1;
#730432
#730467
#730483
0.
#730498
16
#730509
0=
#730522
1:
#730594
1!
#730595
0!
#730599
#730620
#730648
04
#730663
15
#730681
#730700
0:
#730716
1.
#730787
#730798
06
#730814
12
#730824
0.
#730839
14
#730850
01
#730863
1:
#730873
03
#730887
16
#730964
0/
#730977
1.
#730988
04
#731004
14
#731014
06
#731030
16
#731114
0.
#731130
1.
#731155
02
#731169
1)
#731188
#731351
#731360
04
#731373
10
#731390
06
#731404
1'
#731414
#731424
#731436
#731463
#731473
00
#731488
1,
#731504
#731514
0'
#731529
10
#731541
1!
#731542
0!
#731547
#731574
#731592
0,
#731608
1,
#731627
#731715
0;
#731730
1=
#731740
0,
#731755
1;
#731766
0)
#731781
1,
#731852
0,
#731867
1,
#731878
0-
#731892
1%
#731902
05
#731917
15
#731928
#731940
00
#731955
10
#731966
0.
#731980
1*
#731991
0;
#732006
1;
#732016
00
#732031
10
#732041
#732050
05
#732065
15
#732104
0;
#732119
1;
#732128
#732145
05
#732160
15
#732185
#732324
0=
#732339
1<
#732350
#732384
#732412
0%
#732428
1=
#732507
1!
#732508
0!
#732512
#732525
0=
#732540
19
#732551
0,
#732564
1=
#732575
#732586
0*
#732603
1&
#732614
#732705
09
#732720
14
#732730
0=
#732745
19
#732757
#732768
0;
#732784
1=
#732794
0&
#732810
1;
#732826
#732916
09
#732931
19
#732950
#732977
0:
#732990
18
#732999
#733009
0;
#733024
1;
#733034
#733043
04
#733058
1#
#733074
#733083
0;
#733099
1;
#733117
#733271
08
#733286
18
#733296
0=
#733310
1$
#733321
08
#733335
18
#733406
0<
#733420
1(
#733431
05
#733446
1'
#733456
09
#733470
19
#733481
#733519
0(
#733533
16
#733551
08
#733565
18
#733576
#733588
00
#733603
10
#733615
1!
#733616
0!
#733620
#733640
00
#733655
10
#733666
#733695
#733724
#733740
0#
#733755
17
#733766
09
#733781
1,
#733791
#733801
#733813
00
#733828
19
#733854
#733872
07
#733887
10
#733898
0'
#733913
17
#733998
07
#734013
17
#734024
08
#734038
1)
#734049
#734078
07
#734093
13
#734117
#734127
#734206
#734236
09
#734251
17
#734261
0$
#734276
14
#734286
0,
#734302
19
#734312
06
#734325
1,
#734375
1!
#734376
0!
#734380
#734431
#734443
0,
#734458
1,
#734476
0,
#734491
1,
#734508
0)
#734525
1%
#734535
#734544
03
#734559
13
#734569
09
#734584
19
#734663
#734700
0%
#734716
1<
#734727
#734754
07
#734767
11
#734777
0;
#734792
1*
#734802
04
#734818
14
#734829
#734848
04
#734863
14
#734874
03
#734889
13
#734899
#734915
04
#734931
14
#734941
03
#734957
13
#734968
#734993
#735023
#735032
0<
#735048
18
#735073
#735101
#735185
#735196
#735206
#735219
#735230
0,
#735246
1<
#735263
00
#735278
1/
#735289
0<
#735304
12
#735314
#735323
#735331
#735363
#735518
#735530
02
#735542
1,
#735613
0,
#735628
10
#735645
08
#735660
1<
#735670
0/
#735683
16
#735700
0<
#735715
1,
#735733
#735761
00
#735776
18
#735787
03
#735802
1<
#735820
01
#735835
17
#735907
#735919
0*
#735934
10
#735944
09
#735957
13
#735969
1!
#735970
0!
#735975
#735987
03
#736003
11
#736020
00
#736036
13
#736046
04
#736060
10
#736070
0,
#736086
1,
#736163
03
#736179
13
#736196
06
#736210
1&
#736222
#736251
08
#736266
1.
#736276
#736285
01
#736301
18
#736312
#736324
#736352
0.
#736368
11
#736378
08
#736394
16
#736404
07
#736420
1.
#736438
#736451
1!
#736452
0!
#736457
#736483
0.
#736498
18
#736510
#736551
#736565
#736577
0&
#736593
17
#736617
07
#736633
1.
#736645
#736659
#736736
#736745
01
#736761
1-
#736772
0,
#736788
17
#736798
06
#736814
1:
#736825
0.
#736841
11
#736850
#736861
#736879
#736891
#736903
0-
#736919
1,
#736929
#736944
#736960
07
#736977
16
#736988
#737052
06
#737068
1.
#737078
01
#737094
1-
#737118
0-
#737134
17
#737146
#737172
0:
#737188
16
#737198
#737214
0,
#737230
11
#737254
01
#737270
1-
#737289
#737302
06
#737318
1:
#737336
0.
#737352
1,
#737363
#737501
1!
#737502
0!
#737506
#737571
#737583
0:
#737599
11
#737610
#737634
#737704
#737724
03
#737740
16
#737750
0,
#737766
1.
#737836
#737845
0<
#737858
1=
#737868
0-
#737884
1:
#737894
00
#737910
13
#737920
01
#737936
1,
#737946
03
#737962
1-
#737972
0.
#737988
10
#738005
08
#738019
11
#738044
#738078
#738107
#738117
#738133
07
#738149
13
#738160
#738171
#738180
03
#738196
1.
#738206
0=
#738223
15
#738241
#738267
#738277
#738288
#738296
#738312
0:
#738328
1;
#738339
0,
#738355
17
#738431
07
#738447
13
#738457
#738533
05
#738546
1=
#738556
0;
#738570
12
#738581
#738593
0=
#738609
1:
#738647
#738661
#738733
0-
#738749
1,
#738759
00
#738775
17
#738792
02
#738806
1=
#738816
0,
#738832
1-
#738842
07
#738859
10
#738869
0=
#738885
1,
#738903
0.
#738919
17
#738930
#739001
00
#739017
1=
#739027
0:
#739044
1.
#739061
0,
#739077
10
#739088
#739196
1!
#739197
0!
#739202
#739214
0-
#739230
1:
#739241
#739285
#739320
#739332
#739341
0:
#739357
1,
#739373
#739383
#739410
03
#739426
1-
#739518
1!
#739519
0!
#739523
#739588
#739652
07
#739668
14
#739678
0=
#739695
1:
#739706
#739718
#739728
#739737
0.
#739754
1/
#739764
0-
#739780
13
#739790
#739800
#739832
0:
#739848
17
#740000
07
#740015
1=
#740153
#740182
06
#740195
1.
#740205
0,
#740220
1-
#740230
04
#740246
1:
#740256
00
#740269
17
#740279
0.
#740295
1,
#740312
01
#740326
14
#740337
#740349
0=
#740365
1.
#740436
04
#740451
1=
#740476
#740504
03
#740519
14
#740530
#740558
0/
#740571
19
#740581
07
#740598
13
#740615
0=
#740631
18
#740641
0.
#740657
17
#740667
#740676
#740692
04
#740708
1=
#740719
#740746
#740756
#740768
#740779
03
#740795
1.
#740806
1!
#740807
0!
#740812
#740824
#740848
#740860
#740870
#740898
0,
#740914
14
#740923
#740934
#740945
#740954
08
#740970
1<
#740993
#741004
#741022
#741036
#741047
09
#741063
13
#741080
0.
#741097
15
#741108
#741120
03
#741136
1,
#741182
#741255
04
#741271
18
#741288
0<
#741301
19
#741312
08
#741328
1.
#741338
09
#741354
13
#741365
0.
#741381
14
#741399
07
#741415
18
#741432
0:
#741448
19
#741459
#741537
0,
#741553
1.
#741563
#741573
1!
#741574
0!
#741579
#741593
#741604
08
#741620
17
#741630
04
#741646
1:
#741657
0-
#741673
1;
#741683
07
#741699
1,
#741829
#741838
0=
#741851
18
#741868
0:
#741884
14
#741902
04
#741917
1-
#741935
0,
#741950
17
#741961
09
#741976
1:
#741987
0-
#742002
14
#742013
07
#742028
1,
#742039
0:
#742054
19
#742207
#742227
#742254
0;
#742267
1-
#742276
#742353
0-
#742367
17
#742377
#742415
#742427
#742456
0,
#742471
1:
#742481
0.
#742496
12
#742506
09
#742521
1-
#742532
05
#742545
1,
#742555
08
#742571
1.
#742595
03
#742608
19
#742687
#742714
02
#742727
18
#742738
0,
#742754
11
#742765
1!
#742766
0!
#742771
#742835
#742846
#742856
#742884
#742896
01
#742912
1,
#742922
#742930
#742952
#742963
#742981
#742994
0.
#743011
16
#743021
09
#743037
11
#743055
07
#743071
1.
#743088
0.
#743104
19
#743116
#743150
#743215
#743227
0:
#743243
17
#743260
0,
#743276
1.
#743300
01
#743316
1:
#743327
#743401
07
#743416
1,
#743427
08
#743442
11
#743503
0.
#743519
17
#743529
06
#743543
18
#743563
1!
#743564
0!
#743568
#743641
09
#743657
1.
#743674
08
#743690
19
#743700
0:
#743716
18
#743734
#743746
01
#743762
1:
#743772
04
#743785
11
#743803
07
#743819
17
#743904
#743932
08
#743947
10
#743965
#743984
00
#744000
18
#744091
0,
#744105
10
#744123
#744150
01
#744163
1/
#744240
#744251
#744261
#744270
0.
#744285
1(
#744302
0/
#744317
1/
#744335
00
#744351
10
#744362
#744392
0:
#744408
1,
#744479
0/
#744494
1:
#744505
#744524
08
#744537
1/
#744547
0(
#744564
1#
#744575
00
#744590
10
#744601
#744630
0/
#744646
1<
#744656
#744664
#744674
#744685
#744695
1!
#744696
0!
#744701
#744720
0<
#744736
1/
#744835
09
#744849
1<
#744927
#744954
0/
#744967
15
#744976
#744986
0<
#745001
1<
#745011
#745020
0#
#745037
1'
#745054
0<
#745070
1<
#745095
#745113
05
#745129
15
#745154
0-
#745170
1-
#745255
0-
#745270
1-
#745281
#745311
#745320
0<
#745333
11
#745343
0,
#745359
1,
#745376
0'
#745393
1$
#745403
0-
#745419
1-
#745429
0,
#745445
1,
#745531
#745560
07
#745573
1=
#745583
0,
#745599
1,
#745610
#745620
#745631
#745643
05
#745658
15
#745678
1!
#745679
0!
#745683
#745756
05
#745772
15
#745782
0:
#745797
1)
#745807
0$
#745824
1%
#745908
#745925
#745955
00
#745968
1.
#745978
01
#745993
11
#746005
#746023
01
#746038
11
#746050
#746078
0=
#746093
13
#746118
#746146
#746158
#746169
0)
#746185
1=
#746195
0%
#746212
1/
#746222
01
#746238
11
#746255
0.
#746271
1.
#746281
03
#746298
13
#746382
0.
#746398
1.
#746408
03
#746424
13
#746435
#746469
0.
#746485
1;
#746496
#746507
03
#746522
1.
#746532
#746541
0-
#746557
13
#746567
#746582
#746592
#746620
#746629
05
#746645
1-
#746669
0=
#746685
1<
#746755
0/
#746768
15
#746779
0;
#746792
1=
#746810
#746838
1!
#746839
0!
#746844
#746858
#746870
#746881
#746897
0,
#746913
12
#746937
05
#746954
1,
#747031
0-
#747046
15
#747124
0=
#747139
1-
#747151
#747179
0<
#747192
1=
#747203
0,
#747218
10
#747229
0-
#747245
1,
#747256
#747268
03
#747283
1-
#747300
#747309
01
#747323
13
#747333
05
#747349
15
#747433
03
#747449
13
#747467
02
#747481
1*
#747493
1!
#747494
0!
#747498
#747525
03
#747541
13
#747625
0,
#747641
1,
#747720
#747764
0-
#747777
1/
#747787
0*
#747804
1&
#747875
#747887
0.
#747901
1(
#747913
#747956
#747985
0(
#748000
16
#748010
#748020
#748047
0&
#748062
1<
#748072
#748081
0/
#748097
14
#748108
#748120
#748131
#748148
0=
#748161
1/
#748171
00
#748187
10
#748205
#748216
#748225
0/
#748241
1/
#748251
00
#748268
10
#748367
0/
#748383
1/
#748393
00
#748409
10
#748419
0,
#748433
1#
#748586
#748616
06
#748631
1=
#748641
05
#748654
16
#748665
1!
#748666
0!
#748671
#748684
#748711
0#
#748726
18
#748737
04
#748751
1'
#748761
03
#748777
13
#748787
#748797
#748808
03
#748824
13
#748834
0<
#748850
1<
#748860
06
#748876
16
#748892
#748901
08
#748917
18
#748927
03
#748943
13
#748961
#748980
08
#748996
18
#749006
0<
#749022
1<
#749100
08
#749115
18
#749125
00
#749140
1$
#749157
0<
#749172
1<
#749183
#749221
#749233
0'
#749249
1-
#749274
#749303
#749331
0=
#749347
19
#749357
#749366
0$
#749382
1,
#749393
#749404
08
#749420
1=
#749432
#749443
0=
#749460
18
#749470
09
#749486
1=
#749509
#749519
0=
#749535
19
#749546
#749617
03
#749633
1=
#749643
06
#749659
13
#749671
#749697
09
#749713
16
#749724
#749751
03
#749767
19
#749779
#749813
08
#749829
17
#749847
1!
#749848
0!
#749853
#749866
#749878
#749993
07
#750009
13
#750026
0-
#750042
1:
#750054
#750072
03
#750088
18
#750100
#750178
08
#750193
17
#750204
0:
#750219
1-
#750236
0,
#750250
13
#750260
07
#750276
18
#750287
0-
#750303
1:
#750335
#750363
#750391
#750400
06
#750416
17
#750426
#750435
09
#750451
1-
#750468
0-
#750485
1;
#750496
#750513
#750522
0=
#750538
1,
#750608
#750618
#750645
0:
#750661
16
#750671
#750737
#750747
#750757
#750767
07
#750782
19
#750793
03
#750808
1-
#750820
#750838
0;
#750852
1=
#750863
1!
#750864
0!
#750869
#750882
0=
#750898
11
#750930
#750944
#750979
#750998
01
#751014
1:
#751023
#751092
#751101
08
#751114
17
#751131
#751156
#751167
06
#751184
13
#751261
03
#751276
1=
#751287
0/
#751300
12
#751311
#751325
0=
#751341
11
#751409
07
#751425
16
#751435
01
#751451
13
#751462
#751474
06
#751490
1=
#751501
03
#751517
17
#751609
07
#751624
11
#751635
#751649
0<
#751662
16
#751672
09
#751689
13
#751699
0,
#751715
17
#751725
01
#751742
19
#751766
#751778
0:
#751794
1,
#751806
#751834
#751926
0=
#751940
11
#751950
09
#751966
1:
#752050
#752066
#752224
01
#752237
1.
#752247
0:
#752260
19
#752345
09
#752360
19
#752431
0.
#752444
1)
#752462
06
#752476
1%
#752487
#752516
0%
#752531
15
#752541
#752558
#752570
#752600
07
#752615
1=
#752625
0)
#752641
17
#752651
#752660
03
#752676
13
#752693
05
#752708
15
#752719
0,
#752734
1,
#752746
1!
#752747
0!
#752752
#752764
05
#752780
15
#752790
0,
#752806
1,
#752816
0-
#752831
1*
#752841
05
#752857
15
#752867
03
#752883
13
#752908
#752927
03
#752943
13
#753028
#753059
#753085
0*
#753101
11
#753112
#753146
05
#753160
14
#753170
#753180
#753193
1!
#753194
0!
#753199
#753217
#753228
#753255
#753266
#753277
01
#753293
10
#753310
09
#753326
1:
#753337
#753347
#753370
02
#753387
11
#753472
#753499
0=
#753515
19
#753577
1!
#753578
0!
#753583
#753596
00
#753609
12
#753620
#753631
02
#753648
1;
#753665
01
#753681
1=
#753692
#753764
0=
#753780
12
#753797
07
#753812
11
#753823
04
#753838
1=
#753909
0=
#753924
17
#753935
01
#753950
14
#753960
0;
#753973
1=
#753990
#754000
#754029
07
#754044
11
#754055
09
#754070
15
#754081
0:
#754096
17
#754107
0,
#754120
19
#754131
02
#754147
1:
#754156
#754167
#754178
09
#754195
12
#754205
0:
#754221
19
#754238
04
#754254
1:
#754278
0:
#754294
14
#754305
07
#754321
1:
#754367
#754394
04
#754410
17
#754421
#754449
#754463
#754474
05
#754491
18
#754553
#754564
#754581
#754607
#754623
#754633
03
#754649
14
#754741
#754759
08
#754775
1/
#754786
#754812
1!
#754813
0!
#754818
#754963
#754973
07
#754985
15
#754995
#755004
01
#755019
1<
#755030
02
#755043
13
#755053
05
#755069
18
#755080
#755115
#755124
03
#755140
11
#755164
09
#755180
15
#755250
08
#755266
17
#755276
05
#755291
13
#755302
0=
#755315
19
#755326
#755338
09
#755354
18
#755371
08
#755387
15
#755538
04
#755551
19
#755561
0/
#755575
18
#755585
01
#755600
11
#755611
03
#755626
13
#755645
1!
#755646
0!
#755651
#755670
0<
#755684
1(
#755709
01
#755725
11
#755736
#755765
09
#755780
1-
#755806
#755885
#755896
#755956
07
#755972
19
#755982
0(
#755999
12
#756022
#756120
#756139
#756167
#756245
08
#756258
17
#756270
#756298
#756307
02
#756320
1.
#756391
0:
#756407
14
#756416
#756426
#756438
07
#756454
1:
#756471
0-
#756487
17
#756497
01
#756513
1-
#756583
0:
#756599
11
#756623
0.
#756636
1:
#756646
01
#756662
11
#756679
0:
#756695
1:
#756705
01
#756721
11
#756738
0-
#756754
1-
#756832
09
#756846
1&
#756924
07
#756939
17
#756956
0-
#756970
1-
#756981
0:
#756995
1#
#757021
1!
#757022
0!
#757026
#757115
03
#757129
1'
#757140
#757237
05
#757248
16
#757260
#757289
0#
#757304
18
#757314
#757323
04
#757338
14
#757355
0&
#757371
1$
#757383
#757395
#757425
1!
#757426
0!
#757431
#757443
#757452
#757461
0-
#757473
10
#757485
#757496
04
#757511
14
#757521
0$
#757538
1%
#757556
04
#757571
14
#757582
#757612
#757628
0%
#757643
12
#757654
08
#757669
18
#757693
08
#757709
18
#757720
#757739
#757768
08
#757784
1,
#757846
#757858
#757876
07
#757892
18
#757902
00
#757918
17
#757988
#758004
0'
#758020
10
#758030
0,
#758044
1)
#758055
00
#758070
10
#758148
07
#758163
17
#758173
01
#758188
1*
#758198
07
#758213
17
#758224
06
#758239
16
#758257
#758292
00
#758308
1;
#758327
#758337
0*
#758353
10
#758363
06
#758379
16
#758390
#758420
#758428
#758488
06
#758504
1:
#758514
02
#758530
16
#758540
0)
#758557
12
#758575
#758599
#758690
02
#758706
12
#758791
02
#758806
12
#758831
07
#758845
1(
#758856
0;
#758871
1;
#759016
08
#759030
1#
#759040
00
#759054
1&
#759066
1!
#759067
0!
#759071
#759085
#759115
06
#759127
13
#759145
0(
#759162
1$
#759241
#759270
04
#759282
1/
#759292
0$
#759310
1%
#759320
0;
#759335
1;
#759345
0:
#759360
1:
#759371
#759382
#759392
0;
#759406
1;
#759417
0:
#759431
1:
#759443
#759455
1!
#759456
0!
#759460
#759473
0/
#759488
1/
#759505
0:
#759520
1:
#759529
#759553
#759583
#759612
0/
#759627
1=
#759637
#759654
#759672
0&
#759687
1-
#759698
0%
#759713
1/
#759785
#759797
0=
#759812
1=
#759829
0/
#759844
1/
#759855
02
#759869
1'
#759894
0=
#759909
1=
#759920
#759950
#759959
03
#759974
17
#759985
#760011
0=
#760026
13
#760036
0-
#760052
1=
#760069
03
#760084
1-
#760095
#760132
0'
#760148
13
#760158
0/
#760174
16
#760246
#760325
0:
#760337
1/
#760347
0-
#760363
1-
#760373
03
#760388
13
#760399
0;
#760413
1*
#760423
0/
#760439
1/
#760449
0-
#760464
1-
#760549
0/
#760563
1/
#760575
#760616
07
#760629
1<
#760639
#760649
#760675
#760686
#760696
#760721
#760730
0<
#760745
15
#760762
#760771
0#
#760787
1.
#760798
#760817
#760835
05
#760851
1<
#760868
0.
#760884
15
#761028
#761038
05
#761052
1.
#761064
#761091
0-
#761104
15
#761122
1!
#761123
0!
#761128
#761140
#761149
0<
#761165
10
#761175
05
#761190
1<
#761200
0*
#761216
15
#761234
#761246
0=
#761260
1)
#761285
0<
#761301
1<
#761387
#761417
0.
#761432
1;
#761442
0/
#761456
1.
#761467
#761479
0.
#761494
1.
#761511
06
#761527
16
#761545
#761573
06
#761589
17
#761600
1!
#761601
0!
#761606
#761618
00
#761634
16
#761706
#761718
0<
#761733
10
#761743
0)
#761759
1<
#761791
#761819
0<
#761835
1=
#761846
#761858
0;
#761874
1<
#761972
06
#761987
1;
#761997
03
#762011
16
#762021
07
#762035
1(
#762052
0<
#762068
1<
#762147
#762227
0;
#762243
17
#762254
#762287
0(
#762303
1;
#762313
05
#762329
19
#762338
#762348
0=
#762361
15
#762372
0;
#762388
1;
#762399
#762412
#762422
#762432
#762474
#762508
05
#762524
1,
#762535
#762546
#762556
1!
#762557
0!
#762562
#762575
#762605
#762616
06
#762632
11
#762642
#762650
#762659
#762668
09
#762684
15
#762694
0.
#762711
1=
#762728
0,
#762744
16
#762755
#762774
00
#762790
19
#762800
06
#762816
1.
#762848
0.
#762864
1,
#762875
#762896
05
#762912
10
#762922
09
#762939
16
#762949
0=
#762965
1.
#763146
00
#763162
15
#763172
06
#763187
19
#763204
0<
#763217
1=
#763228
0,
#763243
10
#763254
0;
#763267
16
#763284
0.
#763301
1,
#763312
#763347
#763366
0,
#763382
1.
#763481
#763510
09
#763526
18
#763536
07
#763552
1,
#763614
#763625
0=
#763641
19
#763651
08
#763667
17
#763691
#763701
#763712
#763721
06
#763738
1=
#763761
0=
#763778
18
#763795
08
#763812
16
#763823
1!
#763824
0!
#763829
#763842
#763877
#763891
#763919
#763931
07
#763947
1=
#764074
#764102
#764119
#764129
#764143
#764153
#764162
#764171
0,
#764188
18
#764198
09
#764214
14
#764224
#764233
01
#764249
12
#764259
00
#764275
17
#764287
#764349
08
#764365
1:
#764382
07
#764398
1,
#764475
04
#764490
19
#764502
#764521
0,
#764537
11
#764621
01
#764636
10
#764706
0=
#764719
18
#764730
#764750
06
#764765
17
#764775
#764784
0:
#764797
14
#764814
#764823
04
#764839
1,
#764856
0,
#764872
11
#764890
01
#764905
16
#764917
#764928
06
#764944
14
#765015
04
#765030
1,
#765047
0.
#765060
11
#765085
#765113
#765127
#765139
08
#765155
16
#765165
02
#765179
14
#765189
09
#765205
1-
#765222
#765232
#765243
00
#765259
18
#765270
#765290
#765299
06
#765315
19
#765326
#765338
0-
#765354
10
#765364
08
#765381
16
#765398
01
#765414
1-
#765431
0-
#765447
18
#765465
#765493
#765522
1!
#765523
0!
#765528
#765540
08
#765556
11
#765568
#765579
09
#765595
1-
#765605
0,
#765621
1/
#765638
00
#765655
13
#765666
#765680
#765690
#765700
04
#765716
18
#765726
03
#765742
19
#765752
#765760
#765784
#765811
#765819
#765830
#765847
#765856
06
#765872
1,
#765964
07
#765978
10
#765988
0,
#766004
14
#766081
09
#766095
13
#766106
#766118
03
#766134
1<
#766144
04
#766160
16
#766184
06
#766200
1,
#766212
#766285
0,
#766301
13
#766311
00
#766327
14
#766338
1!
#766339
0!
#766344
#766356
04
#766372
16
#766390
01
#766406
1,
#766417
1!
#766418
0!
#766423
#766449
0-
#766465
10
#766476
#766488
00
#766504
14
#766649
#766663
#766697
05
#766710
11
#766721
#766748
0<
#766761
1-
#766772
03
#766787
10
#766798
01
#766813
1;
#766824
0,
#766839
12
#766850
06
#766866
13
#766877
#766889
#766900
0/
#766913
11
#766923
#766939
02
#766955
1,
#766972
#766980
#766990
#767002
0,
#767018
16
#767028
#767045
#767086
#767103
#767117
#767135
0;
#767151
12
#767168
02
#767185
1,
#767194
#767269
#767302
04
#767318
1=
#767329
#767402
00
#767418
1;
#767428
0-
#767444
12
#767454
03
#767470
14
#767591
02
#767607
10
#767617
0;
#767632
1-
#767643
0,
#767658
13
#767676
1!
#767677
0!
#767682
#767696
#767708
#767735
0-
#767751
12
#767761
01
#767774
1;
#767785
#767796
03
#767812
1,
#767822
0;
#767838
1:
#767848
0=
#767864
1-
#767874
#767897
08
#767910
13
#767928
03
#767944
1;
#767954
#767964
#767977
04
#767993
1=
#768010
0-
#768026
13
#768118
#768146
06
#768161
14
#768172
0:
#768185
1-
#768196
#768208
0=
#768224
1.
#768242
#768269
#768279
#768307
#768318
04
#768334
16
#768344
#768352
#768361
#768370
0.
#768387
1=
#768397
06
#768413
17
#768423
#768438
#768448
#768474
#768560
#768573
03
#768587
19
#768604
0;
#768620
14
#768749
0=
#768764
1.
#768776
1!
#768777
0!
#768782
#768794
07
#768810
16
#768828
0-
#768844
1;
#768914
06
#768930
1=
#768953
0,
#768967
17
#768984
0;
#768999
1-
#769011
#769022
0-
#769038
16
#769197
00
#769210
1;
#769227
0.
#769242
1-
#769252
07
#769268
1.
#769279
#769309
#769336
09
#769349
17
#769359
04
#769375
1<
#769386
0.
#769402
14
#769412
07
#769428
1.
#769440
#769451
0-
#769467
17
#769484
0<
#769500
1-
#769511
#769531
1!
#769532
0!
#769537
#769549
0=
#769566
1<
#769582
#769592
#769606
#769618
#769634
0<
#769650
1=
#769661
#769675
#769687
0;
#769703
1<
#769727
0<
#769743
1;
#769754
#769775
0.
#769791
1<
#769808
0-
#769824
1.
#769836
#769914
0.
#769930
1-
#769939
#769955
#769965
#769977
04
#769993
15
#770011
#770022
0=
#770038
1.
#770050
#770063
0.
#770079
14
#770089
05
#770106
1=
#770116
07
#770132
1.
#770209
04
#770225
15
#770235
06
#770249
17
#770260
#770272
05
#770288
14
#770299
07
#770315
15
#770332
0-
#770348
17
#770360
#770373
07
#770389
1-
#770406
0<
#770422
17
#770441
#770453
0-
#770469
1<
#770554
#770581
0=
#770597
1-
#770608
#770623
1!
#770624
0!
#770628
#770641
0<
#770657
1/
#770667
02
#770683
1=
#770693
0;
#770707
1<
#770723
#770732
0<
#770748
12
#770760
#770772
#770798
#770814
0/
#770830
1<
#770841
02
#770857
18
#770868
#770895
04
#770911
1/
#770929
#770940
#770949
05
#770965
12
#770976
#771003
#771018
#771028
08
#771044
11
#771055
#771090
#771102
#771113
01
#771129
14
#771139
0=
#771156
15
#771180
#771191
#771201
#771228
0.
#771244
1:
#771255
0/
#771271
18
#771280
#771289
#771312
08
#771328
13
#771339
#771357
02
#771373
11
#771383
#771392
0-
#771408
1=
#771478
01
#771494
10
#771512
#771530
#771540
1!
#771541
0!
#771546
#771558
03
#771572
1.
#771582
#771598
0.
#771614
1/
#771684
0/
#771700
18
#771770
00
#771783
12
#771801
04
#771814
1-
#771832
0-
#771848
11
#771925
#771934
01
#771950
1.
#771961
#771981
0=
#771997
1/
#772007
05
#772023
1-
#772100
08
#772115
11
#772126
#772160
#772187
07
#772200
1=
#772218
#772231
0=
#772247
15
#772258
#772269
#772278
0-
#772294
18
#772304
0/
#772320
1,
#772337
#772347
#772358
0:
#772371
1=
#772388
0.
#772404
1-
#772423
1!
#772424
0!
#772428
#772442
#772462
0<
#772478
1/
#772489
#772501
0/
#772517
1.
#772631
#772661
#772673
08
#772689
1<
#772759
0<
#772775
1/
#772792
0,
#772806
18
#772816
01
#772832
1<
#772843
#772863
0=
#772880
11
#772897
01
#772914
1=
#772925
#773004
0<
#773020
11
#773031
#773044
01
#773060
1<
#773070
02
#773084
11
#773094
05
#773110
15
#773171
08
#773187
18
#773198
05
#773214
15
#773224
0-
#773240
1-
#773250
0/
#773266
1/
#773277
0=
#773293
1=
#773310
0-
#773326
1-
#773336
0=
#773353
1=
#773364
#773376
0-
#773392
1-
#773417
#773431
#773465
0<
#773481
19
#773492
#773520
#773547
#773582
#773596
#773630
08
#773646
1<
#773657
#773686
1!
#773687
0!
#773691
#773705
#773716
0<
#773732
16
#773742
#773750
#773759
#773768
#773792
#773803
#773814
0.
#773830
1;
#773841
01
#773857
13
#773867
#773876
05
#773892
18
#773902
#773912
#773922
#773931
#773939
#773948
#773957
08
#773973
10
#773984
0;
#774000
1<
#774011
#774029
00
#774045
1.
#774056
0<
#774072
11
#774096
01
#774113
15
#774130
05
#774147
18
#774231
#774258
0-
#774272
1;
#774334
#774344
#774353
0;
#774370
10
#774393
09
#774410
1<
#774419
#774428
0=
#774445
11
#774456
1!
#774457
0!
#774462
#774488
0.
#774504
15
#774515
#774601
#774619
00
#774635
14
#774645
05
#774661
1;
#774731
08
#774747
19
#774757
01
#774773
1=
#774790
0/
#774803
1.
#774933
0.
#774949
17
#774958
#774968
06
#774981
10
#774990
#774999
0;
#775015
15
#775032
0=
#775048
18
#775058
00
#775074
11
#775098
09
#775114
1.
#775184
08
#775199
1;
#775217
04
#775230
1=
#775240
07
#775254
10
#775325
0=
#775340
19
#775418
03
#775431
18
#775441
09
#775457
1=
#775467
0<
#775481
19
#775491
08
#775507
18
#775519
#775559
#775573
#775592
00
#775608
10
#775627
1!
#775628
0!
#775632
#775652
00
#775668
10
#775679
#775693
#775719
00
#775735
10
#775746
0;
#775762
1;
#775927
0;
#775942
1;
#775953
08
#775967
1$
#775977
0;
#775992
1;
#776003
#776033
#776061
0$
#776077
1:
#776087
#776103
01
#776119
11
#776129
09
#776145
19
#776157
#776168
#776181
#776208
0:
#776224
1,
#776243
#776328
0,
#776343
1:
#776354
09
#776367
1,
#776378
#776414
0,
#776430
18
#776440
05
#776456
1,
#776468
#776545
#776554
#776563
01
#776579
15
#776589
#776599
1!
#776600
0!
#776605
#776625
05
#776641
12
#776652
#776665
#776682
0:
#776699
11
#776709
0;
#776725
15
#776735
0,
#776752
1:
#776763
#776791
01
#776808
1;
#776818
05
#776834
1,
#776851
0:
#776867
19
#776877
#776894
#776973
08
#776989
11
#777013
0;
#777029
15
#777120
02
#777133
1:
#777219
#777248
0,
#777261
18
#777272
#777284
08
#777300
1;
#777309
#777318
0=
#777335
18
#777412
0;
#777428
1=
#777445
00
#777458
1;
#777476
08
#777492
18
#777578
0.
#777592
1&
#777677
#777714
0;
#777727
1,
#777738
0&
#777755
1%
#777766
#777846
1!
#777847
0!
#777852
#777864
0=
#777879
1'
#777889
0:
#777905
1:
#777916
#777959
#777988
0'
#778004
1-
#778014
0:
#778030
1;
#778041
#778069
#778081
#778092
#778100
#778110
0,
#778125
1:
#778142
#778150
#778160
0:
#778175
1/
#778186
0-
#778201
1,
#778226
#778238
#778266
0,
#778282
1:
#778299
0/
#778315
1-
#778332
0;
#778348
1=
#778358
09
#778374
1,
#778392
0,
#778408
1/
#778418
0%
#778434
1;
#778505
0;
#778520
19
#778538
05
#778551
1,
#778561
0/
#778578
1;
#778589
#778616
0-
#778632
1/
#778642
09
#778659
16
#778670
#778698
#778718
#778729
#778757
0;
#778773
1-
#778782
#778842
06
#778859
19
#778868
#778877
#778886
09
#778902
14
#778919
#778928
0-
#778944
17
#778956
#778974
#779000
04
#779016
1;
#779027
0/
#779043
16
#779172
#779182
0,
#779195
19
#779205
07
#779221
1-
#779237
#779248
1!
#779249
0!
#779253
#779316
#779343
08
#779357
14
#779367
06
#779383
1/
#779494
#779511
#779531
#779545
#779674
#779685
#779695
#779707
0:
#779723
17
#779733
01
#779749
13
#779759
#779767
#779777
04
#779793
16
#779811
1!
#779812
0!
#779817
#780059
06
#780074
1<
#780084
0-
#780097
1:
#780167
0:
#780182
11
#780193
#780222
01
#780237
14
#780247
0;
#780260
16
#780345
#780357
0<
#780369
1:
#780380
0/
#780395
1-
#780420
#780484
07
#780499
11
#780509
06
#780525
1/
#780535
0:
#780550
17
#780561
01
#780576
16
#780586
0/
#780601
1:
#780612
07
#780627
11
#780637
06
#780652
1/
#780663
0=
#780678
17
#780703
#780729
0/
#780744
16
#780828
06
#780843
1=
#780855
1!
#780856
0!
#780861
#780873
03
#780886
1/
#780896
09
#780909
16
#780919
04
#780935
14
#780960
#781001
#781011
#781044
#781062
#781193
0:
#781208
12
#781219
0-
#781235
10
#781246
#781259
#781271
#781282
0=
#781298
1:
#781315
00
#781331
1-
#781342
0:
#781358
1=
#781378
1!
#781379
0!
#781382
#781464
#781499
02
#781515
10
#781533
00
#781549
1:
#781560
#781578
0=
#781595
12
#781604
#781680
02
#781696
10
#781707
07
#781722
1=
#781733
04
#781748
12
#781819
02
#781834
17
#781851
0-
#781864
14
#781875
00
#781890
12
#781901
0/
#781914
10
#781924
#781934
#781976
01
#781992
1-
#782003
04
#782019
11
#782030
#782056
01
#782072
14
#782090
#782184
04
#782200
11
#782209
#782227
#782255
#782265
02
#782280
1.
#782305
#782317
#782403
0:
#782419
14
#782429
06
#782445
12
#782455
0-
#782471
1:
#782488
01
#782504
16
#782515
#782560
1!
#782561
0!
#782565
#782638
02
#782654
1-
#782664
07
#782679
11
#782757
0=
#782770
12
#782780
00
#782796
17
#782807
#782826
06
#782842
10
#782853
#782887
02
#782902
16
#782913
07
#782928
15
#783006
0.
#783019
12
#783029
06
#783045
17
#783056
#783068
#783110
#783137
00
#783150
16
#783168
#783196
#783206
05
#783222
1,
#783231
#783240
#783249
#783259
#783286
07
#783302
18
#783313
#783332
#783344
#783355
08
#783371
10
#783381
0-
#783398
15
#783408
04
#783424
13
#783442
1!
#783443
0!
#783448
#783460
#783470
#783495
#783519
#783533
#783545
#783554
0,
#783570
17
#783587
05
#783603
18
#783615
#783688
06
#783703
1-
#783714
00
#783729
14
#783739
#783748
08
#783764
1,
#783781
0:
#783795
15
#783805
0-
#783821
16
#783831
04
#783848
10
#783858
05
#783874
18
#783884
06
#783901
1-
#783911
00
#783927
14
#783944
0-
#783960
15
#783978
04
#783994
16
#784012
#784040
0,
#784056
10
#784118
#784195
08
#784211
1-
#784221
01
#784237
14
#784262
#784334
06
#784349
19
#784360
#784388
#784399
#784407
#784417
02
#784430
1,
#784439
#784448
#784464
0,
#784480
18
#784565
#784585
05
#784601
11
#784612
#784624
01
#784639
16
#784664
#784678
#784705
08
#784720
1;
#784732
1!
#784733
0!
#784738
#784750
#784760
#784777
#784786
0;
#784801
1,
#784893
00
#784908
15
#784994
#785013
03
#785025
11
#785035
0-
#785048
1<
#785132
01
#785147
18
#785164
06
#785177
1;
#785188
#785217
09
#785232
10
#785243
0,
#785258
11
#785268
07
#785282
19
#785292
05
#785308
1,
#785325
09
#785342
15
#785352
0,
#785368
19
#785378
04
#785394
1,
#785406
#785433
09
#785449
14
#785459
08
#785475
1/
#785487
1!
#785488
0!
#785493
#785505
05
#785521
19
#785533
#785612
#785638
0,
#785654
18
#785665
#785729
0/
#785744
15
#785755
04
#785770
1,
#785781
0<
#785794
1/
#785805
0;
#785821
14
#785831
08
#785847
1;
#785858
0/
#785874
18
#785884
04
#785900
1/
#785912
#785951
0;
#785967
14
#785978
#785992
#786003
#786013
#786055
#786082
0/
#786098
1;
#786110
#786122
#786131
#786147
01
#786163
1=
#786179
#786188
#786198
#786211
#786235
00
#786252
1.
#786262
09
#786278
1/
#786288
#786305
#786332
04
#786348
11
#786365
#786375
#786394
#786408
#786419
0;
#786435
10
#786509
#786518
00
#786534
19
#786546
#786619
1!
#786620
0!
#786624
#786652
#786672
01
#786688
1:
#786698
0/
#786714
14
#786724
05
#786740
1;
#786810
08
#786826
10
#786843
09
#786858
11
#786929
0;
#786944
1/
#786954
0=
#786967
15
#787044
0:
#787057
18
#787067
0/
#787082
19
#787093
05
#787108
1;
#787118
0.
#787131
1/
#787142
08
#787157
15
#787168
09
#787183
18
#787194
00
#787209
19
#787220
05
#787235
10
#787246
08
#787261
15
#787279
01
#787294
18
#787311
0;
#787327
11
#787338
#787351
#787385
0/
#787401
1;
#787417
#787427
#787442
1!
#787443
0!
#787447
#787461
#787488
0,
#787502
13
#787518
#787528
#787548
#787574
#787591
#787603
#787624
#787651
#787667
08
#787683
1/
#787694
#787711
#787721
#787748
#787757
03
#787773
12
#787783
#787799
09
#787815
1-
#787826
#787838
#787849
#787858
04
#787874
17
#787885
#787912
#787929
01
#787945
18
#787957
#787970
08
#787986
16
#788004
05
#788020
13
#788037
00
#788053
19
#788070
#788145
02
#788161
14
#788171
#788240
09
#788255
11
#788265
03
#788281
18
#788351
06
#788364
15
#788374
04
#788389
10
#788406
05
#788422
12
#788432
00
#788447
19
#788457
01
#788473
13
#788483
08
#788498
14
#788516
02
#788531
15
#788542
0;
#788555
10
#788625
04
#788641
11
#788651
03
#788666
18
#788676
05
#788692
12
#788702
0-
#788715
14
#788787
1!
#788788
0!
#788793
#788812
02
#788827
13
#788839
#788851
0/
#788864
15
#788881
00
#788897
12
#788921
#788935
#788963
04
#788978
10
#788989
#789008
#789032
#789096
07
#789110
1<
#789120
09
#789136
14
#789146
03
#789162
19
#789174
#789187
#789212
#789239
01
#789255
13
#789267
#789287
0<
#789303
1=
#789314
#789340
#789357
02
#789373
11
#789384
#789397
1!
#789398
0!
#789403
#789430
#789444
#789457
#789468
09
#789484
1<
#789501
0=
#789517
1,
#789528
0<
#789544
12
#789555
#789569
#789580
01
#789597
19
#789607
04
#789623
1=
#789633
09
#789650
1<
#789660
0,
#789676
11
#789686
#789695
01
#789711
14
#789721
03
#789738
19
#789747
#789757
04
#789773
1,
#789783
0=
#789799
11
#789816
09
#789832
13
#789850
03
#789866
14
#789876
#789885
01
#789901
1=
#789986
0=
#790002
19
#790012
08
#790026
13
#790042
#790126
#790161
#790172
05
#790186
11
#790195
#790205
#790232
#790242
#790269
#790285
00
#790301
1=
#790312
#790339
02
#790355
1:
#790372
#790389
#790400
0<
#790416
1.
#790433
0:
#790449
16
#790460
#790472
#790484
0,
#790500
10
#790512
#790522
04
#790539
1;
#790550
1!
#790551
0!
#790556
#790568
00
#790585
12
#790602
02
#790619
1<
#790635
#790645
#790665
0=
#790681
1:
#790691
#790759
#790768
06
#790784
1,
#790801
0;
#790815
14
#790832
0:
#790848
10
#790858
04
#790875
12
#790959
0,
#790975
1=
#791045
0.
#791058
16
#791070
#791081
06
#791097
1:
#791176
#791189
09
#791202
14
#791212
#791228
0<
#791243
1,
#791254
04
#791269
16
#791287
#791315
00
#791330
1<
#791341
01
#791354
14
#791364
0=
#791381
1-
#791391
0:
#791407
10
#791419
#791431
1!
#791432
0!
#791436
#791449
0-
#791465
1=
#791490
#791583
06
#791599
1:
#791610
#791639
0,
#791656
1-
#791679
#791689
00
#791705
16
#791715
0<
#791731
1,
#791742
0-
#791758
10
#791776
#791862
00
#791878
1<
#791889
#791902
0=
#791918
1-
#791928
03
#791942
10
#791952
#791962
#791981
00
#791997
1=
#792230
06
#792243
10
#792253
02
#792267
1#
#792284
0<
#792300
1<
#792310
0:
#792325
1:
#792343
#792379
0:
#792394
17
#792405
#792432
0#
#792447
1:
#792459
#792469
#792478
0:
#792494
1/
#792504
07
#792520
1:
#792530
#792540
#792564
0/
#792580
17
#792598
07
#792614
1/
#792625
#792655
#792733
0/
#792748
17
#792759
0,
#792775
18
#792785
04
#792801
1/
#792811
#792820
07
#792837
1,
#792848
#792866
0/
#792882
14
#792892
0-
#792908
17
#792918
#792927
0,
#792943
1/
#792955
#792974
1!
#792975
0!
#792980
#792999
0=
#793016
1-
#793034
#793069
#793097
#793107
#793118
04
#793134
1,
#793143
#793154
#793165
0,
#793181
1=
#793228
#793241
#793371
#793383
0/
#793398
15
#793408
0=
#793423
16
#793508
#793537
#793546
0<
#793559
14
#793569
0:
#793584
1,
#793594
08
#793608
1/
#793619
#793632
1!
#793633
0!
#793638
#793657
0-
#793673
1=
#793683
0/
#793699
1:
#793709
04
#793726
1-
#793736
0=
#793752
1/
#793762
0:
#793779
14
#793796
07
#793812
1=
#793829
04
#793845
1:
#793923
#793944
0-
#793960
17
#793971
#793998
0/
#794014
14
#794024
05
#794038
1-
#794055
06
#794071
1;
#794082
#794100
#794184
#794211
0:
#794227
1/
#794237
0-
#794253
16
#794264
#794282
07
#794296
1.
#794305
#794314
#794324
#794358
0;
#794374
1:
#794385
#794415
#794425
#794434
06
#794450
1-
#794467
#794477
#794509
#794536
#794545
0=
#794561
11
#794572
0,
#794588
1;
#794608
1!
#794609
0!
#794612
#794677
#794688
#794704
0;
#794720
17
#794730
04
#794746
16
#794824
#794835
#794844
0.
#794860
19
#794870
06
#794886
1=
#794903
01
#794917
1,
#794934
0=
#794950
1;
#794967
0,
#794983
14
#794995
#795068
07
#795083
1.
#795094
0;
#795109
16
#795120
04
#795135
1=
#795220
00
#795233
1,
#795243
09
#795257
17
#795267
0.
#795283
1;
#795295
#795386
#795396
#795407
#795416
0,
#795432
14
#795457
#795471
#795483
1!
#795484
0!
#795489
#795502
06
#795518
1.
#795542
07
#795559
13
#795569
0;
#795585
1,
#795656
#795675
0/
#795688
16
#795699
04
#795715
17
#795733
07
#795749
1;
#795759
06
#795775
14
#795786
0.
#795802
17
#796020
0-
#796033
16
#796051
03
#796064
1.
#796074
06
#796090
16
#796108
#796202
#796218
04
#796231
12
#796242
#796270
#796280
0:
#796296
1:
#796314
#796327
#796337
0:
#796354
1:
#796371
0:
#796387
1:
#796398
0=
#796414
1=
#796424
0;
#796440
1;
#796519
1!
#796520
0!
#796525
#796537
07
#796552
1*
#796577
#796606
#796640
0,
#796656
1<
#796666
#796675
0*
#796691
18
#796770
#796787
0.
#796801
1,
#796812
#796824
#796854
#796866
0<
#796882
14
#796899
08
#796915
1<
#796926
#796955
0<
#796971
18
#796981
06
#796998
1.
#797008
0,
#797024
1<
#797034
02
#797050
16
#797062
#797073
#797082
#797091
08
#797107
1,
#797117
0;
#797133
12
#797150
#797159
0<
#797175
18
#797266
02
#797282
1;
#797292
0,
#797308
1<
#797318
0.
#797332
12
#797342
06
#797358
1,
#797390
08
#797406
16
#797424
02
#797440
18
#797450
0,
#797466
12
#797477
#797581
1!
#797582
0!
#797587
#797599
04
#797615
1,
#797625
0=
#797639
1.
#797708
#797736
#797754
#797769
#797861
#797888
06
#797903
14
#797915
#797950
0.
#797967
15
#798086
#798098
#798110
#798142
0:
#798158
11
#798228
#798311
04
#798326
16
#798336
#798352
0,
#798367
1.
#798378
#798413
#798442
02
#798458
1:
#798519
05
#798533
14
#798543
0<
#798559
1,
#798569
08
#798586
19
#798596
04
#798612
12
#798622
0,
#798638
1<
#798650
#798721
0:
#798737
18
#798748
#798760
01
#798773
14
#798798
#798811
#798820
09
#798836
1,
#798846
02
#798862
1:
#798872
#798881
08
#798898
19
#798909
1!
#798910
0!
#798915
#798934
0:
#798950
12
#798983
#799062
0<
#799078
18
#799088
06
#799102
1:
#799113
#799126
0,
#799142
1<
#799154
#799181
02
#799197
1,
#799207
0.
#799223
10
#799285
08
#799301
12
#799318
0<
#799334
1.
#799345
#799357
02
#799373
18
#799383
09
#799400
1<
#799430
0.
#799447
12
#799456
#799474
#799560
1!
#799561
0!
#799566
#799579
#799614
#799640
#799650
0,
#799663
19
#799673
0;
#799690
1.
#799701
#799727
#799736
#799745
#799760
#799769
09
#799785
1/
#799796
0.
#799812
1-
#799823
#799853
#799863
#799872
#799882
#799893
0:
#799909
1;
#799934
#799959
0/
#799975
13
#799985
0-
#800002
19
#800146
0<
#800159
1.
#800169
03
#800183
1,
#800200
0;
#800216
1:
#800227
#800239
0:
#800255
1/
#800286
08
#800302
1-
#800313
#800387
0/
#800402
1;
#800413
09
#800428
1:
#800499
0-
#800514
18
#800524
02
#800537
1/
#800549
#800577
#800588
00
#800601
19
#800612
08
#800628
1-
#800637
#800647
04
#800663
17
#800674
#800687
1!
#800688
0!
#800693
#800705
0;
#800721
18
#800739
0:
#800755
14
#800765
08
#800781
1;
#800792
09
#800808
1:
#800818
0-
#800834
18
#800845
#800886
0,
#800902
19
#800913
#800925
09
#800941
1-
#801100
07
#801113
1,
#801131
0,
#801146
19
#801158
#801187
04
#801202
1,
#801213
0/
#801229
14
#801239
0;
#801255
1/
#801265
#801282
#801309
08
#801325
1;
#801336
#801414
0,
#801430
1=
#801447
#801457
#801483
04
#801500
18
#801585
#801614
#801625
#801634
0.
#801650
15
#801661
#801672
#801689
1!
#801690
0!
#801695
#801716
#801735
#801748
0/
#801764
1,
#801834
#801843
0;
#801859
14
#801869
0=
#801885
1.
#801895
08
#801911
1/
#801935
09
#801948
1;
#801959
0-
#801975
1=
#801986
#802071
0=
#802087
18
#802097
0.
#802113
1-
#802131
#802144
#802155
08
#802171
11
#802182
0-
#802198
1=
#802215
0;
#802231
1.
#802248
0=
#802264
18
#802274
#802297
#802307
#802321
#802348
04
#802364
1-
#802376
#802387
0.
#802404
1;
#802427
05
#802444
1=
#802455
#802468
0;
#802484
16
#802502
#802513
0-
#802529
14
#802540
0/
#802556
1.
#802567
#802645
#802721
01
#802734
15
#802745
1!
#802746
0!
#802751
#802764
0,
#802779
1;
#802790
04
#802805
1-
#802817
#802830
05
#802845
1/
#802863
0:
#802876
1,
#802893
0=
#802909
14
#802980
0/
#802996
15
#803005
#803015
0,
#803030
1=
#803042
#803069
04
#803084
1/
#803102
06
#803115
1,
#803125
05
#803142
1<
#803153
#803163
#803172
0=
#803188
14
#803199
0,
#803215
15
#803231
#803241
08
#803257
1=
#803282
#803293
0=
#803310
1,
#803410
#803500
1!
#803501
0!
#803504
#803569
#803597
#803631
0;
#803645
18
#803655
0<
#803668
1=
#803680
#803691
#803707
#803716
0/
#803732
13
#803750
05
#803766
12
#803777
#803797
08
#803813
1/
#803824
#803851
0,
#803868
15
#803937
#803948
#803983
#803995
#804007
#804018
#804028
04
#804044
18
#804053
#804069
03
#804086
10
#804096
05
#804112
1,
#804122
#804131
02
#804147
17
#804157
#804165
#804174
#804183
08
#804199
14
#804210
#804231
#804250
00
#804266
13
#804283
0,
#804299
15
#804310
0.
#804326
12
#804403
05
#804418
18
#804437
1!
#804438
0!
#804442
#804455
0-
#804469
10
#804479
03
#804495
1,
#804580
00
#804595
1.
#804606
02
#804621
15
#804633
#804712
04
#804727
13
#804738
#804751
0.
#804766
10
#804777
0/
#804790
12
#804807
0,
#804823
14
#804833
02
#804849
1.
#804859
08
#804875
1,
#804886
#804913
07
#804927
12
#804938
#804956
03
#804972
18
#804983
#805010
0.
#805026
19
#805037
00
#805053
13
#805063
#805072
04
#805088
11
#805105
0=
#805121
1.
#805133
#805144
#805161
#805173
#805186
08
#805202
10
#805219
03
#805235
14
#805253
09
#805269
1=
#805421
#805433
01
#805446
18
#805463
08
#805479
13
#805490
#805510
02
#805526
19
#805537
#805564
#805573
09
#805589
18
#805598
#805608
0=
#805623
12
#805640
#805650
#805670
#805703
#805720
#805733
#805742
00
#805758
1:
#805769
#805788
#805807
#805818
0.
#805834
19
#805845
1!
#805846
0!
#805851
#805864
#805877
08
#805893
1=
#805903
#805912
05
#805926
16
#805936
03
#805952
10
#805962
04
#805978
1.
#805989
09
#806005
18
#806015
0=
#806031
13
#806049
0.
#806065
14
#806082
00
#806098
19
#806108
03
#806124
1=
#806135
08
#806151
1.
#806183
#806203
0.
#806219
10
#806229
02
#806245
13
#806322
04
#806338
18
#806490
#806518
#806547
0,
#806560
1.
#806570
08
#806586
12
#806596
0=
#806612
14
#806622
09
#806638
1;
#806648
00
#806664
18
#806674
02
#806690
1=
#806759
1!
#806760
0!
#806764
#806776
#806787
#806806
#806824
#806833
06
#806849
19
#806866
04
#806882
10
#807056
#807083
0:
#807096
12
#807164
#807194
#807212
0=
#807227
16
#807238
09
#807253
14
#807263
06
#807279
1<
#807364
#807391
0;
#807404
1=
#807413
#807473
#807481
#807491
0=
#807506
19
#807517
08
#807530
16
#807541
0.
#807557
1-
#807566
#807577
1!
#807578
0!
#807583
#807596
#807614
09
#807630
1=
#807723
06
#807738
1.
#807810
#807828
03
#807844
19
#807854
00
#807867
16
#807885
#807912
0<
#807928
13
#807939
#808038
#808046
#808056
03
#808071
17
#808081
#808091
#808170
#808199
04
#808212
1<
#808222
0=
#808238
1/
#808248
06
#808262
13
#808271
#808282
#808293
0.
#808309
18
#808334
#808360
0<
#808376
1=
#808386
03
#808402
1.
#808427
0/
#808443
1<
#808520
07
#808536
13
#808547
#808574
0.
#808590
1/
#808610
1!
#808611
0!
#808615
#808736
0<
#808752
17
#808763
#808775
#808804
09
#808820
15
#808830
02
#808843
1.
#808854
07
#808870
1<
#808880
0/
#808896
16
#808907
08
#808923
19
#808941
#808959
09
#808975
17
#809060
07
#809075
1/
#809092
0.
#809108
18
#809133
06
#809146
19
#809156
0/
#809173
17
#809243
09
#809259
1.
#809269
08
#809285
1/
#809355
05
#809369
19
#809387
#809422
0-
#809436
18
#809447
#809473
03
#809489
16
#809566
#809576
#809657
#809675
#809685
#809732
#809742
#809752
#809770
1!
#809771
0!
#809776
#809789
09
#809805
13
#809815
0=
#809831
11
#809842
0/
#809858
19
#809942
08
#809958
1=
#809969
#809999
#810084
06
#810100
1/
#810170
0<
#810183
18
#810193
0=
#810209
16
#810219
03
#810235
1=
#810245
0/
#810261
13
#810271
0=
#810287
1/
#810297
01
#810311
1=
#810328
0/
#810344
1/
#810355
#810389
07
#810405
1,
#810417
#810435
06
#810451
17
#810461
0.
#810477
16
#810556
1!
#810557
0!
#810562
#810574
0,
#810588
1.
#810598
06
#810614
16
#810632
#810666
0.
#810682
1:
#810761
#810789
07
#810803
1.
#810813
09
#810829
1<
#810840
0.
#810856
19
#810865
#810876
#810888
03
#810904
1.
#810913
#810943
#811026
#811043
0=
#811056
13
#811081
#811093
#811121
#811149
#811160
08
#811176
1;
#811187
09
#811203
14
#811221
#811239
04
#811256
18
#811333
0/
#811346
19
#811358
#811386
09
#811402
14
#811413
0<
#811429
17
#811491
#811502
#811518
#811526
#811535
#811619
0;
#811632
19
#811717
03
#811730
1<
#811741
#811769
#811780
0:
#811797
10
#811807
0<
#811823
1:
#811833
08
#811850
1<
#811860
06
#811876
18
#811887
1!
#811888
0!
#811893
#811906
0:
#811922
16
#811932
#811948
0<
#811964
1:
#811974
04
#811990
1<
#812074
00
#812088
14
#812099
#812126
#812135
08
#812151
12
#812161
04
#812178
18
#812188
0:
#812204
14
#812215
#812226
#812243
#812271
02
#812287
1:
#812306
#812324
07
#812340
1=
#812372
06
#812388
12
#812473
02
#812488
17
#812565
#812581
0.
#812594
16
#812604
07
#812620
12
#812705
06
#812720
17
#812730
02
#812745
16
#812756
08
#812769
12
#812780
1!
#812781
0!
#812786
#812814
#812843
#812997
#813026
0:
#813039
1.
#813049
06
#813064
18
#813076
#813087
04
#813103
16
#813120
09
#813133
14
#813224
04
#813239
14
#813324
08
#813338
1)
#813348
0.
#813362
1(
#813373
#813402
06
#813417
16
#813427
02
#813443
12
#813453
04
#813468
14
#813480
1!
#813481
0!
#813485
#813506
0=
#813521
1=
#813531
07
#813546
17
#813563
02
#813579
12
#813589
06
#813604
16
#813683
#813695
#813731
0<
#813744
15
#813762
#813790
02
#813805
1-
#813816
#813843
0)
#813859
12
#813868
#813879
#813905
0(
#813921
1:
#813931
#813939
#813957
#813968
#813995
#814005
#814016
#814027
#814037
#814061
#814089
0=
#814105
11
#814115
#814125
#814136
#814145
0:
#814161
1,
#814178
0-
#814194
18
#814205
#814232
#814310
01
#814326
1=
#814343
0,
#814357
1:
#814374
0:
#814391
1-
#814409
1!
#814410
0!
#814415
#814427
05
#814443
11
#814514
01
#814530
1:
#814540
0=
#814556
15
#814566
06
#814580
11
#814590
0:
#814606
1=
#814624
0=
#814640
1:
#814650
05
#814666
1=
#814737
01
#814753
15
#814778
#814805
02
#814820
11
#814832
#814859
07
#814872
1/
#814949
#814960
05
#814976
12
#814985
#814995
04
#815011
1;
#815021
0-
#815037
15
#815047
#815124
#815152
#815163
#815173
01
#815187
14
#815203
#815219
08
#815236
1-
#815247
#815259
0-
#815275
1.
#815312
02
#815328
18
#815340
#815368
08
#815384
1-
#815402
05
#815418
12
#815481
1!
#815482
0!
#815486
#815506
02
#815523
11
#815534
#815606
0/
#815621
18
#815653
#815667
#815679
04
#815695
15
#815832
01
#815845
12
#815862
0;
#815875
1/
#815886
#815915
0/
#815931
14
#815948
0-
#815964
11
#816034
0=
#816048
1/
#816058
08
#816074
1-
#816085
#816097
0/
#816112
18
#816123
0-
#816138
1/
#816149
05
#816164
1-
#816188
0-
#816204
15
#816222
05
#816238
1-
#816248
04
#816264
15
#816275
#816376
#816385
0/
#816398
14
#816422
0.
#816438
13
#816447
#816479
#816507
1!
#816508
0!
#816513
#816525
0:
#816539
1.
#816616
0.
#816632
10
#816642
#816651
04
#816665
1.
#816674
#816684
#816713
0.
#816729
1/
#816746
01
#816762
1.
#816774
#816786
#816797
#816883
#816895
#816922
00
#816938
11
#816956
0-
#816972
19
#816983
#816995
#817006
#817021
#817031
01
#817047
1<
#817124
03
#817139
10
#817150
08
#817166
1-
#817243
0-
#817258
11
#817269
09
#817282
13
#817292
00
#817308
18
#817318
02
#817332
1-
#817341
#817357
01
#817373
10
#817390
0-
#817407
11
#817484
00
#817500
1-
#817510
03
#817526
10
#817535
#817559
#817589
#817616
08
#817631
13
#817643
#817661
0/
#817677
14
#817696
1!
#817697
0!
#817702
#817782
#817793
00
#817806
1,
#817817
0<
#817830
18
#817854
0.
#817870
1/
#817881
08
#817897
1.
#817914
0/
#817930
18
#817940
0.
#817957
1/
#818041
#818058
#818087
03
#818103
1.
#818113
0/
#818129
12
#818190
0,
#818203
13
#818274
0.
#818290
1/
#818308
#818327
05
#818341
1.
#818350
#818448
03
#818462
1$
#818548
0.
#818562
1&
#818640
01
#818655
1'
#818666
#818701
#818717
0-
#818732
16
#818811
#818828
0'
#818843
1-
#818853
02
#818868
1%
#818878
0-
#818893
1-
#818904
06
#818918
16
#818996
06
#819011
16
#819021
04
#819036
1#
#819046
06
#819061
16
#819070
#819081
1!
#819082
0!
#819086
#819107
#819138
#819150
0&
#819164
10
#819175
0-
#819189
1-
#819228
#819266
08
#819280
13
#819291
0$
#819306
18
#819316
06
#819332
16
#819454
#819466
06
#819481
16
#819492
#819521
08
#819535
17
#819546
0#
#819561
18
#819571
#819581
#819592
0/
#819606
1*
#819617
08
#819632
18
#819642
07
#819657
17
#819669
1!
#819670
0!
#819675
#819687
07
#819702
17
#819713
06
#819728
16
#819751
#819768
#819871
0*
#819886
1=
#819898
#819927
#819936
00
#819950
1.
#819960
0%
#819977
1)
#819994
07
#820010
17
#820021
#820039
03
#820054
13
#820072
#820144
03
#820160
13
#820177
0=
#820192
1(
#820277
0-
#820291
1-
#820302
03
#820317
13
#820328
#820365
0(
#820380
12
#820391
#820420
0)
#820436
1;
#820447
#820474
#820483
07
#820496
1:
#820507
0.
#820523
1.
#820533
0-
#820549
1-
#820560
#820573
#820584
0.
#820600
1.
#820611
0-
#820627
1-
#820638
1!
#820639
0!
#820644
#820656
0;
#820673
1;
#820683
0.
#820699
1.
#820709
#820732
#820761
#820771
#820795
02
#820811
14
#820882
0;
#820897
12
#820909
#820942
#820951
08
#820967
1;
#820978
#820990
02
#821006
19
#821015
#821032
#821051
0:
#821064
18
#821075
09
#821091
12
#821161
0;
#821177
19
#821187
08
#821203
1;
#821213
#821235
#821244
02
#821260
18
#821271
#821357
0-
#821373
12
#821384
#821396
06
#821410
10
#821420
09
#821436
1-
#821475
#821503
#821531
#821541
08
#821557
19
#821567
04
#821583
1<
#821595
#821608
1!
#821609
0!
#821613
#821626
09
#821642
17
#821659
0-
#821675
18
#821687
#821699
#821709
#821727
00
#821743
14
#821754
#821841
0<
#821856
19
#822001
03
#822013
1-
#822024
07
#822037
10
#822047
04
#822063
1<
#822073
02
#822087
14
#822104
0-
#822120
1-
#822130
00
#822146
10
#822163
04
#822179
14
#822278
00
#822294
10
#822305
#822334
#822362
08
#822377
17
#822389
#822489
#822518
07
#822531
1,
#822542
0;
#822557
18
#822568
#822586
08
#822602
1;
#822613
0.
#822629
18
#822638
#822707
#822717
0,
#822730
1.
#822741
08
#822757
18
#822774
0.
#822790
1.
#822808
0.
#822824
1.
#822834
09
#822850
19
#822861
#822947
1!
#822948
0!
#822953
#822967
#822979
#822990
#823000
#823027
0<
#823043
15
#823060
#823068
#823079
#823102
#823112
05
#823128
11
#823160
#823250
#823261
09
#823277
1<
#823355
0;
#823370
15
#823381
#823394
05
#823410
17
#823427
0.
#823442
19
#823453
#823465
09
#823480
1;
#823499
#823526
04
#823541
15
#823552
#823565
0<
#823581
1.
#823591
0-
#823604
19
#823615
#823626
01
#823640
1/
#823650
0;
#823666
14
#823678
1!
#823679
0!
#823683
#823703
04
#823719
1<
#823729
07
#823745
1;
#823756
00
#823772
14
#823795
#823805
#823832
#823841
04
#823857
17
#823919
#823931
#823941
#823958
#823967
0/
#823983
10
#823995
#824015
0<
#824031
1=
#824123
05
#824139
14
#824216
0.
#824231
1/
#824242
08
#824255
1<
#824266
#824278
0/
#824294
15
#824304
09
#824320
1.
#824330
0<
#824346
1/
#824363
0.
#824379
19
#824389
0/
#824405
1<
#824416
1!
#824417
0!
#824422
#824434
07
#824450
1.
#824481
00
#824497
1/
#824508
#824528
0;
#824542
17
#824552
0<
#824568
10
#824690
07
#824705
1<
#824716
00
#824731
17
#824743
#824762
#824809
#824819
0=
#824832
10
#824843
#824857
#824884
04
#824901
1:
#824910
#824920
#824932
#824942
#824953
05
#824969
16
#824985
#824995
0:
#825011
14
#825022
#825036
#825063
0/
#825079
15
#825104
#825116
#825127
06
#825143
1:
#825153
#825169
04
#825185
13
#825203
05
#825219
1/
#825229
07
#825245
16
#825256
0:
#825272
14
#825282
0/
#825298
15
#825309
06
#825325
17
#825335
04
#825351
1:
#825361
#825370
05
#825386
1/
#825398
#825476
0:
#825492
16
#825502
0/
#825518
14
#825590
1!
#825591
0!
#825596
#825608
03
#825621
15
#825632
0.
#825645
1:
#825670
#825712
#825739
06
#825755
1/
#825766
#825791
09
#825807
12
#825818
#825846
#825864
#825940
#825948
#825957
#825973
0:
#825986
1,
#825998
#826015
02
#826032
16
#826042
0/
#826058
19
#826089
09
#826106
11
#826251
#826280
0,
#826293
12
#826303
00
#826319
1/
#826399
1!
#826400
0!
#826404
#826468
02
#826483
19
#826493
04
#826506
1:
#826517
0/
#826532
10
#826550
01
#826563
12
#826575
#826587
#826614
07
#826631
1/
#826641
02
#826657
1-
#826667
#826683
00
#826699
17
#826710
#826788
07
#826804
12
#826813
#826822
#826831
#826847
0-
#826862
10
#826880
00
#826896
17
#826921
#826951
#827036
06
#827052
1-
#827062
09
#827077
10
#827094
0-
#827110
16
#827121
#827134
0:
#827150
19
#827160
05
#827174
1-
#827191
02
#827207
1:
#827217
0-
#827234
12
#827251
02
#827268
1-
#827279
#827291
0/
#827307
12
#827332
#827367
#827381
#827392
02
#827409
1/
#827419
07
#827435
1;
#827445
06
#827461
12
#827494
1!
#827495
0!
#827500
#827512
#827522
#827540
0;
#827556
17
#827573
#827583
#827648
#827660
07
#827676
16
#827753
06
#827769
1;
#827786
09
#827802
17
#827812
0<
#827826
16
#827904
#827938
0;
#827954
19
#827965
#827995
#828006
07
#828021
18
#828032
0:
#828047
1;
#828058
0/
#828074
17
#828143
#828176
#828186
#828213
09
#828229
1:
#828240
00
#828256
1/
#828266
#828276
#828302
#828380
0;
#828396
1=
#828407
#828435
#828446
#828456
#828465
#828473
#828482
0=
#828498
1.
#828664
0.
#828677
19
#828687
0-
#828703
10
#828773
00
#828788
1;
#828799
09
#828814
1=
#828824
06
#828837
1-
#828848
07
#828861
10
#828880
#828899
0:
#828915
19
#828925
00
#828941
1:
#829026
0/
#829041
10
#829058
08
#829074
1/
#829085
#829119
0=
#829135
18
#829153
0/
#829169
13
#829179
0:
#829195
1=
#829205
0;
#829218
1/
#829230
1!
#829231
0!
#829236
#829249
#829260
08
#829276
1:
#829286
#829309
#829375
1!
#829376
0!
#829380
#829481
#829516
#829527
02
#829540
18
#829551
#829580
08
#829595
1,
#829606
00
#829619
1;
#829630
03
#829646
18
#829656
0-
#829672
13
#829683
09
#829699
1-
#829715
#829724
0-
#829741
19
#829751
03
#829767
1-
#829778
#829790
0-
#829806
13
#829817
0=
#829833
1-
#829863
0/
#829880
1=
#830017
0,
#830030
1/
#830041
0;
#830055
1'
#830066
#830095
09
#830111
14
#830127
#830145
#830230
0=
#830243
19
#830255
#830281
09
#830297
11
#830307
04
#830323
19
#830333
#830343
#830360
#830369
01
#830385
14
#830404
1!
#830405
0!
#830410
#830422
0'
#830438
11
#830523
#830532
03
#830547
13
#830557
#830566
04
#830582
14
#830592
09
#830607
1&
#830618
#830648
04
#830664
10
#830674
0&
#830690
14
#830708
#830728
01
#830744
11
#830754
08
#830770
18
#830847
01
#830863
11
#830873
08
#830889
18
#830907
08
#830922
18
#831014
0:
#831028
1$
#831182
#831219
0$
#831234
1;
#831244
03
#831258
1#
#831268
0-
#831282
1*
#831293
#831305
0/
#831320
1%
#831345
#831376
1!
#831377
0!
#831382
#831394
0*
#831410
1=
#831420
00
#831435
10
#831445
04
#831461
14
#831530
#831704
01
#831719
1(
#831730
#831758
0;
#831771
15
#831780
#831790
0#
#831807
1)
#831818
#831848
00
#831863
19
#831874
#831885
0)
#831901
10
#831911
0=
#831926
1=
#831937
#831949
04
#831964
14
#831974
#831983
00
#831999
10
#832009
0=
#832024
1=
#832041
05
#832056
15
#832067
04
#832082
14
#832092
0=
#832107
1=
#832119
#832156
05
#832171
13
#832182
#832217
0%
#832233
15
#832244
#832255
05
#832270
1<
#832281
0(
#832297
15
#832308
#832327
08
#832343
18
#832376
1!
#832377
0!
#832381
#832462
08
#832477
18
#832488
#832517
0<
#832531
11
#832541
08
#832557
18
#832567
03
#832583
13
#832595
#832695
03
#832710
13
#832721
05
#832735
1'
#832745
03
#832761
13
#832787
#832869
#832895
01
#832911
1;
#832921
0'
#832937
1.
#832948
#832973
#833051
#833079
0;
#833093
11
#833103
08
#833119
15
#833130
#833164
01
#833181
18
#833192
#833204
#833215
#833224
08
#833240
16
#833251
0.
#833267
11
#833283
#833293
#833330
#833341
05
#833357
18
#833367
01
#833384
1.
#833401
06
#833417
1;
#833428
08
#833444
15
#833514
#833524
#833551
09
#833567
11
#833578
1!
#833579
0!
#833584
#833596
03
#833610
16
#833633
#833642
05
#833659
18
#833669
06
#833685
17
#833696
#833723
#833733
#833752
0.
#833768
19
#833779
#833807
#833817
#833834
#833845
#833853
#833863
00
#833879
15
#833890
#833902
#833918
#833928
#833946
01
#833962
16
#833980
06
#833996
12
#834073
04
#834086
1.
#834097
0;
#834113
1,
#834183
0.
#834199
10
#834209
09
#834225
11
#834242
02
#834255
16
#834266
00
#834282
1;
#834292
01
#834308
1.
#834318
#834327
07
#834343
19
#834378
1!
#834379
0!
#834383
#834456
#834468
05
#834483
10
#834516
#834529
09
#834545
11
#834615
01
#834631
17
#834648
08
#834661
15
#834672
07
#834687
19
#834698
00
#834713
11
#834791
0.
#834806
17
#834818
#834829
07
#834845
10
#834883
#834897
#834910
#834944
0=
#834957
1.
#834975
#834988
0.
#835004
17
#835013
#835024
#835035
0;
#835051
1/
#835062
#835090
01
#835105
1.
#835130
#835144
#835156
06
#835172
1;
#835182
0,
#835196
1:
#835206
00
#835222
11
#835239
0;
#835255
16
#835267
#835277
#835286
06
#835302
10
#835314
#835324
#835333
01
#835349
1;
#835360
0.
#835376
16
#835393
0/
#835409
11
#835427
06
#835443
1.
#835454
#835473
#835483
00
#835499
1/
#835510
#835588
0:
#835604
16
#835615
07
#835631
10
#835642
1!
#835643
0!
#835648
#835660
#835676
01
#835692
1-
#835708
#835719
#835737
00
#835753
1:
#835764
0/
#835780
17
#835797
05
#835813
11
#835823
07
#835839
10
#835851
#835886
#835904
#835931
0:
#835948
1/
#835959
#836043
#836052
#836062
#836073
0/
#836089
15
#836099
#836109
#836137
#836147
#836156
05
#836173
17
#836182
#836198
09
#836214
1<
#836224
#836234
#836252
07
#836268
13
#836278
#836346
#836362
01
#836377
1:
#836395
0:
#836411
14
#836421
0<
#836435
1/
#836460
1!
#836461
0!
#836466
#836618
0;
#836634
12
#836644
04
#836657
15
#836668
#836687
06
#836700
19
#836785
0.
#836798
17
#836809
0-
#836825
11
#836835
09
#836851
1:
#836862
05
#836878
1;
#837031
#837101
0/
#837117
1-
#837128
#837207
#837219
02
#837232
19
#837242
0;
#837258
15
#837268
0-
#837284
1/
#837293
#837309
0/
#837325
1,
#837344
#837368
#837377
00
#837391
1;
#837401
01
#837417
1-
#837494
0;
#837510
1/
#837520
0-
#837536
11
#837548
1!
#837549
0!
#837553
#837566
09
#837582
1;
#837592
01
#837608
1-
#837618
05
#837632
19
#837642
0,
#837658
11
#837669
#837718
0:
#837734
1,
#837752
0,
#837768
15
#837780
#837852
0/
#837867
1:
#837891
03
#837905
1,
#837989
0,
#838005
1/
#838015
0:
#838031
1,
#838220
#838314
0-
#838327
1:
#838337
07
#838350
18
#838359
#838369
0:
#838384
1:
#838394
0,
#838408
1&
#838425
#838435
#838470
0&
#838486
1=
#838496
#838505
05
#838519
1$
#838531
#838543
#838553
#838563
1!
#838564
0!
#838569
#838649
0/
#838664
1/
#838682
#838763
0/
#838778
15
#838789
0$
#838805
1/
#838815
09
#838830
19
#838842
#838867
0=
#838883
1=
#838893
0/
#838909
1/
#838919
09
#838935
19
#838953
09
#838968
19
#839000
0;
#839014
1*
#839032
#839123
0*
#839138
1-
#839149
01
#839164
11
#839176
#839187
08
#839202
1#
#839279
0=
#839295
1=
#839375
1!
#839376
0!
#839380
#839462
#839490
0=
#839505
1<
#839515
0:
#839527
1=
#839537
0#
#839554
1)
#839565
#839590
#839620
#839630
#839642
0-
#839657
1,
#839666
#839675
0)
#839691
1-
#839701
05
#839715
1%
#839725
0<
#839740
1<
#839840
#839870
0/
#839883
1;
#839893
0,
#839907
1(
#839918
0%
#839935
1'
#839945
0<
#839960
1<
#839971
0=
#839986
1=
#839997
#840009
0<
#840024
1<
#840035
0=
#840050
1=
#840068
0=
#840083
1=
#840093
01
#840108
11
#840119
0-
#840134
1-
#840158
01
#840173
11
#840183
0-
#840198
1-
#840224
#840366
#840401
0;
#840416
15
#840427
#840453
0(
#840468
16
#840485
09
#840498
1;
#840508
#840518
#840545
#840556
#840566
0;
#840581
14
#840591
#840606
#840616
0'
#840632
1.
#840643
#840678
#840688
#840700
#840718
0<
#840734
1;
#840744
0=
#840760
1/
#840772
1!
#840773
0!
#840778
#840791
#840802
0;
#840818
1<
#840841
#840851
#840863
0.
#840879
1=
#840903
0<
#840919
1;
#841064
0=
#841080
1.
#841104
05
#841117
1<
#841127
0-
#841143
1=
#841154
#841183
06
#841196
1-
#841206
0=
#841223
1,
#841233
0<
#841249
1=
#841259
0-
#841276
1<
#841346
0/
#841362
1-
#841387
#841415
#841427
04
#841440
1/
#841501
0.
#841517
10
#841528
0/
#841544
1.
#841555
#841574
#841600
#841611
#841639
#841648
0-
#841664
1/
#841674
01
#841690
12
#841701
0,
#841717
15
#841727
#841736
0/
#841752
1-
#841763
#841775
#841809
1!
#841810
0!
#841815
#841827
#841836
0.
#841852
11
#842101
#842130
0=
#842142
1,
#842153
02
#842166
1/
#842176
05
#842192
1.
#842202
00
#842218
15
#842229
0,
#842245
10
#842315
00
#842331
1,
#842341
01
#842357
10
#842367
0<
#842381
11
#842405
01
#842421
11
#842432
#842510
00
#842526
13
#842537
0-
#842553
10
#842563
0,
#842579
1-
#842604
#842617
1!
#842618
0!
#842623
#842791
0-
#842804
1,
#842815
01
#842829
1&
#842840
#842852
#842882
#842891
00
#842907
1=
#842923
#842933
#843101
0=
#843114
10
#843125
#843153
0/
#843166
1-
#843176
0.
#843192
1.
#843202
00
#843218
10
#843229
#843241
0.
#843257
1.
#843267
00
#843282
10
#843293
05
#843308
15
#843339
05
#843355
15
#843426
#843454
#843480
#843490
#843518
0&
#843533
17
#843544
0.
#843559
18
#843570
03
#843585
11
#843595
#843605
1!
#843606
0!
#843611
#843625
#843636
0-
#843651
1.
#843663
#843675
#843701
#843734
#843744
#843755
#843764
07
#843780
13
#843796
#843805
08
#843821
1-
#843832
#843860
0;
#843873
1:
#843890
#843899
0-
#843915
17
#843926
#843943
#843953
0,
#843969
18
#843979
03
#843995
19
#844020
07
#844036
1-
#844053
00
#844069
1,
#844139
#844148
08
#844164
13
#844234
09
#844247
17
#844258
#844287
07
#844303
10
#844313
0,
#844329
18
#844339
01
#844355
1=
#844365
08
#844381
17
#844391
03
#844407
1,
#844418
#844430
0.
#844443
11
#844454
0-
#844470
18
#844487
01
#844503
13
#844522
1!
#844523
0!
#844528
#844562
0,
#844578
1-
#844588
00
#844604
11
#844757
#844784
01
#844799
1,
#844810
0:
#844823
10
#844847
00
#844862
16
#844940
#844957
07
#844971
11
#844981
#845056
#845065
06
#845079
10
#845097
#845191
0=
#845207
17
#845218
#845439
#845468
07
#845483
1=
#845501
00
#845516
17
#845527
#845555
#845567
0-
#845580
10
#845597
03
#845611
14
#845688
05
#845704
15
#845720
#845731
#845760
#845770
#845780
08
#845793
13
#845804
05
#845820
15
#845881
0,
#845897
1,
#845907
0=
#845923
1=
#845934
04
#845950
14
#845960
05
#845976
15
#845993
0,
#846009
1,
#846020
0=
#846036
1=
#846046
04
#846062
14
#846080
#846093
#846135
#846164
#846175
03
#846191
12
#846203
#846216
1!
#846217
0!
#846221
#846233
#846243
04
#846259
18
#846276
01
#846292
13
#846310
#846323
00
#846339
14
#846406
#846416
05
#846432
11
#846443
#846455
03
#846471
10
#846495
00
#846511
15
#846523
1!
#846524
0!
#846528
#846541
0,
#846557
13
#846568
#846583
#846661
01
#846677
10
#846687
07
#846703
1,
#846735
05
#846750
11
#846767
02
#846781
17
#846799
07
#846815
15
#846826
#846853
01
#846869
17
#846947
03
#846962
1<
#846974
#847053
#847062
08
#847078
11
#847089
#847116
07
#847132
13
#847142
05
#847158
18
#847170
#847180
#847204
#847231
04
#847247
1/
#847258
#847270
08
#847286
17
#847296
#847306
#847338
#847357
0/
#847373
15
#847383
0=
#847399
1;
#847411
#847488
#847496
#847506
0<
#847522
14
#847533
#847545
#847557
#847568
1!
#847569
0!
#847574
#847586
01
#847602
18
#847627
#847640
#847674
0;
#847690
1/
#847701
#847714
08
#847731
1=
#847740
#847750
#847768
04
#847784
19
#847801
0,
#847818
1<
#847828
0/
#847844
11
#847914
0<
#847930
1.
#847940
01
#847956
1;
#847966
0=
#847982
18
#848126
0.
#848138
14
#848149
03
#848162
1,
#848171
#848180
#848189
00
#848203
1/
#848212
#848229
0/
#848245
1<
#848255
04
#848271
11
#848289
0<
#848305
1=
#848316
01
#848332
1/
#848342
0,
#848358
14
#848435
04
#848451
1<
#848462
#848496
#848567
0/
#848583
11
#848594
#848607
1!
#848608
0!
#848613
#848632
0;
#848648
1,
#848733
#848746
09
#848759
14
#848770
#848798
07
#848811
1/
#848821
0=
#848838
1;
#848848
0/
#848864
1:
#848874
0;
#848891
1=
#848909
#848927
0:
#848943
1/
#848954
#848967
#848994
0<
#849010
1;
#849027
#849044
#849055
#849070
#849081
0=
#849098
1:
#849107
#849131
#849158
0,
#849174
16
#849185
#849198
#849207
05
#849223
1<
#849234
0/
#849250
1=
#849261
#849278
#849288
0:
#849304
1-
#849321
0<
#849338
1,
#849347
#849416
#849425
06
#849441
15
#849451
0=
#849467
1/
#849506
1!
#849507
0!
#849512
#849651
01
#849664
1:
#849674
0;
#849690
1<
#849701
#849714
#849741
0:
#849756
16
#849766
0<
#849782
1=
#849806
0=
#849821
1;
#849832
#849843
0;
#849858
12
#849870
#849883
05
#849898
1:
#849915
04
#849930
1<
#849941
08
#849954
1=
#849963
#850033
0,
#850048
1;
#850065
0-
#850078
15
#850089
06
#850104
14
#850115
02
#850128
1,
#850139
0;
#850155
16
#850165
05
#850181
1;
#850191
04
#850208
15
#850218
06
#850234
14
#850252
#850270
#850293
0,
#850309
16
#850341
#850375
#850386
#850457
#850470
#850480
#850570
05
#850584
1,
#850603
#850631
04
#850647
10
#850718
0,
#850734
15
#850745
1!
#850746
0!
#850751
#850763
0;
#850777
14
#850788
#850814
06
#850830
1,
#850841
#850862
#850889
0:
#850905
16
#850973
#850983
#850995
#851029
05
#851046
1.
#851057
#851071
#851083
#851094
06
#851110
1:
#851120
#851129
04
#851145
13
#851155
#851165
#851192
0/
#851208
15
#851218
#851227
00
#851243
16
#851255
#851266
0:
#851282
14
#851292
0.
#851308
17
#851406
06
#851422
1/
#851440
04
#851455
10
#851465
#851475
1!
#851476
0!
#851481
#851554
00
#851569
1:
#851579
#851588
07
#851601
1.
#851618
0.
#851634
16
#851712
05
#851727
14
#851745
03
#851760
10
#851771
#851849
0,
#851862
1.
#851872
0/
#851888
15
#851898
#851907
0.
#851923
13
#851933
05
#851949
19
#851960
#851971
04
#851987
1/
#852004
0<
#852017
1.
#852028
0:
#852044
15
#852054
0/
#852070
14
#852148
0=
#852163
1:
#852175
#852216
#852244
09
#852257
1/
#852267
#852275
#852284
#852293
#852317
#852328
#852340
#852367
00
#852384
1=
#852394
05
#852410
11
#852420
#852429
03
#852445
18
#852455
0:
#852472
1-
#852490
#852508
08
#852524
10
#852535
1!
#852536
0!
#852541
#852554
#852579
#852618
#852630
#852690
0.
#852707
15
#852837
05
#852852
13
#852862
01
#852875
1:
#852886
0-
#852899
18
#852917
08
#852933
1.
#852951
0.
#852967
15
#853037
0=
#853053
18
#853063
04
#853077
1.
#853094
0.
#853110
1=
#853128
0=
#853144
1.
#853155
08
#853171
1=
#853256
#853268
06
#853281
18
#853360
#853387
00
#853400
12
#853410
#853441
#853452
#853462
#853497
02
#853513
10
#853531
0=
#853547
12
#853669
0.
#853683
1=
#853694
#853706
0=
#853722
1=
#853739
03
#853755
13
#853766
0:
#853782
1:
#853792
05
#853808
15
#853818
02
#853834
12
#853858
0=
#853874
1=
#853886
1!
#853887
0!
#853892
#853904
0:
#853920
1:
#853945
#853972
02
#853989
1;
#854000
#854065
#854076
00
#854092
12
#854102
0;
#854118
10
#854130
#854223
0/
#854236
1;
#854329
#854358
0;
#854373
1/
#854442
#854454
08
#854470
1;
#854480
02
#854493
18
#854505
1!
#854506
0!
#854511
#854612
#854640
03
#854654
12
#854664
0:
#854680
1:
#854748
0:
#854764
1:
#854776
#854794
0:
#854810
1:
#854896
#854924
0/
#854938
13
#854948
05
#854964
15
#854974
#854983
05
#854999
15
#855010
00
#855026
10
#855036
0;
#855052
1;
#855062
08
#855078
18
#855090
#855101
#855131
#855160
05
#855176
1/
#855193
03
#855210
15
#855272
#855298
08
#855314
13
#855338
00
#855355
18
#855365
03
#855381
10
#855459
#855552
1!
#855553
0!
#855558
#855571
#855613
#855639
#855717
#855747
#855774
0;
#855789
13
#855799
#855808
#855817
0/
#855833
17
#855843
02
#855857
1<
#855866
#855876
#855888
#855899
#855909
#855919
#855928
0=
#855945
1,
#855954
#855964
07
#855980
19
#855998
#856016
0,
#856032
1;
#856057
#856143
03
#856159
1/
#856169
09
#856183
1=
#856194
#856223
0/
#856239
17
#856248
#856265
0=
#856281
1,
#856298
0,
#856315
13
#856380
1!
#856381
0!
#856385
#856419
0<
#856435
12
#856452
05
#856466
1/
#856537
#856564
0;
#856580
1=
#856590
0/
#856606
1,
#856668
#856679
0,
#856695
1<
#856706
#856718
07
#856733
11
#856744
00
#856759
1;
#856777
0:
#856790
1/
#856800
#856816
0;
#856832
1,
#856842
0<
#856858
17
#856875
#856884
0=
#856900
10
#856977
00
#856993
1;
#857011
0;
#857027
1<
#857044
01
#857057
1=
#857075
#857088
0<
#857105
10
#857183
#857195
08
#857208
1;
#857287
#857300
03
#857314
1<
#857324
07
#857340
17
#857350
02
#857366
12
#857378
#857412
0,
#857428
1-
#857438
02
#857454
1,
#857464
#857474
#857485
#857501
00
#857518
12
#857529
#857542
02
#857558
10
#857575
0<
#857591
12
#857610
#857638
#857732
#857762
#857773
0=
#857788
1<
#857806
0<
#857821
14
#857832
0-
#857848
1=
#857858
0,
#857874
1<
#857886
#857903
0=
#857919
1-
#857937
04
#857953
1,
#857965
1!
#857966
0!
#857971
#858050
0-
#858066
1=
#858077
#858090
#858117
00
#858133
14
#858143
0/
#858157
1-
#858166
#858176
0-
#858192
16
#858202
0,
#858218
10
#858228
#858318
0=
#858334
1-
#858345
#858369
0;
#858385
1,
#858395
0<
#858411
1=
#858430
1!
#858431
0!
#858436
#858455
#858530
#858539
06
#858553
1;
#858571
#858598
0;
#858614
1<
#858623
#858640
#858651
04
#858667
1.
#858677
#858687
#858714
02
#858730
1;
#858748
#858760
#858787
00
#858800
14
#858884
#858894
#858904
#858914
0=
#858929
19
#858940
0;
#858955
12
#858965
#858974
0.
#858990
15
#859007
02
#859023
1=
#859047
0=
#859063
1;
#859073
#859082
04
#859098
1.
#859228
0-
#859241
12
#859252
#859280
0<
#859294
1=
#859304
02
#859320
14
#859330
0=
#859346
10
#859370
07
#859385
12
#859397
#859410
1!
#859411
0!
#859415
#859524
09
#859537
1=
#859548
#859578
#859590
00
#859605
17
#859689
05
#859703
1-
#859721
#859751
#859777
0;
#859793
10
#859804
#859877
00
#859893
1;
#859903
0-
#859919
10
#859929
0,
#859943
1-
#859953
0.
#859969
1.
#860031
00
#860047
10
#860057
0-
#860073
1-
#860083
0.
#860099
1.
#860110
02
#860126
12
#860143
0-
#860159
1-
#860170
#860182
07
#860198
17
#860209
0;
#860225
1;
#860249
07
#860265
17
#860275
0;
#860291
1;
#860303
#860337
#860358
#860392
0=
#860408
1:
#860420
#860446
#860464
0:
#860480
11
#860491
#860555
0.
#860571
1=
#860583
1!
#860584
0!
#860589
#860601
0=
#860617
1:
#860629
#860642
#860727
#860756
01
#860772
1.
#860782
02
#860798
1=
#860809
04
#860825
11
#860836
#860870
0.
#860886
12
#860897
#860924
#860933
01
#860949
14
#860960
0=
#860976
18
#860986
#860996
#861008
#861033
#861043
#861055
#861064
#861072
#861083
#861093
#861102
02
#861118
1.
#861129
0:
#861145
13
#861155
00
#861171
11
#861182
04
#861198
1=
#861207
#861230
08
#861246
12
#861317
#861345
0.
#861360
1:
#861377
01
#861393
10
#861404
02
#861419
14
#861437
1!
#861438
0!
#861443
#861456
0:
#861472
18
#861483
#861494
03
#861507
1/
#861517
#861526
08
#861542
1.
#861553
04
#861569
11
#861579
0-
#861595
12
#861612
#861629
#861657
#861668
02
#861684
1:
#861700
#861710
07
#861726
18
#861757
#861850
#861859
08
#861875
14
#861886
#861907
00
#861922
1-
#861999
0:
#862015
16
#862026
#862104
0/
#862117
12
#862179
#862197
0=
#862210
17
#862220
#862229
0-
#862245
18
#862256
07
#862272
10
#862431
#862459
#862478
#862487
00
#862502
1:
#862512
#862521
0;
#862534
1<
#862611
06
#862627
1-
#862636
#862646
0:
#862661
17
#862672
1!
#862673
0!
#862678
#862697
0.
#862711
15
#862721
08
#862734
10
#862745
0-
#862761
16
#862772
#862797
02
#862813
1:
#862823
07
#862839
1-
#862850
#862901
#862913
01
#862929
12
#862953
02
#862969
17
#862980
#863061
0-
#863076
18
#863087
#863234
04
#863246
11
#863257
0<
#863270
12
#863288
#863302
05
#863315
1-
#863325
07
#863342
17
#863403
06
#863419
16
#863429
0:
#863445
1:
#863456
#863468
07
#863484
17
#863503
1!
#863504
0!
#863508
#863521
01
#863537
11
#863547
02
#863563
12
#863581
06
#863597
16
#863607
0-
#863623
1-
#863641
#863654
0-
#863670
1-
#863682
#863767
07
#863783
17
#863793
01
#863809
11
#863834
#863868
00
#863881
19
#863892
#863927
#863947
#864033
02
#864049
1,
#864060
09
#864076
10
#864087
#864099
#864125
#864152
08
#864169
12
#864245
#864255
#864285
#864312
#864320
#864329
#864338
0,
#864354
19
#864364
00
#864380
13
#864397
#864407
#864418
06
#864434
18
#864444
#864460
08
#864476
1/
#864487
#864498
09
#864514
1,
#864525
01
#864541
10
#864551
03
#864567
16
#864584
#864653
02
#864669
18
#864678
#864689
1!
#864690
0!
#864695
#864714
08
#864730
19
#864748
09
#864763
11
#864781
01
#864797
13
#864943
#864955
07
#864967
12
#865045
0,
#865060
18
#865070
02
#865085
19
#865095
0-
#865108
11
#865118
06
#865133
1,
#865145
#865158
0/
#865171
12
#865181
0:
#865195
16
#865205
03
#865221
13
#865245
06
#865261
16
#865271
03
#865288
13
#865299
#865311
01
#865327
11
#865345
#865373
#865385
#865395
0,
#865411
1=
#865427
#865438
#865462
0=
#865478
1,
#865504
#865539
#865550
#865573
#865583
#865684
00
#865700
1=
#865762
#865791
#865804
1!
#865805
0!
#865810
#865831
#865842
#865856
09
#865871
1.
#865882
01
#865898
1;
#865908
03
#865924
10
#865935
0=
#865951
19
#865962
#865973
0,
#865989
11
#865999
08
#866016
13
#866034
#866053
00
#866069
1=
#866086
09
#866102
1,
#866172
#866181
0,
#866197
18
#866207
03
#866223
10
#866240
#866249
0;
#866265
19
#866275
00
#866291
1,
#866301
08
#866317
13
#866328
#866348
0,
#866363
1;
#866374
01
#866389
10
#866400
02
#866413
18
#866438
0;
#866454
1,
#866464
08
#866481
11
#866558
0=
#866574
1;
#866585
#866613
#866640
01
#866656
18
#866676
1!
#866677
0!
#866680
#866745
06
#866758
1=
#866768
#866783
#866793
#866812
0;
#866828
1<
#866847
#866859
#866870
09
#866886
14
#866896
#866904
#866980
03
#866996
11
#867006
0.
#867022
1;
#867054
#867143
0=
#867159
19
#867183
0<
#867199
13
#867217
08
#867232
1.
#867257
#867269
0.
#867285
1=
#867296
#867345
#867371
#867447
#867455
#867464
#867488
#867500
#867512
#867541
09
#867556
1<
#867566
04
#867579
18
#867590
01
#867605
1.
#867616
03
#867631
15
#867642
08
#867657
1/
#867668
0.
#867684
19
#867694
0<
#867710
11
#867728
1!
#867729
0!
#867734
#867874
0;
#867889
13
#867899
0,
#867912
18
#867923
#867952
#867963
0=
#867978
1.
#867989
09
#868004
1<
#868075
00
#868088
1;
#868105
03
#868121
1:
#868131
0;
#868147
1=
#868157
08
#868173
19
#868184
#868196
09
#868211
13
#868303
#868332
#868341
0.
#868356
1;
#868367
05
#868380
18
#868397
0/
#868412
19
#868422
#868438
0<
#868454
1.
#868466
#868477
0.
#868494
1/
#868504
0;
#868520
1<
#868544
03
#868560
1.
#868585
#868612
0.
#868628
1;
#868639
#868650
#868660
1!
#868661
0!
#868666
#868679
#868700
#868711
#868781
0/
#868796
13
#868807
#868835
0=
#868850
17
#868867
0:
#868881
1.
#868891
09
#868908
1/
#868919
#868937
0/
#868953
1-
#868963
07
#868979
1=
#868990
#869004
#869033
#869045
#869056
0<
#869072
19
#869083
01
#869099
1/
#869144
#869294
#869304
#869333
03
#869346
17
#869356
0=
#869372
12
#869382
09
#869398
1<
#869409
07
#869424
11
#869448
0<
#869464
1=
#869475
01
#869491
19
#869561
0=
#869577
17
#869587
0/
#869603
1<
#869613
02
#869627
11
#869644
01
#869660
1=
#869671
07
#869687
1/
#869697
0<
#869713
11
#869724
0=
#869740
17
#869825
#869993
08
#870005
1<
#870017
#870052
0/
#870065
1=
#870076
01
#870091
13
#870110
#870122
#870149
#870159
#870186
0-
#870202
11
#870212
09
#870228
16
#870238
0;
#870252
14
#870329
#870339
#870350
07
#870364
1-
#870380
#870389
06
#870405
19
#870417
#870428
0-
#870444
16
#870469
#870496
04
#870512
1-
#870523
#870534
#870543
06
#870559
1,
#870569
0=
#870585
14
#870597
#870625
0-
#870641
16
#870651
#870667
04
#870683
1=
#870700
06
#870717
1/
#870735
#870747
0=
#870763
1-
#870908
03
#870923
14
#870940
#870950
#870979
0,
#870992
16
#871002
04
#871018
1=
#871027
#871038
1!
#871039
0!
#871044
#871064
1!
#871065
0!
#871070
#871082
01
#871098
13
#871108
0/
#871124
17
#871141
#871150
09
#871164
14
#871175
#871215
03
#871231
11
#871243
#871323
01
#871338
1/
#871350
#871362
07
#871377
13
#871388
0.
#871401
11
#871411
0/
#871428
17
#871445
03
#871461
1/
#871471
07
#871487
13
#871498
0/
#871514
17
#871533
#871553
07
#871569
1/
#871580
#871607
04
#871623
17
#871691
0=
#871707
10
#871719
#871848
#871860
1!
#871861
0!
#871866
#871878
#871893
#871904
#871930
#872007
#872016
#872025
06
#872039
14
#872049
0<
#872065
1=
#872082
04
#872098
15
#872110
#872146
#872174
#872192
#872222
05
#872238
1<
#872249
0-
#872265
14
#872276
#872289
#872315
#872324
04
#872341
16
#872351
0<
#872367
1:
#872391
00
#872407
15
#872418
#872482
05
#872498
1-
#872509
0=
#872525
12
#872535
#872545
#872557
0-
#872573
14
#872649
#872660
#872695
#872709
#872780
02
#872796
1<
#872813
06
#872828
10
#872839
07
#872854
15
#872924
0<
#872940
1=
#872951
1!
#872952
0!
#872957
#872969
05
#872985
1-
#872995
00
#873010
1;
#873020
#873029
0:
#873042
12
#873059
#873068
0/
#873081
16
#873091
#873100
02
#873116
17
#873127
06
#873143
1<
#873220
0=
#873236
15
#873342
0-
#873357
10
#873368
#873380
00
#873395
12
#873466
02
#873481
16
#873504
03
#873517
1=
#873527
06
#873543
1-
#873554
#873567
0=
#873582
10
#873602
1!
#873603
0!
#873607
#873688
#873700
01
#873713
12
#873745
#873759
#873786
0<
#873802
16
#873812
07
#873827
1=
#873837
#873860
0;
#873873
18
#873883
04
#873897
1<
#873907
05
#873923
17
#873933
#873943
#873978
#874006
#874018
#874028
#874037
#874046
07
#874062
15
#874073
0<
#874089
1,
#874099
0-
#874115
19
#874132
#874141
08
#874157
17
#874168
#874195
#874212
05
#874229
1<
#874240
#874260
02
#874277
1-
#874398
0,
#874413
18
#874425
#874437
0<
#874452
15
#874463
0-
#874478
12
#874497
1!
#874498
0!
#874503
#874516
#874529
02
#874545
1,
#874561
#874571
0=
#874584
1<
#874595
#874607
0,
#874623
1-
#874708
00
#874723
12
#874734
09
#874747
1,
#874758
#874772
02
#874788
10
#874805
08
#874822
12
#874832
07
#874848
18
#874858
05
#874875
17
#874892
0-
#874908
15
#874919
#874953
00
#874969
1-
#874981
#875022
#875034
0,
#875050
1.
#875061
#875089
07
#875105
10
#875123
#875184
#875193
08
#875209
1/
#875220
00
#875236
1,
#875246
#875256
#875266
#875281
#875292
#875306
#875316
#875325
0.
#875341
1:
#875351
#875361
#875380
0-
#875396
17
#875406
0/
#875422
18
#875440
07
#875456
10
#875467
#875488
1!
#875489
0!
#875494
#875521
0,
#875537
1.
#875555
0.
#875571
1-
#875642
#875670
#875681
05
#875695
1/
#875705
06
#875721
17
#875732
0/
#875748
1,
#875757
#875781
#875808
#875816
#875826
#875844
#875853
0<
#875869
1.
#875880
#875899
0.
#875915
1;
#876067
#876080
07
#876093
16
#876104
08
#876119
1/
#876190
06
#876205
14
#876215
0;
#876228
1<
#876239
0/
#876254
1.
#876265
02
#876278
18
#876289
0<
#876305
16
#876322
0-
#876338
1/
#876349
#876361
08
#876377
1<
#876388
0,
#876404
1-
#876421
0<
#876437
18
#876448
#876463
1!
#876464
0!
#876468
#876502
0:
#876518
1,
#876529
#876541
0,
#876557
1<
#876575
06
#876591
1:
#876615
0:
#876631
1,
#876717
#876730
04
#876743
16
#876755
#876782
0.
#876798
1:
#876808
0-
#876824
13
#876835
08
#876851
1.
#876912
0/
#876928
1-
#876990
#877016
#877044
#877056
#877067
#877076
03
#877092
18
#877115
#877205
0<
#877219
1/
#877238
#877265
00
#877281
11
#877291
0/
#877308
13
#877319
#877347
#877407
06
#877423
1=
#877434
#877445
0:
#877461
10
#877472
03
#877488
1/
#877498
0.
#877514
1<
#877531
#877541
#877552
#877628
01
#877644
16
#877654
00
#877670
1:
#877740
06
#877755
13
#877766
0/
#877781
1.
#877798
0=
#877811
11
#877829
#877842
01
#877858
10
#877868
0-
#877882
16
#877893
1!
#877894
0!
#877899
#877912
0.
#877928
1/
#877953
00
#877969
11
#878039
06
#878055
1.
#878066
#878100
03
#878116
10
#878127
#878139
0<
#878155
16
#878165
01
#878181
19
#878198
0,
#878211
13
#878236
#878271
#878285
#878297
0:
#878313
1<
#878323
#878338
#878349
#878362
0<
#878378
11
#878388
03
#878405
15
#878429
#878441
#878468
#878485
#878496
#878506
1!
#878507
0!
#878512
#878524
#878540
#878557
#878569
#878583
#878594
06
#878610
1:
#878621
01
#878637
1<
#878668
09
#878684
13
#878695
0:
#878711
17
#878788
05
#878804
16
#878875
0<
#878890
11
#878907
0.
#878920
19
#878930
08
#878944
1:
#879065
09
#879081
15
#879092
#879104
07
#879118
1<
#879128
0:
#879144
19
#879161
#879170
03
#879186
1:
#879198
#879224
06
#879240
13
#879251
00
#879267
16
#879277
01
#879293
10
#879305
#879332
06
#879348
11
#879359
#879369
#879379
03
#879395
1;
#879405
0/
#879421
16
#879432
00
#879448
13
#879540
#879575
#879586
#879595
0;
#879609
1/
#879618
#879628
#879655
05
#879672
10
#879689
0/
#879705
12
#879722
09
#879738
14
#879749
#879763
01
#879779
15
#879788
#879799
#879810
06
#879826
1/
#879837
1!
#879838
0!
#879843
#879856
05
#879872
19
#879890
#879914
0/
#879930
11
#879948
02
#879964
16
#879974
#879983
03
#879999
15
#880010
00
#880026
1/
#880035
#880113
#880199
#880213
#880232
0/
#880247
12
#880257
04
#880271
13
#880288
02
#880304
10
#880321
03
#880337
1/
#880348
#880376
#880403
0:
#880417
12
#880427
06
#880443
13
#880454
#880532
02
#880548
1=
#880559
03
#880575
16
#880584
#880594
0/
#880610
1-
#880621
#880632
05
#880648
12
#880658
#880667
06
#880683
13
#880694
#880712
#880735
#880747
0<
#880763
1/
#880781
0/
#880797
15
#880814
05
#880831
16
#880849
#880930
1!
#880931
0!
#880936
#880950
#880962
02
#880977
1<
#880987
#880996
0=
#881012
1/
#881097
#881127
#881154
00
#881167
15
#881178
#881196
05
#881212
12
#881222
0-
#881238
1=
#881248
09
#881264
1,
#881276
#881303
03
#881319
15
#881336
0<
#881352
1-
#881363
#881374
#881390
0=
#881406
19
#881417
#881444
#881454
1!
#881455
0!
#881460
#881472
#881480
#881490
0-
#881506
18
#881516
02
#881532
13
#881544
#881554
#881563
09
#881579
1<
#881589
01
#881606
1=
#881622
#881632
#881665
0,
#881681
1.
#881699
#881713
0=
#881729
1-
#881866
03
#881881
12
#881892
0<
#881907
19
#881917
0-
#881932
11
#881950
05
#881963
1,
#881973
08
#881987
1=
#881997
02
#882013
13
#882023
09
#882039
1<
#882050
0,
#882066
1-
#882098
#882116
01
#882132
12
#882307
#882452
06
#882464
19
#882476
#882505
0=
#882520
1,
#882582
0,
#882597
11
#882614
#882624
#882634
#882644
0-
#882657
17
#882668
01
#882684
1=
#882701
0/
#882717
1,
#882728
#882741
#882768
03
#882784
11
#882796
#882814
1!
#882815
0!
#882820
#882861
02
#882877
1/
#882895
0<
#882911
1;
#882989
#883128
0=
#883143
13
#883154
0.
#883167
12
#883177
0/
#883193
1<
#883202
#883212
02
#883227
1-
#883238
0<
#883253
1=
#883264
07
#883277
1/
#883288
03
#883304
12
#883313
#883374
#883400
02
#883416
1<
#883434
0<
#883450
13
#883541
0=
#883556
12
#883574
01
#883587
1<
#883599
1!
#883600
0!
#883604
#883631
#883783
#883800
#883812
#883890
0-
#883904
1=
#883915
#883944
0=
#883960
1:
#884021
0,
#884037
14
#884047
#884055
#884065
0/
#884081
11
#884092
#884103
09
#884119
1=
#884137
#884297
#884326
04
#884339
1,
#884400
02
#884416
1/
#884440
0,
#884456
19
#884467
#884553
#884597
09
#884610
1"
#884631
0<
#884645
1$
#884655
01
#884670
1*
#884680
0=
#884696
1#
#884711
0;
#884727
1)
#884738
0:
#884752
1%
#884767
0"
#884780
1"
#884791
03
#884808
1(
#884818
0)
#884836
1'
#884846
0/
#884864
1&
#884875
#884887
1!
#884888
0!
#884893
#884906
0%
#884924
1)
#885016
0"
#885038
1-
#885049
0(
#885062
12
#885072
0#
#885086
1,
#885097
0$
#885111
10
#885121
0'
#885136
19
#885146
0)
#885162
1<
#885172
0&
#885188
11
#885199
#885211
0*
#885227
1=
#885243
02
#885259
1;
#885269
0,
#885285
13
#885363
0;
#885378
1/
#885388
#885406
09
#885422
12
#885436
x<
#885448
03
#885463
1,
#885474
01
#885487
1;
#885564
0;
#885579
19
#885591
1!
#885592
0!
#885596
#885610
0<
#885623
13
#885641
#885668
#885677
03
#885693
1;
#885703
0-
#885719
11
#885730
#885748
#885778
#885799
#885953
#885982
0=
#885994
13
#886005
0/
#886020
1-
#886031
#886058
00
#886072
1/
#886082
02
#886098
18
#886109
03
#886125
12
#886135
0-
#886151
13
#886161
#886171
#886188
#886198
0/
#886214
1-
#886224
08
#886240
1/
#886252
#886263
09
#886280
18
#886297
08
#886313
19
#886324
#886337
09
#886354
18
#886364
01
#886380
19
#886390
0;
#886406
11
#886417
08
#886433
1;
#886443
09
#886459
18
#886484
#886512
03
#886528
19
#886539
#886565
#886599
#886609
#886621
#886630
#886639
08
#886655
15
#886667
#886678
0-
#886694
13
#886703
#886713
0,
#886729
16
#886739
0/
#886755
18
#886774
1!
#886775
0!
#886779
#886800
#886812
#886823
06
#886840
1-
#886857
0;
#886873
1,
#886957
0,
#886973
1/
#886991
#887087
08
#887102
16
#887113
#887142
#887153
01
#887168
1;
#887185
09
#887199
1,
#887209
06
#887225
18
#887235
#887244
0,
#887260
17
#887278
0;
#887294
11
#887304
05
#887320
16
#887330
#887348
#887375
03
#887391
1,
#887402
#887414
08
#887430
1;
#887441
06
#887457
15
#887468
1!
#887469
0!
#887474
#887486
05
#887503
1.
#887514
#887604
#887681
02
#887694
13
#887704
07
#887720
18
#887730
#887740
#887774
03
#887789
16
#887801
#887814
0.
#887827
15
#887845
01
#887861
17
#887872
#887883
05
#887899
1:
#887916
0/
#887932
13
#887943
#887955
07
#887971
11
#887989
03
#888005
15
#888096
0:
#888110
1/
#888121
#888134
0/
#888150
17
#888167
06
#888183
13
#888195
#888229
07
#888245
1/
#888263
#888325
0-
#888341
16
#888351
#888360
06
#888376
14
#888387
#888398
#888422
1!
#888423
0!
#888428
#888502
#888522
04
#888535
17
#888545
01
#888562
1-
#888572
0,
#888588
16
#888649
06
#888665
11
#888683
0/
#888699
1,
#888770
0-
#888785
16
#888797
#888823
#888832
0;
#888846
1/
#888856
#888873
#888899
0,
#888915
1-
#888926
#888960
#888970
#889033
#889049
05
#889065
10
#889076
#889088
#889100
#889109
0-
#889125
1,
#889148
#889157
0,
#889174
1=
#889191
08
#889207
15
#889225
05
#889241
1-
#889252
#889265
01
#889281
1,
#889293
#889304
0/
#889320
18
#889345
#889356
08
#889373
15
#889383
0=
#889399
11
#889491
03
#889504
1/
#889516
1!
#889517
0!
#889522
#889601
05
#889617
18
#889628
#889662
0/
#889678
1=
#889689
#889702
08
#889718
15
#889779
0-
#889795
19
#889863
0=
#889878
1/
#889890
#889908
#889936
#889948
#889975
00
#889989
18
#889999
#890008
09
#890024
1-
#890034
0/
#890050
1=
#890060
#890070
#890082
06
#890098
12
#890108
#890117
#890126
0-
#890142
1.
#890152
#890162
#890187
#890201
#890220
0=
#890236
19
#890246
#890263
09
#890279
1/
#890444
#890457
01
#890471
16
#890481
08
#890497
1-
#890508
#890536
#890547
0,
#890560
1=
#890571
0-
#890587
19
#890597
06
#890613
18
#890624
07
#890640
1:
#890650
08
#890666
1-
#890691
#890778
1!
#890779
0!
#890784
#890797
0:
#890810
16
#890822
#890835
06
#890851
17
#890861
0=
#890877
18
#890948
08
#890964
16
#890974
05
#890988
1=
#890998
02
#891014
18
#891031
09
#891047
12
#891059
#891070
02
#891087
19
#891118
#891132
#891145
#891172
#891181
0=
#891197
12
#891213
#891222
#891231
02
#891247
14
#891265
#891280
#891290
#891307
#891334
09
#891350
1=
#891361
#891372
04
#891388
12
#891406
0/
#891422
1;
#891432
0.
#891448
19
#891460
1!
#891461
0!
#891465
#891477
#891494
07
#891510
14
#891520
#891543
09
#891559
1/
#891570
#891582
0/
#891598
1.
#891608
06
#891625
17
#891702
04
#891717
19
#891729
#891742
07
#891757
1/
#891775
02
#891790
16
#891808
0;
#891822
14
#891832
09
#891848
17
#891918
0=
#891934
12
#891951
0/
#891967
19
#891977
08
#891991
1=
#892001
02
#892017
1/
#892028
04
#892044
12
#892054
0.
#892070
14
#892081
#892115
06
#892132
1.
#892143
#892184
#892218
0.
#892235
13
#892246
#892257
#892273
#892283
#892303
04
#892319
16
#892330
#892341
06
#892357
10
#892368
07
#892384
11
#892393
#892404
#892416
#892426
#892435
00
#892451
1.
#892469
1!
#892470
0!
#892475
#892487
#892511
#892590
03
#892606
14
#892623
04
#892639
16
#892716
02
#892731
17
#892743
#892756
01
#892769
10
#892779
0-
#892793
13
#892803
07
#892819
14
#892830
0.
#892846
12
#892916
00
#892932
17
#892949
09
#892962
1.
#892973
03
#892989
10
#892999
04
#893015
13
#893026
0.
#893042
14
#893053
#893080
#893140
03
#893156
1.
#893166
07
#893182
1,
#893199
0.
#893215
13
#893234
#893245
00
#893261
17
#893278
0,
#893294
1.
#893305
#893332
#893349
#893384
#893404
#893481
#893490
#893499
0=
#893514
10
#893539
1!
#893540
0!
#893545
#893564
#893647
0/
#893660
1,
#893672
#893683
0,
#893698
1:
#893715
02
#893731
15
#893742
#893769
#893779
#893796
#893805
0:
#893821
1=
#893832
#893868
07
#893884
1,
#893894
03
#893910
12
#893937
#893949
0=
#893965
1;
#893975
02
#893991
1:
#894069
#894104
0:
#894120
17
#894136
#894264
#894274
00
#894288
13
#894299
06
#894311
1=
#894323
#894335
0;
#894348
12
#894358
0,
#894374
1/
#894384
0=
#894400
1:
#894410
02
#894426
10
#894437
1!
#894438
0!
#894443
#894469
07
#894485
1,
#894643
05
#894656
1=
#894748
0.
#894761
12
#894771
04
#894785
17
#894795
0:
#894811
1:
#894822
#894915
03
#894931
13
#894943
#894962
00
#894978
10
#894988
0/
#895004
1/
#895096
03
#895112
13
#895122
0,
#895136
1%
#895147
#895228
07
#895244
1,
#895255
#895267
0=
#895283
17
#895293
0%
#895309
1=
#895375
1!
#895376
0!
#895380
#895502
0:
#895516
1(
#895527
#895556
02
#895569
18
#895579
00
#895595
10
#895679
0(
#895696
1#
#895706
03
#895721
13
#895732
0=
#895747
1=
#895757
0,
#895772
1$
#895782
0=
#895797
1=
#895822
#895852
#895879
#895889
#895922
#895933
#895958
#895966
#895976
#895987
#895996
0$
#896012
11
#896029
08
#896045
1-
#896056
#896071
#896080
#896089
0/
#896105
1:
#896116
#896128
#896139
#896148
0#
#896164
19
#896176
#896194
01
#896210
18
#896227
0-
#896244
1/
#896376
1!
#896377
0!
#896381
#896408
03
#896421
11
#896431
08
#896447
1-
#896457
01
#896473
18
#896490
09
#896504
11
#896514
08
#896530
18
#896548
01
#896564
11
#896642
#896678
0:
#896694
12
#896711
07
#896727
1:
#896738
#896750
0/
#896766
17
#896837
0:
#896852
1/
#896862
0-
#896877
1:
#896888
0=
#896901
1-
#896911
0/
#896927
1/
#896944
0-
#896960
1-
#896977
07
#896992
17
#897003
0:
#897018
1:
#897036
07
#897051
17
#897172
0-
#897186
1'
#897264
#897300
0'
#897316
14
#897325
#897375
1!
#897376
0!
#897380
#897430
00
#897443
1)
#897455
#897483
01
#897496
16
#897507
#897517
#897527
0)
#897543
1&
#897560
#897570
#897599
#897616
#897627
0&
#897643
1,
#897653
02
#897669
12
#897686
06
#897702
16
#897720
06
#897735
16
#897746
02
#897761
12
#897779
02
#897795
12
#897805
07
#897819
1*
#897942
#897968
#897998
#898026
04
#898041
1;
#898051
#898060
0/
#898073
1-
#898083
0*
#898099
14
#898111
#898182
0;
#898197
1;
#898208
06
#898223
16
#898235
#898246
0:
#898261
1%
#898285
0,
#898300
1,
#898310
#898326
04
#898342
14
#898360
0,
#898375
1,
#898453
04
#898468
14
#898485
0;
#898500
1;
#898520
1!
#898521
0!
#898525
#898613
0-
#898627
1(
#898645
0,
#898659
1,
#898730
0;
#898744
1;
#898755
02
#898769
1$
#898877
#898973
#898982
0%
#898996
15
#899006
0;
#899020
1#
#899030
04
#899045
1'
#899056
#899067
06
#899082
1)
#899092
05
#899106
15
#899117
#899147
#899163
0'
#899177
17
#899187
08
#899202
18
#899219
05
#899233
15
#899243
08
#899258
18
#899276
08
#899290
18
#899316
05
#899330
15
#899416
0,
#899431
1&
#899456
#899469
1!
#899470
0!
#899475
#899495
#899525
#899553
#899563
0#
#899577
1.
#899587
05
#899602
11
#899612
0(
#899627
15
#899638
#899650
#899675
#899684
05
#899699
15
#899716
0.
#899731
1.
#899741
05
#899756
15
#899841
0.
#899855
1.
#899865
08
#899880
1*
#899891
0.
#899905
1.
#899916
#900020
#900050
07
#900062
13
#900072
01
#900086
1-
#900097
0&
#900111
11
#900122
0$
#900139
1%
#900150
#900162
#900188
01
#900203
11
#900282
#900312
#900321
0%
#900336
16
#900346
03
#900361
13
#900371
0-
#900386
1-
#900396
01
#900411
11
#900422
#900434
0.
#900449
1'
#900474
#900503
#900533
0'
#900548
19
#900558
03
#900574
14
#900584
0*
#900600
13
#900610
06
#900626
16
#900636
0-
#900652
1-
#900661
#900670
#900680
#900692
0-
#900707
1-
#900719
#900731
1!
#900732
0!
#900737
#900749
09
#900765
19
#900775
03
#900791
13
#900800
#900810
06
#900825
16
#900849
06
#900865
16
#900890
09
#900905
19
#900990
09
#901005
19
#901097
05
#901111
1#
#901196
01
#901211
1(
#901290
#901328
#901355
0#
#901370
1;
#901380
04
#901394
10
#901405
0(
#901420
14
#901429
#901440
#901452
#901471
#901501
#901542
09
#901552
1"
#901567
00
#901582
1&
#901593
0;
#901608
1$
#901619
0&
#901634
1%
#901651
1!
#901652
0!
#901656
#901670
0-
#901686
1'
#901697
0)
#901713
1*
#901723
03
#901737
1#
#901748
04
#901765
1(
#901775
06
#901793
1&
#901803
0"
#901816
1"
#901827
0(
#901845
1)
#901855
0&
#901873
1(
#901884
#901895
0#
#901913
1&
#902005
0"
#902028
1=
#902038
0$
#902052
10
#902062
0%
#902076
1;
#902086
0'
#902101
1-
#902111
0*
#902126
14
#902136
0&
#902151
16
#902162
0)
#902179
1#
#902187
#902196
04
#902212
14
#902227
0(
#902245
1$
#902256
#902268
#902297
#902313
00
#902328
17
#902340
#902371
x6
#902384
0#
#902399
10
#902410
#902422
0$
#902438
1/
#902448
0;
#902464
1;
#902481
0=
#902496
1=
#902514
0;
#902529
1;
#902540
#902551
00
#902567
10
#902577
0;
#902593
1;
#902603
#902612
0=
#902628
1=
#902639
#902667
06
#902680
1.
#902698
0=
#902714
1=
#902724
0-
#902740
1-
#902757
07
#902773
17
#902790
0-
#902806
1-
#902818
#902830
0-
#902846
1-
#902863
07
#902879
17
#902890
#902918
1!
#902919
0!
#902924
#902945
#902973
#902990
#903069
0=
#903085
1:
#903095
07
#903111
13
#903121
00
#903135
1=
#903159
0=
#903175
17
#903187
#903339
#903355
0-
#903368
1=
#903377
#903394
#903422
0/
#903437
12
#903448
0=
#903463
1/
#903526
1!
#903527
0!
#903531
#903543
#903553
#903564
03
#903578
1=
#903596
#903638
0/
#903654
19
#903671
0.
#903688
1/
#903698
02
#903714
1.
#903784
0/
#903800
12
#903810
0.
#903826
1/
#903836
0:
#903849
1.
#903875
#903903
#903922
#903945
0.
#903961
1,
#903970
#903981
#904035
02
#904048
1"
#904061
09
#904075
1%
#904085
04
#904100
1'
#904110
0"
#904123
1"
#904134
0/
#904149
1*
#904172
07
#904188
1&
#904199
0,
#904215
1)
#904226
0=
#904243
1(
#904254
#904265
0;
#904283
1#
#904392
0"
#904415
1.
#904425
0&
#904438
12
#904449
0*
#904463
19
#904473
0)
#904487
14
#904498
0(
#904512
1/
#904524
1!
#904525
0!
#904530
#904549
#904627
0'
#904642
17
#904652
#904663
0%
#904678
1,
#904690
#904722
x7
#904734
#904743
09
#904758
1=
#904769
0#
#904784
1;
#904795
04
#904810
10
#904820
#904831
#904846
#904940
07
#904953
18
#905030
#905066
00
#905082
19
#905203
#905215
02
#905230
14
#905240
0.
#905253
1-
#905263
0=
#905277
10
#905287
09
#905303
12
#905320
00
#905335
19
#905435
#905464
0-
#905477
10
#905487
0/
#905503
13
#905513
00
#905529
1/
#905539
04
#905555
10
#905566
#905578
0;
#905592
14
#905602
0,
#905618
1,
#905635
0/
#905651
1/
#905661
09
#905678
19
#905755
04
#905771
14
#905781
0,
#905797
1,
#905808
1!
#905809
0!
#905814
#905833
02
#905848
1$
#905858
0,
#905874
1,
#905884
0/
#905900
1/
#905918
#905947
#905975
0$
#905991
15
#906008
03
#906024
1-
#906036
#906070
#906200
04
#906216
13
#906227
#906239
#906251
08
#906267
12
#906292
#906319
#906329
#906348
#906358
#906387
#906404
#906414
#906424
#906434
#906446
00
#906462
14
#906473
03
#906489
18
#906506
0,
#906522
11
#906533
#906548
#906566
04
#906582
1:
#906658
#906673
#906683
01
#906696
10
#906773
00
#906789
13
#906800
1!
#906801
0!
#906806
#906893
#906906
0/
#906920
1,
#906930
0:
#906943
14
#906961
04
#906977
10
#906988
02
#907004
14
#907014
05
#907030
12
#907041
0,
#907057
15
#907067
0-
#907083
1,
#907154
05
#907169
1-
#907180
00
#907195
15
#907206
09
#907219
10
#907229
08
#907246
18
#907256
03
#907272
13
#907289
05
#907305
15
#907316
08
#907332
18
#907343
#907370
0-
#907386
1;
#907411
#907423
#907436
1!
#907437
0!
#907442
#907461
#907470
0;
#907487
1-
#907571
0-
#907586
1;
#907598
#907642
0;
#907655
1"
#907665
05
#907677
1&
#907687
0"
#907700
1"
#907710
0&
#907725
1*
#907740
02
#907755
1)
#907765
0,
#907781
1(
#907801
04
#907817
1'
#907828
00
#907844
1%
#907855
0)
#907871
1#
#907882
0(
#907898
1$
#907909
08
#907926
1&
#907936
03
#907954
1)
#907965
#908092
0"
#908114
1-
#908125
0*
#908138
1;
#908148
0%
#908162
12
#908173
0)
#908187
1,
#908197
0'
#908212
14
#908222
02
#908237
10
#908250
0$
#908265
18
#908276
0&
#908291
13
#908326
#908360
#908389
#908401
#908428
0#
#908444
12
#908460
#908469
#908478
00
#908494
1=
#908505
0;
#908521
15
#908539
#908551
#908577
#908593
#908603
#908666
#908676
#908707
x4
#908719
08
#908735
1.
#908745
0=
#908761
10
#908778
#908788
#908800
#908811
00
#908826
1;
#908844
#908878
#908889
#908966
1!
#908967
0!
#908972
#908985
0-
#909000
11
#909010
03
#909025
1:
#909036
04
#909049
18
#909065
#909155
01
#909168
1=
#909178
08
#909194
10
#909263
0=
#909279
1-
#909290
#909319
0,
#909332
13
#909342
0-
#909358
18
#909368
05
#909384
1=
#909394
0;
#909411
1-
#909421
03
#909437
15
#909447
00
#909464
1;
#909474
0=
#909490
13
#909500
0-
#909517
10
#909528
1!
#909529
0!
#909534
#909562
#909589
0.
#909605
1=
#909667
#909685
05
#909701
1-
#909712
#909724
0:
#909740
1/
#909764
08
#909780
1.
#909871
0.
#909887
15
#909963
03
#909978
1:
#909990
#910018
#910028
#910040
0:
#910055
18
#910065
#910134
0=
#910148
1.
#910172
02
#910185
13
#910195
0.
#910211
1:
#910222
#910257
#910271
#910289
0/
#910302
1=
#910313
0-
#910329
1.
#910339
0;
#910355
19
#910366
0=
#910382
1-
#910392
05
#910408
1;
#910426
#910438
00
#910454
1=
#910466
1!
#910467
0!
#910472
#910490
#910507
0-
#910523
15
#910607
0:
#910623
10
#910700
#910730
#910742
0;
#910757
1-
#910767
#910776
0=
#910792
1:
#910809
09
#910822
1;
#910846
03
#910862
1=
#910887
00
#910903
13
#910914
#910949
#910962
0;
#910979
10
#911040
#911069
#911079
#911087
#911097
0-
#911113
11
#911173
#911183
08
#911199
1;
#911209
0.
#911225
1,
#911242
00
#911258
1-
#911270
#911282
#911307
0=
#911323
18
#911333
#911482
08
#911497
1.
#911514
01
#911527
10
#911605
#911640
#911670
1!
#911671
0!
#911676
#911689
#911701
0;
#911716
1=
#911727
0,
#911740
18
#911749
#911765
0=
#911781
1/
#911798
08
#911814
1;
#911826
#911880
0:
#911893
1"
#911903
0.
#911918
1(
#911928
03
#911943
1*
#911963
0-
#911979
1%
#911989
00
#912005
1)
#912016
0/
#912032
1'
#912043
0"
#912056
1"
#912066
0(
#912083
1$
#912093
0*
#912110
1&
#912120
05
#912137
1#
#912147
0;
#912165
1(
#912177
#912303
0"
#912326
1=
#912336
0&
#912349
18
#912362
0%
#912376
1:
#912386
0)
#912401
1.
#912411
0'
#912426
13
#912436
0#
#912451
1-
#912462
0(
#912477
10
#912488
03
#912503
1/
#912514
0$
#912530
15
#912540
#912552
#912563
0=
#912580
1;
#912603
#912619
x-
#912632
#912658
#912676
0-
#912689
13
#912699
#912708
05
#912724
1=
#912735
03
#912751
12
#912762
#912789
00
#912805
15
#912816
#912828
05
#912844
13
#912928
#912957
1!
#912958
0!
#912962
#912975
0.
#912991
10
#913002
#913015
0/
#913031
15
#913041
08
#913057
19
#913066
#913076
0=
#913091
1.
#913103
#913120
02
#913134
1/
#913144
#913154
#913180
#913189
#913198
09
#913214
18
#913225
0/
#913241
1=
#913251
#913260
08
#913276
11
#913301
#913319
01
#913335
19
#913353
09
#913369
1/
#913380
0=
#913396
18
#913525
08
#913540
11
#913551
#913563
03
#913576
19
#913586
0.
#913600
1=
#913610
01
#913626
18
#913638
1!
#913639
0!
#913644
#913656
00
#913672
11
#913696
01
#913712
10
#913723
0=
#913739
11
#913749
0/
#913765
1=
#913777
#913804
09
#913820
1/
#913831
#913865
0:
#913881
1,
#913891
05
#913907
19
#913918
#913952
#913979
#913989
#914000
00
#914016
1:
#914027
#914106
#914135
0:
#914151
15
#914160
#914170
0/
#914186
12
#914196
01
#914212
10
#914223
0,
#914239
1:
#914248
#914272
#914350
0:
#914366
1/
#914383
02
#914396
11
#914408
1!
#914409
0!
#914414
#914427
#914440
01
#914457
1,
#914468
#914480
0,
#914496
1:
#914527
#914555
05
#914571
11
#914582
#914594
#914654
09
#914671
1,
#914681
0;
#914697
13
#914707
#914717
#914729
01
#914745
15
#914756
#914795
0,
#914811
19
#914882
#914895
03
#914911
1;
#914921
0:
#914934
11
#914945
0/
#914961
1,
#914971
05
#914987
13
#915005
09
#915021
1/
#915032
#915060
#915086
#915110
#915121
#915131
#915143
0;
#915159
15
#915169
08
#915185
19
#915195
#915203
#915213
09
#915229
1.
#915254
#915268
#915279
0,
#915295
12
#915305
03
#915321
1;
#915345
01
#915361
18
#915379
08
#915395
19
#915406
0/
#915422
1,
#915491
05
#915507
13
#915524
0=
#915538
11
#915608
#915652
01
#915665
1"
#915675
0.
#915687
1*
#915708
0;
#915723
1&
#915733
0,
#915748
1%
#915759
03
#915775
1)
#915785
00
#915802
1'
#915812
0"
#915825
1"
#915835
09
#915853
1#
#915863
02
#915881
1(
#915891
0&
#915909
1$
#915919
0%
#915937
1&
#915948
0)
#915965
1%
#915977
#916004
0*
#916022
1)
#916034
1!
#916035
0!
#916040
#916151
0"
#916173
18
#916184
0(
#916197
1/
#916207
0$
#916221
15
#916232
0&
#916246
11
#916256
0%
#916271
1;
#916281
0'
#916297
1,
#916307
08
#916322
13
#916332
0)
#916348
10
#916382
#916410
#916429
0#
#916445
19
#916533
x0
#916545
#916559
01
#916575
12
#916586
#916612
0/
#916628
18
#916637
#916647
#916675
#916691
#916702
0;
#916717
1:
#916727
#916737
1!
#916738
0!
#916743
#916758
#916769
02
#916784
11
#916801
05
#916816
1=
#916828
#916853
0,
#916868
1/
#916885
03
#916901
1;
#916912
#916925
00
#916939
12
#916949
08
#916965
15
#917035
0;
#917050
1,
#917067
0=
#917081
13
#917091
02
#917107
18
#917125
05
#917141
1;
#917219
#917231
#917272
#917281
08
#917297
12
#917308
#917322
#917333
#917342
02
#917358
15
#917368
09
#917381
1.
#917450
#917478
#917496
0;
#917512
18
#917530
0.
#917546
12
#917558
#917569
0:
#917586
1=
#917596
05
#917612
1;
#917624
1!
#917625
0!
#917629
#917649
03
#917665
1.
#917740
#917749
02
#917765
1:
#917834
0:
#917850
15
#917860
0.
#917875
13
#917885
#917894
0,
#917907
12
#917953
#917981
#918045
0=
#918059
1:
#918070
#918082
0:
#918098
1.
#918108
01
#918125
19
#918143
#918155
#918168
0/
#918184
1:
#918194
02
#918210
11
#918220
#918236
01
#918252
1/
#918270
#918282
08
#918298
12
#918316
0/
#918332
11
#918349
02
#918366
18
#918377
#918391
1!
#918392
0!
#918397
#918409
03
#918426
1/
#918436
01
#918452
12
#918469
0.
#918485
13
#918496
05
#918512
11
#918581
02
#918597
1.
#918608
#918652
09
#918663
1"
#918686
0/
#918700
1*
#918710
03
#918725
1(
#918741
0;
#918756
1$
#918766
01
#918782
1&
#918793
08
#918809
1%
#918820
0*
#918836
1'
#918847
0(
#918863
1)
#918874
0.
#918891
1#
#918901
0"
#918914
1"
#918925
0:
#918943
1*
#918954
#919081
0"
#919103
15
#919114
0%
#919127
12
#919137
0'
#919151
1/
#919162
05
#919175
13
#919186
0)
#919200
1;
#919210
0*
#919225
11
#919255
0$
#919270
18
#919280
0&
#919296
1.
#919307
#919320
#919350
#919380
x;
#919391
#919400
#919409
0;
#919422
1:
#919437
#919447
0#
#919463
15
#919501
1!
#919502
0!
#919507
#919595
#919690
#919701
0.
#919714
1=
#919725
05
#919740
1,
#919751
01
#919766
19
#919776
#919786
#919798
#919809
0,
#919825
15
#919843
#919856
#919891
#919901
#919914
#919963
0/
#919976
1"
#919991
0:
#920005
1(
#920021
0=
#920036
1%
#920046
03
#920062
1'
#920072
0(
#920087
1)
#920098
09
#920114
1*
#920129
08
#920146
1$
#920156
0%
#920173
1&
#920183
05
#920200
1#
#920211
02
#920229
1(
#920239
0"
#920252
1"
#920280
#920393
1!
#920394
0!
#920399
#920429
0"
#920451
11
#920462
0'
#920475
1,
#920485
0)
#920499
1/
#920510
0*
#920524
1:
#920534
0#
#920549
1=
#920559
0$
#920575
13
#920585
0&
#920601
19
#920611
0(
#920627
18
#920637
0/
#920654
15
#920663
#920678
x8
#920690
01
#920706
12
#920716
0,
#920732
1/
#920740
#920750
08
#920763
11
#920771
#920782
#920794
01
#920810
1,
#920818
#920827
0=
#920843
11
#920861
09
#920877
1=
#920888
#920917
0=
#920933
19
#920943
0,
#920959
1.
#920976
0:
#920992
1=
#921004
#921015
0/
#921031
1,
#921047
#921064
#921164
02
#921180
1:
#921205
0.
#921218
1/
#921228
0:
#921245
12
#921256
#921358
#921385
02
#921401
1:
#921412
#921424
05
#921440
1.
#921517
01
#921533
12
#921544
1!
#921545
0!
#921550
#921563
0:
#921579
15
#921597
#921681
02
#921697
11
#921707
0=
#921720
1:
#921737
0.
#921751
12
#921761
01
#921777
11
#921801
01
#921817
11
#921910
#921922
02
#921936
1%
#921946
#921956
#921967
09
#921983
19
#921993
#922001
#922010
03
#922026
13
#922036
#922052
03
#922068
13
#922085
03
#922101
13
#922111
09
#922127
19
#922216
01
#922231
1'
#922256
05
#922272
15
#922283
#922314
#922343
#922355
05
#922370
1=
#922380
0,
#922395
11
#922406
0'
#922421
15
#922448
1!
#922449
0!
#922453
#922518
#922528
#922544
0%
#922560
1,
#922645
03
#922659
1)
#922736
#922746
05
#922761
15
#922772
#922802
0=
#922815
1.
#922826
01
#922841
11
#922852
0,
#922867
1,
#922943
0)
#922960
1*
#922970
0/
#922984
1#
#922995
01
#923010
11
#923020
0,
#923035
1,
#923127
01
#923142
11
#923153
#923165
09
#923179
19
#923213
09
#923227
19
#923255
#923285
09
#923300
12
#923310
0*
#923325
19
#923337
#923437
1!
#923438
0!
#923443
#923457
#923487
02
#923499
13
#923510
0.
#923525
1.
#923536
#923548
0.
#923563
1.
#923580
0#
#923597
1$
#923607
0.
#923622
1.
#923634
#923671
0$
#923686
1=
#923704
#923732
0:
#923745
1/
#923755
05
#923772
15
#923790
#923802
05
#923818
15
#923829
#923870
05
#923886
1:
#923895
#923971
#923980
03
#923994
15
#924005
#924035
#924047
0=
#924063
12
#924074
#924084
#924095
#924106
01
#924123
1=
#924132
#924141
0:
#924158
11
#924182
0=
#924198
1:
#924209
#924220
0:
#924236
1=
#924246
#924255
0.
#924271
1:
#924281
0=
#924298
1.
#924307
#924317
0:
#924333
1=
#924343
0.
#924359
1:
#924391
#924411
#924423
#924433
#924443
01
#924459
1.
#924536
0/
#924552
11
#924577
0:
#924590
1/
#924600
0,
#924617
1,
#924627
01
#924643
11
#924719
0.
#924734
1.
#924745
0/
#924760
1/
#924771
0,
#924786
1,
#924803
09
#924818
1&
#924829
#924858
0/
#924874
19
#924884
0&
#924900
1/
#924910
0,
#924926
1,
#924936
#924946
#924964
#924987
#924997
#925089
0.
#925104
1(
#925115
1!
#925116
0!
#925121
#925133
#925143
#925162
#925200
#925211
#925220
02
#925236
13
#925246
01
#925262
12
#925279
0(
#925295
11
#925307
#925335
02
#925351
1:
#925370
#925381
0,
#925398
12
#925490
1!
#925491
0!
#925496
#925516
02
#925532
1,
#925542
01
#925558
12
#925761
#925788
0/
#925801
11
#925811
05
#925825
1'
#925835
#925844
01
#925859
11
#925876
#925886
#925916
0=
#925931
1.
#925956
#925968
09
#925983
1=
#925994
#926012
0'
#926028
19
#926038
03
#926054
13
#926130
0,
#926145
1,
#926155
0:
#926169
1%
#926180
0,
#926195
1,
#926213
09
#926228
19
#926238
03
#926253
13
#926265
#926295
0=
#926308
1/
#926376
09
#926391
19
#926402
03
#926417
13
#926429
#926455
0%
#926471
15
#926481
02
#926497
12
#926516
1!
#926517
0!
#926521
#926534
0.
#926550
1.
#926561
#926588
#926674
#926702
05
#926718
1:
#926728
02
#926744
15
#926755
#926782
01
#926796
12
#926806
#926815
0.
#926831
1=
#926841
02
#926857
1.
#926869
#926881
#926899
05
#926915
12
#926926
0/
#926942
15
#927025
#927034
#927043
0:
#927057
1/
#927066
#927083
0=
#927099
1=
#927109
05
#927125
15
#927135
0/
#927151
1/
#927175
0/
#927192
1/
#927232
#927295
#927306
#927315
0.
#927331
1.
#927348
0,
#927364
1,
#927449
02
#927463
1)
#927475
1!
#927476
0!
#927480
#927493
0,
#927509
1,
#927520
#927609
0=
#927624
11
#927634
0,
#927649
1=
#927660
0)
#927675
1,
#927694
#927772
#927782
#927810
09
#927825
19
#927836
03
#927851
13
#927869
0=
#927884
1=
#927894
#927904
#927929
03
#927944
13
#927962
03
#927978
13
#927988
09
#928004
19
#928015
#928044
09
#928059
1:
#928120
01
#928136
19
#928147
#928159
05
#928173
11
#928191
01
#928207
11
#928224
03
#928240
13
#928257
01
#928273
11
#928446
#928474
#928486
0/
#928502
1/
#928512
0,
#928526
1*
#928545
1!
#928546
0!
#928550
#928562
#928640
#928694
0.
#928707
1"
#928723
0=
#928735
1#
#928752
#928762
03
#928778
1$
#928788
09
#928804
1&
#928815
01
#928831
1(
#928842
0#
#928858
1'
#928869
0:
#928886
1%
#928896
0/
#928914
1)
#929006
0"
#929029
1.
#929040
0$
#929053
13
#929063
0&
#929077
19
#929087
0(
#929102
11
#929112
0'
#929127
1:
#929137
0)
#929152
1/
#929163
0*
#929180
1#
#929194
x.
#929273
#929293
#929304
0.
#929318
1$
#929328
03
#929343
1&
#929361
0%
#929379
1(
#929390
1!
#929391
0!
#929396
#929410
#929447
0:
#929461
12
#929471
0/
#929486
1:
#929497
#929552
09
#929565
1"
#929575
01
#929592
1'
#929607
0:
#929625
1)
#929636
#929669
02
#929687
1*
#929698
0)
#929715
1%
#929733
0(
#929751
1)
#929825
0"
#929848
1/
#929858
0'
#929872
19
#929882
0*
#929896
11
#929906
0%
#929921
1:
#929931
0#
#929946
12
#929956
0$
#929973
1(
#929983
#930023
0)
#930036
1"
#930046
0&
#930061
1'
#930076
01
#930092
1*
#930103
#930114
0/
#930130
1%
#930141
0:
#930157
1#
#930168
0%
#930184
1$
#930195
0#
#930211
1)
#930222
09
#930239
1&
#930249
02
#930267
1%
#930359
0"
#930382
11
#930392
0*
#930406
1/
#930416
0)
#930430
1:
#930440
0%
#930455
19
#930465
0(
#930480
12
#930490
0&
#930507
1#
#930522
x1
#930535
1!
#930536
0!
#930541
#930561
#930574
#930588
x9
#930607
#930616
09
#930630
1*
#930656
#930683
01
#930695
15
#930705
0'
#930723
1)
#930733
0$
#930751
1%
#930761
0/
#930775
1/
#930786
02
#930800
12
#930818
02
#930832
12
#930850
0*
#930867
1(
#930877
05
#930892
15
#930902
02
#930916
12
#930928
#930939
#930969
#931000
#931013
#931025
0(
#931040
1,
#931049
#931081
0/
#931096
1/
#931107
#931134
0:
#931149
1:
#931159
0/
#931174
1/
#931190
#931200
#931236
0:
#931250
1=
#931319
#931332
#931343
05
#931358
1:
#931375
02
#931390
15
#931401
1!
#931402
0!
#931407
#931420
05
#931434
12
#931445
0:
#931459
15
#931470
0#
#931485
1:
#931563
02
#931577
12
#931588
0,
#931602
1&
#931613
02
#931627
12
#931638
05
#931652
15
#931670
0/
#931684
1/
#931723
#931743
#931755
#931836
0&
#931852
13
#931861
#931870
#931879
0=
#931894
1=
#931906
#931917
#931948
#932028
#932039
#932051
#932077
#932091
#932102
0%
#932118
1,
#932128
0=
#932144
1=
#932154
03
#932170
13
#932181
#932193
0:
#932208
1:
#932219
0/
#932234
1/
#932251
05
#932267
15
#932284
0:
#932300
1:
#932310
0/
#932326
1/
#932337
#932350
05
#932366
15
#932377
1!
#932378
0!
#932383
#932396
0=
#932411
1=
#932421
03
#932437
13
#932447
05
#932463
15
#932524
0:
#932540
1:
#932550
0/
#932566
1/
#932591
#932610
#932622
03
#932637
13
#932647
#932656
#932673
#932684
#932694
#932720
#932731
#932741
#932754
02
#932770
12
#932787
0=
#932802
1=
#932812
#932821
02
#932837
12
#932848
#932867
0=
#932882
1=
#932894
#932905
02
#932920
12
#932937
0=
#932953
1=
#932963
03
#932979
13
#933011
03
#933026
13
#933037
#933102
#933114
03
#933130
13
#933140
05
#933156
15
#933172
#933181
0/
#933197
1/
#933208
#933220
0/
#933236
1/
#933245
#933255
05
#933270
15
#933281
#933295
0/
#933310
1/
#933321
0,
#933336
1,
#933354
#933366
0,
#933382
1,
#933393
#933405
1!
#933406
0!
#933411
#933423
0:
#933439
1:
#933449
0,
#933465
1,
#933490
#933516
05
#933532
15
#933549
0:
#933564
1:
#933574
#933583
#933600
#933614
#933626
#933688
#933697
#933706
0:
#933722
1:
#933731
#933740
0=
#933756
1=
#933774
#933787
#933798
0=
#933813
1=
#933831
02
#933846
12
#933857
0=
#933872
1=
#933883
#933925
02
#933938
1"
#933974
05
#933988
1'
#933999
0,
#934014
1$
#934025
0:
#934041
1*
#934051
0/
#934068
1(
#934078
0=
#934095
1#
#934106
03
#934123
1&
#934134
0"
#934147
1"
#934165
#934291
0"
#934313
12
#934324
0)
#934337
15
#934347
0$
#934361
1,
#934372
0*
#934386
1:
#934396
0(
#934411
1/
#934421
0#
#934437
1=
#934447
0&
#934463
13
#934477
x5
#934487
#934507
0'
#934524
1%
#934535
1!
#934536
0!
#934541
#934560
#934572
05
#934586
1)
#934597
#934609
#934622
#934631
03
#934646
13
#934656
02
#934672
12
#934688
#934697
03
#934713
13
#934724
#934748
0,
#934764
1,
#934775
#934786
0,
#934801
1,
#934811
03
#934826
13
#934842
0=
#934857
1=
#934868
0,
#934883
1,
#934894
#934913
0=
#934928
1=
#934953
0=
#934968
1=
#935046
#935075
0/
#935090
1/
#935115
#935127
0/
#935142
1/
#935152
#935162
#935173
#935182
0/
#935197
1/
#935222
#935241
0,
#935256
1,
#935266
0:
#935281
1:
#935299
#935313
0:
#935328
1:
#935339
#935351
0:
#935366
1:
#935383
03
#935398
13
#935477
1!
#935478
0!
#935483
#935496
#935525
0=
#935540
1=
#935550
02
#935566
12
#935577
#935589
0=
#935604
1=
#935629
#935641
0=
#935656
1=
#935665
#935676
#935689
0/
#935704
1/
#935720
#935730
0/
#935745
1/
#935756
#935775
0/
#935790
1/
#935800
#935810
#935820
#935829
03
#935844
13
#935856
#935868
0:
#935883
1:
#935900
0,
#935915
1,
#935933
#935946
0,
#935962
1,
#935973
#935991
02
#936006
12
#936017
0:
#936032
1:
#936043
#936054
03
#936069
13
#936080
0,
#936095
1,
#936105
#936114
0=
#936129
1=
#936146
02
#936161
12
#936180
#936191
02
#936207
12
#936218
#936244
#936258
#936269
#936278
03
#936294
13
#936303
#936313
0:
#936328
1:
#936345
03
#936360
13
#936385
#936397
#936436
0=
#936449
1"
#936459
03
#936475
1$
#936486
1!
#936487
0!
#936492
#936511
0"
#936524
1"
#936534
0,
#936550
1*
#936561
0:
#936577
1(
#936588
0/
#936605
1#
#936615
0$
#936633
1&
#936643
0*
#936660
1'
#936671
0#
#936688
1$
#936699
#936722
02
#936740
1*
#936824
0"
#936846
1=
#936857
0&
#936870
13
#936880
0*
#936894
1,
#936905
0%
#936919
1:
#936929
0)
#936944
1/
#936954
0'
#936970
12
#936980
0(
#936997
1#
#937007
0=
#937023
1=
#937032
#937042
#937052
0$
#937069
1&
#937103
x/
#937116
#937129
#937147
#937160
#937171
0,
#937186
1,
#937196
0:
#937211
1:
#937221
0/
#937236
1*
#937246
#937262
0,
#937277
1,
#937287
0:
#937302
1:
#937320
#937333
0:
#937348
1:
#937359
#937387
1!
#937388
0!
#937393
#937405
02
#937420
12
#937446
#937455
02
#937470
12
#937494
02
#937509
12
#937520
#937546
0=
#937560
1=
#937572
#937606
03
#937621
13
#937698
0=
#937713
1=
#937746
0=
#937760
1=
#937771
#937807
0,
#937822
1,
#937833
#937845
02
#937860
12
#937877
0,
#937891
1,
#937901
#937911
#937924
#937943
0,
#937957
1,
#937967
#937991
#938004
#938014
#938023
0:
#938038
1:
#938049
#938062
#938071
0:
#938086
1:
#938096
02
#938111
12
#938128
0:
#938143
1:
#938153
02
#938168
12
#938179
#938190
02
#938205
12
#938222
0,
#938237
1,
#938248
#938267
0,
#938281
1,
#938299
0,
#938313
1,
#938325
#938345
0:
#938359
1:
#938371
#938382
0:
#938397
1:
#938415
1!
#938416
0!
#938421
#938435
#938447
#938460
0:
#938475
1:
#938485
#938494
0,
#938509
1,
#938519
#938535
0,
#938549
1,
#938561
#938579
0,
#938594
1,
#938604
#938619
#938629
#938647
#938658
#938669
#938680
#938688
#938698
0:
#938712
1:
#938723
02
#938737
12
#938762
#938773
0:
#938788
1:
#938798
02
#938813
12
#938823
03
#938838
13
#938849
#938886
0,
#938899
1"
#938910
03
#938926
1%
#938936
0=
#938953
1)
#938963
0%
#938980
1'
#938990
0:
#939007
1(
#939018
02
#939036
1$
#939046
0"
#939059
1"
#939069
0(
#939087
1%
#939098
0$
#939115
1(
#939127
#939223
0"
#939245
1,
#939256
0*
#939269
13
#939280
0(
#939293
1=
#939304
0#
#939318
1:
#939328
0&
#939343
12
#939353
0)
#939371
1$
#939381
0%
#939398
1*
#939430
#939446
x=
#939472
0'
#939489
1(
#939499
0,
#939514
1,
#939525
1!
#939526
0!
#939531
#939545
0,
#939559
1,
#939577
0=
#939592
1#
#939676
0#
#939693
1&
#939711
03
#939726
1)
#939737
#939869
0*
#939883
13
#939894
0:
#939908
1:
#939919
#940018
0:
#940032
1:
#940042
0,
#940057
1%
#940068
0:
#940082
1:
#940167
#940197
03
#940208
1,
#940220
#940231
02
#940245
12
#940255
#940264
02
#940278
12
#940288
0%
#940306
1'
#940317
#940328
#940338
02
#940352
12
#940377
1!
#940378
0!
#940383
#940396
#940427
#940438
0'
#940452
13
#940463
0,
#940477
1,
#940488
#940507
0:
#940521
1:
#940533
#940551
0:
#940565
1:
#940575
#940584
0:
#940599
1:
#940608
#940640
#940652
#940716
0,
#940730
1,
#940740
02
#940755
12
#940765
03
#940779
13
#940791
#940802
02
#940817
12
#940827
03
#940841
13
#940852
0,
#940866
1,
#940891
#940905
#940917
0:
#940931
1:
#940941
#940950
0:
#940964
1:
#940975
02
#940989
12
#940999
03
#941014
13
#941039
#941051
#941069
#941080
#941092
#941101
#941110
0:
#941124
1:
#941149
#941168
#941179
0,
#941193
1,
#941204
#941216
02
#941230
12
#941241
03
#941255
13
#941265
0,
#941280
1,
#941289
#941299
0,
#941313
1,
#941323
02
#941338
12
#941348
03
#941362
13
#941387
#941427
02
#941440
1"
#941452
1!
#941453
0!
#941458
#941471
0"
#941484
1"
#941495
0:
#941511
1#
#941523
#941534
0#
#941550
1*
#941561
03
#941578
1%
#941588
0,
#941606
1'
#941624
0%
#941641
1#
#941742
0"
#941765
12
#941775
0(
#941788
1:
#941799
0&
#941813
13
#941823
0*
#941837
1,
#941854
0$
#941872
1%
#941885
0'
#941902
1(
#941913
0)
#941930
1&
#941947
0#
#941965
1*
#941976
#942069
#942081
#942109
#942119
03
#942133
13
#942147
x:
#942158
#942168
03
#942182
13
#942199
0:
#942214
1$
#942224
0,
#942238
1,
#942248
03
#942262
13
#942273
#942292
#942305
#942323
02
#942337
12
#942347
#942356
02
#942370
12
#942381
#942395
02
#942408
12
#942419
0,
#942433
1,
#942451
1!
#942452
0!
#942457
#942476
0,
#942490
1,
#942501
#942513
0,
#942527
1,
#942545
#942588
03
#942601
1"
#942611
0,
#942629
1'
#942640
#942651
02
#942669
1)
#942761
0"
#942784
13
#942794
0'
#942808
1,
#942818
0)
#942832
12
#942842
0%
#942860
1#
#942870
0(
#942888
1'
#942902
x3
#942919
#942932
0$
#942949
1)
#942960
0&
#942977
1%
#942987
03
#943002
1(
#943013
#943025
02
#943039
12
#943049
0*
#943067
1$
#943094
#943110
#943120
02
#943133
12
#943184
#943194
02
#943208
12
#943233
0,
#943247
1,
#943258
#943285
0,
#943299
1,
#943325
#943334
0,
#943347
1,
#943357
#943381
#943394
#943406
1!
#943407
0!
#943412
#943431
02
#943445
12
#943456
#943469
02
#943483
12
#943493
0,
#943506
1,
#943517
02
#943530
12
#943540
0,
#943554
1,
#943571
0,
#943585
1,
#943596
#943622
#943635
#943648
#943657
02
#943670
12
#943680
#943689
02
#943703
12
#943720
02
#943733
12
#943745
#943763
0,
#943776
1,
#943787
#943799
0,
#943813
1,
#943822
#943832
0,
#943845
1,
#943855
#943879
#943892
#943910
02
#943923
12
#943934
#943947
02
#943961
12
#943971
0,
#943985
1,
#943995
02
#944008
12
#944019
0,
#944032
1,
#944050
0,
#944063
1,
#944074
#944101
#944113
#944126
#944135
02
#944149
12
#944166
02
#944179
12
#944191
#944222
02
#944235
1"
#944245
0,
#944263
1&
#944273
0"
#944286
1"
#944301
#944393
1!
#944394
0!
#944399
#944412
0"
#944434
12
#944445
0)
#944458
1,
#944468
0$
#944486
1*
#944496
0(
#944514
1)
#944525
0#
#944542
1$
#944553
0'
#944570
1(
#944581
0&
#944598
1#
#944609
0%
#944627
1'
#944648
x,
#944668
#944680
0,
#944695
1&
#944713
#944723
#944758
#944786
02
#944799
12
#944815
02
#944828
12
#944844
02
#944857
12
#944881
#944907
#944924
02
#944937
12
#944954
02
#944967
12
#944983
02
#944996
12
#945021
#945034
#945057
#945090
02
#945103
1"
#945118
#945131
#945164
#945197
#945240
#945299
0"
#945312
1"
#945328
0"
#945341
1"
#945358
0"
#945371
1"
#945382
1!
#945383
0!
#945388
#945401
0"
#945413
1"
#945430
0"
#945443
1"
#945459
0"
#945472
1"
#945488
0"
#945501
1"
#945517
0"
#945530
1"
#945649
#945692
#945715
#945761
#945849
0O
#945940
0P
#946030
0Q
#946121
0R
#946212
0S
#946302
0T
#946375
1!
#946376
0!
#946381
#946397
0U
#946489
0V
#946580
0W
#946672
0X
#946763
0Y
#946855
0Z
#946946
0[
#947038
0\
#947130
0]
#947221
0^
#947313
0_
#947375
1!
#947376
0!
#947381
#947404
0`
#947502
0"
#947525
12
#947535
0&
#947549
1O
#947559
0*
#947573
1P
#947583
0(
#947598
1Q
#947608
0'
#947623
1R
#947633
0)
#947648
1S
#947659
0#
#947674
1T
#947684
#947693
#947702
0$
#947718
1U
#947728
#947736
#947745
#947769
#947822
#947838
#947859
x2
#948086
0U
#948098
1V
#948116
0T
#948129
1W
#948140
#948168
0Q
#948181
1X
#948243
#948328
#948338
02
#948351
1Y
#948360
#948370
0S
#948383
1Z
#948475
#948573
0O
#948586
1[
#948596
0P
#948612
1\
#948622
0W
#948636
1]
#948713
#948722
#948731
0V
#948745
1^
#948761
#948784
#948883
#948891
#948901
0\
#948914
1_
#949015
1!
#949016
0!
#949021
#949040
0]
#949054
1`
#949203
#949230
#949240
0Y
#949253
1U
#949263
0R
#949279
1P
#949290
#949407
#949493
0Z
#949509
1Q
#949520
#949532
0U
#949545
1R
#949631
#949640
0X
#949653
1T
#949663
#949671
#949840
#949868
#949877
0^
#949890
1Z
#949901
#949913
0`
#949928
1S
#949960
1!
#949961
0!
#949966
#949978
#949987
0[
#950000
1`
#950017
#950027
#950112
#950121
0_
#950137
1O
#950198
#950208
#950373
0R
#950385
1_
#950396
0Z
#950410
1%
#950419
#950441
#950450
#950487
0Q
#950502
1&
#950589
#950620
0_
#950632
1W
#950643
#950725
0%
#950741
1*
#950829
1!
#950830
0!
#950835
#950848
0T
#950862
1(
#950880
0S
#950894
1S
#950912
#950942
0O
#950954
1V
#951015
#951024
0`
#951039
1`
#951050
#951062
0(
#951079
1'
#951089
#951098
#951127
#951213
#951244
#951256
0V
#951270
1\
#951281
0'
#951296
1V
#951313
0P
#951327
1)
#951416
1!
#951417
0!
#951422
#951504
0W
#951519
1#
#951529
0S
#951544
1$
#951560
#951639
#951663
0\
#951678
1%
#951705
#951751
0`
#951764
1]
#951775
0%
#951789
1`
#951800
#951818
#951905
#951935
0]
#951946
1Y
#951956
#951965
0V
#951979
1V
#951990
#952002
#952011
0*
#952028
1(
#952052
#952076
#952157
0(
#952172
1X
#952182
0Y
#952196
1Y
#952207
#952219
#952234
#952327
#952365
0#
#952379
1U
#952390
#952402
0`
#952417
1'
#952428
1!
#952429
0!
#952434
#952530
0V
#952544
1V
#952624
0X
#952639
1%
#952650
#952680
0U
#952691
1^
#952702
0Y
#952715
1Y
#952725
#952734
#952743
0'
#952761
1*
#952770
#952779
#952803
#952907
#952988
0*
#953002
1[
#953012
0^
#953027
1(
#953037
0Y
#953051
1Y
#953062
#953074
#953098
#953127
#953136
0[
#953150
1Q
#953219
#953245
0%
#953260
1[
#953341
#953371
0Y
#953383
1R
#953393
0Q
#953407
1Q
#953419
1!
#953420
0!
#953424
#953436
#953447
#953465
0(
#953483
1#
#953492
#953571
#953586
#953595
0R
#953610
1'
#953643
#953674
#953686
0V
#953700
1Z
#953710
0'
#953724
1V
#953811
0[
#953826
1*
#953838
#953869
#953881
0*
#953895
1_
#953905
#953914
0Q
#953928
1Q
#953945
#953953
#953969
#954070
0V
#954085
1%
#954166
#954197
#954209
0%
#954223
1O
#954233
0Q
#954248
1(
#954259
0Z
#954273
1Z
#954289
#954299
#954331
#954342
#954351
0(
#954365
1T
#954377
1!
#954378
0!
#954383
#954395
0_
#954409
1_
#954433
#954449
#954459
#954490
#954502
0#
#954517
1P
#954527
0O
#954542
1O
#954565
#954581
#954667
0Z
#954682
1'
#954701
#954732
#954813
0T
#954827
1W
#954837
0'
#954852
1T
#954945
#954955
#954985
0_
#954997
1S
#955007
0O
#955022
1*
#955032
0$
#955050
1%
#955060
#955069
0P
#955083
1P
#955094
#955106
#955198
#955222
#955252
0W
#955264
1\
#955274
0S
#955289
1S
#955300
#955311
#955321
0*
#955338
1(
#955433
#955463
0T
#955475
1]
#955487
1!
#955488
0!
#955492
#955505
0(
#955522
1#
#955532
#955541
0\
#955556
1\
#955567
#955578
#955670
#955695
#955725
0P
#955737
1`
#955747
0]
#955761
1]
#955773
#955784
0#
#955802
1'
#955812
#955906
#955936
0S
#955948
1X
#955957
#955967
0`
#955981
1`
#955992
#956004
0'
#956022
1$
#956031
#956123
#956148
#956178
0\
#956190
1U
#956200
0X
#956214
1X
#956226
#956237
#956246
0$
#956264
1*
#956359
#956389
0]
#956401
1^
#956411
#956420
0U
#956434
1U
#956445
#956458
1!
#956459
0!
#956464
#956553
0*
#956570
1(
#956580
#956604
#956635
0`
#956646
1Y
#956656
#956665
0^
#956680
1^
#956691
#956703
0(
#956720
1#
#956730
#956822
#956846
#956877
0X
#956888
1R
#956899
0Y
#956913
1Y
#956924
#956936
0#
#956954
1'
#956963
#957058
#957088
0U
#957099
1[
#957109
#957118
0R
#957133
1R
#957144
#957155
#957164
0'
#957182
1$
#957275
#957299
#957330
0^
#957341
1V
#957352
0[
#957366
1[
#957377
#957389
0$
#957407
1*
#957416
#957434
1!
#957435
0!
#957439
#957530
#957560
0Y
#957572
1Q
#957582
#957591
0V
#957605
1V
#957617
#957628
0*
#957646
1(
#957656
#957748
#957772
#957802
0R
#957814
1Z
#957824
0Q
#957839
1Q
#957850
#957862
0(
#957879
1#
#957889
#957983
#958013
0[
#958025
1O
#958035
#958044
0Z
#958058
1Z
#958070
#958081
#958090
0#
#958108
1'
#958201
#958225
#958255
0V
#958267
1_
#958277
0O
#958292
1O
#958303
#958315
0'
#958332
1$
#958342
#958436
#958466
0Q
#958478
1W
#958488
#958497
0_
#958511
1_
#958523
1!
#958524
0!
#958529
#958541
#958550
0$
#958567
1*
#958577
#958587
#958774
0_
#958789
1(
#958800
#958830
0Z
#958842
1T
#958852
0W
#958866
1W
#958877
#958889
0(
#958907
1#
#958916
#959002
#959011
0O
#959026
1'
#959044
#959075
#959087
0T
#959101
1P
#959111
0#
#959125
1T
#959148
#959227
#959237
#959267
0P
#959278
1S
#959289
0'
#959306
1$
#959324
0W
#959337
1W
#959349
#959360
#959376
#959463
#959493
0T
#959504
1\
#959516
1!
#959517
0!
#959522
#959541
0$
#959559
1(
#959570
#959582
0S
#959596
1S
#959619
#959629
#959659
#959668
0W
#959682
1]
#959692
0(
#959707
1W
#959725
#959743
#959822
#959831
0\
#959846
1#
#959933
0S
#959948
1'
#960044
#960075
0W
#960085
1`
#960096
0#
#960113
1$
#960124
0]
#960137
1]
#960149
#960160
#960175
#960185
#960222
0$
#960236
1X
#960248
#960259
0`
#960273
1`
#960297
#960307
#960336
#960346
0]
#960359
1U
#960370
0*
#960384
1]
#960402
#960428
#960508
1!
#960509
0!
#960514
#960527
#960557
#960566
0X
#960578
1^
#960588
0'
#960606
1(
#960623
0U
#960637
1U
#960648
#960737
0`
#960752
1#
#960831
#960847
#960857
#960887
0^
#960898
1Y
#960909
0]
#960923
1]
#960934
#960952
#960961
0#
#960979
1$
#961004
#961034
#961043
0Y
#961057
1R
#961125
0$
#961139
1Y
#961151
#961162
#961191
#961341
#961379
1!
#961380
0!
#961385
#961397
0]
#961411
1[
#961421
0(
#961435
1]
#961445
0U
#961460
1*
#961469
#961480
#961491
#961508
0R
#961523
1'
#961695
#961725
0Y
#961736
1V
#961747
0[
#961760
1[
#961771
#961783
0'
#961800
1#
#961810
#961826
0]
#961841
1$
#961853
#961882
#961891
0V
#961905
1Q
#961915
0#
#961929
1V
#961947
#961973
#962051
#962061
0[
#962076
1(
#962094
#962125
#962137
0(
#962151
1Z
#962161
0Q
#962175
1Q
#962192
#962202
#962233
#962244
#962253
0$
#962268
1_
#962278
0V
#962292
1V
#962322
#962339
#962419
#962506
0_
#962518
1O
#962528
0Z
#962543
1Z
#962554
#962586
#962596
#962678
1!
#962679
0!
#962683
#962746
#962755
0%
#962770
1P
#962780
0Q
#962795
1Q
#962806
#962824
#962847
0*
#962865
1'
#962883
#962914
#962925
#962934
0V
#962949
1T
#963042
0P
#963055
1V
#963072
#963081
0'
#963098
1#
#963255
0O
#963269
1(
#963279
0Q
#963294
1$
#963306
#963388
1!
#963389
0!
#963394
#963405
#963415
0Z
#963429
1\
#963439
0$
#963453
1Z
#963465
#963483
#963576
0\
#963591
1%
#963671
#963687
0V
#963702
1*
#963713
#963750
0%
#963764
1S
#963775
#963787
0T
#963801
1T
#963824
#963834
#963864
#963873
0Z
#963887
1W
#963897
0(
#963912
1Z
#963930
#963949
#964027
#964036
0S
#964051
1'
#964138
0T
#964154
1$
#964250
#964280
0Z
#964291
1X
#964301
0$
#964319
1%
#964330
#964342
0W
#964355
1W
#964372
#964382
1!
#964383
0!
#964388
#964400
#964410
#964447
0%
#964461
1`
#964472
0X
#964485
1X
#964497
#964522
#964602
#964632
#964641
0`
#964655
1^
#964665
0'
#964679
1`
#964697
#964716
#964725
0W
#964740
1(
#964756
#964843
0X
#964858
1$
#964876
#964957
0(
#964971
1R
#964982
0^
#964996
1^
#965007
#965018
#965112
#965141
#965151
0R
#965164
1U
#965175
0$
#965188
1R
#965207
#965225
#965234
0`
#965249
1%
#965266
#965352
0^
#965367
1'
#965379
1!
#965380
0!
#965384
#965405
#965486
0U
#965500
1Y
#965510
0'
#965524
1U
#965536
#965554
#965632
#965648
0Y
#965664
1(
#965682
#965712
0(
#965726
1]
#965736
0R
#965750
1R
#965761
#965787
#965797
#965827
#965836
0]
#965850
1[
#965918
0%
#965932
1]
#965943
#965954
#965983
#966133
#966170
0U
#966182
1_
#966192
0#
#966209
1$
#966220
#966239
0[
#966254
1'
#966334
0R
#966348
1R
#966358
0_
#966373
1(
#966383
#966400
1!
#966401
0!
#966406
#966419
#966449
#966458
0]
#966471
1P
#966482
0(
#966496
1]
#966514
#966539
#966618
#966627
0R
#966642
1%
#966661
#966691
0'
#966705
1O
#966715
0P
#966729
1P
#966740
#966766
#966776
#966805
#966815
0O
#966829
1Q
#966898
#966924
0%
#966938
1O
#967019
#967049
0P
#967061
1\
#967071
0Q
#967086
1Q
#967097
#967108
#967124
0$
#967142
1#
#967151
#967237
#967247
#967276
#967285
0]
#967297
1V
#967308
0\
#967322
1\
#967339
0#
#967356
1(
#967373
#967383
#967394
#967405
1!
#967406
0!
#967410
#967598
0Q
#967613
1'
#967694
#967724
0\
#967735
1S
#967746
0O
#967759
1O
#967770
#967782
0'
#967799
1%
#967810
0V
#967825
1$
#967841
#967851
#967881
#967890
0S
#967904
1T
#967914
0$
#967928
1S
#967946
#967972
#968050
#968059
0O
#968075
1#
#968093
#968123
0%
#968137
1Z
#968147
0T
#968161
1T
#968172
#968198
#968208
#968238
#968247
0Z
#968261
1W
#968330
#968356
0#
#968370
1Z
#968451
#968482
1!
#968483
0!
#968488
#968501
0(
#968515
1X
#968525
0T
#968540
1'
#968551
0W
#968565
1W
#968576
#968587
#968596
#968618
#968698
#968735
0'
#968750
1`
#968759
#968768
0S
#968783
1$
#968795
#968806
0X
#968821
1X
#968844
#968938
#968968
0`
#968980
1^
#968990
#968999
0Z
#969013
1Z
#969025
#969037
0$
#969054
1%
#969064
#969156
#969180
#969210
0W
#969222
1Y
#969232
0^
#969247
1^
#969258
#969270
0%
#969287
1#
#969297
#969392
1!
#969393
0!
#969397
#969481
#969511
0X
#969522
1[
#969533
0Z
#969548
1(
#969557
#969566
0Y
#969580
1Y
#969592
#969603
#969612
0#
#969630
1'
#969653
#969678
#969759
0'
#969773
1U
#969783
0[
#969798
1[
#969809
#969820
#969835
#969929
#969966
0(
#969980
1_
#969991
0Y
#970005
1Y
#970066
0^
#970081
1$
#970092
#970196
#970226
0[
#970238
1R
#970247
#970257
0$
#970274
1%
#970284
#970293
0U
#970307
1U
#970319
#970351
#970361
#970443
1!
#970444
0!
#970449
#970462
0R
#970476
1P
#970536
#970547
#970648
0%
#970663
1R
#970758
#970788
0P
#970800
1]
#970861
0U
#970876
1#
#970887
#970899
#970908
0*
#970925
1'
#970942
0Y
#970957
1Y
#970975
#971004
#971013
0]
#971028
1Q
#971096
0#
#971111
1]
#971122
#971133
#971162
#971170
#971320
#971349
#971366
0'
#971380
1\
#971390
0_
#971405
1(
#971416
#971428
0Q
#971442
1$
#971460
0R
#971474
1R
#971492
#971521
#971531
0]
#971545
1V
#971557
1!
#971558
0!
#971562
#971576
#971594
0(
#971609
1]
#971619
#971717
#971735
#971765
0\
#971778
1O
#971787
#971847
0Y
#971862
1Y
#971873
#971884
#971894
0$
#971911
1%
#972005
0R
#972020
1*
#972030
#972193
0]
#972207
1#
#972217
0V
#972233
1'
#972244
#972281
0'
#972295
1T
#972305
0O
#972319
1O
#972330
#972356
#972436
#972467
1!
#972468
0!
#972473
#972486
0*
#972500
1S
#972510
0T
#972524
1T
#972535
#972546
#972555
#972579
#972608
#972617
0S
#972631
1`
#972642
0Y
#972653
1S
#972664
0#
#972681
1(
#972692
#972717
#972728
#972757
#972767
#972779
0(
#972794
1W
#972804
0`
#972819
1`
#972850
#972860
#972942
#972953
0T
#972968
1X
#972979
0%
#972994
1T
#973003
#973032
#973133
#973213
#973324
0S
#973339
1Z
#973349
0&
#973364
1S
#973376
#973394
0X
#973409
1$
#973419
#973449
1!
#973450
0!
#973455
#973545
#973575
#973585
#973597
0$
#973612
1^
#973623
0`
#973638
1`
#973794
0Z
#973807
1'
#973818
0T
#973832
1*
#973843
#973873
#973882
0W
#973897
1[
#973907
0'
#973922
1W
#973931
#973942
#973960
#973976
#974076
0O
#974090
1#
#974262
#974292
0S
#974304
1P
#974314
0[
#974328
1(
#974339
0`
#974354
1%
#974364
0^
#974378
1^
#974389
#974401
0*
#974419
1&
#974428
#974439
1!
#974440
0!
#974444
#974526
#974536
0W
#974551
1$
#974583
#974664
0$
#974678
1U
#974688
0P
#974702
1P
#974714
#974725
#974749
#974778
#974787
0U
#974801
1Q
#974869
0%
#974884
1U
#974895
#974906
#974935
#975085
#975122
0^
#975133
1_
#975144
0(
#975161
1'
#975172
#975184
0P
#975198
1P
#975215
0Q
#975230
1*
#975319
#975348
#975357
0*
#975371
1\
#975382
0_
#975395
1_
#975407
1!
#975408
0!
#975413
#975425
0U
#975440
1$
#975450
#975459
#975467
#975484
#975595
0P
#975610
1%
#975621
#975702
0$
#975716
1R
#975726
0\
#975740
1\
#975751
#975763
#975786
#975816
#975825
0_
#975839
1]
#975849
0'
#975864
1_
#975882
#975977
#975987
0R
#976002
1(
#976081
#976091
0\
#976106
1*
#976124
#976155
#976167
0*
#976181
1V
#976191
0]
#976205
1]
#976222
#976232
#976263
#976274
#976283
0(
#976298
1Y
#976308
0_
#976322
1_
#976352
#976369
#976448
#976529
0&
#976544
1X
#976554
0Y
#976569
1$
#976580
1!
#976581
0!
#976586
#976606
0V
#976620
1V
#976631
#976657
#976667
#976696
#976706
0]
#976720
1O
#976731
#976841
0$
#976855
1]
#976935
0_
#976950
1'
#976960
0V
#976975
1*
#977056
#977086
#977095
0O
#977106
1Z
#977116
#977125
0*
#977143
1(
#977154
#977166
0X
#977180
1X
#977212
#977242
#977302
0(
#977316
1T
#977327
0Z
#977341
1Z
#977352
#977363
#977372
#977396
1!
#977397
0!
#977402
#977485
#977515
#977531
0'
#977545
1`
#977555
0]
#977570
1&
#977581
#977593
0T
#977608
1T
#977631
#977641
#977671
#977680
0X
#977694
1[
#977706
#977753
0&
#977768
1X
#977918
#977948
#977957
0#
#977971
1S
#977982
0[
#977996
1$
#978006
0T
#978021
1*
#978083
#978095
0`
#978109
1`
#978126
#978141
#978151
#978181
#978249
#978260
0*
#978275
1W
#978286
0S
#978300
1S
#978324
#978334
#978365
#978384
0X
#978399
1Q
#978417
1!
#978418
0!
#978423
#978504
#978590
0`
#978602
1X
#978612
0W
#978627
1(
#978636
#978646
0$
#978663
1'
#978673
#978759
0Q
#978774
1&
#978869
#978906
0(
#978920
1^
#978931
0Z
#978944
1Z
#978956
#978981
#979060
0X
#979075
1#
#979086
#979116
#979125
0^
#979138
1U
#979149
0&
#979163
1^
#979181
#979199
#979279
0S
#979293
1*
#979310
0Z
#979326
1$
#979335
#979345
#979376
0$
#979390
1P
#979400
0U
#979414
1U
#979425
#979438
1!
#979439
0!
#979444
#979463
#979473
#979510
0#
#979524
1R
#979535
#979547
#979556
0P
#979570
1P
#979593
#979687
0R
#979702
1(
#979713
#979743
#979752
0^
#979766
1\
#979776
0(
#979790
1^
#979853
#979871
#979886
#979979
0U
#979994
1&
#980013
#980044
#980055
0\
#980069
1Y
#980080
0&
#980094
1\
#980181
0^
#980196
1$
#980207
#980239
#980250
0$
#980265
1_
#980274
#980284
0P
#980298
1P
#980321
#980330
#980345
#980446
0\
#980461
1#
#980613
#980643
0P
#980654
1V
#980665
1!
#980666
0!
#980671
#980684
0_
#980699
1(
#980709
0#
#980727
1&
#980737
0Y
#980751
1Y
#980762
#980773
#980789
#980799
#980836
0&
#980850
1O
#980860
0V
#980874
1V
#980885
#980896
#980919
#980929
#980966
0(
#980980
1]
#980990
0Y
#981005
1Y
#981067
#981078
#981178
#981208
#981217
0O
#981229
1T
#981239
0V
#981253
1V
#981270
#981279
0'
#981297
1$
#981359
#981377
#981387
1!
#981388
0!
#981393
#981559
0T
#981573
1#
#981584
0]
#981599
1&
#981610
#981647
0#
#981661
1[
#981672
#981684
0Y
#981698
1Y
#981721
#981732
#981761
#981770
0V
#981784
1W
#981795
0&
#981809
1V
#981827
#981853
#981931
#981940
0[
#981955
1(
#982050
0Y
#982065
1'
#982147
#982177
0V
#982188
1`
#982198
0(
#982216
1#
#982226
0W
#982240
1W
#982251
#982262
#982278
#982288
#982325
0#
#982339
1Q
#982350
#982362
0`
#982376
1`
#982401
1!
#982402
0!
#982407
#982418
#982429
#982458
#982467
0W
#982481
1X
#982492
0'
#982506
1W
#982524
#982543
#982621
#982630
0Q
#982645
1&
#982733
0`
#982748
1(
#982844
#982874
0W
#982885
1S
#982895
0&
#982913
1#
#982923
0X
#982937
1X
#982948
#982959
#982975
#982985
#983022
0#
#983036
1Z
#983047
#983059
0S
#983073
1S
#983096
#983106
#983136
#983145
0X
#983159
1R
#983169
0(
#983184
1X
#983202
#983227
#983306
#983315
0Z
#983330
1'
#983418
1!
#983419
0!
#983424
#983437
0S
#983452
1&
#983471
#983552
0'
#983566
1U
#983576
0R
#983590
1R
#983601
#983612
#983706
#983736
#983745
0U
#983758
1^
#983769
0&
#983783
1U
#983801
#983819
#983899
0X
#983913
1#
#983930
0R
#983945
1(
#983955
#983965
#983996
0(
#984010
1\
#984020
0^
#984034
1^
#984045
#984063
#984088
#984117
#984126
0\
#984140
1P
#984151
0#
#984165
1\
#984183
#984278
#984288
0U
#984303
1'
#984382
#984392
0^
#984407
1&
#984418
1!
#984419
0!
#984424
#984444
#984476
#984488
0&
#984501
1_
#984512
0P
#984526
1P
#984542
#984552
#984584
#984595
#984604
0'
#984618
1O
#984629
0\
#984643
1\
#984673
#984689
#984769
#984850
0$
#984864
1T
#984875
0O
#984890
1(
#984900
0_
#984914
1_
#984926
#984944
#984967
#984998
#985010
0(
#985025
1]
#985035
#985044
0P
#985059
1P
#985082
#985238
0T
#985252
1#
#985341
#985371
0]
#985382
1[
#985392
0_
#985407
1&
#985419
1!
#985420
0!
#985425
#985437
0#
#985455
1'
#985464
#985474
0\
#985487
1\
#985499
#985510
#985532
#985557
#985638
0[
#985652
1Y
#985662
0&
#985676
1[
#985688
#985712
#985861
#985870
0P
#985885
1$
#985902
0Y
#985917
1(
#986013
#986043
0[
#986054
1V
#986064
0$
#986082
1#
#986093
0\
#986106
1\
#986117
#986128
#986144
#986154
#986191
0#
#986205
1Q
#986216
#986228
0V
#986242
1V
#986265
#986275
#986305
#986314
0\
#986328
1`
#986338
0(
#986353
1\
#986371
#986396
#986477
1!
#986478
0!
#986482
#986496
#986525
#986535
0Q
#986546
1W
#986564
0`
#986578
1`
#986589
#986678
0'
#986695
1&
#986705
0V
#986720
1$
#986799
#986815
#986825
#986855
0W
#986867
1Z
#986877
0\
#986891
1\
#986902
#986920
#986929
0$
#986947
1#
#986973
#987002
#987011
0Z
#987025
1S
#987093
0#
#987108
1Z
#987119
#987130
#987159
#987309
#987346
0`
#987357
1X
#987368
0&
#987385
1(
#987396
#987408
0\
#987422
1\
#987433
1!
#987434
0!
#987439
#987466
0S
#987481
1'
#987492
#987521
#987581
0'
#987596
1R
#987606
0X
#987620
1X
#987632
#987643
#987652
#987745
#987775
#987791
0(
#987805
1U
#987816
#987828
0Z
#987843
1$
#987853
0R
#987868
1R
#987898
#987908
#987937
#987947
0\
#987961
1^
#987971
0$
#987986
1\
#988004
#988030
#988110
#988140
0U
#988152
1O
#988163
#988175
0^
#988190
1^
#988199
#988222
#988378
0O
#988392
1#
#988402
0\
#988417
1&
#988499
1!
#988500
0!
#988505
#988517
0*
#988535
1'
#988552
0R
#988567
1(
#988578
#988608
#988617
0X
#988630
1T
#988641
0(
#988655
1X
#988673
#988691
#988770
#988786
0^
#988801
1$
#988820
#988850
0&
#988864
1]
#988874
0T
#988888
1T
#988899
#988925
#988935
#988964
#988974
0]
#988987
1_
#989055
0$
#989070
1]
#989081
#989092
#989121
#989271
#989308
0X
#989319
1P
#989330
0#
#989347
1*
#989358
#989377
0_
#989392
1(
#989473
1!
#989474
0!
#989479
#989491
0T
#989505
1T
#989515
0P
#989530
1&
#989540
#989555
#989566
#989603
0]
#989616
1Y
#989627
0&
#989640
1]
#989652
#989670
#989748
#989765
0Y
#989780
1$
#989798
#989828
0(
#989842
1[
#989852
0T
#989866
1T
#989878
#989903
#989913
#989943
#989952
0[
#989966
1Q
#990034
0$
#990048
1[
#990059
#990071
#990100
#990250
#990287
0]
#990298
1V
#990308
0*
#990325
1#
#990336
#990355
0Q
#990370
1&
#990450
0T
#990464
1T
#990474
0V
#990489
1(
#990499
#990516
1!
#990517
0!
#990522
#990535
#990565
#990574
0[
#990588
1W
#990598
0(
#990612
1[
#990630
#990656
#990734
#990744
0T
#990759
1$
#990777
#990807
0&
#990821
1S
#990831
0W
#990845
1W
#990857
#990882
#990892
#990922
#990931
0S
#990945
1`
#991014
#991040
0$
#991054
1S
#991135
#991165
0W
#991177
1Z
#991187
0`
#991202
1`
#991213
#991224
#991240
0#
#991258
1*
#991267
#991353
#991363
#991392
#991402
0[
#991413
1U
#991424
0Z
#991438
1Z
#991455
0*
#991473
1(
#991489
#991499
#991510
#991611
0`
#991626
1&
#991645
1!
#991646
0!
#991650
#991803
0U
#991818
1$
#991828
0Z
#991844
1#
#991864
#991894
0$
#991908
1O
#991918
0S
#991931
1S
#991943
#991954
#991970
#991980
#992017
0&
#992031
1\
#992041
0O
#992055
1O
#992066
#992077
#992100
#992110
#992147
0#
#992161
1R
#992172
#992184
0S
#992198
1S
#992292
#992301
0\
#992316
1*
#992327
#992357
#992366
0O
#992380
1^
#992391
1!
#992392
0!
#992397
#992416
0*
#992431
1O
#992442
#992453
#992545
#992624
0R
#992639
1$
#992649
0^
#992664
1&
#992676
#992713
0&
#992727
1_
#992737
0S
#992751
1S
#992762
#992788
#992868
#992897
#992907
0_
#992920
1X
#992930
0$
#992944
1_
#992962
#992981
#992990
0O
#993005
1#
#993022
#993108
0S
#993123
1*
#993142
#993223
0#
#993237
1P
#993247
0X
#993261
1X
#993272
#993283
#993377
#993407
#993417
1!
#993418
0!
#993423
#993436
0*
#993449
1Y
#993460
0P
#993474
1P
#993490
#993500
#993519
0_
#993534
1&
#993614
#993630
0Y
#993645
1$
#993656
#993693
0&
#993707
1Q
#993718
#993730
0X
#993744
1X
#993767
#993778
#993807
#993816
0P
#993830
1]
#993841
0$
#993855
1P
#993873
#993892
#993970
#993979
0Q
#993994
1#
#994082
0X
#994097
1*
#994193
#994223
0P
#994234
1V
#994244
0*
#994262
1&
#994273
#994285
0]
#994298
1]
#994315
#994325
#994355
#994364
0&
#994378
1T
#994389
1!
#994390
0!
#994395
#994416
#994442
0V
#994456
1V
#994535
#994545
#994575
#994584
0T
#994598
1W
#994608
0#
#994622
1T
#994640
#994659
#994668
0]
#994683
1$
#994699
#994786
0V
#994801
1*
#994820
#994901
0$
#994914
1[
#994925
0W
#994939
1W
#994950
#994961
#995055
#995085
#995094
0[
#995107
1`
#995118
0*
#995132
1[
#995150
#995168
#995178
0T
#995193
1&
#995209
#995295
0W
#995310
1#
#995329
#995410
0`
#995424
1U
#995434
0#
#995448
1`
#995459
1!
#995460
0!
#995465
#995479
#995497
#995575
#995592
0U
#995607
1$
#995625
#995655
0$
#995669
1Z
#995680
0[
#995693
1[
#995705
#995730
#995740
#995770
#995779
0Z
#995793
1\
#995861
0&
#995875
1Z
#995887
#995898
#995927
#996077
#996114
0`
#996125
1R
#996135
0(
#996152
1*
#996164
#996182
0\
#996197
1#
#996277
0[
#996291
1[
#996301
0R
#996316
1$
#996326
#996341
#996352
#996383
1!
#996384
0!
#996389
#996401
0Z
#996415
1^
#996425
0$
#996439
1Z
#996457
#996483
#996561
#996571
0[
#996586
1&
#996604
#996634
0#
#996648
1O
#996659
0^
#996672
1^
#996684
#996709
#996719
#996749
#996758
0O
#996772
1S
#996841
#996867
0&
#996881
1O
#996962
#996993
0^
#997004
1_
#997015
0S
#997029
1S
#997040
#997052
#997068
0*
#997085
1(
#997095
#997180
#997190
#997220
#997229
0Z
#997241
1Y
#997251
0_
#997265
1_
#997282
0(
#997300
1$
#997316
#997326
#997338
#997439
0S
#997454
1#
#997472
1!
#997473
0!
#997478
#997630
0Y
#997645
1&
#997655
0_
#997671
1*
#997691
#997721
0&
#997735
1Q
#997745
0O
#997759
1O
#997770
#997781
#997797
#997807
#997844
0#
#997858
1X
#997868
0Q
#997882
1Q
#997893
#997904
#997927
#997937
#997974
0*
#997988
1P
#997999
#998011
0O
#998026
1O
#998119
#998128
0X
#998143
1(
#998154
#998184
#998193
0Q
#998207
1]
#998217
0(
#998232
1Q
#998250
#998268
#998354
#998364
#998394
0O
#998406
1V
#998467
0$
#998484
1&
#998501
0]
#998516
1]
#998527
1!
#998528
0!
#998533
#998545
#998555
#998566
#998750
0P
#998765
1#
#998845
0V
#998860
1*
#998871
#998901
0]
#998912
1T
#998923
0#
#998940
1(
#998951
0Q
#998964
1Q
#998975
#998987
#999002
#999012
#999049
0(
#999063
1W
#999074
#999086
0T
#999100
1T
#999123
#999134
#999163
#999172
0Q
#999186
1U
#999197
0*
#999211
1Q
#999229
#999248
#999326
#999335
0W
#999350
1$
#999432
1!
#999433
0!
#999438
#999457
0T
#999472
1#
#999568
#999598
0Q
#999609
1\
#999619
0#
#999637
1(
#999649
#999660
0U
#999674
1U
#999690
#999701
#999730
#999739
0(
#999753
1`
#999764
0\
#999778
1\
#999789
#999814
#999824
#999853
#999864
#999875
0`
#999889
1R
#999900
0$
#999914
1`
#999945
#999955
#999986
#999998
0&
#1000013
1[
#1000092
#1000101
0\
#1000116
1*
#1000133
0U
#1000148
1U
#1000172
#1000250
#1000259
0`
#1000274
1#
#1000293
#1000324
#1000336
0#
#1000350
1^
#1000360
0R
#1000375
1R
#1000386
1!
#1000387
0!
#1000392
#1000404
#1000420
#1000444
#1000475
#1000487
0*
#1000502
1Z
#1000589
0U
#1000604
1(
#1000614
0[
#1000629
1[
#1000652
#1000732
#1000812
#1000821
0(
#1000836
1S
#1000846
0Z
#1000861
1$
#1000871
0^
#1000886
1^
#1000897
#1000915
#1000939
#1000970
#1000982
0$
#1000996
1Y
#1001006
#1001015
0S
#1001030
1S
#1001053
#1001209
0R
#1001224
1&
#1001312
#1001342
0Y
#1001353
1_
#1001364
0^
#1001379
1#
#1001389
0&
#1001407
1*
#1001416
#1001426
0[
#1001439
1[
#1001451
#1001462
#1001484
#1001509
#1001590
0*
#1001604
1X
#1001614
0_
#1001629
1_
#1001640
#1001653
1!
#1001654
0!
#1001659
#1001678
#1001841
0[
#1001855
1(
#1001866
0S
#1001881
1$
#1001892
#1001922
#1001931
0X
#1001944
1O
#1001955
0$
#1001968
1X
#1001987
#1002005
#1002084
#1002100
0_
#1002115
1&
#1002133
#1002164
0#
#1002178
1V
#1002188
0O
#1002202
1O
#1002213
#1002239
#1002249
#1002278
#1002288
0V
#1002301
1P
#1002369
0&
#1002384
1V
#1002395
#1002406
#1002437
1!
#1002438
0!
#1002443
#1002455
#1002605
#1002642
0X
#1002653
1]
#1002663
0(
#1002680
1*
#1002692
#1002703
0O
#1002717
1O
#1002735
0P
#1002750
1$
#1002838
#1002868
#1002877
0$
#1002891
1W
#1002901
0]
#1002915
1]
#1002926
#1002938
0V
#1002953
1#
#1002970
#1002978
#1002988
#1003018
#1003034
0#
#1003048
1T
#1003059
0W
#1003073
1W
#1003091
#1003102
#1003134
#1003163
#1003223
0*
#1003238
1Q
#1003248
0O
#1003263
1O
#1003274
#1003362
#1003393
#1003423
0T
#1003436
1\
#1003445
#1003456
1!
#1003457
0!
#1003461
#1003474
0'
#1003491
1&
#1003502
0Q
#1003516
1Q
#1003528
#1003615
#1003710
#1003740
0W
#1003751
1`
#1003762
0]
#1003777
1(
#1003787
0&
#1003804
1$
#1003814
#1003823
0\
#1003838
1\
#1003849
#1003860
#1003952
#1003977
#1004007
0O
#1004019
1U
#1004029
0`
#1004043
1`
#1004055
#1004066
#1004075
0(
#1004092
1#
#1004188
#1004218
0Q
#1004230
1Z
#1004239
#1004249
0U
#1004263
1U
#1004274
#1004286
0#
#1004304
1*
#1004313
#1004405
#1004430
1!
#1004431
0!
#1004436
#1004449
#1004479
0\
#1004491
1R
#1004502
0Z
#1004516
1Z
#1004527
#1004539
0*
#1004556
1'
#1004566
#1004660
#1004691
0`
#1004702
1Y
#1004712
#1004721
0R
#1004736
1R
#1004747
#1004759
0'
#1004776
1&
#1004786
#1004878
#1004902
#1004932
0U
#1004944
1^
#1004955
0Y
#1004969
1Y
#1004980
#1004991
#1005001
0&
#1005018
1(
#1005113
#1005144
0Z
#1005155
1[
#1005165
#1005174
0^
#1005189
1^
#1005200
#1005212
0(
#1005229
1#
#1005239
#1005331
#1005355
#1005386
0R
#1005397
1S
#1005408
0[
#1005422
1[
#1005433
#1005445
0#
#1005463
1*
#1005472
#1005567
1!
#1005568
0!
#1005573
#1005586
#1005616
0Y
#1005628
1_
#1005638
#1005647
0S
#1005661
1S
#1005672
#1005684
0*
#1005702
1'
#1005711
#1005803
#1005828
#1005858
0^
#1005870
1P
#1005880
0_
#1005895
1_
#1005906
#1005917
#1005926
0'
#1005944
1&
#1006039
#1006069
0[
#1006081
1X
#1006091
#1006100
0P
#1006114
1P
#1006126
#1006137
0&
#1006155
1(
#1006165
#1006257
#1006281
#1006311
0S
#1006323
1V
#1006333
0X
#1006348
1X
#1006359
#1006371
0(
#1006388
1#
#1006400
1!
#1006401
0!
#1006405
#1006417
#1006512
#1006542
0_
#1006554
1T
#1006563
#1006573
0V
#1006587
1V
#1006598
#1006610
0#
#1006627
1*
#1006637
#1006729
#1006754
#1006784
0P
#1006796
1]
#1006806
0T
#1006820
1T
#1006831
#1006843
#1006852
0*
#1006869
1'
#1006965
#1006995
0X
#1007007
1W
#1007016
#1007026
0]
#1007040
1]
#1007051
#1007063
0'
#1007080
1&
#1007090
#1007182
#1007207
#1007237
0V
#1007249
1O
#1007259
0W
#1007273
1W
#1007285
#1007296
0&
#1007314
1(
#1007324
#1007418
#1007448
0T
#1007460
1Q
#1007471
1!
#1007472
0!
#1007477
#1007489
#1007498
0O
#1007512
1O
#1007524
#1007536
0(
#1007553
1#
#1007563
#1007655
#1007679
#1007709
0]
#1007721
1\
#1007732
0Q
#1007746
1Q
#1007757
#1007768
#1007778
0#
#1007795
1*
#1007890
#1007921
0W
#1007932
1`
#1007942
#1007951
0\
#1007966
1\
#1007977
#1007989
0*
#1008006
1'
#1008016
#1008108
#1008132
#1008163
0O
#1008174
1U
#1008185
0`
#1008199
1`
#1008210
#1008222
0'
#1008239
1&
#1008249
#1008344
#1008374
0Q
#1008385
1Z
#1008395
#1008404
0U
#1008419
1U
#1008430
#1008442
0&
#1008459
1(
#1008471
1!
#1008472
0!
#1008476
#1008495
#1008589
#1008620
0\
#1008631
1R
#1008641
#1008650
0Z
#1008665
1Z
#1008676
#1008687
#1008696
0(
#1008714
1#
#1008807
#1008831
#1008862
0`
#1008873
1Y
#1008884
0R
#1008898
1R
#1008909
#1008921
0#
#1008939
1*
#1008948
#1009043
#1009073
0U
#1009084
1^
#1009094
#1009103
0Y
#1009118
1Y
#1009129
#1009141
0*
#1009158
1'
#1009168
#1009260
#1009284
#1009315
0Z
#1009326
1[
#1009337
0^
#1009351
1^
#1009362
#1009374
0'
#1009392
1&
#1009401
#1009488
1!
#1009489
0!
#1009494
#1009515
#1009545
0R
#1009557
1S
#1009567
#1009576
0[
#1009590
1[
#1009602
#1009613
#1009622
0&
#1009639
1(
#1009733
#1009757
#1009787
0Y
#1009799
1_
#1009809
0S
#1009824
1S
#1009835
#1009847
0(
#1009864
1#
#1009874
#1009968
#1009998
0^
#1010010
1P
#1010020
#1010029
0_
#1010043
1_
#1010055
#1010066
0#
#1010084
1*
#1010094
#1010186
#1010210
#1010240
0[
#1010252
1X
#1010262
0P
#1010277
1P
#1010288
#1010300
0*
#1010317
1'
#1010327
#1010421
#1010451
0S
#1010463
1V
#1010473
#1010482
0X
#1010496
1X
#1010508
#1010519
#1010528
0'
#1010546
1&
#1010564
1!
#1010565
0!
#1010570
#1010658
#1010683
#1010713
0_
#1010725
1T
#1010735
0V
#1010749
1V
#1010761
#1010772
0&
#1010790
1(
#1010800
#1010894
#1010924
0P
#1010936
1]
#1010945
#1010955
0T
#1010969
1T
#1010980
#1010992
0(
#1011010
1#
#1011019
#1011111
#1011136
#1011166
0X
#1011178
1W
#1011188
0]
#1011202
1]
#1011214
#1011225
0#
#1011243
1*
#1011253
#1011347
#1011377
0V
#1011389
1O
#1011400
1!
#1011401
0!
#1011406
#1011418
#1011427
0W
#1011442
1W
#1011453
#1011464
#1011473
0*
#1011491
1'
#1011584
#1011608
#1011639
0T
#1011650
1Q
#1011661
0O
#1011675
1O
#1011686
#1011698
0'
#1011715
1&
#1011725
#1011820
#1011850
0]
#1011861
1\
#1011871
#1011880
0Q
#1011895
1Q
#1011906
#1011918
0&
#1011935
1(
#1011945
#1012037
#1012061
#1012092
0W
#1012103
1`
#1012114
0\
#1012128
1\
#1012139
#1012151
0(
#1012169
1#
#1012178
#1012273
#1012303
0O
#1012314
1U
#1012324
#1012333
0`
#1012348
1`
#1012359
#1012370
#1012379
0#
#1012397
1*
#1012490
#1012514
#1012546
1!
#1012547
0!
#1012552
#1012564
0*
#1012578
1Z
#1012589
0U
#1012603
1U
#1012664
0Q
#1012679
1'
#1012690
#1012702
#1012731
#1012741
#1012873
0'
#1012888
1R
#1012898
0\
#1012913
1\
#1012924
#1012970
#1012980
#1013061
0$
#1013077
1Y
#1013086
#1013095
0`
#1013111
1`
#1013122
#1013203
#1013287
#1013297
0U
#1013311
1&
#1013329
#1013360
#1013372
0Z
#1013386
1^
#1013397
0&
#1013411
1Z
#1013423
1!
#1013424
0!
#1013429
#1013448
0R
#1013463
1(
#1013556
0Y
#1013571
1#
#1013595
#1013673
#1013683
0\
#1013698
1*
#1013785
0^
#1013800
1'
#1013819
#1013900
0`
#1013914
1[
#1013924
0'
#1013938
1`
#1013949
#1013967
#1014046
#1014062
0[
#1014077
1$
#1014095
#1014126
0$
#1014140
1S
#1014150
0Z
#1014164
1Z
#1014175
#1014200
#1014211
#1014240
#1014249
0S
#1014263
1_
#1014331
0*
#1014346
1S
#1014357
#1014368
#1014399
1!
#1014400
0!
#1014405
#1014417
#1014566
#1014603
0`
#1014615
1P
#1014625
0(
#1014642
1&
#1014653
#1014665
0Z
#1014679
1Z
#1014697
0_
#1014712
1'
#1014800
#1014830
#1014839
0'
#1014853
1X
#1014863
0P
#1014877
1P
#1014888
#1014900
0S
#1014915
1$
#1014932
#1014940
#1014950
#1014980
#1014996
0$
#1015010
1V
#1015021
0X
#1015035
1X
#1015053
#1015064
#1015096
#1015125
#1015185
0&
#1015200
1T
#1015210
0Z
#1015225
1Z
#1015236
#1015324
#1015355
#1015385
0V
#1015398
1]
#1015407
#1015418
1!
#1015419
0!
#1015423
#1015436
0#
#1015453
1*
#1015464
0T
#1015478
1T
#1015490
#1015577
#1015671
#1015702
0X
#1015713
1W
#1015724
0P
#1015739
1(
#1015749
0*
#1015766
1'
#1015776
#1015785
0]
#1015800
1]
#1015811
#1015822
#1015914
#1015939
#1015969
0Z
#1015980
1O
#1015991
0W
#1016005
1W
#1016016
#1016028
#1016037
0(
#1016054
1$
#1016150
#1016180
0T
#1016192
1Q
#1016201
#1016211
0O
#1016225
1O
#1016236
#1016248
0$
#1016265
1&
#1016275
#1016367
#1016392
1!
#1016393
0!
#1016398
#1016411
#1016441
0]
#1016453
1R
#1016463
0Q
#1016478
1Q
#1016489
#1016501
0&
#1016518
1#
#1016528
#1016622
#1016652
0W
#1016664
1U
#1016674
#1016683
0R
#1016697
1R
#1016709
#1016721
0#
#1016738
1*
#1016748
#1016840
#1016864
#1016894
0O
#1016906
1Y
#1016916
0U
#1016931
1U
#1016942
#1016953
#1016963
0*
#1016980
1(
#1017075
#1017106
0Q
#1017117
1\
#1017127
#1017136
0Y
#1017150
1Y
#1017162
#1017174
0(
#1017191
1$
#1017201
#1017293
#1017317
#1017347
0R
#1017359
1^
#1017370
0\
#1017384
1\
#1017395
#1017407
0$
#1017424
1&
#1017434
#1017529
1!
#1017530
0!
#1017534
#1017548
#1017578
0U
#1017590
1[
#1017600
#1017609
0^
#1017623
1^
#1017634
#1017646
0&
#1017664
1#
#1017673
#1017765
#1017790
#1017820
0Y
#1017832
1_
#1017842
0[
#1017856
1[
#1017868
#1017879
#1017888
0#
#1017906
1*
#1018001
#1018031
0\
#1018043
1`
#1018053
#1018062
0_
#1018076
1_
#1018087
#1018099
0*
#1018117
1(
#1018126
#1018218
#1018243
#1018273
0^
#1018285
1S
#1018295
0`
#1018310
1`
#1018321
#1018333
0(
#1018350
1$
#1018360
#1018377
1!
#1018378
0!
#1018383
#1018395
#1018489
#1018519
0[
#1018531
1V
#1018541
0S
#1018555
1S
#1018567
#1018579
0$
#1018596
1&
#1018606
#1018700
#1018730
0_
#1018742
1P
#1018752
#1018761
0V
#1018775
1V
#1018786
#1018798
#1018807
0&
#1018824
1#
#1018917
#1018942
#1018972
0`
#1018984
1X
#1018994
0P
#1019009
1P
#1019020
#1019032
0#
#1019049
1*
#1019059
#1019153
#1019183
0S
#1019195
1Z
#1019205
#1019214
0X
#1019228
1X
#1019240
#1019251
0*
#1019269
1(
#1019279
#1019371
#1019395
#1019425
0V
#1019437
1T
#1019448
1!
#1019449
0!
#1019454
#1019467
0Z
#1019481
1Z
#1019492
#1019504
0(
#1019522
1$
#1019531
#1019626
#1019656
0P
#1019668
1]
#1019677
#1019687
0T
#1019701
1T
#1019712
#1019723
#1019733
0$
#1019750
1&
#1019843
#1019868
#1019898
0X
#1019910
1W
#1019920
0]
#1019934
1]
#1019946
#1019957
0&
#1019975
1#
#1019984
#1020079
#1020109
0Z
#1020121
1O
#1020130
#1020140
0W
#1020154
1W
#1020165
#1020177
0#
#1020194
1*
#1020204
#1020296
#1020321
#1020351
0T
#1020363
1Q
#1020373
0O
#1020387
1O
#1020399
#1020410
0*
#1020428
1(
#1020439
1!
#1020440
0!
#1020445
#1020464
#1020620
#1020629
0]
#1020643
1$
#1020661
#1020693
#1020704
0Q
#1020718
1R
#1020728
0$
#1020742
1Q
#1020759
0W
#1020774
1&
#1020791
#1020869
#1020880
#1020910
0R
#1020921
1U
#1020931
0(
#1020949
1#
#1020966
0O
#1020980
1O
#1020991
#1021003
#1021019
#1021106
#1021136
0Q
#1021147
1Y
#1021164
0#
#1021182
1*
#1021193
#1021205
0U
#1021219
1U
#1021242
#1021252
#1021282
#1021291
0O
#1021305
1\
#1021315
0*
#1021330
1O
#1021348
#1021366
#1021447
1!
#1021448
0!
#1021452
#1021471
#1021480
0Y
#1021495
1$
#1021583
0U
#1021598
1(
#1021617
#1021698
0$
#1021711
1^
#1021722
0\
#1021736
1\
#1021747
#1021758
#1021852
#1021882
#1021891
0^
#1021904
1[
#1021915
0(
#1021929
1^
#1021947
#1021965
#1021975
0O
#1021990
1#
#1022006
#1022092
0\
#1022107
1*
#1022126
#1022207
0#
#1022221
1_
#1022231
0[
#1022245
1[
#1022257
#1022268
#1022362
#1022391
#1022400
0_
#1022414
1`
#1022425
1!
#1022426
0!
#1022431
#1022444
0^
#1022455
1_
#1022465
0*
#1022483
1$
#1022494
#1022528
#1022558
#1022618
0`
#1022632
1S
#1022642
0$
#1022656
1`
#1022666
#1022676
#1022694
#1022780
#1022889
#1022919
0[
#1022930
1V
#1022940
0_
#1022955
1(
#1022966
0S
#1022980
1S
#1022991
#1023003
0&
#1023020
1#
#1023030
#1023115
#1023125
0`
#1023140
1*
#1023158
#1023189
#1023201
0V
#1023214
1P
#1023225
0(
#1023239
1V
#1023262
#1023341
#1023351
#1023381
0P
#1023392
1X
#1023404
1!
#1023405
0!
#1023410
#1023423
#1023435
0S
#1023449
1S
#1023459
0*
#1023477
1$
#1023493
#1023509
#1023596
#1023626
0V
#1023638
1Z
#1023655
0$
#1023673
1&
#1023684
#1023696
0X
#1023709
1X
#1023733
#1023743
#1023772
#1023782
0S
#1023796
1T
#1023806
0&
#1023820
1S
#1023838
#1023857
#1023935
#1023945
0Z
#1023960
1(
#1024047
0X
#1024062
1*
#1024158
#1024188
0S
#1024199
1W
#1024209
0*
#1024227
1$
#1024239
#1024250
0T
#1024264
1T
#1024280
#1024291
#1024320
#1024330
0$
#1024343
1]
#1024354
0W
#1024368
1W
#1024379
#1024392
1!
#1024393
0!
#1024398
#1024416
#1024427
#1024456
#1024472
0(
#1024487
1R
#1024498
#1024510
0]
#1024524
1]
#1024547
#1024557
#1024587
#1024596
0T
#1024610
1Q
#1024621
0#
#1024636
1T
#1024654
#1024672
#1024695
#1024788
0]
#1024803
1&
#1024891
#1024921
0W
#1024933
1Y
#1024994
0&
#1025012
1*
#1025022
0Q
#1025036
1Q
#1025097
#1025107
#1025132
#1025289
#1025319
0R
#1025330
1U
#1025347
0Y
#1025362
1$
#1025373
#1025385
0*
#1025403
1(
#1025422
1!
#1025423
0!
#1025428
#1025440
0T
#1025454
1T
#1025471
#1025481
#1025562
0(
#1025576
1O
#1025586
#1025595
0U
#1025609
1U
#1025621
#1025632
#1025661
#1025755
#1025785
0O
#1025797
1\
#1025807
0Q
#1025822
1Q
#1025833
#1025845
0$
#1025862
1#
#1025872
#1025966
#1025996
0T
#1026008
1^
#1026018
#1026027
0\
#1026041
1\
#1026053
#1026065
0#
#1026082
1&
#1026092
#1026184
#1026208
#1026238
0U
#1026250
1[
#1026260
0^
#1026275
1^
#1026286
#1026297
#1026307
0&
#1026324
1*
#1026419
#1026450
0Q
#1026461
1_
#1026473
1!
#1026474
0!
#1026479
#1026491
0*
#1026509
1(
#1026518
#1026527
0[
#1026542
1[
#1026553
#1026564
#1026656
#1026681
#1026711
0\
#1026723
1`
#1026733
0_
#1026747
1_
#1026759
#1026770
0(
#1026788
1$
#1026798
#1026892
#1026922
0^
#1026934
1P
#1026943
#1026953
0`
#1026967
1`
#1026978
#1026990
0$
#1027008
1#
#1027017
#1027109
#1027134
#1027164
0[
#1027176
1V
#1027186
0P
#1027200
1P
#1027212
#1027223
#1027232
0#
#1027250
1&
#1027345
#1027375
0_
#1027387
1Z
#1027397
#1027406
0V
#1027420
1V
#1027431
#1027444
1!
#1027445
0!
#1027450
#1027470
0&
#1027487
1*
#1027497
#1027591
#1027621
0`
#1027633
1X
#1027643
#1027652
0Z
#1027666
1Z
#1027677
#1027689
0*
#1027707
1(
#1027716
#1027808
#1027833
#1027863
0P
#1027875
1S
#1027885
0X
#1027899
1X
#1027911
#1027923
0(
#1027940
1$
#1027950
#1028044
#1028074
0V
#1028086
1]
#1028096
#1028105
0S
#1028119
1S
#1028130
#1028142
#1028151
0$
#1028168
1#
#1028261
#1028286
#1028316
0Z
#1028328
1W
#1028338
0]
#1028353
1]
#1028364
#1028376
0#
#1028393
1&
#1028403
#1028490
1!
#1028491
0!
#1028496
#1028517
#1028547
0X
#1028559
1Y
#1028568
#1028577
0W
#1028592
1W
#1028603
#1028615
0&
#1028632
1*
#1028642
#1028734
#1028759
#1028789
0S
#1028800
1R
#1028811
0Y
#1028825
1Y
#1028836
#1028848
0*
#1028866
1(
#1028875
#1028970
#1029000
0]
#1029012
1O
#1029021
#1029031
0R
#1029045
1R
#1029056
#1029067
#1029077
0(
#1029094
1$
#1029187
#1029212
#1029242
0W
#1029254
1T
#1029264
0O
#1029278
1O
#1029289
#1029301
0$
#1029319
1#
#1029328
#1029423
#1029453
0Y
#1029465
1U
#1029474
#1029484
0T
#1029498
1T
#1029509
#1029521
0#
#1029538
1&
#1029548
#1029565
1!
#1029566
0!
#1029571
#1029660
#1029684
#1029714
0R
#1029726
1Q
#1029736
0U
#1029751
1U
#1029762
#1029774
0&
#1029791
1*
#1029801
#1029895
#1029926
0O
#1029937
1\
#1029947
#1029956
0Q
#1029970
1Q
#1029982
#1029993
#1030002
0*
#1030020
1(
#1030113
#1030137
#1030167
0T
#1030179
1^
#1030190
0\
#1030204
1\
#1030215
#1030227
0(
#1030244
1$
#1030254
#1030348
#1030379
0U
#1030390
1[
#1030402
1!
#1030403
0!
#1030408
#1030420
0$
#1030438
1#
#1030447
#1030456
0^
#1030471
1^
#1030482
#1030493
#1030585
#1030610
#1030640
0Q
#1030652
1_
#1030662
0[
#1030676
1[
#1030688
#1030700
0#
#1030717
1&
#1030727
#1030821
#1030851
0\
#1030863
1`
#1030873
#1030882
0_
#1030896
1_
#1030907
#1030919
#1030928
0&
#1030945
1*
#1031038
#1031063
#1031093
0^
#1031105
1P
#1031115
0`
#1031129
1`
#1031141
#1031153
0*
#1031170
1(
#1031180
#1031274
#1031304
0[
#1031316
1V
#1031326
#1031335
0P
#1031349
1P
#1031360
#1031372
0(
#1031390
1$
#1031399
#1031491
#1031516
#1031547
1!
#1031548
0!
#1031553
#1031566
0$
#1031580
1Z
#1031590
0V
#1031605
1V
#1031616
#1031628
0_
#1031643
1#
#1031659
#1031669
#1031699
#1031708
0Z
#1031722
1X
#1031790
0#
#1031805
1Z
#1031816
#1031828
#1031844
#1032014
#1032051
0'
#1032065
1S
#1032076
#1032088
0X
#1032102
1&
#1032119
0`
#1032134
1*
#1032214
0V
#1032228
1V
#1032245
0P
#1032260
1(
#1032270
#1032280
#1032310
#1032319
0Z
#1032333
1]
#1032343
0(
#1032357
1Z
#1032376
1!
#1032377
0!
#1032381
#1032446
#1032478
#1032626
#1032636
0V
#1032650
1$
#1032668
0S
#1032683
1#
#1032701
#1032782
0$
#1032796
1W
#1032807
0]
#1032821
1]
#1032832
#1032843
#1032937
#1032966
#1032976
0W
#1032989
1Y
#1032999
0*
#1033013
1W
#1033032
#1033050
#1033059
0Z
#1033074
1'
#1033091
#1033177
0]
#1033192
1(
#1033211
#1033292
0'
#1033306
1R
#1033316
0Y
#1033330
1Y
#1033341
#1033353
#1033447
#1033476
#1033486
1!
#1033487
0!
#1033492
#1033505
0&
#1033519
1O
#1033529
0R
#1033543
1R
#1033559
#1033570
#1033588
0W
#1033603
1$
#1033683
#1033699
0O
#1033714
1*
#1033725
#1033762
0$
#1033776
1T
#1033788
#1033799
0Y
#1033813
1Y
#1033837
#1033847
#1033876
#1033885
0R
#1033899
1U
#1033910
0*
#1033924
1R
#1033942
#1033961
#1034039
#1034048
0T
#1034063
1'
#1034151
0Y
#1034166
1&
#1034262
#1034292
0R
#1034303
1Q
#1034313
0&
#1034331
1$
#1034342
#1034354
0U
#1034368
1U
#1034379
1!
#1034380
0!
#1034385
#1034404
#1034414
#1034443
#1034453
0$
#1034467
1\
#1034477
0Q
#1034491
1Q
#1034502
#1034527
#1034537
#1034567
#1034577
#1034589
0\
#1034602
1^
#1034613
0'
#1034627
1\
#1034658
#1034668
#1034699
#1034711
0(
#1034726
1[
#1034805
#1034814
0Q
#1034829
1*
#1034847
0U
#1034861
1U
#1034885
#1034963
#1034973
0\
#1034988
1&
#1035006
#1035037
#1035049
0&
#1035063
1_
#1035073
0^
#1035088
1^
#1035112
#1035122
#1035153
#1035164
#1035174
0*
#1035188
1X
#1035275
0[
#1035289
1[
#1035321
0U
#1035336
1$
#1035345
#1035425
#1035506
#1035515
0$
#1035529
1`
#1035540
0X
#1035554
1'
#1035565
0_
#1035579
1_
#1035590
#1035603
1!
#1035604
0!
#1035609
#1035628
#1035638
#1035676
#1035695
0'
#1035710
1P
#1035720
#1035729
0`
#1035744
1`
#1035843
#1035922
#1035932
#1035962
0[
#1035974
1S
#1035991
0#
#1036008
1(
#1036019
#1036031
0^
#1036045
1^
#1036062
0P
#1036077
1&
#1036087
#1036180
0S
#1036195
1*
#1036207
#1036236
#1036296
0&
#1036310
1V
#1036321
0`
#1036335
1`
#1036352
#1036362
#1036388
1!
#1036389
0!
#1036394
#1036546
#1036562
0V
#1036576
1$
#1036588
#1036618
0_
#1036629
1Z
#1036646
0$
#1036664
1'
#1036675
#1036687
0^
#1036701
1^
#1036724
#1036734
#1036764
#1036773
0`
#1036787
1]
#1036797
0'
#1036812
1`
#1036830
#1036849
#1036927
#1036936
0Z
#1036951
1#
#1037038
0^
#1037054
1&
#1037150
#1037180
0`
#1037191
1W
#1037201
0&
#1037219
1$
#1037230
#1037242
0]
#1037255
1]
#1037272
#1037282
#1037312
#1037321
0$
#1037335
1O
#1037345
0W
#1037359
1W
#1037370
#1037383
1!
#1037384
0!
#1037389
#1037408
#1037418
#1037448
#1037464
0#
#1037478
1T
#1037489
#1037501
0O
#1037515
1O
#1037539
#1037549
#1037578
#1037588
0]
#1037602
1Y
#1037612
0*
#1037627
1]
#1037645
#1037664
#1037687
#1037779
0O
#1037794
1'
#1037883
#1037913
0W
#1037925
1R
#1037986
0'
#1038003
1&
#1038013
0Y
#1038028
1Y
#1038088
#1038099
#1038123
#1038280
#1038310
0T
#1038321
1Q
#1038339
0R
#1038354
1$
#1038365
#1038377
0&
#1038394
1#
#1038413
1!
#1038414
0!
#1038419
#1038432
0]
#1038446
1]
#1038462
#1038472
#1038553
0#
#1038568
1\
#1038577
#1038586
0Q
#1038601
1Q
#1038612
#1038623
#1038652
#1038747
#1038777
0\
#1038788
1U
#1038799
0Y
#1038813
1Y
#1038824
#1038836
0$
#1038854
1*
#1038863
#1038958
#1038988
0]
#1039000
1X
#1039009
#1039019
0U
#1039033
1U
#1039044
#1039056
0*
#1039073
1'
#1039083
#1039175
#1039200
#1039230
0Q
#1039242
1P
#1039252
0X
#1039266
1X
#1039278
#1039289
#1039298
0'
#1039315
1&
#1039411
#1039441
0Y
#1039453
1[
#1039464
1!
#1039465
0!
#1039470
#1039483
0&
#1039500
1#
#1039510
#1039519
0P
#1039533
1P
#1039544
#1039556
#1039648
#1039672
#1039702
0U
#1039714
1S
#1039724
0[
#1039739
1[
#1039750
#1039762
0#
#1039779
1$
#1039789
#1039883
#1039914
0X
#1039925
1V
#1039935
#1039944
0S
#1039958
1S
#1039970
#1039982
0$
#1039999
1*
#1040009
#1040101
#1040125
#1040155
0P
#1040167
1_
#1040178
0V
#1040192
1V
#1040203
#1040214
#1040224
0*
#1040241
1'
#1040336
#1040367
0[
#1040378
1Z
#1040388
#1040397
0_
#1040412
1_
#1040423
#1040436
1!
#1040437
0!
#1040442
#1040461
0'
#1040478
1&
#1040488
#1040582
#1040613
0S
#1040624
1^
#1040634
#1040643
0Z
#1040658
1Z
#1040669
#1040681
0&
#1040698
1#
#1040708
#1040800
#1040824
#1040855
0V
#1040866
1`
#1040877
0^
#1040891
1^
#1040902
#1040914
0#
#1040931
1$
#1040941
#1041036
#1041066
0_
#1041077
1O
#1041087
#1041096
0`
#1041111
1`
#1041122
#1041133
#1041142
0$
#1041160
1*
#1041253
#1041277
#1041308
0Z
#1041319
1W
#1041330
0O
#1041344
1O
#1041355
#1041367
0*
#1041385
1'
#1041394
#1041481
1!
#1041482
0!
#1041487
#1041508
#1041538
0^
#1041550
1R
#1041560
#1041569
0W
#1041583
1W
#1041594
#1041606
0'
#1041624
1&
#1041633
#1041725
#1041750
#1041780
0`
#1041792
1T
#1041802
0R
#1041817
1R
#1041828
#1041840
0&
#1041857
1#
#1041867
#1041961
#1041991
0O
#1042003
1\
#1042013
#1042022
0T
#1042036
1T
#1042048
#1042059
#1042068
0#
#1042086
1$
#1042179
#1042203
#1042233
0W
#1042245
1]
#1042255
0\
#1042270
1\
#1042281
#1042293
0$
#1042310
1*
#1042320
#1042414
#1042444
0R
#1042456
1Q
#1042466
#1042475
0]
#1042489
1]
#1042501
#1042512
0*
#1042530
1'
#1042540
#1042557
1!
#1042558
0!
#1042563
#1042651
#1042676
#1042706
0T
#1042718
1Y
#1042728
0Q
#1042742
1Q
#1042754
#1042765
0'
#1042783
1&
#1042792
#1042887
#1042917
0\
#1042929
1U
#1042938
#1042948
0Y
#1042962
1Y
#1042973
#1042984
#1042994
0&
#1043011
1#
#1043104
#1043129
#1043159
0]
#1043171
1X
#1043181
0U
#1043195
1U
#1043207
#1043218
0#
#1043236
1$
#1043246
#1043340
#1043370
0Q
#1043382
1P
#1043393
1!
#1043394
0!
#1043399
#1043412
0$
#1043429
1*
#1043439
#1043448
0X
#1043462
1X
#1043474
#1043485
#1043577
#1043601
#1043631
0Y
#1043643
1[
#1043654
0P
#1043668
1P
#1043679
#1043691
0*
#1043708
1'
#1043718
#1043812
#1043843
0U
#1043854
1S
#1043864
#1043873
0[
#1043888
1[
#1043899
#1043910
#1043919
0'
#1043937
1&
#1044030
#1044054
#1044085
0X
#1044096
1V
#1044107
0S
#1044121
1S
#1044132
#1044144
0&
#1044162
1#
#1044171
#1044266
#1044296
0P
#1044307
1_
#1044317
#1044326
0V
#1044341
1V
#1044352
#1044364
0#
#1044381
1$
#1044391
#1044483
#1044507
#1044539
1!
#1044540
0!
#1044545
#1044557
0$
#1044571
1Z
#1044582
0_
#1044596
1_
#1044607
#1044619
0[
#1044634
1*
#1044651
#1044661
#1044690
#1044699
0Z
#1044714
1^
#1044782
0*
#1044797
1Z
#1044808
#1044819
#1044835
#1045005
#1045042
0(
#1045056
1`
#1045068
#1045079
0^
#1045094
1'
#1045111
0S
#1045126
1&
#1045206
0_
#1045220
1_
#1045237
0V
#1045252
1#
#1045261
#1045272
#1045301
#1045310
0Z
#1045324
1O
#1045334
0#
#1045349
1Z
#1045367
#1045394
1!
#1045395
0!
#1045400
#1045482
#1045491
0`
#1045506
1$
#1045516
#1045602
0_
#1045617
1*
#1045636
#1045717
0*
#1045731
1W
#1045741
0O
#1045755
1O
#1045766
#1045778
#1045871
#1045901
#1045910
0W
#1045924
1R
#1045934
0&
#1045948
1W
#1045966
#1045985
#1045994
0Z
#1046009
1(
#1046025
#1046112
0O
#1046127
1#
#1046145
#1046226
0(
#1046240
1T
#1046251
0R
#1046265
1R
#1046276
#1046287
#1046381
#1046410
#1046421
1!
#1046422
0!
#1046427
#1046439
0'
#1046453
1\
#1046463
0T
#1046477
1T
#1046494
#1046504
#1046523
0W
#1046538
1*
#1046617
#1046633
0\
#1046649
1&
#1046660
#1046697
0*
#1046711
1]
#1046722
#1046734
0R
#1046748
1R
#1046771
#1046781
#1046811
#1046820
0T
#1046834
1Q
#1046844
0&
#1046859
1T
#1046877
#1046895
#1046974
#1046983
0]
#1046998
1(
#1047085
0R
#1047100
1'
#1047196
#1047227
0T
#1047237
1Y
#1047248
0'
#1047265
1*
#1047277
#1047289
0Q
#1047302
1Q
#1047319
#1047329
#1047358
#1047368
0*
#1047382
1U
#1047393
1!
#1047394
0!
#1047399
#1047419
#1047445
0Y
#1047459
1Y
#1047539
#1047549
#1047579
#1047588
0U
#1047601
1X
#1047612
0(
#1047626
1U
#1047644
#1047662
#1047672
0Q
#1047687
1&
#1047703
#1047789
0Y
#1047804
1'
#1047823
#1047904
0&
#1047918
1P
#1047928
0X
#1047942
1X
#1047954
#1047965
#1048059
#1048088
#1048097
0P
#1048111
1[
#1048121
0'
#1048135
1P
#1048153
#1048172
#1048181
0U
#1048196
1*
#1048213
#1048299
0X
#1048314
1(
#1048333
#1048414
0[
#1048427
1^
#1048438
0(
#1048451
1[
#1048463
1!
#1048464
0!
#1048469
#1048482
#1048500
#1048579
#1048595
0^
#1048610
1&
#1048629
#1048659
0&
#1048673
1S
#1048683
0P
#1048697
1P
#1048708
#1048734
#1048744
#1048773
#1048783
0S
#1048797
1V
#1048865
0*
#1048879
1S
#1048890
#1048901
#1048930
#1049080
#1049117
0[
#1049129
1`
#1049139
0#
#1049156
1'
#1049167
#1049186
0V
#1049201
1(
#1049281
0P
#1049294
1P
#1049305
0`
#1049320
1&
#1049330
#1049345
#1049355
#1049387
1!
#1049388
0!
#1049392
#1049405
0S
#1049418
1_
#1049429
0&
#1049443
1S
#1049461
#1049486
#1049565
#1049574
0P
#1049589
1*
#1049608
#1049638
0(
#1049652
1Z
#1049662
0_
#1049676
1_
#1049687
#1049713
#1049723
#1049752
#1049762
0Z
#1049776
1O
#1049845
#1049871
0*
#1049885
1Z
#1049966
#1049996
0_
#1050008
1W
#1050018
0O
#1050033
1O
#1050044
#1050055
#1050071
0'
#1050089
1#
#1050098
#1050184
#1050194
#1050223
#1050232
0S
#1050244
1\
#1050255
0W
#1050269
1W
#1050286
0#
#1050303
1&
#1050320
#1050330
#1050341
#1050442
0O
#1050457
1(
#1050475
1!
#1050476
0!
#1050481
#1050634
0\
#1050649
1*
#1050659
0W
#1050674
1'
#1050695
#1050725
0*
#1050739
1]
#1050749
0Z
#1050762
1Z
#1050774
#1050785
#1050800
#1050811
#1050848
0(
#1050862
1R
#1050872
0]
#1050886
1]
#1050897
#1050908
#1050930
#1050941
#1050978
0'
#1050992
1T
#1051003
#1051015
0Z
#1051029
1Z
#1051122
#1051132
0R
#1051147
1#
#1051158
#1051187
#1051197
0]
#1051210
1Q
#1051221
0#
#1051235
1]
#1051253
#1051272
#1051357
#1051367
#1051398
0Z
#1051409
1Y
#1051470
0&
#1051488
1*
#1051505
0Q
#1051519
1Q
#1051531
1!
#1051532
0!
#1051537
#1051548
#1051559
#1051570
#1051754
0T
#1051768
1(
#1051849
0Y
#1051863
1'
#1051875
#1051905
0Q
#1051916
1U
#1051926
0(
#1051944
1#
#1051954
0]
#1051968
1]
#1051979
#1051990
#1052006
#1052016
#1052053
0#
#1052067
1X
#1052078
#1052090
0U
#1052104
1U
#1052127
#1052137
#1052167
#1052176
0]
#1052190
1^
#1052200
0'
#1052215
1]
#1052233
#1052251
#1052330
#1052339
0X
#1052354
1&
#1052435
1!
#1052436
0!
#1052441
#1052461
0U
#1052476
1(
#1052572
#1052602
0]
#1052613
1V
#1052623
0(
#1052641
1#
#1052652
#1052664
0^
#1052677
1^
#1052694
#1052704
#1052734
#1052743
0#
#1052757
1[
#1052767
0V
#1052781
1V
#1052792
#1052817
#1052828
#1052857
#1052867
#1052879
0[
#1052893
1`
#1052903
0&
#1052918
1[
#1052948
#1052959
#1052990
#1053002
0*
#1053016
1P
#1053096
#1053105
0V
#1053120
1'
#1053137
0^
#1053151
1^
#1053175
#1053254
#1053263
0[
#1053278
1(
#1053296
#1053327
#1053339
0(
#1053354
1_
#1053364
0`
#1053378
1`
#1053390
1!
#1053391
0!
#1053395
#1053407
#1053423
#1053447
#1053479
#1053490
0'
#1053505
1S
#1053593
0^
#1053608
1#
#1053618
0P
#1053632
1P
#1053656
#1053736
#1053816
#1053825
0#
#1053839
1O
#1053850
0S
#1053865
1&
#1053875
0_
#1053889
1_
#1053901
#1053919
#1053942
#1053973
#1053985
0&
#1054000
1\
#1054010
#1054019
0O
#1054034
1O
#1054057
#1054213
0`
#1054227
1*
#1054316
#1054346
0\
#1054357
1W
#1054367
0_
#1054382
1(
#1054393
0*
#1054410
1'
#1054420
#1054429
0P
#1054443
1P
#1054454
#1054466
#1054488
#1054512
#1054593
0'
#1054608
1R
#1054618
0W
#1054632
1W
#1054644
#1054656
1!
#1054657
0!
#1054662
#1054682
#1054844
0P
#1054859
1#
#1054869
0O
#1054884
1&
#1054896
#1054925
#1054934
0R
#1054948
1Z
#1054958
0&
#1054972
1R
#1054990
#1055009
#1055088
#1055104
0W
#1055119
1*
#1055137
#1055167
0(
#1055181
1Y
#1055192
0Z
#1055205
1Z
#1055217
#1055242
#1055252
#1055282
#1055291
0Y
#1055305
1T
#1055373
0*
#1055387
1Y
#1055399
#1055410
#1055440
1!
#1055441
0!
#1055446
#1055458
#1055608
#1055645
0R
#1055656
1Q
#1055667
0#
#1055684
1'
#1055695
#1055707
0Z
#1055721
1Z
#1055739
0T
#1055754
1&
#1055842
#1055871
#1055881
0&
#1055895
1X
#1055905
0Q
#1055919
1Q
#1055930
#1055942
0Y
#1055957
1(
#1055973
#1055982
#1055992
#1056022
#1056038
0(
#1056052
1U
#1056062
0X
#1056077
1X
#1056095
#1056106
#1056137
#1056167
#1056227
0'
#1056242
1]
#1056252
0Z
#1056267
1Z
#1056278
#1056366
#1056397
#1056427
0U
#1056439
1V
#1056449
#1056459
1!
#1056460
0!
#1056465
#1056478
0$
#1056495
1*
#1056505
0]
#1056520
1]
#1056531
#1056619
#1056713
#1056743
0X
#1056755
1[
#1056765
0Q
#1056780
1#
#1056791
0*
#1056808
1&
#1056818
#1056827
0V
#1056841
1V
#1056853
#1056864
#1056956
#1056980
#1057010
0Z
#1057022
1^
#1057033
0[
#1057047
1[
#1057058
#1057069
#1057079
0#
#1057096
1(
#1057191
#1057222
0]
#1057233
1S
#1057243
#1057252
0^
#1057267
1^
#1057278
#1057290
0(
#1057307
1'
#1057317
#1057409
#1057434
1!
#1057435
0!
#1057439
#1057453
#1057483
0V
#1057495
1`
#1057505
0S
#1057519
1S
#1057531
#1057543
0'
#1057560
1$
#1057570
#1057664
#1057694
0[
#1057706
1\
#1057716
#1057725
0`
#1057739
1`
#1057750
#1057762
0$
#1057780
1*
#1057789
#1057881
#1057906
#1057936
0^
#1057948
1_
#1057958
0\
#1057972
1\
#1057984
#1057995
#1058004
0*
#1058022
1#
#1058117
#1058147
0S
#1058159
1P
#1058169
#1058178
0_
#1058192
1_
#1058204
#1058215
0#
#1058233
1(
#1058242
#1058334
#1058359
#1058389
0`
#1058401
1O
#1058411
0P
#1058426
1P
#1058437
#1058449
0(
#1058466
1'
#1058476
#1058570
1!
#1058571
0!
#1058576
#1058590
#1058620
0\
#1058632
1W
#1058641
#1058650
0O
#1058665
1O
#1058676
#1058688
0'
#1058705
1$
#1058715
#1058807
#1058832
#1058862
0_
#1058873
1T
#1058884
0W
#1058898
1W
#1058909
#1058921
#1058930
0$
#1058947
1*
#1059043
#1059073
0P
#1059085
1R
#1059094
#1059104
0T
#1059118
1T
#1059129
#1059141
0*
#1059158
1#
#1059168
#1059260
#1059285
#1059315
0O
#1059327
1Y
#1059337
0R
#1059351
1R
#1059363
#1059374
0#
#1059392
1(
#1059403
1!
#1059404
0!
#1059409
#1059421
#1059515
#1059545
0W
#1059557
1U
#1059567
#1059576
0Y
#1059590
1Y
#1059602
#1059614
0(
#1059631
1'
#1059641
#1059733
#1059757
#1059787
0T
#1059799
1Q
#1059809
0U
#1059824
1U
#1059835
#1059846
#1059856
0'
#1059873
1$
#1059968
#1059999
0R
#1060010
1X
#1060020
#1060029
0Q
#1060043
1Q
#1060055
#1060067
0$
#1060084
1*
#1060094
#1060186
#1060210
#1060240
0Y
#1060252
1Z
#1060263
0X
#1060277
1X
#1060288
#1060300
0*
#1060317
1#
#1060327
#1060421
#1060452
0U
#1060463
1]
#1060475
1!
#1060476
0!
#1060481
#1060493
#1060502
0Z
#1060516
1Z
#1060527
#1060539
0#
#1060557
1(
#1060566
#1060658
#1060683
#1060713
0Q
#1060725
1V
#1060735
0]
#1060749
1]
#1060761
#1060772
#1060781
0(
#1060799
1'
#1060894
#1060924
0X
#1060936
1[
#1060946
#1060955
0V
#1060969
1V
#1060980
#1060992
0'
#1061010
1$
#1061019
#1061111
#1061136
#1061166
0Z
#1061178
1^
#1061188
0[
#1061203
1[
#1061214
#1061226
0$
#1061243
1*
#1061253
#1061347
#1061377
0]
#1061389
1S
#1061399
#1061408
0^
#1061422
1^
#1061434
#1061445
0*
#1061463
1#
#1061474
1!
#1061475
0!
#1061480
#1061499
#1061593
#1061623
0V
#1061635
1`
#1061645
#1061654
0S
#1061668
1S
#1061679
#1061691
#1061700
0#
#1061717
1(
#1061810
#1061835
#1061865
0[
#1061877
1\
#1061887
0`
#1061902
1`
#1061913
#1061925
0(
#1061942
1'
#1061952
#1062046
#1062076
0^
#1062088
1_
#1062098
#1062107
0\
#1062121
1\
#1062133
#1062144
0'
#1062162
1$
#1062172
#1062264
#1062288
#1062318
0S
#1062330
1P
#1062340
0_
#1062355
1_
#1062366
#1062378
0$
#1062395
1*
#1062405
#1062492
1!
#1062493
0!
#1062498
#1062519
#1062549
0`
#1062561
1O
#1062570
#1062580
0P
#1062594
1P
#1062605
#1062616
#1062626
0*
#1062643
1#
#1062736
#1062761
#1062791
0\
#1062803
1W
#1062813
0O
#1062827
1O
#1062839
#1062850
0#
#1062868
1(
#1062877
#1062972
#1063002
0_
#1063014
1T
#1063023
#1063033
0W
#1063047
1W
#1063058
#1063070
0(
#1063087
1'
#1063097
#1063189
#1063214
#1063244
0P
#1063256
1R
#1063266
0T
#1063280
1T
#1063292
#1063303
0'
#1063321
1$
#1063331
#1063425
#1063455
0O
#1063467
1Y
#1063476
#1063486
0R
#1063500
1R
#1063511
#1063523
#1063532
0$
#1063549
1*
#1063568
1!
#1063569
0!
#1063573
#1063662
#1063686
#1063716
0W
#1063728
1U
#1063739
0Y
#1063753
1Y
#1063764
#1063776
0*
#1063793
1#
#1063803
#1063897
#1063928
0T
#1063939
1Q
#1063949
#1063958
0U
#1063973
1U
#1063984
#1063996
0#
#1064013
1(
#1064023
#1064115
#1064139
#1064170
0R
#1064181
1X
#1064192
0Q
#1064206
1Q
#1064217
#1064229
0(
#1064246
1'
#1064256
#1064351
#1064381
0Y
#1064392
1Z
#1064404
1!
#1064405
0!
#1064410
#1064422
#1064431
0X
#1064445
1X
#1064456
#1064468
#1064477
0'
#1064494
1$
#1064587
#1064612
#1064642
0U
#1064654
1]
#1064664
0Z
#1064678
1Z
#1064690
#1064702
0$
#1064719
1*
#1064729
#1064823
#1064853
0Q
#1064865
1V
#1064875
#1064884
0]
#1064898
1]
#1064910
#1064921
0*
#1064939
1#
#1064949
#1065041
#1065065
#1065095
0X
#1065107
1[
#1065117
0V
#1065132
1V
#1065143
#1065155
0#
#1065172
1(
#1065182
#1065276
#1065306
0Z
#1065318
1^
#1065328
#1065337
0[
#1065351
1[
#1065363
#1065376
1!
#1065377
0!
#1065381
#1065470
#1065479
0(
#1065496
1'
#1065522
#1065552
0]
#1065564
1S
#1065573
#1065582
0^
#1065597
1^
#1065608
#1065620
0'
#1065637
1$
#1065647
#1065739
#1065764
#1065794
0V
#1065806
1`
#1065816
0S
#1065830
1S
#1065841
#1065853
0$
#1065871
1*
#1065880
#1065975
#1066005
0[
#1066017
1\
#1066026
#1066036
0`
#1066050
1`
#1066061
#1066073
0*
#1066090
1#
#1066100
#1066192
#1066217
#1066247
0^
#1066259
1_
#1066269
0\
#1066283
1\
#1066295
#1066306
#1066315
0#
#1066332
1(
#1066428
1!
#1066429
0!
#1066434
#1066517
#1066547
0S
#1066559
1P
#1066569
0`
#1066584
1'
#1066594
0(
#1066612
1$
#1066622
#1066631
0_
#1066645
1_
#1066656
#1066667
#1066689
#1066714
#1066795
0$
#1066809
1O
#1066820
0P
#1066834
1P
#1066845
#1066857
#1066958
#1066987
#1066996
0\
#1067008
1W
#1067018
0O
#1067033
1O
#1067094
0'
#1067111
1*
#1067121
#1067131
#1067149
#1067180
#1067262
#1067282
0_
#1067296
1T
#1067306
0*
#1067321
1_
#1067414
#1067425
1!
#1067426
0!
#1067430
#1067443
0P
#1067458
1#
#1067467
#1067478
#1067559
0#
#1067573
1R
#1067592
#1067618
0W
#1067633
1W
#1067725
#1067735
0_
#1067750
1(
#1067759
#1067839
#1067920
0(
#1067935
1Y
#1067945
0O
#1067960
1$
#1067970
0T
#1067984
1T
#1067996
#1068014
#1068037
#1068069
#1068080
0$
#1068095
1U
#1068105
#1068114
0R
#1068129
1R
#1068152
#1068308
0Y
#1068323
1'
#1068411
#1068441
0U
#1068452
1Q
#1068462
0T
#1068477
1*
#1068488
0'
#1068505
1#
#1068515
#1068524
0W
#1068538
1W
#1068549
#1068561
#1068578
1!
#1068579
0!
#1068584
#1068602
#1068627
#1068708
0Q
#1068722
1X
#1068732
0*
#1068746
1Q
#1068758
#1068783
#1068931
#1068940
0R
#1068955
1(
#1068972
0X
#1068987
1$
#1069083
#1069113
0Q
#1069124
1Z
#1069134
0$
#1069152
1'
#1069164
#1069175
0W
#1069189
1W
#1069205
#1069216
#1069245
#1069255
0'
#1069268
1]
#1069279
0Z
#1069293
1Z
#1069304
#1069329
#1069339
#1069368
#1069379
1!
#1069380
0!
#1069385
#1069397
0#
#1069412
1V
#1069423
#1069435
0]
#1069449
1]
#1069472
#1069482
#1069512
#1069521
0W
#1069535
1[
#1069546
0(
#1069561
1W
#1069579
#1069597
#1069613
#1069768
0]
#1069783
1*
#1069793
0V
#1069808
1$
#1069904
#1069935
#1069947
0W
#1069958
1^
#1069968
0[
#1069982
1[
#1069999
0*
#1070017
1'
#1070033
#1070043
#1070073
#1070082
0Z
#1070096
1S
#1070164
0'
#1070178
1Z
#1070190
#1070201
#1070230
#1070380
1!
#1070381
0!
#1070386
#1070398
0^
#1070413
1#
#1070424
#1070461
0$
#1070475
1`
#1070485
0[
#1070499
1[
#1070511
#1070536
#1070615
0S
#1070630
1(
#1070641
#1070670
#1070680
0`
#1070693
1\
#1070704
0(
#1070717
1`
#1070736
#1070754
#1070834
0Z
#1070848
1*
#1070865
0[
#1070880
1'
#1070890
#1070900
#1070931
0*
#1070944
1P
#1070955
0\
#1070969
1\
#1070980
#1070998
#1071022
#1071052
#1071061
0P
#1071075
1_
#1071143
0'
#1071157
1P
#1071169
#1071180
#1071209
#1071359
#1071396
0`
#1071407
1O
#1071419
1!
#1071420
0!
#1071424
#1071438
#1071450
0\
#1071464
1\
#1071474
0#
#1071491
1$
#1071509
0_
#1071524
1(
#1071612
#1071641
#1071651
0(
#1071665
1Y
#1071675
0O
#1071689
1O
#1071700
#1071712
0P
#1071727
1*
#1071743
#1071752
#1071762
#1071792
#1071808
0*
#1071822
1U
#1071832
0Y
#1071847
1Y
#1071865
#1071876
#1071907
#1071937
#1072048
0\
#1072062
1T
#1072072
0$
#1072087
1\
#1072105
#1072124
#1072209
#1072288
0Y
#1072302
1'
#1072335
#1072365
0U
#1072377
1R
#1072388
#1072470
0'
#1072487
1#
#1072497
0\
#1072512
1(
#1072524
1!
#1072525
0!
#1072529
#1072542
0T
#1072556
1T
#1072579
#1072658
#1072667
0R
#1072682
1*
#1072700
#1072732
#1072743
0#
#1072757
1X
#1072768
0O
#1072781
1O
#1072798
#1072808
#1072839
#1072851
#1072860
0*
#1072874
1Q
#1072885
0T
#1072899
1T
#1072929
#1072945
#1073025
#1073106
0(
#1073120
1]
#1073131
0Q
#1073145
1$
#1073156
0X
#1073170
1X
#1073181
#1073199
#1073223
#1073254
#1073266
0$
#1073281
1V
#1073291
#1073300
0O
#1073315
1O
#1073338
#1073495
1!
#1073496
0!
#1073501
#1073513
0]
#1073528
1'
#1073616
#1073646
0V
#1073657
1W
#1073668
0X
#1073683
1#
#1073693
0'
#1073711
1*
#1073720
#1073730
0T
#1073743
1T
#1073755
#1073766
#1073788
#1073813
#1073894
0W
#1073908
1S
#1073918
0#
#1073932
1W
#1073944
#1073968
#1074117
#1074126
0O
#1074141
1(
#1074158
0S
#1074173
1$
#1074269
#1074299
0W
#1074310
1^
#1074320
0(
#1074338
1'
#1074348
0T
#1074362
1T
#1074373
#1074384
#1074402
1!
#1074403
0!
#1074407
#1074419
#1074430
#1074467
0'
#1074480
1Z
#1074492
#1074504
0^
#1074517
1^
#1074541
#1074551
#1074580
#1074590
0T
#1074604
1[
#1074614
0$
#1074628
1T
#1074646
#1074672
#1074750
#1074759
0Z
#1074774
1#
#1074869
0^
#1074884
1(
#1074966
#1074996
0T
#1075007
1_
#1075017
0#
#1075035
1'
#1075046
0[
#1075059
1[
#1075070
#1075081
#1075097
#1075107
#1075144
0'
#1075158
1`
#1075169
#1075181
0_
#1075195
1_
#1075218
#1075228
#1075258
#1075267
0[
#1075281
1P
#1075291
0(
#1075306
1[
#1075324
#1075343
#1075421
#1075430
0`
#1075445
1$
#1075457
1!
#1075458
0!
#1075462
#1075552
0_
#1075567
1#
#1075663
#1075693
0[
#1075704
1Y
#1075714
0$
#1075732
1'
#1075743
0P
#1075756
1P
#1075767
#1075779
#1075794
#1075804
#1075841
0'
#1075855
1U
#1075866
#1075878
0Y
#1075892
1Y
#1075915
#1075926
#1075955
#1075964
0P
#1075978
1\
#1075989
0#
#1076003
1P
#1076021
#1076047
#1076125
#1076134
0U
#1076149
1(
#1076244
0Y
#1076259
1$
#1076341
#1076371
0P
#1076382
1R
#1076392
0(
#1076410
1'
#1076421
1!
#1076422
0!
#1076427
#1076441
#1076452
0\
#1076466
1\
#1076483
#1076493
#1076523
0'
#1076537
1Q
#1076547
0R
#1076561
1R
#1076572
#1076584
#1076592
#1076616
#1076646
#1076655
0Q
#1076669
1]
#1076679
0$
#1076693
1Q
#1076705
#1076716
#1076745
#1076825
#1076862
0*
#1076876
1V
#1076886
0\
#1076901
1\
#1076912
#1077016
#1077046
0Q
#1077057
1X
#1077068
0]
#1077083
1#
#1077093
0&
#1077110
1(
#1077120
#1077129
0R
#1077144
1R
#1077155
#1077166
#1077175
#1077199
#1077228
#1077237
0X
#1077252
1O
#1077262
0#
#1077277
1X
#1077288
#1077313
#1077329
#1077409
1!
#1077410
0!
#1077415
#1077427
0V
#1077442
1'
#1077545
#1077676
0'
#1077691
1S
#1077701
0\
#1077715
1\
#1077727
#1077745
0O
#1077760
1$
#1077839
#1077856
0X
#1077871
1*
#1077880
#1077897
#1077934
0R
#1077948
1W
#1077958
0*
#1077973
1R
#1077984
#1078072
#1078151
#1078160
0S
#1078174
1&
#1078192
0W
#1078207
1#
#1078303
#1078333
0R
#1078344
1Z
#1078354
0$
#1078372
1'
#1078383
#1078396
1!
#1078397
0!
#1078402
#1078421
0\
#1078435
1\
#1078446
#1078476
#1078485
0'
#1078499
1^
#1078509
0Z
#1078523
1Z
#1078534
#1078546
#1078554
#1078570
#1078587
#1078618
#1078630
0#
#1078644
1T
#1078654
0^
#1078668
1^
#1078692
#1078702
#1078731
#1078741
0\
#1078755
1`
#1078766
#1078785
0&
#1078800
1\
#1078817
#1078847
#1078927
#1079008
0(
#1079022
1_
#1079039
0`
#1079054
1*
#1079116
#1079136
0T
#1079150
1T
#1079180
#1079191
#1079322
#1079331
0_
#1079346
1[
#1079356
0*
#1079371
1_
#1079383
#1079402
1!
#1079403
0!
#1079408
#1079427
#1079520
0^
#1079535
1$
#1079615
#1079645
#1079655
#1079667
0$
#1079682
1U
#1079692
0\
#1079707
1\
#1079724
0Z
#1079739
1'
#1079755
#1079849
#1079879
#1079939
0T
#1079951
1Y
#1080012
0[
#1080027
1[
#1080045
#1080071
0'
#1080088
1#
#1080105
#1080120
#1080276
0U
#1080290
1&
#1080301
0_
#1080316
1(
#1080474
0\
#1080488
1*
#1080499
0[
#1080514
1$
#1080526
1!
#1080527
0!
#1080531
#1080545
#1080575
0#
#1080589
1P
#1080599
0Y
#1080612
1Y
#1080624
#1080635
#1080650
#1080661
#1080698
0&
#1080712
1]
#1080722
0P
#1080736
1P
#1080747
#1080758
#1080780
#1080791
#1080828
0(
#1080842
1Q
#1080852
0Y
#1080867
1Y
#1080929
#1080940
#1081040
#1081070
#1081079
0]
#1081091
1V
#1081101
0P
#1081115
1P
#1081132
#1081141
0*
#1081158
1'
#1081220
#1081238
#1081402
1!
#1081403
0!
#1081408
#1081421
0Q
#1081435
1#
#1081446
0V
#1081461
1&
#1081472
#1081509
0&
#1081523
1O
#1081534
#1081546
0Y
#1081560
1Y
#1081583
#1081593
#1081623
#1081632
0P
#1081646
1X
#1081656
0#
#1081671
1P
#1081689
#1081714
#1081793
#1081802
0O
#1081817
1(
#1081912
0Y
#1081927
1*
#1082008
#1082039
0P
#1082049
1S
#1082060
0(
#1082078
1&
#1082088
0X
#1082101
1X
#1082113
#1082124
#1082139
#1082150
#1082187
0&
#1082200
1W
#1082212
#1082224
0S
#1082237
1S
#1082261
#1082271
#1082300
#1082310
0X
#1082324
1R
#1082334
0*
#1082348
1X
#1082366
#1082385
#1082463
#1082473
0W
#1082488
1#
#1082499
1!
#1082500
0!
#1082505
#1082594
0S
#1082610
1(
#1082705
#1082736
0X
#1082747
1`
#1082757
0#
#1082775
1&
#1082785
0R
#1082798
1R
#1082810
#1082821
#1082836
#1082847
#1082884
0&
#1082898
1^
#1082909
#1082921
0`
#1082935
1`
#1082958
#1082968
#1082997
#1083007
0R
#1083021
1Z
#1083031
0(
#1083045
1R
#1083063
#1083089
#1083167
#1083177
0^
#1083192
1*
#1083286
0`
#1083302
1#
#1083383
#1083414
1!
#1083415
0!
#1083420
#1083433
0*
#1083446
1T
#1083456
0Z
#1083470
1Z
#1083480
0R
#1083495
1&
#1083505
#1083515
#1083527
#1083550
#1083582
#1083593
0T
#1083607
1U
#1083617
0#
#1083631
1T
#1083726
#1083756
#1083765
0U
#1083776
1_
#1083787
0&
#1083804
1(
#1083814
#1083824
#1083836
0Z
#1083850
1Z
#1083882
#1083912
#1083972
0_
#1083986
1\
#1083995
#1084005
0(
#1084019
1_
#1084030
#1084133
#1084218
#1084228
#1084258
0\
#1084270
1[
#1084280
0Z
#1084295
1*
#1084305
0'
#1084323
1#
#1084340
0T
#1084354
1T
#1084365
#1084392
1!
#1084393
0!
#1084398
#1084410
#1084420
#1084450
#1084459
0[
#1084473
1]
#1084483
0*
#1084498
1[
#1084516
#1084611
#1084621
0_
#1084636
1&
#1084715
#1084724
0T
#1084740
1(
#1084758
#1084789
#1084801
0(
#1084815
1V
#1084825
0]
#1084839
1]
#1084855
#1084866
#1084897
#1084908
#1084917
0&
#1084932
1Q
#1084942
0[
#1084956
1[
#1084986
#1085002
#1085082
#1085170
0Q
#1085182
1O
#1085192
0V
#1085207
1V
#1085218
#1085250
#1085260
#1085340
0#
#1085355
1Y
#1085416
#1085425
0$
#1085442
1'
#1085459
0]
#1085474
1]
#1085485
#1085518
#1085528
#1085557
#1085566
0[
#1085581
1P
#1085593
1!
#1085594
0!
#1085599
#1085663
#1085703
0'
#1085718
1[
#1085729
#1085811
#1085823
0O
#1085838
1W
#1085994
0P
#1086006
1O
#1086016
0%
#1086033
1*
#1086043
#1086121
#1086137
0]
#1086151
1(
#1086161
#1086169
#1086180
#1086211
#1086236
0Y
#1086251
1S
#1086261
0(
#1086276
1Y
#1086307
0V
#1086322
1&
#1086401
#1086419
1!
#1086420
0!
#1086425
#1086437
0S
#1086452
1#
#1086462
#1086542
#1086572
0O
#1086584
1X
#1086645
0&
#1086662
1$
#1086679
0W
#1086694
1W
#1086705
#1086716
#1086886
#1086895
0[
#1086910
1'
#1086927
0Y
#1086942
1%
#1086953
#1086984
#1086996
0X
#1087009
1^
#1087020
0%
#1087034
1X
#1087129
#1087158
#1087168
0^
#1087179
1`
#1087189
0$
#1087207
1(
#1087216
#1087227
#1087238
0W
#1087252
1W
#1087285
#1087314
#1087375
0`
#1087388
1R
#1087398
#1087407
0(
#1087422
1`
#1087433
1!
#1087434
0!
#1087439
#1087459
#1087555
#1087640
#1087650
#1087680
0R
#1087692
1U
#1087702
0W
#1087717
1&
#1087734
0X
#1087748
1X
#1087759
#1087771
0#
#1087789
1%
#1087813
#1087823
#1087852
#1087862
0U
#1087875
1\
#1087886
0&
#1087900
1U
#1087918
#1088014
#1088023
0`
#1088038
1$
#1088118
#1088127
0X
#1088142
1(
#1088160
#1088191
#1088203
0(
#1088217
1Z
#1088227
0\
#1088241
1\
#1088258
#1088268
#1088299
#1088310
#1088320
0$
#1088334
1_
#1088344
0U
#1088359
1U
#1088391
1!
#1088392
0!
#1088396
#1088408
#1088424
#1088504
#1088585
0%
#1088600
1T
#1088610
0_
#1088625
1#
#1088635
0Z
#1088649
1Z
#1088661
#1088679
#1088703
#1088734
#1088745
0#
#1088760
1Q
#1088770
#1088779
0\
#1088794
1\
#1088817
#1088973
0T
#1088988
1&
#1089076
#1089106
0Q
#1089117
1V
#1089128
0Z
#1089143
1(
#1089153
0&
#1089170
1$
#1089180
#1089189
0U
#1089203
1U
#1089215
#1089226
#1089248
#1089273
#1089354
0V
#1089367
1P
#1089378
0(
#1089392
1V
#1089404
1!
#1089405
0!
#1089409
#1089423
#1089455
#1089604
#1089613
0U
#1089627
1%
#1089645
0\
#1089660
1#
#1089679
#1089760
0#
#1089773
1]
#1089784
0P
#1089798
1P
#1089809
#1089820
#1089914
#1089944
#1089953
0]
#1089966
1S
#1089977
0%
#1089991
1]
#1090009
#1090034
#1090043
0V
#1090058
1&
#1090070
#1090099
#1090159
0S
#1090173
1O
#1090191
#1090217
0&
#1090232
1S
#1090313
#1090343
0]
#1090355
1Y
#1090365
0P
#1090379
1P
#1090391
#1090404
1!
#1090405
0!
#1090409
#1090428
#1090437
#1090452
#1090539
#1090569
#1090581
0O
#1090595
1[
#1090605
0'
#1090620
1O
#1090630
0$
#1090647
1(
#1090657
0Y
#1090672
1#
#1090682
#1090706
#1090737
#1090749
0#
#1090764
1^
#1090774
0S
#1090789
1S
#1090813
#1090898
#1090906
#1090915
#1091001
0P
#1091015
1%
#1091032
0^
#1091047
1&
#1091073
#1091154
0%
#1091169
1R
#1091179
0[
#1091193
1[
#1091205
#1091216
#1091380
1!
#1091381
0!
#1091386
#1091398
0O
#1091413
1'
#1091424
#1091454
0S
#1091465
1W
#1091475
#1091484
0R
#1091498
1R
#1091509
#1091521
0&
#1091539
1$
#1091549
#1091571
#1091595
#1091676
0$
#1091691
1`
#1091701
0W
#1091715
1W
#1091727
#1091738
#1091839
#1091868
#1091878
0[
#1091889
1X
#1091900
0`
#1091914
1`
#1091975
0(
#1091993
1#
#1092002
#1092013
#1092031
#1092062
#1092144
#1092156
0#
#1092170
1_
#1092188
0R
#1092203
1R
#1092233
#1092243
#1092376
1!
#1092377
0!
#1092382
#1092394
0'
#1092410
1T
#1092419
#1092428
0X
#1092444
1X
#1092455
#1092535
#1092552
0_
#1092566
1%
#1092596
#1092683
#1092765
#1092777
0T
#1092791
1Q
#1092801
0%
#1092816
1T
#1092833
0`
#1092848
1&
#1092943
#1093025
#1093037
0W
#1093049
1Z
#1093059
0X
#1093074
1X
#1093097
#1093106
#1093115
0&
#1093132
1$
#1093142
#1093157
#1093258
#1093288
0R
#1093301
1\
#1093412
0Q
#1093427
1Q
#1093439
1!
#1093440
0!
#1093444
#1093456
#1093467
#1093478
0$
#1093496
1(
#1093519
#1093751
0\
#1093765
1#
#1093775
0X
#1093790
1'
#1093800
0Z
#1093815
1%
#1093911
#1093942
0Q
#1093952
1U
#1093963
0'
#1093981
1&
#1093992
#1094004
0T
#1094017
1T
#1094034
#1094044
#1094074
#1094083
0&
#1094097
1V
#1094107
0U
#1094121
1U
#1094132
#1094157
#1094167
#1094197
#1094207
#1094219
0%
#1094233
1]
#1094243
0V
#1094258
1V
#1094281
#1094291
#1094321
#1094330
0T
#1094344
1Y
#1094355
0#
#1094369
1T
#1094388
1!
#1094389
0!
#1094393
#1094407
#1094446
#1094524
#1094533
0]
#1094548
1$
#1094713
0V
#1094727
1'
#1094809
#1094839
0Y
#1094850
1P
#1094860
0U
#1094874
1U
#1094885
#1094897
0'
#1094914
1&
#1094924
#1094940
0T
#1094955
1%
#1094966
#1094996
#1095005
0P
#1095018
1^
#1095029
0&
#1095043
1P
#1095061
#1095086
#1095165
#1095174
0U
#1095189
1#
#1095208
#1095238
0$
#1095252
1S
#1095262
0^
#1095276
1^
#1095287
#1095313
#1095323
#1095352
#1095362
0S
#1095376
1O
#1095438
1!
#1095439
0!
#1095444
#1095463
0%
#1095477
1S
#1095489
#1095500
#1095529
#1095679
#1095716
0P
#1095727
1[
#1095737
0(
#1095754
1'
#1095766
#1095777
0^
#1095791
1^
#1095809
0O
#1095824
1&
#1095912
#1095942
#1095951
0&
#1095965
1_
#1095975
0[
#1095989
1[
#1096001
#1096012
0S
#1096027
1$
#1096044
#1096052
#1096063
#1096092
#1096108
0$
#1096123
1`
#1096133
0_
#1096147
1_
#1096165
#1096176
#1096208
#1096237
#1096297
0'
#1096312
1W
#1096322
0^
#1096337
1^
#1096348
#1096438
1!
#1096439
0!
#1096444
#1096462
#1096472
#1096503
0`
#1096515
1R
#1096524
#1096534
0W
#1096548
1W
#1096560
#1096585
#1096678
0_
#1096693
1%
#1096774
#1096804
0^
#1096816
1\
#1096826
0R
#1096840
1R
#1096851
#1096863
#1096872
0%
#1096889
1(
#1096907
0#
#1096924
1&
#1096940
#1096951
#1097039
#1097051
0(
#1097066
1Z
#1097076
0[
#1097091
1[
#1097114
#1097123
#1097133
#1097162
#1097173
#1097191
0W
#1097206
1X
#1097231
0&
#1097246
1W
#1097402
#1097425
0R
#1097439
1$
#1097449
0Z
#1097464
1'
#1097475
#1097507
1!
#1097508
0!
#1097513
#1097524
#1097534
0\
#1097548
1Q
#1097558
0'
#1097573
1\
#1097635
#1097730
#1097739
0[
#1097754
1%
#1097765
#1097802
0%
#1097817
1]
#1097828
#1097840
0Q
#1097855
1Q
#1097934
#1097950
0X
#1097965
1#
#1097975
#1098075
0]
#1098090
1(
#1098101
#1098130
#1098140
0W
#1098154
1Y
#1098164
0(
#1098178
1W
#1098197
#1098215
#1098300
#1098311
#1098341
0Q
#1098353
1V
#1098414
0$
#1098431
1&
#1098449
1!
#1098450
0!
#1098455
#1098468
0Y
#1098482
1Y
#1098493
#1098519
#1098529
#1098558
#1098568
0V
#1098582
1T
#1098592
0&
#1098607
1V
#1098625
#1098798
0W
#1098812
1'
#1098822
#1098831
0\
#1098846
1%
#1098926
#1098935
0Y
#1098950
1(
#1098968
#1099000
#1099011
0'
#1099025
1U
#1099036
0T
#1099049
1T
#1099066
#1099076
#1099107
#1099119
#1099128
0%
#1099142
1O
#1099153
0V
#1099167
1V
#1099197
#1099213
#1099293
#1099374
0#
#1099388
1P
#1099399
0O
#1099413
1$
#1099425
1!
#1099426
0!
#1099431
#1099450
0U
#1099464
1U
#1099476
#1099501
#1099511
#1099541
#1099550
0T
#1099564
1S
#1099576
#1099685
0$
#1099699
1T
#1099780
0V
#1099794
1&
#1099804
0U
#1099819
1'
#1099901
#1099930
#1099940
0S
#1099951
1`
#1099960
#1099970
0'
#1099987
1%
#1099999
#1100010
0P
#1100024
1P
#1100057
#1100086
#1100146
0%
#1100161
1_
#1100171
0`
#1100185
1`
#1100197
#1100208
#1100217
#1100310
#1100340
#1100356
0&
#1100370
1^
#1100380
0T
#1100395
1#
#1100406
#1100418
0_
#1100433
1_
#1100456
#1100466
1!
#1100467
0!
#1100472
#1100500
#1100529
#1100640
0P
#1100654
1R
#1100665
0#
#1100680
1P
#1100698
#1100730
#1100745
#1100901
0^
#1100915
1$
#1100926
0`
#1100941
1'
#1101099
0_
#1101113
1%
#1101124
0P
#1101139
1&
#1101150
#1101181
0%
#1101194
1Z
#1101204
0R
#1101218
1R
#1101229
#1101240
#1101256
#1101266
#1101303
0&
#1101317
1[
#1101327
0Z
#1101341
1Z
#1101353
#1101364
#1101386
#1101396
#1101433
0$
#1101447
1X
#1101459
#1101472
1!
#1101473
0!
#1101477
#1101490
0R
#1101504
1R
#1101597
#1101607
0[
#1101622
1#
#1101633
#1101662
#1101672
0Z
#1101686
1]
#1101696
0#
#1101710
1Z
#1101728
#1101747
#1101832
#1101843
#1101873
0R
#1101884
1Q
#1101946
0'
#1101963
1%
#1101980
0]
#1101994
1]
#1102006
#1102031
#1102041
#1102071
#1102080
0Q
#1102095
1W
#1102106
#1102125
0%
#1102139
1Q
#1102156
#1102235
#1102258
0Z
#1102272
1&
#1102353
#1102434
0&
#1102449
1\
#1102467
1!
#1102468
0!
#1102473
#1102486
#1102498
0W
#1102513
1$
#1102523
0X
#1102538
1X
#1102568
#1102578
#1102607
#1102617
0Q
#1102631
1Y
#1102641
0$
#1102656
1Q
#1102674
#1102700
#1102780
#1102810
0\
#1102822
1O
#1102934
0Y
#1102949
1Y
#1102958
#1102968
#1102980
0(
#1102998
1#
#1103014
#1103191
#1103222
0]
#1103233
1V
#1103243
#1103252
0X
#1103267
1'
#1103277
0O
#1103292
1O
#1103303
#1103315
0#
#1103332
1%
#1103342
#1103364
#1103389
#1103521
0V
#1103535
1U
#1103546
1!
#1103547
0!
#1103552
#1103566
#1103584
0'
#1103599
1V
#1103699
#1103708
0Y
#1103723
1&
#1103733
#1103888
0Q
#1103903
1$
#1103922
#1103952
0U
#1103963
1S
#1103974
0O
#1103987
1O
#1103999
#1104011
0$
#1104028
1(
#1104038
#1104123
#1104133
0V
#1104148
1#
#1104166
#1104197
#1104209
0S
#1104222
1T
#1104233
0#
#1104246
1S
#1104270
#1104348
#1104359
#1104390
1!
#1104391
0!
#1104396
#1104408
0(
#1104422
1^
#1104432
0O
#1104446
1O
#1104457
0T
#1104472
1'
#1104481
#1104498
#1104594
#1104603
0S
#1104618
1$
#1104636
#1104668
#1104679
0^
#1104693
1`
#1104703
0'
#1104717
1^
#1104812
#1104842
#1104851
0`
#1104862
1_
#1104872
#1104882
#1104894
0O
#1104908
1O
#1104918
0$
#1104936
1#
#1104968
#1104998
#1105058
0_
#1105072
1P
#1105082
0#
#1105096
1_
#1105106
#1105116
#1105134
#1105220
#1105329
#1105359
0P
#1105370
1[
#1105380
0O
#1105395
1(
#1105406
0^
#1105420
1^
#1105431
1!
#1105432
0!
#1105437
#1105449
#1105458
0&
#1105476
1'
#1105485
#1105496
#1105670
#1105700
0^
#1105711
1R
#1105721
0[
#1105734
1[
#1105745
0_
#1105760
1$
#1105770
#1105779
0(
#1105797
1#
#1105806
#1105817
#1105851
#1105932
0#
#1105945
1Z
#1105956
0R
#1105970
1R
#1105981
#1105992
#1106016
#1106045
#1106055
0[
#1106069
1W
#1106079
0$
#1106093
1[
#1106111
#1106207
#1106216
0Z
#1106231
1&
#1106311
#1106320
0R
#1106335
1(
#1106353
#1106385
1!
#1106386
0!
#1106390
#1106403
0W
#1106417
1\
#1106428
#1106440
0(
#1106453
1W
#1106477
#1106557
#1106587
0\
#1106598
1X
#1106609
0[
#1106623
1[
#1106632
#1106643
#1106654
#1106663
0&
#1106681
1#
#1106713
#1106743
#1106752
0X
#1106766
1]
#1106776
0#
#1106790
1X
#1106809
#1106827
#1106906
#1106915
0W
#1106930
1$
#1107017
0[
#1107032
1(
#1107128
#1107158
0X
#1107169
1Y
#1107180
0$
#1107197
1&
#1107208
0]
#1107221
1]
#1107233
#1107244
#1107259
#1107269
#1107306
0&
#1107320
1U
#1107332
#1107343
0Y
#1107357
1Y
#1107381
#1107391
#1107420
#1107431
1!
#1107432
0!
#1107436
#1107449
0]
#1107463
1Q
#1107473
0(
#1107488
1]
#1107506
#1107531
#1107610
#1107619
0U
#1107634
1#
#1107729
0Y
#1107744
1$
#1107825
#1107856
0]
#1107866
1V
#1107877
0#
#1107894
1&
#1107905
0Q
#1107918
1Q
#1107930
#1107941
#1107956
#1107966
#1108003
0&
#1108017
1T
#1108029
#1108040
0V
#1108054
1V
#1108078
#1108088
#1108117
#1108127
0Q
#1108140
1S
#1108151
0$
#1108165
1Q
#1108183
#1108202
#1108280
#1108290
0T
#1108305
1(
#1108386
1!
#1108387
0!
#1108392
#1108411
0V
#1108426
1#
#1108445
#1108476
#1108488
0(
#1108501
1`
#1108512
0S
#1108526
1S
#1108542
#1108552
#1108584
#1108595
#1108604
0#
#1108618
1P
#1108629
0Q
#1108643
1Q
#1108666
#1108689
#1108699
#1108780
0'
#1108795
1O
#1108863
0`
#1108878
1`
#1108889
#1108915
#1108925
#1108954
#1108964
0O
#1108978
1_
#1108990
#1109008
0%
#1109024
1O
#1109041
#1109195
#1109218
0Q
#1109232
1&
#1109242
0`
#1109257
1$
#1109338
#1109427
1!
#1109428
0!
#1109433
#1109446
#1109458
0$
#1109473
1^
#1109491
0_
#1109505
1(
#1109516
0S
#1109530
1S
#1109616
#1109626
0O
#1109641
1#
#1109650
#1109660
#1109692
#1109703
0&
#1109718
1Z
#1109728
0P
#1109742
1P
#1109773
#1109789
#1109869
#1109950
0(
#1109964
1R
#1109974
0Z
#1109989
1'
#1109999
0^
#1110014
1^
#1110025
#1110043
#1110067
#1110098
#1110110
0'
#1110125
1\
#1110134
#1110143
0R
#1110158
1R
#1110181
#1110338
0S
#1110352
1%
#1110440
#1110470
0\
#1110481
1W
#1110492
0^
#1110507
1$
#1110517
0%
#1110535
1&
#1110544
#1110554
0P
#1110567
1P
#1110579
#1110590
#1110607
1!
#1110608
0!
#1110613
#1110632
#1110656
#1110737
0W
#1110751
1[
#1110762
0$
#1110776
1W
#1110787
#1110812
#1110960
#1110970
0R
#1110984
1(
#1111001
0[
#1111017
1'
#1111112
#1111143
0W
#1111154
1X
#1111164
0'
#1111182
1%
#1111193
#1111205
0P
#1111218
1P
#1111235
#1111245
#1111275
#1111284
0%
#1111298
1U
#1111308
0X
#1111322
1X
#1111333
#1111358
#1111368
#1111398
#1111408
1!
#1111409
0!
#1111414
#1111427
0&
#1111441
1Y
#1111452
#1111464
0U
#1111478
1U
#1111502
#1111512
#1111541
#1111551
0P
#1111565
1]
#1111575
0(
#1111590
1P
#1111608
#1111627
#1111642
#1111798
0U
#1111812
1$
#1111822
0Y
#1111837
1'
#1111933
#1111964
#1111976
0P
#1111987
1T
#1111998
0]
#1112011
1]
#1112029
0$
#1112046
1%
#1112063
#1112073
#1112102
#1112112
0X
#1112125
1V
#1112193
0%
#1112208
1X
#1112219
#1112230
#1112259
#1112409
1!
#1112410
0!
#1112415
#1112428
0T
#1112442
1&
#1112454
#1112491
0'
#1112504
1Q
#1112515
0]
#1112529
1]
#1112540
#1112565
#1112645
0V
#1112659
1(
#1112670
#1112700
#1112709
0Q
#1112723
1`
#1112733
0(
#1112747
1Q
#1112765
#1112784
#1112863
0X
#1112877
1$
#1112895
0]
#1112910
1%
#1112919
#1112930
#1112960
0$
#1112974
1_
#1112984
0`
#1112998
1`
#1113009
#1113027
#1113052
#1113081
#1113091
0_
#1113105
1O
#1113172
0%
#1113187
1_
#1113198
#1113209
#1113238
#1113388
1!
#1113389
0!
#1113394
#1113408
#1113445
0Q
#1113456
1Z
#1113466
0&
#1113483
1'
#1113495
#1113513
0O
#1113528
1(
#1113608
0`
#1113622
1`
#1113632
0Z
#1113647
1$
#1113657
#1113673
#1113683
#1113720
0_
#1113733
1S
#1113744
0$
#1113758
1_
#1113769
#1113787
#1113865
#1113882
0S
#1113897
1%
#1113915
#1113945
0(
#1113959
1\
#1113970
0`
#1113983
1`
#1113995
#1114020
#1114030
#1114060
#1114069
0\
#1114083
1^
#1114151
0%
#1114165
1\
#1114177
#1114188
#1114217
#1114367
#1114404
0_
#1114415
1R
#1114426
1!
#1114427
0!
#1114432
#1114445
0`
#1114459
1`
#1114470
#1114481
#1114490
0'
#1114507
1&
#1114517
#1114534
0^
#1114549
1$
#1114637
#1114674
0$
#1114688
1[
#1114698
0R
#1114712
1R
#1114723
#1114749
#1114828
0\
#1114843
1(
#1114854
#1114883
#1114892
0[
#1114906
1W
#1114916
0(
#1114930
1[
#1114948
#1114967
#1115046
0`
#1115061
1%
#1115078
0R
#1115093
1'
#1115103
#1115113
#1115143
0'
#1115157
1U
#1115167
0W
#1115181
1W
#1115193
#1115211
#1115235
#1115265
#1115274
0U
#1115288
1Y
#1115298
0%
#1115313
1U
#1115331
#1115428
1!
#1115429
0!
#1115434
#1115445
#1115455
0[
#1115470
1$
#1115549
#1115559
0W
#1115574
1(
#1115592
#1115623
#1115635
0(
#1115649
1P
#1115659
0Y
#1115673
1Y
#1115690
#1115700
#1115731
#1115742
#1115752
0$
#1115766
1V
#1115776
0U
#1115791
1U
#1115821
#1115837
#1115917
#1115998
0&
#1116012
1T
#1116022
0V
#1116037
1'
#1116048
0P
#1116062
1P
#1116073
#1116091
#1116115
#1116146
#1116158
0'
#1116173
1X
#1116182
#1116191
0Y
#1116206
1Y
#1116230
#1116387
1!
#1116388
0!
#1116393
#1116405
0T
#1116420
1%
#1116508
#1116538
0X
#1116549
1]
#1116559
0P
#1116574
1(
#1116585
0%
#1116602
1$
#1116612
#1116621
0U
#1116635
1U
#1116646
#1116658
#1116680
#1116704
#1116785
0]
#1116799
1O
#1116810
0(
#1116824
1]
#1116835
#1116860
#1117008
#1117018
0Y
#1117032
1&
#1117049
0O
#1117065
1'
#1117161
#1117191
0]
#1117202
1Q
#1117212
0&
#1117230
1%
#1117240
0U
#1117254
1U
#1117265
#1117276
#1117292
#1117302
#1117339
0%
#1117353
1Z
#1117364
#1117376
0Q
#1117390
1Q
#1117408
1!
#1117409
0!
#1117414
#1117425
#1117512
#1117542
#1117551
0Z
#1117562
1S
#1117573
0U
#1117587
1U
#1117603
#1117612
0'
#1117630
1(
#1117640
#1117650
#1117683
#1117714
#1117726
0(
#1117740
1^
#1117751
0Q
#1117765
1Q
#1117852
0S
#1117867
1&
#1117947
#1117963
0^
#1117978
1%
#1117987
#1117998
#1118035
0&
#1118049
1_
#1118059
0U
#1118073
1U
#1118084
#1118095
#1118117
#1118128
#1118165
0%
#1118179
1\
#1118189
0Q
#1118204
1Q
#1118266
#1118277
#1118377
#1118407
#1118416
0_
#1118428
1`
#1118439
1!
#1118440
0!
#1118445
#1118457
0$
#1118475
1'
#1118485
0U
#1118500
1U
#1118516
#1118577
#1118595
#1118758
0`
#1118772
1(
#1118783
0\
#1118798
1&
#1118809
#1118846
0(
#1118860
1R
#1118871
#1118883
0Q
#1118897
1Q
#1118920
#1118930
#1118960
#1118969
0U
#1118983
1[
#1118993
0&
#1119008
1U
#1119026
#1119051
#1119130
#1119139
0R
#1119154
1%
#1119249
0Q
#1119264
1$
#1119346
#1119376
0U
#1119387
1W
#1119398
1!
#1119399
0!
#1119404
#1119416
0[
#1119430
1[
#1119441
#1119452
#1119462
0%
#1119479
1(
#1119489
#1119513
#1119544
#1119556
0W
#1119569
1V
#1119580
0(
#1119594
1W
#1119617
#1119627
#1119708
0$
#1119723
1T
#1119733
0[
#1119747
1[
#1119758
#1119770
#1119778
#1119802
#1119832
#1119841
0V
#1119855
1X
#1119866
#1119914
0'
#1119929
1V
#1120079
#1120160
0#
#1120174
1P
#1120184
#1120193
0[
#1120208
1&
#1120218
0X
#1120233
1%
#1120243
0T
#1120258
1T
#1120269
#1120280
#1120289
#1120312
#1120342
#1120351
0W
#1120366
1Y
#1120377
1!
#1120378
0!
#1120383
#1120396
#1120443
0%
#1120458
1W
#1120608
#1120638
#1120698
0T
#1120709
1O
#1120720
0Y
#1120735
1(
#1120746
#1120758
0V
#1120772
1V
#1120789
0&
#1120807
1$
#1120816
#1120917
0O
#1120932
1'
#1121013
#1121042
#1121052
0(
#1121065
1]
#1121076
0P
#1121090
1P
#1121101
#1121113
0W
#1121128
1#
#1121144
#1121153
#1121163
#1121193
#1121209
0'
#1121223
1Z
#1121233
0]
#1121248
1]
#1121266
#1121277
#1121308
#1121338
#1121398
0#
#1121413
1S
#1121424
1!
#1121425
0!
#1121430
#1121442
0V
#1121457
1V
#1121468
#1121556
#1121587
#1121617
0Z
#1121630
1^
#1121639
#1121649
0S
#1121663
1S
#1121675
#1121763
0$
#1121780
1%
#1121789
#1121884
#1121914
0]
#1121926
1_
#1121936
0P
#1121951
1&
#1121961
0%
#1121979
1(
#1121988
#1121997
0^
#1122012
1^
#1122023
#1122034
#1122126
#1122151
#1122181
0V
#1122193
1`
#1122203
0_
#1122217
1_
#1122229
#1122240
0(
#1122258
1'
#1122268
#1122362
#1122392
0S
#1122404
1\
#1122413
#1122423
0`
#1122437
1`
#1122448
#1122461
1!
#1122462
0!
#1122467
#1122480
0'
#1122497
1#
#1122514
#1122524
#1122553
#1122563
0\
#1122577
1R
#1122645
0#
#1122660
1\
#1122671
#1122682
#1122712
#1122735
#1122925
0`
#1122940
1Q
#1122950
0&
#1122965
1`
#1122977
#1123009
#1123101
0\
#1123116
1$
#1123196
#1123226
#1123286
0$
#1123301
1U
#1123311
0R
#1123326
1%
#1123388
1!
#1123389
0!
#1123394
#1123413
0_
#1123428
1_
#1123439
#1123450
#1123486
#1123496
#1123533
0%
#1123549
1[
#1123560
#1123572
0`
#1123587
1`
#1123673
#1123683
#1123712
#1123722
0Q
#1123734
1X
#1123745
0_
#1123760
1_
#1123776
#1123786
0*
#1123803
1(
#1123812
#1123823
#1123925
#1123955
0U
#1123968
1T
#1123979
#1123991
0(
#1124008
1'
#1124018
0`
#1124034
1`
#1124120
#1124130
#1124159
#1124168
0X
#1124181
1Y
#1124191
0_
#1124207
1_
#1124223
#1124232
0'
#1124250
1#
#1124259
#1124269
#1124385
#1124416
0^
#1124428
1O
#1124439
#1124451
0#
#1124468
1&
#1124480
1!
#1124481
0!
#1124486
#1124498
0`
#1124514
1`
#1124599
#1124610
#1124639
#1124648
0Y
#1124661
1W
#1124671
0_
#1124686
1_
#1124703
#1124712
0&
#1124729
1$
#1124739
#1124749
#1124852
#1124882
0T
#1124895
1Z
#1124906
#1124918
0$
#1124935
1%
#1124945
0`
#1124960
1`
#1125046
#1125056
#1125086
#1125095
0W
#1125108
1P
#1125118
0_
#1125133
1_
#1125150
#1125159
0%
#1125176
1*
#1125186
#1125196
#1125305
#1125336
0[
#1125348
1]
#1125359
#1125371
0*
#1125388
1(
#1125399
0`
#1125414
1`
#1125500
#1125510
#1125541
1!
#1125542
0!
#1125547
#1125560
0(
#1125575
1V
#1125584
#1125594
0P
#1125608
1'
#1125619
0_
#1125634
1_
#1125645
#1125656
#1125679
#1125703
#1125784
0'
#1125800
1S
#1125810
0V
#1125826
1V
#1125837
#1125932
0Z
#1125946
1#
#1126025
#1126048
0]
#1126063
1&
#1126151
#1126283
0`
#1126295
1\
#1126305
#1126315
#1126327
0&
#1126344
1$
#1126361
0S
#1126376
1S
#1126401
1!
#1126402
0!
#1126407
#1126419
#1126581
#1126661
#1126691
0O
#1126703
1R
#1126713
0_
#1126727
1%
#1126738
0V
#1126753
1*
#1126763
0\
#1126777
1\
#1126788
#1126799
#1126816
0$
#1126833
1(
#1126859
#1126888
#1126898
0R
#1126911
1Q
#1126922
0%
#1126936
1R
#1126954
#1126980
#1127058
#1127067
0S
#1127082
1'
#1127177
0\
#1127192
1&
#1127274
#1127304
0R
#1127315
1U
#1127325
0(
#1127343
1$
#1127353
0Q
#1127367
1Q
#1127378
#1127391
1!
#1127392
0!
#1127397
#1127416
#1127426
#1127456
0$
#1127470
1X
#1127480
0U
#1127494
1U
#1127506
#1127517
#1127525
#1127549
#1127579
#1127588
0X
#1127602
1^
#1127612
0#
#1127627
1X
#1127638
#1127649
#1127678
#1127758
#1127795
0'
#1127809
1Y
#1127821
#1127832
0^
#1127847
1%
#1127858
0Q
#1127872
1Q
#1127889
#1127913
#1127942
#1128053
0X
#1128068
1T
#1128078
0%
#1128093
1X
#1128111
#1128143
#1128158
#1128314
0T
#1128328
1(
#1128339
0U
#1128354
1$
#1128512
0Q
#1128526
1#
#1128537
0X
#1128552
1'
#1128564
1!
#1128565
0!
#1128569
#1128583
#1128613
0$
#1128627
1W
#1128637
0Y
#1128650
1Y
#1128662
#1128673
#1128688
#1128699
#1128736
0#
#1128750
1[
#1128760
0W
#1128774
1W
#1128785
#1128796
#1128818
#1128829
#1128866
0'
#1128880
1P
#1128891
#1128903
0Y
#1128917
1Y
#1129010
#1129020
0[
#1129035
1%
#1129046
#1129075
#1129085
0W
#1129099
1Z
#1129109
0%
#1129123
1W
#1129141
#1129160
#1129245
#1129256
#1129286
0Y
#1129298
1]
#1129359
0(
#1129376
1$
#1129393
0Z
#1129407
1Z
#1129419
#1129444
#1129454
#1129484
#1129494
1!
#1129495
0!
#1129500
#1129513
0]
#1129527
1`
#1129537
0$
#1129552
1]
#1129570
#1129743
0W
#1129757
1#
#1129767
#1129776
0P
#1129791
1'
#1129871
#1129880
0Z
#1129895
1%
#1129913
#1129945
#1129956
0%
#1129970
1_
#1129981
0`
#1129994
1`
#1130011
#1130021
#1130052
#1130064
#1130073
0#
#1130087
1O
#1130098
0]
#1130112
1]
#1130142
#1130158
#1130238
#1130326
0O
#1130337
1V
#1130348
0_
#1130362
1_
#1130373
#1130401
1!
#1130402
0!
#1130406
#1130558
#1130574
0V
#1130589
1(
#1130598
#1130609
#1130638
0]
#1130649
1S
#1130660
0'
#1130677
1$
#1130689
#1130700
0`
#1130714
1`
#1130725
0(
#1130742
1%
#1130759
#1130775
#1130862
#1130892
0_
#1130903
1\
#1130920
0%
#1130938
1#
#1130949
#1130961
0S
#1130975
1S
#1130998
#1131008
#1131038
#1131047
0`
#1131061
1R
#1131071
0#
#1131086
1`
#1131104
#1131123
#1131201
#1131210
0\
#1131225
1'
#1131312
0S
#1131328
1(
#1131424
1!
#1131425
0!
#1131429
#1131442
0`
#1131457
1%
#1131469
#1131499
0'
#1131512
1^
#1131523
0R
#1131536
1R
#1131547
#1131559
#1131574
#1131584
#1131621
0%
#1131635
1T
#1131646
0^
#1131660
1^
#1131671
#1131682
#1131704
#1131714
#1131751
0$
#1131766
1U
#1131777
#1131789
0R
#1131803
1R
#1131896
#1131905
0T
#1131920
1#
#1131932
#1131961
#1131970
0^
#1131984
1Q
#1131995
0#
#1132009
1^
#1132027
#1132046
#1132131
#1132141
#1132171
0R
#1132183
1X
#1132244
0(
#1132262
1'
#1132279
0Q
#1132293
1Q
#1132305
#1132330
#1132340
#1132370
#1132380
1!
#1132381
0!
#1132386
#1132398
0X
#1132413
1[
#1132423
0'
#1132438
1X
#1132456
#1132628
0^
#1132643
1%
#1132652
#1132662
0U
#1132677
1$
#1132756
#1132766
0Q
#1132781
1#
#1132799
#1132830
#1132842
0#
#1132856
1Y
#1132866
0[
#1132880
1[
#1132897
#1132907
#1132938
#1132949
#1132959
0%
#1132973
1W
#1132983
0X
#1132998
1X
#1133028
#1133044
#1133124
#1133211
0W
#1133223
1P
#1133233
0Y
#1133248
1Y
#1133259
#1133291
#1133302
#1133382
0$
#1133396
1Z
#1133407
0&
#1133424
1(
#1133435
#1133446
#1133533
1!
#1133534
0!
#1133539
#1133552
0P
#1133567
1'
#1133584
0[
#1133599
1[
#1133622
#1133702
#1133782
#1133792
0'
#1133806
1O
#1133816
0X
#1133831
1#
#1133841
0Z
#1133856
1Z
#1133867
#1133885
#1133909
#1133940
#1133952
0#
#1133967
1]
#1133976
#1133985
0O
#1134000
1O
#1134023
#1134180
0Y
#1134194
1%
#1134282
#1134312
0]
#1134323
1V
#1134334
0Z
#1134349
1$
#1134359
0%
#1134377
1&
#1134388
1!
#1134389
0!
#1134394
#1134406
#1134415
0[
#1134429
1[
#1134440
#1134452
#1134474
#1134498
#1134579
0&
#1134594
1_
#1134604
0V
#1134618
1V
#1134630
#1134641
#1134742
#1134771
#1134781
0O
#1134792
1\
#1134803
0_
#1134817
1_
#1134878
0$
#1134895
1'
#1134905
#1134915
#1134933
#1134965
#1135047
#1135066
0[
#1135080
1S
#1135091
0'
#1135106
1[
#1135198
#1135209
#1135290
0V
#1135302
1`
#1135312
0(
#1135329
1#
#1135341
#1135353
0\
#1135367
1\
#1135384
#1135394
1!
#1135395
0!
#1135400
#1135497
#1135534
0#
#1135549
1T
#1135559
0`
#1135574
1`
#1135585
#1135597
0S
#1135611
1%
#1135628
#1135638
#1135668
#1135678
#1135689
#1135698
0%
#1135713
1R
#1135800
0T
#1135815
1T
#1135840
#1135869
#1135878
0_
#1135891
1^
#1135901
0[
#1135916
1[
#1135934
0*
#1135951
1&
#1135960
#1135971
#1135989
#1135997
#1136084
#1136114
0^
#1136126
1U
#1136136
#1136152
0&
#1136169
1$
#1136181
#1136192
0\
#1136208
1\
#1136238
#1136248
#1136277
#1136287
0[
#1136302
1Q
#1136312
0$
#1136328
1[
#1136346
#1136365
#1136389
1!
#1136390
0!
#1136395
#1136485
#1136565
#1136575
0R
#1136588
1W
#1136649
0Q
#1136665
1Q
#1136676
#1136688
0)
#1136705
1'
#1136721
#1136746
#1136827
0'
#1136843
1P
#1136854
#1137017
#1137033
0U
#1137048
1U
#1137204
0T
#1137217
1(
#1137228
0\
#1137241
1#
#1137251
#1137260
0[
#1137275
1%
#1137286
#1137316
0`
#1137328
1X
#1137345
#1137354
0#
#1137371
1*
#1137388
0W
#1137403
1W
#1137414
#1137457
1!
#1137458
0!
#1137462
#1137546
#1137626
#1137636
0P
#1137648
1Y
#1137657
#1137667
0X
#1137681
1X
#1137693
#1137704
0*
#1137722
1&
#1137815
#1137909
#1137939
0U
#1137951
1]
#1137961
0Y
#1137976
1$
#1137986
#1137995
0Q
#1138009
1Q
#1138021
#1138032
#1138041
0&
#1138058
1)
#1138152
#1138176
#1138206
0W
#1138218
1Z
#1138228
0]
#1138243
1]
#1138254
#1138266
0)
#1138283
1'
#1138293
#1138387
1!
#1138388
0!
#1138393
#1138477
#1138507
0X
#1138518
1O
#1138528
0Q
#1138543
1#
#1138554
0'
#1138571
1*
#1138581
#1138590
0Z
#1138604
1Z
#1138615
#1138627
#1138649
#1138673
#1138754
0O
#1138768
1V
#1138779
0*
#1138793
1O
#1138804
#1138829
#1138977
#1138987
0]
#1139001
1&
#1139018
0V
#1139034
1)
#1139130
#1139160
0O
#1139171
1S
#1139181
0&
#1139199
1'
#1139209
0Z
#1139223
1Z
#1139234
#1139245
#1139261
#1139271
#1139308
0'
#1139322
1_
#1139333
#1139345
0S
#1139359
1S
#1139382
#1139392
#1139422
#1139432
1!
#1139433
0!
#1139438
#1139450
0Z
#1139464
1^
#1139475
0#
#1139489
1Z
#1139507
#1139533
#1139611
#1139620
0_
#1139635
1*
#1139730
0S
#1139745
1&
#1139827
#1139857
0Z
#1139868
1R
#1139878
0*
#1139896
1'
#1139906
0^
#1139920
1^
#1139931
#1139942
#1139958
#1139968
#1140005
0'
#1140019
1[
#1140030
#1140042
0R
#1140056
1R
#1140079
#1140089
#1140119
#1140128
0^
#1140142
1`
#1140152
0&
#1140166
1^
#1140185
#1140203
#1140282
#1140291
0[
#1140306
1#
#1140387
1!
#1140388
0!
#1140393
#1140413
0R
#1140428
1*
#1140446
#1140477
#1140489
0#
#1140503
1T
#1140513
0`
#1140527
1`
#1140544
#1140554
#1140585
#1140596
#1140605
0*
#1140620
1\
#1140630
0^
#1140644
1^
#1140668
#1140691
#1140701
#1140782
0)
#1140797
1P
#1140864
0T
#1140879
1T
#1140891
#1140916
#1140926
#1140956
#1140965
0`
#1140980
1U
#1140991
#1141010
0(
#1141025
1`
#1141042
#1141196
#1141219
0^
#1141233
1'
#1141244
0T
#1141259
1&
#1141340
#1141428
1!
#1141429
0!
#1141434
#1141448
#1141460
0&
#1141474
1Y
#1141492
0U
#1141507
1#
#1141517
0P
#1141531
1P
#1141618
#1141627
0`
#1141642
1*
#1141652
#1141662
#1141693
#1141705
0'
#1141719
1W
#1141730
0\
#1141744
1\
#1141774
#1141790
#1141870
#1141951
0#
#1141965
1X
#1141976
0W
#1141990
1)
#1142001
0Y
#1142015
1Y
#1142026
#1142044
#1142068
#1142099
#1142111
0)
#1142126
1Q
#1142135
#1142145
0X
#1142160
1X
#1142183
#1142339
0P
#1142353
1(
#1142441
#1142472
0Q
#1142483
1]
#1142493
0Y
#1142508
1&
#1142518
0(
#1142536
1'
#1142546
#1142555
0\
#1142569
1\
#1142580
#1142591
#1142609
1!
#1142610
0!
#1142614
#1142633
#1142658
#1142739
0]
#1142753
1V
#1142763
0&
#1142777
1]
#1142789
#1142813
#1142962
#1142971
0X
#1142986
1#
#1143003
0V
#1143018
1)
#1143114
#1143144
0]
#1143155
1O
#1143165
0)
#1143183
1(
#1143194
#1143206
0\
#1143220
1\
#1143236
#1143246
#1143276
#1143285
0(
#1143299
1_
#1143309
0O
#1143323
1O
#1143335
#1143360
#1143370
#1143399
#1143410
1!
#1143411
0!
#1143415
#1143428
0'
#1143442
1S
#1143453
#1143465
0_
#1143480
1_
#1143503
#1143513
#1143543
#1143552
0\
#1143566
1Z
#1143577
0#
#1143591
1\
#1143610
#1143628
#1143644
#1143799
0_
#1143813
1&
#1143824
0S
#1143839
1)
#1143934
#1143965
#1143977
0\
#1143989
1[
#1143999
0Z
#1144013
1Z
#1144030
0&
#1144047
1(
#1144064
#1144074
#1144104
#1144113
0O
#1144127
1R
#1144195
0(
#1144209
1O
#1144220
#1144231
#1144260
#1144411
1!
#1144412
0!
#1144416
#1144429
0[
#1144444
1'
#1144455
#1144492
0)
#1144506
1^
#1144516
0Z
#1144530
1Z
#1144541
#1144567
#1144646
0R
#1144661
1#
#1144672
#1144701
#1144711
0^
#1144724
1T
#1144734
0#
#1144748
1^
#1144766
#1144785
#1144864
0O
#1144879
1&
#1144896
0Z
#1144911
1(
#1144921
#1144931
#1144961
0&
#1144975
1U
#1144986
0T
#1144999
1T
#1145011
#1145029
#1145053
#1145083
#1145092
0U
#1145106
1`
#1145174
0(
#1145188
1U
#1145199
#1145211
#1145240
#1145390
1!
#1145391
0!
#1145396
#1145409
#1145446
0^
#1145457
1W
#1145468
0'
#1145485
1)
#1145496
#1145515
0`
#1145530
1#
#1145610
0T
#1145623
1T
#1145634
0W
#1145649
1&
#1145658
#1145674
#1145684
#1145721
0U
#1145735
1P
#1145745
0&
#1145759
1U
#1145770
#1145788
#1145867
#1145883
0P
#1145898
1(
#1145916
#1145947
0#
#1145961
1Q
#1145971
0T
#1145985
1T
#1145996
#1146022
#1146032
#1146061
#1146070
0Q
#1146084
1Y
#1146152
0(
#1146167
1Q
#1146178
#1146189
#1146218
#1146368
#1146405
0U
#1146416
1X
#1146428
1!
#1146429
0!
#1146434
#1146446
0T
#1146460
1T
#1146471
#1146482
#1146492
0)
#1146509
1'
#1146518
#1146535
0Y
#1146550
1&
#1146638
#1146675
0&
#1146689
1V
#1146699
0X
#1146713
1X
#1146725
#1146750
#1146829
0Q
#1146844
1#
#1146855
#1146885
#1146894
0V
#1146907
1]
#1146918
0#
#1146932
1V
#1146950
#1146968
#1147048
0T
#1147062
1(
#1147079
0X
#1147094
1)
#1147104
#1147114
#1147145
0)
#1147158
1_
#1147169
0]
#1147183
1]
#1147194
#1147212
#1147237
#1147266
#1147275
0_
#1147289
1S
#1147300
0(
#1147314
1_
#1147332
#1147429
1!
#1147430
0!
#1147435
#1147447
#1147456
0V
#1147471
1&
#1147551
#1147560
0]
#1147575
1#
#1147593
#1147625
#1147636
0#
#1147650
1\
#1147661
0S
#1147675
1S
#1147691
#1147701
#1147733
#1147744
#1147753
0&
#1147767
1R
#1147778
0_
#1147792
1_
#1147822
#1147838
#1147918
#1147999
0'
#1148013
1[
#1148024
0R
#1148039
1)
#1148049
0\
#1148063
1\
#1148074
#1148092
#1148116
#1148147
#1148159
0)
#1148174
1O
#1148184
#1148193
0S
#1148208
1S
#1148231
#1148388
1!
#1148389
0!
#1148394
#1148407
0[
#1148421
1(
#1148509
#1148539
0O
#1148550
1Z
#1148561
0\
#1148576
1#
#1148586
0(
#1148604
1&
#1148613
#1148623
0_
#1148636
1_
#1148648
#1148659
#1148681
#1148706
#1148787
0Z
#1148801
1`
#1148811
0#
#1148825
1Z
#1148837
#1148861
#1149010
#1149019
0S
#1149034
1'
#1149051
0`
#1149066
1)
#1149162
#1149192
0Z
#1149203
1^
#1149213
0'
#1149231
1(
#1149241
0_
#1149255
1_
#1149266
#1149277
#1149293
#1149303
#1149340
0(
#1149354
1W
#1149365
#1149377
0^
#1149391
1^
#1149409
1!
#1149410
0!
#1149415
#1149427
#1149514
#1149543
#1149553
0W
#1149564
1P
#1149574
0_
#1149588
1_
#1149605
#1149614
0)
#1149631
1#
#1149641
#1149651
#1149685
#1149716
#1149727
0#
#1149742
1Y
#1149752
0^
#1149766
1^
#1149853
0P
#1149868
1'
#1149948
#1149964
0Y
#1149979
1(
#1149989
#1149999
#1150036
0'
#1150050
1U
#1150060
0_
#1150074
1_
#1150085
#1150097
#1150119
#1150129
#1150166
0(
#1150180
1Q
#1150191
0^
#1150205
1^
#1150267
#1150278
#1150379
#1150408
#1150417
0U
#1150429
1T
#1150440
1!
#1150441
0!
#1150446
#1150459
0&
#1150476
1)
#1150487
0_
#1150501
1_
#1150517
#1150578
#1150596
#1150759
0T
#1150774
1#
#1150784
0Q
#1150799
1'
#1150810
#1150847
0#
#1150861
1X
#1150873
#1150884
0^
#1150898
1^
#1150922
#1150932
#1150961
#1150971
0_
#1150984
1V
#1150995
0'
#1151009
1_
#1151027
#1151053
#1151131
#1151140
0X
#1151155
1(
#1151250
0^
#1151265
1&
#1151347
#1151377
0_
#1151388
1]
#1151399
1!
#1151400
0!
#1151405
#1151418
0V
#1151431
1V
#1151442
#1151454
#1151463
0(
#1151481
1#
#1151490
#1151514
#1151545
#1151557
0]
#1151571
1R
#1151581
0#
#1151595
1]
#1151618
#1151629
#1151710
0&
#1151724
1[
#1151734
0V
#1151749
1V
#1151760
#1151771
#1151780
#1151803
#1151833
#1151842
0R
#1151857
1O
#1151868
#1151915
0)
#1151930
1R
#1152080
#1152161
0*
#1152176
1\
#1152185
#1152195
0V
#1152209
1'
#1152219
0O
#1152234
1(
#1152245
0[
#1152259
1[
#1152270
#1152281
#1152290
#1152314
#1152343
#1152353
0]
#1152367
1S
#1152378
1!
#1152379
0!
#1152384
#1152398
#1152444
0(
#1152459
1]
#1152610
#1152639
#1152699
0[
#1152711
1`
#1152721
0S
#1152736
1#
#1152747
#1152759
0R
#1152773
1R
#1152791
0'
#1152808
1&
#1152818
#1152918
0`
#1152933
1)
#1153014
#1153044
#1153053
0#
#1153067
1Z
#1153077
0\
#1153091
1\
#1153102
#1153114
0]
#1153129
1*
#1153146
#1153154
#1153164
#1153194
#1153210
0)
#1153224
1W
#1153235
0Z
#1153249
1Z
#1153267
#1153278
#1153310
#1153339
#1153399
0*
#1153414
1P
#1153425
1!
#1153426
0!
#1153431
#1153444
0R
#1153458
1R
#1153470
#1153557
#1153589
#1153619
0W
#1153631
1Y
#1153641
#1153650
0P
#1153665
1P
#1153676
#1153764
0&
#1153781
1(
#1153791
#1153885
#1153915
0Z
#1153927
1U
#1153937
0\
#1153952
1'
#1153962
0(
#1153980
1#
#1153990
#1153999
0Y
#1154013
1Y
#1154024
#1154036
#1154128
#1154152
#1154182
0R
#1154194
1T
#1154204
0U
#1154219
1U
#1154230
#1154242
0#
#1154259
1)
#1154269
#1154363
#1154393
0P
#1154405
1Q
#1154415
#1154424
0T
#1154438
1T
#1154450
#1154463
1!
#1154464
0!
#1154468
#1154481
0)
#1154498
1*
#1154515
#1154525
#1154555
#1154564
0Q
#1154578
1X
#1154646
0*
#1154661
1Q
#1154672
#1154683
#1154713
#1154737
#1154926
0T
#1154941
1^
#1154951
0'
#1154967
1T
#1154978
#1155010
#1155102
0Q
#1155117
1&
#1155198
#1155227
#1155287
0&
#1155302
1_
#1155312
0X
#1155327
1(
#1155389
1!
#1155390
0!
#1155395
#1155415
0U
#1155429
1U
#1155441
#1155452
#1155487
#1155498
#1155535
0(
#1155550
1V
#1155561
#1155573
0T
#1155588
1T
#1155674
#1155684
#1155714
#1155723
0^
#1155736
1O
#1155746
0U
#1155761
1U
#1155778
#1155787
0%
#1155804
1#
#1155814
#1155824
#1155926
#1155957
0_
#1155969
1[
#1155980
#1155992
0#
#1156009
1)
#1156020
0T
#1156035
1T
#1156121
#1156131
#1156161
#1156170
0O
#1156182
1S
#1156193
0U
#1156208
1U
#1156224
#1156234
0)
#1156251
1*
#1156261
#1156271
#1156387
#1156417
0Y
#1156430
1`
#1156441
#1156453
0*
#1156470
1'
#1156481
1!
#1156482
0!
#1156487
#1156500
0T
#1156515
1T
#1156601
#1156611
#1156640
#1156650
0S
#1156662
1]
#1156673
0U
#1156688
1U
#1156704
#1156714
0'
#1156731
1&
#1156740
#1156751
#1156853
#1156883
0[
#1156896
1W
#1156907
#1156919
0&
#1156936
1(
#1156947
0T
#1156962
1T
#1157048
#1157058
#1157087
#1157096
0]
#1157109
1\
#1157119
0U
#1157135
1U
#1157151
#1157160
0(
#1157178
1%
#1157187
#1157197
#1157307
#1157337
0V
#1157350
1Z
#1157361
#1157373
0%
#1157390
1#
#1157400
0T
#1157415
1T
#1157501
#1157511
#1157543
1!
#1157544
0!
#1157548
#1157561
0#
#1157576
1R
#1157586
#1157595
0\
#1157610
1)
#1157620
0U
#1157635
1U
#1157647
#1157658
#1157680
#1157705
#1157785
0)
#1157801
1P
#1157812
0R
#1157827
1R
#1157838
#1157933
0W
#1157948
1*
#1158027
#1158049
0Z
#1158064
1'
#1158153
#1158284
0T
#1158296
1Q
#1158306
#1158316
#1158328
0'
#1158345
1&
#1158363
0P
#1158377
1P
#1158402
1!
#1158403
0!
#1158408
#1158420
#1158582
#1158662
#1158693
0`
#1158704
1X
#1158714
0U
#1158729
1(
#1158739
0R
#1158754
1%
#1158764
0Q
#1158778
1Q
#1158790
#1158801
#1158817
0&
#1158835
1#
#1158860
#1158890
#1158899
0X
#1158913
1^
#1158923
0(
#1158937
1X
#1158956
#1158981
#1159059
#1159069
0P
#1159084
1)
#1159179
0Q
#1159194
1'
#1159275
#1159305
0X
#1159316
1_
#1159327
0#
#1159344
1&
#1159355
0^
#1159368
1^
#1159380
#1159392
1!
#1159393
0!
#1159398
#1159417
#1159427
#1159458
0&
#1159472
1O
#1159482
0_
#1159496
1_
#1159507
#1159518
#1159527
#1159551
#1159580
#1159589
0O
#1159603
1Y
#1159614
0*
#1159628
1O
#1159639
#1159650
#1159679
#1159759
#1159796
0)
#1159811
1S
#1159822
#1159834
0Y
#1159849
1(
#1159859
0^
#1159873
1^
#1159890
#1159914
#1159944
#1160055
0O
#1160069
1[
#1160079
0(
#1160094
1O
#1160112
#1160144
#1160160
#1160315
0[
#1160330
1#
#1160340
0_
#1160355
1&
#1160513
0^
#1160528
1*
#1160538
0O
#1160553
1)
#1160565
1!
#1160566
0!
#1160571
#1160584
#1160615
0&
#1160628
1]
#1160638
0S
#1160652
1S
#1160663
#1160674
#1160690
#1160700
#1160737
0*
#1160751
1V
#1160761
0]
#1160775
1]
#1160786
#1160798
#1160820
#1160830
#1160867
0)
#1160881
1\
#1160893
#1160904
0S
#1160919
1S
#1161012
#1161021
0V
#1161036
1(
#1161047
#1161077
#1161086
0]
#1161100
1W
#1161110
0(
#1161125
1]
#1161143
#1161161
#1161247
#1161257
#1161287
0S
#1161299
1Z
#1161360
0#
#1161377
1&
#1161395
0W
#1161409
1W
#1161420
#1161446
#1161456
#1161485
#1161496
1!
#1161497
0!
#1161501
#1161514
0Z
#1161528
1T
#1161539
0&
#1161554
1Z
#1161572
#1161744
0]
#1161758
1*
#1161768
#1161777
0\
#1161792
1)
#1161872
#1161881
0W
#1161896
1(
#1161915
#1161946
#1161958
0(
#1161972
1U
#1161982
0T
#1161996
1T
#1162012
#1162023
#1162054
#1162065
#1162074
0*
#1162089
1`
#1162099
0Z
#1162113
1Z
#1162143
#1162159
#1162239
#1162327
0`
#1162339
1R
#1162349
0U
#1162363
1U
#1162375
#1162402
1!
#1162403
0!
#1162408
#1162559
#1162575
0R
#1162590
1#
#1162600
#1162610
#1162639
0Z
#1162651
1P
#1162661
0)
#1162679
1&
#1162690
#1162702
0T
#1162716
1T
#1162726
0#
#1162744
1(
#1162760
#1162776
#1162863
#1162893
0U
#1162905
1Q
#1162922
0(
#1162939
1*
#1162951
#1162962
0P
#1162976
1P
#1163000
#1163010
#1163039
#1163049
0T
#1163062
1X
#1163073
0*
#1163087
1T
#1163105
#1163124
#1163202
#1163211
0Q
#1163226
1)
#1163314
0P
#1163329
1#
#1163425
1!
#1163426
0!
#1163431
#1163443
0T
#1163459
1(
#1163470
#1163500
0)
#1163514
1Y
#1163524
0X
#1163537
1X
#1163549
#1163560
#1163576
#1163586
#1163623
0(
#1163637
1[
#1163647
0Y
#1163661
1Y
#1163672
#1163683
#1163706
#1163716
#1163753
0&
#1163767
1_
#1163778
#1163790
0X
#1163804
1X
#1163898
#1163907
0[
#1163922
1*
#1163933
#1163963
#1163972
0Y
#1163986
1^
#1163996
0*
#1164010
1Y
#1164029
#1164047
#1164132
#1164143
#1164173
0X
#1164185
1O
#1164246
0#
#1164263
1)
#1164280
0^
#1164295
1^
#1164306
#1164331
#1164342
#1164371
#1164381
1!
#1164382
0!
#1164387
#1164400
0O
#1164414
1V
#1164424
0)
#1164439
1O
#1164457
#1164630
0Y
#1164644
1(
#1164654
#1164663
0_
#1164678
1&
#1164758
#1164767
0^
#1164782
1*
#1164800
#1164832
#1164843
0*
#1164857
1S
#1164868
0V
#1164882
1V
#1164898
#1164908
#1164939
#1164951
#1164960
0(
#1164974
1]
#1164985
0O
#1164999
1O
#1165029
#1165045
#1165125
#1165213
0]
#1165225
1\
#1165235
0S
#1165249
1S
#1165260
#1165293
#1165303
#1165383
0&
#1165398
1W
#1165408
0'
#1165425
1#
#1165437
#1165448
#1165535
1!
#1165536
0!
#1165540
#1165553
0\
#1165568
1)
#1165586
0V
#1165600
1V
#1165623
#1165703
#1165784
#1165793
0)
#1165807
1`
#1165818
0O
#1165832
1*
#1165843
0W
#1165857
1W
#1165868
#1165886
#1165910
#1165941
#1165953
0*
#1165968
1Z
#1165977
#1165987
0`
#1166001
1`
#1166025
#1166181
0S
#1166195
1(
#1166283
#1166314
0Z
#1166325
1R
#1166335
0W
#1166350
1&
#1166360
0(
#1166378
1'
#1166389
1!
#1166390
0!
#1166395
#1166407
#1166416
0V
#1166430
1V
#1166442
#1166453
#1166475
#1166500
#1166581
0'
#1166595
1U
#1166605
0R
#1166620
1R
#1166631
#1166642
#1166743
#1166773
#1166782
0`
#1166794
1Q
#1166804
0U
#1166818
1U
#1166879
0&
#1166897
1)
#1166907
#1166917
#1166935
#1166966
#1167048
#1167067
0V
#1167082
1P
#1167092
0)
#1167107
1V
#1167200
#1167210
#1167291
0R
#1167303
1T
#1167313
0#
#1167331
1*
#1167342
#1167354
0Q
#1167369
1Q
#1167385
#1167395
1!
#1167396
0!
#1167401
#1167498
#1167535
0*
#1167550
1[
#1167560
0T
#1167575
1T
#1167586
#1167598
0P
#1167613
1(
#1167629
#1167639
#1167669
#1167679
#1167690
#1167700
0(
#1167715
1X
#1167801
0[
#1167816
1[
#1167841
#1167870
#1167880
0U
#1167892
1Y
#1167903
0V
#1167918
1V
#1167935
0%
#1167952
1'
#1167962
#1167972
#1167990
#1167999
#1168085
#1168115
0Y
#1168128
1_
#1168137
#1168153
0'
#1168171
1&
#1168182
#1168194
0Q
#1168209
1Q
#1168239
#1168249
#1168279
#1168288
0V
#1168303
1^
#1168314
0&
#1168329
1V
#1168347
#1168366
#1168391
1!
#1168392
0!
#1168396
#1168487
#1168567
#1168576
0X
#1168589
1]
#1168650
0^
#1168666
1^
#1168677
#1168689
0$
#1168706
1)
#1168722
#1168747
#1168828
0)
#1168844
1\
#1168855
#1169018
#1169034
0_
#1169050
1_
#1169206
0[
#1169219
1#
#1169229
0Q
#1169243
1*
#1169252
#1169262
0V
#1169276
1(
#1169287
#1169317
0T
#1169329
1O
#1169346
#1169355
0*
#1169372
1%
#1169390
0]
#1169404
1]
#1169416
#1169459
1!
#1169460
0!
#1169464
#1169547
#1169628
#1169637
0\
#1169649
1S
#1169659
#1169668
0O
#1169683
1O
#1169694
#1169706
0%
#1169723
1'
#1169816
#1169910
#1169940
0_
#1169952
1Z
#1169963
0S
#1169977
1&
#1169987
#1169996
0^
#1170011
1^
#1170022
#1170033
#1170042
0'
#1170060
1$
#1170153
#1170177
#1170208
0]
#1170219
1W
#1170230
0Z
#1170244
1Z
#1170255
#1170267
0$
#1170285
1)
#1170294
#1170389
1!
#1170390
0!
#1170395
#1170478
#1170508
0O
#1170519
1`
#1170530
0^
#1170545
1*
#1170555
0)
#1170573
1%
#1170582
#1170592
0W
#1170605
1W
#1170617
#1170628
#1170650
#1170675
#1170756
0`
#1170770
1R
#1170780
0%
#1170794
1`
#1170806
#1170830
#1170979
#1170988
0Z
#1171003
1'
#1171020
0R
#1171035
1$
#1171131
#1171161
0`
#1171172
1P
#1171182
0'
#1171200
1)
#1171210
0W
#1171224
1W
#1171235
#1171246
#1171262
#1171272
#1171309
0)
#1171323
1U
#1171334
#1171346
0P
#1171360
1P
#1171383
#1171393
#1171423
#1171433
1!
#1171434
0!
#1171439
#1171452
0W
#1171466
1Y
#1171476
0*
#1171490
1W
#1171508
#1171534
#1171612
#1171622
0U
#1171637
1%
#1171731
0P
#1171746
1'
#1171828
#1171858
0W
#1171869
1X
#1171879
0%
#1171897
1)
#1171908
0Y
#1171921
1Y
#1171932
#1171944
#1171959
#1171969
#1172006
0)
#1172020
1V
#1172031
#1172043
0X
#1172057
1X
#1172080
#1172091
#1172120
#1172129
0Y
#1172143
1T
#1172153
0'
#1172168
1Y
#1172186
#1172205
#1172283
#1172292
0V
#1172307
1*
#1172389
1!
#1172390
0!
#1172395
#1172414
0X
#1172429
1%
#1172447
#1172478
#1172490
0*
#1172504
1[
#1172515
0T
#1172528
1T
#1172545
#1172555
#1172586
#1172597
#1172607
0%
#1172621
1Q
#1172631
0Y
#1172646
1Y
#1172669
#1172692
#1172702
#1172783
0$
#1172798
1\
#1172866
0[
#1172881
1[
#1172892
#1172917
#1172928
#1172957
#1172966
0T
#1172981
1_
#1172992
#1173011
0#
#1173026
1T
#1173043
#1173198
#1173221
0Y
#1173235
1)
#1173245
0[
#1173260
1'
#1173341
#1173430
1!
#1173431
0!
#1173436
#1173449
#1173461
0'
#1173475
1S
#1173493
0_
#1173508
1*
#1173518
0\
#1173533
1\
#1173619
#1173628
0T
#1173643
1%
#1173653
#1173663
#1173694
#1173706
0)
#1173721
1]
#1173731
0Q
#1173745
1Q
#1173775
#1173791
#1173871
#1173952
0*
#1173967
1O
#1173977
0]
#1173992
1$
#1174002
0S
#1174016
1S
#1174028
#1174046
#1174070
#1174101
#1174112
0$
#1174127
1^
#1174137
#1174146
0O
#1174161
1O
#1174184
#1174340
0\
#1174355
1#
#1174443
#1174473
0^
#1174484
1Z
#1174494
0S
#1174509
1'
#1174520
0#
#1174537
1)
#1174547
#1174556
0Q
#1174570
1Q
#1174581
#1174593
#1174610
1!
#1174611
0!
#1174616
#1174634
#1174659
#1174740
0Z
#1174754
1R
#1174764
0'
#1174779
1Z
#1174790
#1174815
#1174963
#1174972
0O
#1174987
1*
#1175004
0R
#1175019
1$
#1175115
#1175145
0Z
#1175156
1`
#1175167
0$
#1175184
1#
#1175196
#1175207
0Q
#1175221
1Q
#1175238
#1175248
#1175277
#1175287
0#
#1175301
1U
#1175311
0`
#1175325
1`
#1175336
#1175361
#1175371
#1175401
#1175411
1!
#1175412
0!
#1175417
#1175429
0)
#1175444
1P
#1175455
#1175467
0U
#1175481
1U
#1175504
#1175514
#1175544
#1175553
0Q
#1175568
1W
#1175578
0*
#1175593
1Q
#1175611
#1175630
#1175645
#1175800
0U
#1175815
1'
#1175825
0P
#1175840
1$
#1175936
#1175967
#1175979
0Q
#1175990
1V
#1176000
0W
#1176014
1W
#1176031
0'
#1176049
1#
#1176065
#1176075
#1176105
#1176114
0`
#1176128
1X
#1176196
0#
#1176210
1`
#1176222
#1176233
#1176262
#1176412
1!
#1176413
0!
#1176418
#1176430
0V
#1176445
1)
#1176456
#1176493
0$
#1176507
1Y
#1176517
0W
#1176531
1W
#1176543
#1176568
#1176647
0X
#1176662
1*
#1176673
#1176703
#1176712
0Y
#1176725
1[
#1176736
0*
#1176750
1Y
#1176768
#1176786
#1176866
0`
#1176880
1'
#1176897
0W
#1176912
1#
#1176922
#1176932
#1176963
0'
#1176977
1_
#1176987
0[
#1177001
1[
#1177012
#1177030
#1177055
#1177084
#1177093
0_
#1177107
1T
#1177175
0#
#1177190
1_
#1177201
#1177212
#1177241
#1177391
1!
#1177392
0!
#1177397
#1177410
#1177447
0Y
#1177459
1]
#1177469
0)
#1177486
1$
#1177497
#1177516
0T
#1177531
1*
#1177611
0[
#1177625
1[
#1177635
0]
#1177650
1'
#1177660
#1177675
#1177685
#1177723
0_
#1177736
1\
#1177746
0'
#1177760
1_
#1177772
#1177790
#1177868
#1177884
0\
#1177899
1#
#1177918
#1177948
0*
#1177962
1^
#1177972
0[
#1177986
1[
#1177997
#1178023
#1178033
#1178063
#1178072
0^
#1178086
1S
#1178154
0#
#1178168
1^
#1178179
#1178190
#1178219
#1178369
#1178406
0_
#1178418
1O
#1178429
1!
#1178430
0!
#1178435
#1178447
0[
#1178461
1[
#1178473
#1178484
#1178493
0$
#1178510
1)
#1178520
#1178536
0S
#1178551
1'
#1178640
#1178677
0'
#1178690
1R
#1178701
0O
#1178715
1O
#1178726
#1178751
#1178831
0^
#1178845
1*
#1178856
#1178886
#1178895
0R
#1178909
1Z
#1178919
0*
#1178933
1R
#1178951
#1178970
#1179049
0[
#1179064
1#
#1179081
0O
#1179096
1$
#1179105
#1179116
#1179146
0$
#1179160
1U
#1179170
0Z
#1179184
1Z
#1179195
#1179213
#1179238
#1179267
#1179277
0U
#1179291
1P
#1179301
0#
#1179315
1U
#1179333
#1179430
1!
#1179431
0!
#1179436
#1179448
#1179458
0R
#1179473
1'
#1179552
#1179561
0Z
#1179577
1*
#1179595
#1179626
#1179638
0*
#1179652
1Q
#1179662
0P
#1179676
1P
#1179692
#1179703
#1179734
#1179745
#1179754
0'
#1179769
1X
#1179779
0U
#1179793
1U
#1179823
#1179839
#1179919
#1180000
0)
#1180015
1V
#1180025
0X
#1180040
1$
#1180050
0Q
#1180065
1Q
#1180076
#1180094
#1180118
#1180149
#1180161
0$
#1180175
1`
#1180185
#1180194
0P
#1180209
1P
#1180232
#1180389
1!
#1180390
0!
#1180395
#1180408
0V
#1180422
1#
#1180510
#1180540
0`
#1180552
1W
#1180562
0Q
#1180577
1*
#1180587
0#
#1180605
1'
#1180615
#1180624
0U
#1180638
1U
#1180649
#1180660
#1180683
#1180707
#1180788
0W
#1180802
1T
#1180812
0*
#1180827
1W
#1180838
#1180863
#1181011
#1181020
0P
#1181035
1)
#1181052
0T
#1181067
1$
#1181163
#1181193
0W
#1181204
1Y
#1181215
0)
#1181232
1#
#1181243
0U
#1181256
1U
#1181268
#1181279
#1181294
#1181304
#1181341
0#
#1181355
1]
#1181367
#1181378
0Y
#1181392
1Y
#1181410
1!
#1181411
0!
#1181416
#1181428
#1181515
#1181545
#1181554
0]
#1181565
1\
#1181576
0U
#1181589
1U
#1181606
#1181615
0$
#1181633
1*
#1181642
#1181653
#1181686
#1181717
#1181729
0*
#1181743
1S
#1181753
0Y
#1181768
1Y
#1181855
0\
#1181870
1)
#1181949
#1181965
0S
#1181981
1#
#1181990
#1182000
#1182037
0)
#1182051
1_
#1182062
0U
#1182076
1U
#1182087
#1182098
#1182120
#1182130
#1182167
0#
#1182182
1^
#1182192
0Y
#1182206
1Y
#1182268
#1182280
#1182380
#1182409
#1182419
0_
#1182430
1[
#1182442
1!
#1182443
0!
#1182448
#1182460
0'
#1182478
1$
#1182488
0U
#1182502
1U
#1182519
#1182580
#1182598
#1182760
0[
#1182775
1*
#1182785
0^
#1182800
1)
#1182812
#1182849
0*
#1182863
1O
#1182874
#1182886
0Y
#1182900
1Y
#1182923
#1182933
#1182963
#1182972
0U
#1182986
1R
#1182996
0)
#1183010
1U
#1183029
#1183054
#1183132
#1183142
0O
#1183157
1#
#1183252
0Y
#1183267
1'
#1183348
#1183378
0U
#1183389
1Z
#1183401
1!
#1183402
0!
#1183407
#1183419
0R
#1183432
1R
#1183444
#1183455
#1183464
0#
#1183482
1*
#1183492
#1183516
#1183547
#1183559
0Z
#1183572
1X
#1183582
0*
#1183596
1Z
#1183620
#1183630
#1183711
0'
#1183725
1V
#1183736
0R
#1183750
1R
#1183761
#1183772
#1183781
#1183805
#1183834
#1183844
0X
#1183858
1`
#1183869
#1183917
0$
#1183931
1X
#1184082
#1184163
0%
#1184177
1Q
#1184187
#1184196
0R
#1184210
1)
#1184221
0`
#1184236
1#
#1184246
0V
#1184260
1V
#1184272
#1184283
#1184291
#1184315
#1184345
#1184354
0Z
#1184368
1P
#1184380
1!
#1184381
0!
#1184386
#1184399
#1184446
0#
#1184460
1Z
#1184611
#1184640
#1184700
0V
#1184712
1T
#1184722
0P
#1184737
1*
#1184749
#1184760
0X
#1184775
1X
#1184792
0)
#1184809
1'
#1184819
#1184919
0T
#1184934
1$
#1185015
#1185045
#1185054
0*
#1185068
1W
#1185079
0Q
#1185092
1Q
#1185104
#1185116
0Z
#1185131
1%
#1185147
#1185156
#1185166
#1185195
#1185211
0$
#1185226
1]
#1185236
0W
#1185250
1W
#1185268
#1185280
#1185311
#1185340
#1185400
0%
#1185415
1\
#1185427
1!
#1185428
0!
#1185432
#1185445
0X
#1185460
1X
#1185471
#1185559
#1185590
#1185620
0]
#1185632
1S
#1185642
#1185651
0\
#1185666
1\
#1185677
#1185766
0'
#1185782
1#
#1185792
#1185886
#1185917
0W
#1185928
1_
#1185939
0Q
#1185953
1)
#1185964
0#
#1185981
1*
#1185991
#1186000
0S
#1186014
1S
#1186026
#1186037
#1186129
#1186153
#1186184
0X
#1186195
1[
#1186206
0_
#1186220
1_
#1186231
#1186243
0*
#1186261
1$
#1186270
#1186365
#1186395
0\
#1186407
1^
#1186416
#1186425
0[
#1186440
1[
#1186451
#1186464
1!
#1186465
0!
#1186470
#1186482
0$
#1186500
1%
#1186516
#1186526
#1186556
#1186565
0^
#1186580
1O
#1186648
0%
#1186662
1^
#1186674
#1186685
#1186714
#1186738
#1186928
0[
#1186942
1Y
#1186953
0)
#1186968
1[
#1186979
#1187011
#1187104
0^
#1187118
1'
#1187199
#1187229
#1187289
0'
#1187303
1U
#1187314
0O
#1187328
1#
#1187391
1!
#1187392
0!
#1187396
#1187416
0_
#1187431
1_
#1187442
#1187453
#1187489
#1187499
#1187536
0#
#1187551
1R
#1187562
#1187574
0[
#1187590
1[
#1187675
#1187686
#1187715
#1187724
0Y
#1187737
1`
#1187747
0_
#1187762
1_
#1187779
#1187788
0(
#1187805
1*
#1187815
#1187825
#1187928
#1187958
0U
#1187971
1V
#1187982
#1187994
0*
#1188011
1$
#1188021
0[
#1188036
1[
#1188122
#1188132
#1188162
#1188171
0`
#1188184
1P
#1188194
0_
#1188209
1_
#1188226
#1188235
0$
#1188252
1%
#1188262
#1188272
#1188388
#1188418
0S
#1188431
1T
#1188442
#1188454
0%
#1188471
1)
#1188483
1!
#1188484
0!
#1188488
#1188501
0[
#1188516
1[
#1188602
#1188612
#1188642
#1188651
0P
#1188664
1Z
#1188674
0_
#1188689
1_
#1188706
#1188715
0)
#1188732
1'
#1188742
#1188752
#1188855
#1188885
0V
#1188897
1]
#1188909
#1188920
0'
#1188938
1#
#1188948
0[
#1188963
1[
#1189049
#1189059
#1189089
#1189098
0Z
#1189110
1Q
#1189121
0_
#1189136
1_
#1189153
#1189162
0#
#1189179
1(
#1189189
#1189199
#1189308
#1189338
0R
#1189351
1W
#1189362
#1189375
1!
#1189376
0!
#1189381
#1189400
0[
#1189415
1[
#1189496
#1189525
0(
#1189541
1X
#1189550
#1189560
0_
#1189575
1_
#1189584
#1189594
0Q
#1189608
1*
#1189618
#1189627
0&
#1189644
1$
#1189713
#1189738
#1190061
0X
#1190074
1%
#1190155
0T
#1190168
1)
#1190178
0]
#1190192
1'
#1190204
#1190234
0W
#1190245
1\
#1190255
0_
#1190270
1#
#1190281
0[
#1190294
1[
#1190305
#1190317
0)
#1190335
1(
#1190345
#1190360
#1190370
#1190407
0\
#1190421
1^
#1190431
0#
#1190445
1\
#1190456
#1190469
1!
#1190470
0!
#1190475
#1190494
#1190573
#1190589
0^
#1190604
1&
#1190622
#1190652
0(
#1190666
1O
#1190677
0[
#1190690
1[
#1190702
#1190727
#1190737
#1190767
#1190776
0O
#1190790
1Y
#1190858
0&
#1190872
1O
#1190884
#1190895
#1190924
#1191074
#1191111
0\
#1191122
1U
#1191132
0'
#1191149
1)
#1191161
#1191173
0[
#1191186
1[
#1191204
0Y
#1191219
1#
#1191307
#1191337
#1191346
0#
#1191360
1`
#1191370
0U
#1191384
1U
#1191396
#1191409
1!
#1191410
0!
#1191414
#1191426
#1191442
#1191452
#1191481
#1191497
0)
#1191512
1S
#1191522
0O
#1191537
1(
#1191548
#1191560
0`
#1191574
1`
#1191598
#1191608
#1191637
#1191647
0[
#1191661
1P
#1191672
#1191719
0(
#1191734
1[
#1191885
#1191914
#1191924
0*
#1191938
1V
#1191948
0S
#1191963
1S
#1191974
#1191986
0`
#1192000
1&
#1192017
#1192025
#1192035
#1192065
#1192081
0&
#1192096
1Z
#1192158
#1192170
0P
#1192184
1'
#1192195
0V
#1192209
1V
#1192233
#1192243
#1192272
#1192282
0[
#1192296
1R
#1192308
#1192362
0'
#1192377
1[
#1192526
0V
#1192541
1#
#1192551
0U
#1192566
1)
#1192647
#1192678
1!
#1192679
0!
#1192684
#1192696
#1192705
0)
#1192719
1Q
#1192780
#1192789
0R
#1192804
1(
#1192822
#1192848
0Z
#1192863
1Z
#1192950
#1192981
0[
#1192992
1W
#1193003
0S
#1193017
1S
#1193027
#1193035
#1193045
0(
#1193062
1*
#1193072
#1193080
#1193104
#1193200
0Q
#1193215
1&
#1193373
#1193404
0Z
#1193414
1X
#1193425
0W
#1193440
1'
#1193450
0S
#1193464
1S
#1193475
#1193487
0&
#1193504
1)
#1193516
1!
#1193517
0!
#1193522
#1193540
#1193551
#1193580
#1193589
0X
#1193603
1T
#1193613
0)
#1193627
1X
#1193645
#1193671
#1193749
#1193759
0S
#1193774
1(
#1193792
#1193823
#1193835
0*
#1193849
1_
#1193859
0T
#1193873
1T
#1193890
#1193900
#1193931
#1193942
#1193952
0(
#1193966
1]
#1193976
0X
#1193990
1X
#1194021
#1194037
#1194117
#1194204
0]
#1194216
1^
#1194226
0_
#1194241
1_
#1194252
#1194284
#1194294
#1194375
0#
#1194389
1Y
#1194401
1!
#1194402
0!
#1194407
#1194419
0'
#1194437
1&
#1194448
#1194459
#1194545
0T
#1194559
1T
#1194590
0^
#1194605
1)
#1194615
#1194695
#1194775
#1194785
0)
#1194799
1\
#1194809
0X
#1194824
1*
#1194834
0Y
#1194849
1Y
#1194860
#1194878
#1194902
#1194933
#1194945
0*
#1194959
1O
#1194969
#1194978
0\
#1194993
1\
#1195016
#1195173
0_
#1195187
1(
#1195275
#1195305
0O
#1195316
1`
#1195327
0Y
#1195342
1#
#1195352
0(
#1195370
1'
#1195379
#1195389
0T
#1195402
1T
#1195414
#1195427
1!
#1195428
0!
#1195432
#1195451
#1195476
#1195505
#1195515
0`
#1195528
1P
#1195539
0'
#1195553
1`
#1195615
#1195633
#1195663
#1195743
#1195773
0T
#1195785
1V
#1195795
0P
#1195809
1P
#1195877
#1195886
0#
#1195903
1)
#1195915
#1196010
#1196096
0V
#1196110
1*
#1196122
#1196152
0`
#1196163
1U
#1196180
0*
#1196198
1(
#1196209
#1196221
0\
#1196235
1\
#1196258
#1196268
#1196298
#1196307
0P
#1196321
1R
#1196331
0(
#1196346
1P
#1196364
#1196377
1!
#1196378
0!
#1196383
#1196395
#1196410
#1196420
#1196451
#1196470
0R
#1196484
1[
#1196495
0)
#1196509
1R
#1196604
0U
#1196618
1'
#1196635
#1196713
#1196723
#1196754
0P
#1196765
1Q
#1196826
0'
#1196844
1#
#1196861
0\
#1196875
1\
#1196887
#1196906
#1196929
#1197060
#1197070
0Q
#1197084
1W
#1197094
0#
#1197109
1Q
#1197120
#1197145
#1197167
#1197247
#1197277
0W
#1197290
1Z
#1197352
#1197370
0&
#1197387
1*
#1197399
1!
#1197400
0!
#1197405
#1197417
0R
#1197432
1R
#1197449
#1197459
#1197490
#1197502
0*
#1197517
1S
#1197527
0\
#1197543
1\
#1197559
#1197588
#1197598
#1197635
0%
#1197651
1]
#1197662
#1197673
#1197682
0Q
#1197698
1Q
#1197923
0[
#1197937
1(
#1197947
0S
#1197961
1)
#1197979
#1197988
0Z
#1198003
1'
#1198167
#1198197
#1198206
0]
#1198217
1^
#1198228
0R
#1198241
1R
#1198259
0(
#1198276
1#
#1198285
#1198295
0\
#1198310
1&
#1198321
#1198339
#1198426
#1198456
0^
#1198467
1X
#1198484
0#
#1198502
1*
#1198513
1!
#1198514
0!
#1198519
#1198533
#1198552
0Q
#1198566
1Q
#1198582
#1198593
#1198674
0*
#1198688
1_
#1198698
0X
#1198713
1X
#1198724
#1198735
#1198744
#1198766
#1198790
#1198871
0'
#1198886
1O
#1198897
0R
#1198911
1R
#1198923
#1198941
#1199042
#1199173
0&
#1199188
1Y
#1199198
0O
#1199213
1O
#1199224
#1199243
0Q
#1199258
1%
#1199274
#1199283
#1199293
#1199380
#1199389
0_
#1199404
1T
#1199415
#1199442
1!
#1199443
0!
#1199448
#1199481
0%
#1199496
1_
#1199653
#1199684
0Y
#1199696
1V
#1199757
0)
#1199774
1(
#1199784
0R
#1199799
1R
#1199809
0X
#1199824
1#
#1199833
#1199844
#1199855
#1199940
#1199955
#1199965
0O
#1199979
1*
#1200082
#1200112
0T
#1200124
1`
#1200135
#1200147
0V
#1200161
1V
#1200248
0_
#1200263
1'
#1200349
#1200359
0*
#1200376
1&
#1200387
#1200416
#1200426
0`
#1200437
1U
#1200447
0R
#1200461
1R
#1200478
0&
#1200496
1%
#1200506
#1200516
#1200536
1!
#1200537
0!
#1200541
#1200623
#1200639
0U
#1200655
1)
#1200666
#1200703
0)
#1200717
1P
#1200728
#1200740
0V
#1200754
1V
#1200777
#1200787
#1200817
#1200826
0R
#1200840
1W
#1200850
0%
#1200864
1R
#1200883
#1200901
#1200980
#1200989
0P
#1201004
1*
#1201091
0V
#1201106
1&
#1201202
#1201232
0R
#1201243
1Z
#1201254
0*
#1201271
1)
#1201282
0W
#1201295
1W
#1201307
#1201318
#1201333
#1201343
#1201380
0)
#1201394
1[
#1201406
#1201417
0Z
#1201431
1Z
#1201449
1!
#1201450
0!
#1201455
#1201474
#1201484
#1201514
#1201523
0W
#1201537
1S
#1201547
0'
#1201562
1W
#1201580
#1201605
#1201684
#1201693
0[
#1201708
1%
#1201803
0Z
#1201818
1*
#1201899
#1201930
0W
#1201940
1\
#1201951
0%
#1201968
1)
#1201979
0S
#1201992
1S
#1202004
#1202015
#1202030
#1202040
#1202077
0)
#1202091
1]
#1202103
#1202114
0\
#1202128
1\
#1202152
#1202162
#1202191
#1202201
0S
#1202214
1^
#1202225
0*
#1202239
1S
#1202257
#1202276
#1202354
#1202364
0]
#1202379
1'
#1202466
0\
#1202481
1%
#1202500
1!
#1202501
0!
#1202506
#1202596
#1202627
0S
#1202637
1Q
#1202648
0'
#1202666
1)
#1202676
0^
#1202689
1^
#1202701
#1202712
#1202727
#1202738
#1202775
0)
#1202788
1X
#1202800
#1202812
0Q
#1202825
1Q
#1202849
#1202859
#1202888
#1202898
0^
#1202912
1Y
#1202922
0%
#1202936
1^
#1202954
#1202980
#1203058
#1203068
0X
#1203083
1*
#1203177
0Q
#1203192
1'
#1203274
#1203304
0^
#1203315
1O
#1203325
0*
#1203343
1)
#1203354
0Y
#1203367
1Y
#1203378
#1203391
1!
#1203392
0!
#1203397
#1203416
#1203426
#1203456
0)
#1203470
1T
#1203481
0O
#1203494
1O
#1203506
#1203517
#1203526
#1203549
#1203579
#1203588
0T
#1203602
1_
#1203612
0'
#1203627
1T
#1203638
#1203649
#1203678
#1203758
#1203795
0&
#1203809
1`
#1203821
#1203832
0_
#1203847
1%
#1203858
0Y
#1203872
1Y
#1203896
#1203983
#1204012
#1204072
0%
#1204087
1U
#1204097
0T
#1204111
1T
#1204123
#1204134
0`
#1204149
1*
#1204172
#1204183
#1204212
#1204221
0U
#1204236
1P
#1204261
#1204294
0*
#1204309
1U
#1204388
#1204468
0T
#1204482
1)
#1204492
0O
#1204507
1'
#1204519
#1204550
1!
#1204551
0!
#1204556
#1204568
0)
#1204583
1V
#1204593
0P
#1204607
1P
#1204617
#1204627
#1204708
#1204724
0Y
#1204739
1&
#1204835
#1204864
#1204873
0U
#1204885
1R
#1204895
0V
#1204909
1V
#1204926
0'
#1204944
1%
#1204953
#1204964
#1204982
#1205069
#1205099
0R
#1205110
1[
#1205127
0%
#1205145
1*
#1205156
#1205168
0P
#1205182
1P
#1205205
#1205215
#1205245
#1205254
0V
#1205268
1Z
#1205278
0*
#1205293
1V
#1205311
#1205329
#1205416
1!
#1205417
0!
#1205422
#1205504
#1205513
0[
#1205528
1)
#1205546
#1205576
0P
#1205588
1W
#1205598
0Z
#1205612
1Z
#1205623
#1205635
0)
#1205652
1'
#1205676
#1205687
#1205716
#1205725
0W
#1205739
1]
#1205750
0'
#1205764
1W
#1205782
#1205877
#1205887
0V
#1205902
1%
#1205981
#1205991
0Z
#1206006
1*
#1206024
#1206055
#1206067
0*
#1206081
1\
#1206091
0]
#1206105
1]
#1206122
#1206132
#1206163
#1206174
#1206183
0%
#1206198
1S
#1206208
0W
#1206222
1W
#1206253
#1206269
#1206349
#1206430
0&
#1206444
1X
#1206454
0S
#1206469
1)
#1206481
1!
#1206482
0!
#1206486
#1206506
0\
#1206520
1\
#1206531
#1206557
#1206567
#1206596
#1206606
0]
#1206620
1Q
#1206631
#1206741
0)
#1206755
1]
#1206835
0W
#1206850
1'
#1206860
0\
#1206875
1*
#1206956
#1206986
#1206995
0Q
#1207006
1^
#1207016
#1207025
0*
#1207043
1%
#1207054
#1207066
0X
#1207080
1X
#1207113
#1207142
#1207202
0%
#1207216
1_
#1207227
0^
#1207241
1^
#1207252
#1207264
#1207272
#1207366
#1207395
#1207412
1!
#1207413
0!
#1207418
#1207431
0'
#1207445
1`
#1207455
0]
#1207470
1&
#1207482
#1207493
0_
#1207508
1_
#1207531
#1207541
#1207571
#1207580
0X
#1207594
1T
#1207606
#1207653
0&
#1207668
1X
#1207818
#1207848
#1207857
0(
#1207871
1O
#1207882
0T
#1207896
1)
#1207906
0_
#1207921
1*
#1207983
#1207995
0`
#1208009
1`
#1208026
#1208041
#1208052
#1208081
#1208149
#1208161
0*
#1208175
1Y
#1208186
0O
#1208200
1O
#1208224
#1208234
#1208265
#1208284
0X
#1208299
1U
#1208316
0)
#1208331
1X
#1208489
1!
#1208490
0!
#1208494
#1208507
0Y
#1208521
1%
#1208532
#1208563
0`
#1208575
1R
#1208586
#1208598
0%
#1208615
1'
#1208626
0^
#1208640
1^
#1208650
#1208659
#1208667
#1208689
#1208775
0R
#1208790
1&
#1208809
#1208838
#1208906
#1208925
0U
#1208939
1P
#1208949
0'
#1208964
1U
#1208997
#1209078
0&
#1209093
1[
#1209104
#1209115
#1209193
#1209203
0^
#1209217
1(
#1209235
0O
#1209250
1O
#1209287
#1209365
#1209376
1!
#1209377
0!
#1209381
#1209401
0U
#1209416
1*
#1209644
0X
#1209658
1)
#1209669
#1209699
0O
#1209710
1V
#1209720
0[
#1209735
1%
#1209746
0P
#1209759
1P
#1209769
0(
#1209787
1'
#1209799
#1209810
#1209825
#1209835
#1209872
0'
#1209886
1Z
#1209897
0V
#1209911
1V
#1209922
#1209947
#1210028
#1210057
#1210066
0Z
#1210080
1S
#1210090
0*
#1210104
1Z
#1210122
#1210141
#1210220
0P
#1210235
1&
#1210252
0V
#1210267
1(
#1210277
#1210287
#1210317
0&
#1210331
1W
#1210341
0S
#1210355
1S
#1210366
#1210384
#1210409
#1210438
#1210449
1!
#1210450
0!
#1210455
#1210467
0%
#1210482
1\
#1210492
0W
#1210506
1W
#1210523
#1210584
#1210602
#1210764
0\
#1210779
1'
#1210789
0Z
#1210804
1*
#1210816
#1210853
0*
#1210867
1Q
#1210877
0S
#1210891
1S
#1210902
#1210928
#1211008
#1211037
#1211047
0Q
#1211060
1]
#1211070
0'
#1211084
1Q
#1211102
#1211121
#1211130
0W
#1211145
1&
#1211162
#1211248
0S
#1211263
1%
#1211282
#1211363
0]
#1211376
1_
#1211387
0%
#1211401
1]
#1211412
1!
#1211413
0!
#1211418
#1211432
#1211450
#1211528
#1211544
0_
#1211560
1*
#1211578
#1211608
0*
#1211622
1T
#1211632
0Q
#1211646
1Q
#1211657
#1211683
#1211693
#1211723
#1211732
0T
#1211746
1`
#1211814
0&
#1211828
1T
#1211839
#1211850
#1211879
#1212029
#1212066
0]
#1212078
1Y
#1212088
0)
#1212105
1'
#1212116
#1212135
0`
#1212150
1%
#1212230
0Q
#1212244
1Q
#1212254
0Y
#1212269
1*
#1212279
#1212294
#1212304
#1212342
0T
#1212355
1R
#1212365
0*
#1212379
1T
#1212391
1!
#1212392
0!
#1212396
#1212410
#1212436
#1212514
#1212523
0Q
#1212539
1&
#1212557
#1212587
0%
#1212601
1^
#1212611
0R
#1212625
1R
#1212636
#1212662
#1212672
#1212702
#1212711
0^
#1212725
1U
#1212794
#1212820
0&
#1212834
1^
#1212915
#1212945
0R
#1212957
1X
#1212967
0U
#1212982
1U
#1212993
#1213004
#1213020
0'
#1213038
1)
#1213047
#1213133
#1213143
#1213172
#1213182
0T
#1213193
1[
#1213204
0X
#1213218
1X
#1213235
0)
#1213253
1*
#1213269
#1213279
#1213290
#1213391
0U
#1213406
1%
#1213425
1!
#1213426
0!
#1213430
#1213583
0[
#1213598
1&
#1213608
0X
#1213623
1'
#1213644
#1213674
0&
#1213688
1O
#1213698
0^
#1213711
1^
#1213723
#1213734
#1213749
#1213760
#1213797
0%
#1213811
1P
#1213821
0O
#1213835
1O
#1213846
#1213857
#1213879
#1213890
#1213927
0'
#1213941
1V
#1213952
#1213964
0^
#1213978
1^
#1214071
#1214081
0P
#1214096
1)
#1214107
#1214136
#1214146
0O
#1214160
1\
#1214170
0)
#1214184
1O
#1214202
#1214221
#1214306
#1214317
#1214347
0^
#1214359
1Z
#1214420
0*
#1214437
1&
#1214454
0\
#1214468
1\
#1214480
1!
#1214481
0!
#1214486
#1214498
#1214508
#1214519
#1214703
0V
#1214717
1%
#1214798
0Z
#1214813
1'
#1214824
#1214854
0\
#1214865
1W
#1214875
0%
#1214893
1)
#1214903
0O
#1214917
1O
#1214928
#1214939
#1214955
#1214965
#1215002
0)
#1215016
1S
#1215027
#1215039
0W
#1215053
1W
#1215076
#1215086
#1215116
#1215125
0O
#1215139
1_
#1215149
0'
#1215164
1O
#1215182
#1215200
#1215279
#1215288
0S
#1215303
1*
#1215385
1!
#1215386
0!
#1215390
#1215410
0W
#1215425
1%
#1215521
#1215551
0O
#1215562
1`
#1215572
0%
#1215590
1)
#1215601
#1215613
0_
#1215626
1_
#1215643
#1215653
#1215683
#1215692
0)
#1215706
1]
#1215716
0`
#1215730
1`
#1215742
#1215767
#1215777
#1215806
#1215816
#1215828
0]
#1215842
1Y
#1215852
0*
#1215867
1]
#1215898
#1215908
#1215939
#1215951
0&
#1215966
1Q
#1216045
#1216054
0`
#1216069
1'
#1216086
0_
#1216100
1_
#1216125
#1216203
#1216212
0]
#1216227
1%
#1216245
#1216277
#1216288
0%
#1216303
1R
#1216313
0Y
#1216327
1Y
#1216351
#1216362
#1216393
#1216404
#1216413
0'
#1216428
1T
#1216515
0Q
#1216529
1Q
#1216562
1!
#1216563
0!
#1216567
#1216580
0_
#1216595
1)
#1216605
#1216685
#1216765
#1216774
0)
#1216788
1U
#1216799
0T
#1216814
1*
#1216824
0R
#1216838
1R
#1216850
#1216868
#1216891
#1216922
#1216934
0*
#1216949
1[
#1216959
#1216968
0U
#1216983
1U
#1217006
#1217162
0Y
#1217176
1&
#1217265
#1217295
0[
#1217306
1X
#1217316
0R
#1217331
1%
#1217342
0&
#1217359
1'
#1217369
#1217378
0Q
#1217392
1Q
#1217403
#1217415
#1217437
#1217461
#1217542
0'
#1217557
1P
#1217567
0X
#1217581
1X
#1217593
#1217605
1!
#1217606
0!
#1217611
#1217631
#1217793
0Q
#1217808
1)
#1217818
0U
#1217833
1*
#1217845
#1217874
#1217883
0P
#1217897
1^
#1217907
0*
#1217921
1P
#1217939
#1217958
#1218037
#1218053
0X
#1218068
1&
#1218086
#1218116
0%
#1218130
1Z
#1218141
0^
#1218154
1^
#1218166
#1218191
#1218201
#1218231
#1218240
0Z
#1218254
1V
#1218322
0&
#1218336
1Z
#1218348
#1218359
#1218389
1!
#1218390
0!
#1218395
#1218407
#1218557
#1218594
0P
#1218605
1\
#1218616
0)
#1218633
1'
#1218644
#1218656
0^
#1218670
1^
#1218688
0V
#1218703
1*
#1218791
#1218820
#1218830
0*
#1218844
1S
#1218854
0\
#1218868
1\
#1218879
#1218891
0Z
#1218906
1%
#1218922
#1218931
#1218941
#1218971
#1218987
0%
#1219001
1W
#1219011
0S
#1219026
1S
#1219044
#1219055
#1219086
#1219116
#1219176
0'
#1219191
1O
#1219201
0^
#1219216
1^
#1219227
#1219315
#1219346
#1219376
0W
#1219388
1`
#1219398
#1219408
1!
#1219409
0!
#1219414
#1219427
0(
#1219444
1&
#1219454
0O
#1219469
1O
#1219480
#1219568
#1219662
#1219692
0S
#1219704
1]
#1219714
0\
#1219729
1)
#1219740
0&
#1219757
1*
#1219767
#1219776
0`
#1219790
1`
#1219802
#1219813
#1219905
#1219929
#1219959
0^
#1219971
1_
#1219982
0]
#1219996
1]
#1220007
#1220018
#1220028
0)
#1220045
1%
#1220140
#1220171
0O
#1220182
1T
#1220192
#1220201
0_
#1220216
1_
#1220227
#1220239
0%
#1220256
1'
#1220266
#1220358
#1220383
1!
#1220384
0!
#1220388
#1220402
#1220432
0`
#1220444
1Y
#1220454
0T
#1220468
1T
#1220480
#1220492
0'
#1220509
1(
#1220519
#1220613
#1220643
0]
#1220655
1[
#1220665
#1220674
0Y
#1220688
1Y
#1220699
#1220711
0(
#1220729
1&
#1220738
#1220830
#1220855
#1220885
0_
#1220897
1R
#1220907
0[
#1220921
1[
#1220933
#1220944
#1220953
0&
#1220971
1)
#1221066
#1221096
0T
#1221108
1Q
#1221118
#1221127
0R
#1221141
1R
#1221153
#1221164
0)
#1221182
1%
#1221191
#1221283
#1221308
#1221338
0Y
#1221350
1U
#1221360
0Q
#1221375
1Q
#1221386
#1221398
0%
#1221415
1'
#1221425
#1221519
1!
#1221520
0!
#1221525
#1221539
#1221569
0[
#1221581
1X
#1221590
#1221599
0U
#1221614
1U
#1221625
#1221637
0'
#1221654
1(
#1221664
#1221756
#1221781
#1221811
0R
#1221822
1V
#1221833
0X
#1221847
1X
#1221858
#1221870
#1221879
0(
#1221896
1&
#1221992
#1222022
0Q
#1222034
1P
#1222043
#1222053
0V
#1222067
1V
#1222078
#1222090
0&
#1222107
1)
#1222117
#1222209
#1222234
#1222264
0U
#1222276
1Z
#1222286
0P
#1222300
1P
#1222312
#1222323
0)
#1222341
1%
#1222351
#1222445
1!
#1222446
0!
#1222451
#1222463
#1222543
#1222573
0X
#1222584
1W
#1222595
0V
#1222610
1'
#1222620
0Z
#1222634
1Z
#1222645
#1222657
0%
#1222674
1(
#1222684
#1222706
#1222731
#1222812
0W
#1222826
1\
#1222836
0'
#1222851
1W
#1222862
#1222887
#1223035
#1223044
0P
#1223059
1&
#1223076
0\
#1223091
1)
#1223187
#1223217
0W
#1223228
1S
#1223239
0(
#1223256
1%
#1223268
#1223279
0Z
#1223293
1Z
#1223310
#1223320
#1223349
#1223359
0%
#1223373
1^
#1223383
0S
#1223397
1S
#1223408
#1223421
1!
#1223422
0!
#1223427
#1223445
#1223456
#1223485
#1223501
0)
#1223516
1O
#1223526
0^
#1223540
1^
#1223558
#1223570
#1223601
#1223630
#1223741
0Z
#1223756
1`
#1223766
0&
#1223781
1Z
#1223799
#1223817
#1223902
#1223981
0^
#1223996
1'
#1224028
#1224059
0O
#1224070
1]
#1224082
#1224163
0'
#1224180
1(
#1224191
0Z
#1224206
1%
#1224216
0`
#1224230
1`
#1224253
#1224332
#1224341
0]
#1224356
1)
#1224374
#1224406
1!
#1224407
0!
#1224411
#1224425
#1224437
0(
#1224451
1_
#1224461
0S
#1224475
1S
#1224491
#1224502
#1224533
#1224544
#1224553
0)
#1224568
1T
#1224578
0`
#1224592
1`
#1224622
#1224638
#1224718
#1224799
0%
#1224814
1Y
#1224824
0T
#1224839
1&
#1224849
0_
#1224863
1_
#1224875
#1224893
#1224917
#1224948
#1224959
0&
#1224974
1[
#1224984
#1224993
0S
#1225008
1S
#1225031
#1225187
0Y
#1225202
1'
#1225290
#1225320
0[
#1225331
1R
#1225342
0_
#1225357
1(
#1225367
0'
#1225384
1)
#1225394
#1225404
1!
#1225405
0!
#1225410
#1225423
0`
#1225437
1`
#1225448
#1225459
#1225482
#1225506
#1225587
0R
#1225601
1Q
#1225611
0(
#1225626
1R
#1225637
#1225662
#1225810
#1225819
0S
#1225834
1%
#1225851
0Q
#1225866
1&
#1225962
#1225992
0R
#1226003
1U
#1226014
0%
#1226031
1'
#1226042
0`
#1226055
1`
#1226067
#1226078
#1226093
#1226103
#1226140
0'
#1226154
1X
#1226166
#1226177
0U
#1226191
1U
#1226215
#1226225
#1226254
#1226263
0`
#1226277
1V
#1226288
0&
#1226302
1`
#1226320
#1226346
#1226424
#1226433
0X
#1226448
1(
#1226460
1!
#1226461
0!
#1226466
#1226563
0U
#1226578
1%
#1226659
#1226690
0`
#1226700
1P
#1226711
0(
#1226728
1'
#1226739
0V
#1226752
1V
#1226764
#1226775
#1226790
#1226800
#1226837
0'
#1226851
1\
#1226863
#1226874
0P
#1226888
1P
#1226912
#1226922
#1226951
#1226961
0V
#1226974
1W
#1226985
0%
#1226999
1V
#1227017
#1227036
#1227114
#1227124
0\
#1227139
1&
#1227226
0P
#1227241
1(
#1227337
#1227367
0V
#1227378
1^
#1227388
0&
#1227406
1'
#1227418
1!
#1227419
0!
#1227423
#1227437
#1227449
0W
#1227462
1W
#1227479
#1227489
#1227519
0'
#1227533
1O
#1227544
0^
#1227557
1^
#1227569
#1227580
#1227588
#1227612
#1227642
#1227651
0O
#1227665
1Z
#1227675
0(
#1227690
1O
#1227701
#1227712
#1227749
#1227828
#1227866
0)
#1227880
1]
#1227890
0W
#1227904
1W
#1227916
#1227941
#1228021
#1228051
#1228060
0O
#1228072
1T
#1228133
0*
#1228150
1%
#1228160
0Z
#1228175
1&
#1228185
0]
#1228200
1]
#1228216
#1228226
#1228251
#1228408
#1228438
0^
#1228449
1Y
#1228466
0T
#1228481
1'
#1228493
#1228504
0&
#1228522
1(
#1228540
0W
#1228554
1W
#1228565
1!
#1228566
0!
#1228571
#1228583
#1228670
#1228700
#1228709
0Y
#1228722
1[
#1228733
0(
#1228746
1Y
#1228765
#1228791
0]
#1228806
1)
#1228816
#1228894
#1228903
0W
#1228919
1*
#1228937
#1228968
#1228980
0'
#1228994
1_
#1229004
0[
#1229018
1[
#1229034
#1229045
#1229076
#1229087
#1229096
0*
#1229111
1S
#1229121
0Y
#1229135
1Y
#1229165
#1229181
#1229261
#1229349
0S
#1229361
1Q
#1229371
0_
#1229386
1_
#1229397
#1229431
1!
#1229432
0!
#1229437
#1229449
0)
#1229467
1&
#1229476
#1229487
#1229516
#1229525
0[
#1229540
1R
#1229609
#1229635
0&
#1229650
1[
#1229736
#1229884
#1229893
0Q
#1229907
1(
#1229924
0Y
#1229939
1'
#1229957
0_
#1229972
1*
#1229983
#1230064
0R
#1230078
1X
#1230088
0'
#1230102
1R
#1230113
#1230131
#1230210
#1230226
0X
#1230241
1)
#1230260
#1230290
0)
#1230304
1U
#1230314
0[
#1230328
1[
#1230339
#1230365
#1230375
#1230404
#1230414
0U
#1230428
1`
#1230495
0*
#1230510
1U
#1230521
#1230532
#1230543
1!
#1230544
0!
#1230548
#1230560
#1230731
#1230768
0R
#1230779
1\
#1230789
0(
#1230806
1&
#1230818
#1230829
0[
#1230843
1[
#1230861
0`
#1230876
1'
#1230964
#1230994
#1231003
0'
#1231017
1P
#1231027
0\
#1231041
1\
#1231053
#1231064
0U
#1231079
1)
#1231096
#1231104
#1231115
#1231144
#1231160
0)
#1231175
1V
#1231185
0P
#1231199
1P
#1231217
#1231228
#1231260
#1231289
#1231349
0&
#1231364
1Z
#1231376
1!
#1231377
0!
#1231381
#1231394
0[
#1231409
1[
#1231420
#1231508
#1231539
#1231569
0V
#1231581
1O
#1231591
#1231600
0Z
#1231615
1Z
#1231626
#1231714
#1231808
#1231837
0P
#1231849
1T
#1231860
0\
#1231874
1*
#1231885
0O
#1231899
1O
#1231909
0%
#1231927
1(
#1231936
#1231947
#1231958
#1231967
0#
#1231985
1'
#1232071
#1232095
#1232126
0[
#1232137
1^
#1232154
0*
#1232172
1)
#1232183
#1232195
0T
#1232209
1T
#1232302
#1232312
0Z
#1232327
1&
#1232338
#1232367
#1232377
0O
#1232391
1]
#1232401
0)
#1232415
1O
#1232434
1!
#1232435
0!
#1232439
#1232504
#1232522
#1232614
#1232694
#1232725
0T
#1232736
1W
#1232746
0^
#1232761
1%
#1232772
0&
#1232789
1#
#1232799
0]
#1232813
1]
#1232825
#1232843
#1232867
#1232897
#1232906
0W
#1232920
1S
#1232989
#1233015
0#
#1233029
1W
#1233110
#1233140
0]
#1233152
1_
#1233162
0S
#1233177
1S
#1233188
#1233199
#1233215
0%
#1233233
1*
#1233242
#1233328
#1233338
#1233367
#1233377
0O
#1233388
1Q
#1233400
1!
#1233401
0!
#1233406
#1233418
0*
#1233436
1)
#1233453
0_
#1233467
1_
#1233485
#1233496
#1233526
#1233612
0S
#1233627
1&
#1233785
0Q
#1233800
1#
#1233810
0_
#1233825
1%
#1233837
#1233867
0#
#1233880
1Y
#1233891
0W
#1233904
1W
#1233916
#1233927
#1233942
#1233953
#1233990
0&
#1234003
1X
#1234014
0Y
#1234028
1Y
#1234039
#1234050
#1234072
#1234082
#1234119
0%
#1234134
1`
#1234145
#1234157
0W
#1234171
1W
#1234264
#1234274
0X
#1234289
1*
#1234300
#1234329
#1234339
0Y
#1234352
1R
#1234363
0*
#1234377
1Y
#1234389
1!
#1234390
0!
#1234394
#1234406
#1234417
#1234435
#1234459
#1234490
#1234509
0)
#1234524
1U
#1234604
0R
#1234618
1R
#1234712
0`
#1234726
1#
#1234736
0Y
#1234751
1&
#1234763
#1234792
#1234801
0W
#1234815
1V
#1234826
0&
#1234840
1W
#1234850
#1234911
#1234935
#1234958
#1235122
0R
#1235136
1%
#1235217
0U
#1235232
1*
#1235243
#1235273
0W
#1235284
1\
#1235294
0%
#1235312
1)
#1235322
0V
#1235336
1V
#1235347
#1235358
#1235376
1!
#1235377
0!
#1235381
#1235393
#1235404
#1235441
0)
#1235454
1P
#1235466
#1235478
0\
#1235491
1\
#1235515
#1235525
#1235554
#1235564
0V
#1235578
1[
#1235588
0#
#1235602
1V
#1235620
#1235646
#1235724
#1235734
0P
#1235749
1&
#1235843
0\
#1235858
1%
#1235940
#1235970
0V
#1235981
1Z
#1235991
0&
#1236009
1)
#1236020
0[
#1236033
1[
#1236044
#1236056
#1236071
#1236081
#1236118
0)
#1236132
1T
#1236143
#1236155
0Z
#1236169
1Z
#1236192
#1236203
#1236232
#1236241
0[
#1236255
1^
#1236265
0%
#1236280
1[
#1236298
#1236317
#1236395
#1236404
0T
#1236419
1#
#1236431
1!
#1236432
0!
#1236437
#1236526
0Z
#1236541
1&
#1236637
#1236667
0[
#1236678
1]
#1236689
0#
#1236706
1)
#1236717
0^
#1236730
1^
#1236741
#1236753
#1236768
#1236778
#1236815
0)
#1236829
1O
#1236840
#1236852
0]
#1236866
1]
#1236889
#1236900
#1236929
#1236938
0^
#1236952
1S
#1236963
0&
#1236977
1^
#1236995
#1237021
#1237099
#1237108
0O
#1237123
1%
#1237218
0]
#1237233
1#
#1237315
#1237345
0^
#1237356
1Q
#1237366
0%
#1237384
1)
#1237395
1!
#1237396
0!
#1237401
#1237415
#1237427
0S
#1237440
1S
#1237457
#1237467
#1237497
0)
#1237511
1_
#1237521
0Q
#1237535
1Q
#1237546
#1237558
#1237566
#1237590
#1237620
#1237629
0_
#1237643
1X
#1237653
0#
#1237667
1_
#1237679
#1237690
#1237719
#1237799
#1237836
0*
#1237850
1`
#1237860
0S
#1237875
1S
#1237886
#1237990
#1238020
0_
#1238031
1Y
#1238042
0X
#1238057
1&
#1238067
0(
#1238084
1%
#1238094
#1238103
0Q
#1238118
1Q
#1238129
#1238140
#1238149
#1238173
#1238202
#1238211
0Y
#1238226
1U
#1238236
0&
#1238251
1Y
#1238262
#1238287
#1238303
#1238383
1!
#1238384
0!
#1238389
#1238401
0`
#1238416
1)
#1238519
#1238650
0)
#1238665
1R
#1238675
0S
#1238689
1S
#1238701
#1238719
0U
#1238734
1#
#1238814
#1238830
0Y
#1238845
1*
#1238854
#1238871
#1238908
0Q
#1238922
1W
#1238933
0*
#1238947
1Q
#1238958
#1239046
#1239125
#1239134
0R
#1239148
1(
#1239166
0W
#1239181
1&
#1239277
#1239307
0Q
#1239318
1P
#1239328
0#
#1239346
1)
#1239357
#1239369
0S
#1239382
1S
#1239401
1!
#1239402
0!
#1239407
#1239420
#1239450
#1239459
0)
#1239473
1\
#1239483
0P
#1239497
1P
#1239508
#1239520
#1239528
#1239544
#1239561
#1239592
#1239604
0&
#1239618
1V
#1239628
0\
#1239643
1\
#1239666
#1239676
#1239705
#1239715
0S
#1239729
1T
#1239740
#1239759
0(
#1239774
1S
#1239791
#1239821
#1239901
#1239982
0%
#1239996
1Z
#1240014
0T
#1240028
1*
#1240090
#1240110
0V
#1240124
1V
#1240155
#1240165
#1240296
#1240305
0Z
#1240320
1[
#1240330
0*
#1240345
1Z
#1240357
#1240376
1!
#1240377
0!
#1240382
#1240401
#1240494
0\
#1240509
1#
#1240589
#1240619
#1240629
#1240641
0#
#1240656
1O
#1240666
0S
#1240681
1S
#1240698
0P
#1240713
1)
#1240729
#1240823
#1240853
#1240913
0V
#1240925
1]
#1240986
0[
#1241001
1[
#1241019
#1241045
0)
#1241063
1&
#1241079
#1241094
#1241250
0O
#1241264
1(
#1241275
0Z
#1241290
1%
#1241448
0S
#1241462
1*
#1241473
0[
#1241488
1#
#1241500
1!
#1241501
0!
#1241505
#1241519
#1241549
0&
#1241563
1^
#1241573
0]
#1241586
1]
#1241598
#1241609
#1241624
#1241635
#1241672
0(
#1241686
1X
#1241696
0^
#1241710
1^
#1241721
#1241732
#1241754
#1241765
#1241802
0%
#1241816
1_
#1241826
0]
#1241841
1]
#1241903
#1241914
#1242014
#1242044
#1242053
0X
#1242065
1`
#1242075
0^
#1242089
1^
#1242106
#1242115
0*
#1242133
1)
#1242195
#1242212
#1242376
1!
#1242377
0!
#1242382
#1242395
0_
#1242409
1&
#1242420
0`
#1242435
1(
#1242446
#1242483
0(
#1242497
1U
#1242508
#1242520
0]
#1242534
1]
#1242557
#1242567
#1242597
#1242606
0^
#1242620
1Y
#1242630
0&
#1242645
1^
#1242663
#1242688
#1242767
#1242776
0U
#1242791
1%
#1242886
0]
#1242901
1*
#1242982
#1243013
0^
#1243024
1R
#1243034
0%
#1243052
1(
#1243062
0Y
#1243075
1Y
#1243087
#1243098
#1243113
#1243124
#1243161
0(
#1243175
1W
#1243186
#1243198
0R
#1243211
1R
#1243235
#1243245
#1243274
#1243284
0Y
#1243298
1Q
#1243308
0*
#1243322
1Y
#1243340
#1243359
#1243437
#1243447
0W
#1243462
1&
#1243473
1!
#1243474
0!
#1243479
#1243568
0R
#1243584
1%
#1243680
#1243710
0Y
#1243721
1T
#1243731
0&
#1243749
1(
#1243759
0Q
#1243772
1Q
#1243784
#1243795
#1243811
#1243821
#1243858
0(
#1243872
1\
#1243883
#1243895
0T
#1243909
1T
#1243932
#1243942
#1243972
#1243981
0Q
#1243995
1P
#1244005
0%
#1244019
1Q
#1244038
#1244063
#1244141
#1244151
0\
#1244166
1*
#1244260
0T
#1244276
1&
#1244357
#1244388
1!
#1244389
0!
#1244394
#1244407
0*
#1244420
1V
#1244431
0P
#1244444
1P
#1244454
0Q
#1244469
1(
#1244479
#1244489
#1244501
#1244525
#1244556
#1244567
0V
#1244581
1O
#1244591
0&
#1244605
1V
#1244700
#1244730
#1244739
0O
#1244750
1Z
#1244761
0(
#1244778
1%
#1244788
#1244798
#1244810
0P
#1244824
1P
#1244856
#1244886
#1244946
0Z
#1244960
1S
#1244969
#1244979
0%
#1244993
1Z
#1245005
#1245107
#1245192
#1245202
#1245232
0S
#1245244
1[
#1245254
0P
#1245269
1*
#1245279
0)
#1245297
1&
#1245314
0V
#1245328
1V
#1245339
#1245365
#1245375
#1245404
#1245414
0[
#1245428
1X
#1245438
0*
#1245452
1[
#1245464
1!
#1245465
0!
#1245470
#1245490
#1245585
#1245595
0Z
#1245610
1(
#1245689
#1245698
0V
#1245714
1%
#1245732
#1245763
#1245775
0%
#1245789
1`
#1245799
0X
#1245813
1X
#1245829
#1245840
#1245871
#1245882
#1245891
0(
#1245906
1_
#1245916
0[
#1245930
1[
#1245960
#1245976
#1246056
#1246144
0_
#1246156
1U
#1246166
0`
#1246181
1`
#1246192
#1246224
#1246234
#1246314
0&
#1246329
1]
#1246390
#1246399
0#
#1246416
1)
#1246433
0X
#1246448
1X
#1246459
#1246492
#1246502
#1246531
#1246541
0[
#1246555
1^
#1246567
1!
#1246568
0!
#1246573
#1246637
#1246677
0)
#1246692
1[
#1246703
#1246785
#1246797
0U
#1246812
1W
#1246968
0^
#1246980
1U
#1246990
0'
#1247007
1*
#1247017
#1247095
#1247111
0X
#1247125
1%
#1247135
#1247144
#1247154
#1247185
#1247210
0]
#1247225
1R
#1247235
0%
#1247250
1]
#1247281
0`
#1247296
1(
#1247375
#1247393
1!
#1247394
0!
#1247399
#1247411
0R
#1247426
1&
#1247436
#1247516
#1247546
0U
#1247558
1Y
#1247619
0(
#1247636
1#
#1247653
0W
#1247668
1W
#1247679
#1247690
#1247860
#1247869
0[
#1247884
1)
#1247901
0]
#1247916
1'
#1247927
#1247958
#1247970
0Y
#1247984
1\
#1247994
0'
#1248008
1Y
#1248103
#1248132
#1248142
0\
#1248153
1T
#1248163
0#
#1248181
1%
#1248190
#1248201
#1248213
0W
#1248226
1W
#1248259
#1248289
#1248349
0T
#1248362
1Q
#1248372
#1248381
0%
#1248396
1T
#1248407
1!
#1248408
0!
#1248413
#1248433
#1248529
#1248614
#1248624
#1248654
0Q
#1248666
1O
#1248676
0W
#1248691
1(
#1248708
0Y
#1248722
1Y
#1248733
#1248745
0&
#1248763
1'
#1248787
#1248797
#1248826
#1248836
0O
#1248850
1S
#1248860
0(
#1248874
1O
#1248892
#1248988
#1248997
0T
#1249012
1#
#1249092
#1249101
0Y
#1249116
1%
#1249134
#1249165
#1249177
0%
#1249191
1P
#1249202
0S
#1249215
1S
#1249232
#1249242
#1249273
#1249284
#1249294
0#
#1249308
1Z
#1249318
0O
#1249333
1O
#1249363
#1249379
#1249389
1!
#1249390
0!
#1249395
#1249485
#1249566
0'
#1249581
1V
#1249591
0Z
#1249606
1&
#1249616
0P
#1249630
1P
#1249642
#1249667
#1249677
#1249707
#1249716
0S
#1249730
1_
#1249742
#1249851
0&
#1249866
1S
#1249946
0O
#1249960
1(
#1249970
0P
#1249985
1%
#1250067
#1250096
#1250106
0_
#1250117
1`
#1250127
#1250136
0%
#1250153
1#
#1250165
#1250177
0V
#1250190
1V
#1250223
#1250253
#1250313
0#
#1250327
1^
#1250337
0`
#1250351
1`
#1250363
#1250374
#1250383
#1250407
1!
#1250408
0!
#1250412
#1250502
#1250532
#1250542
#1250554
0(
#1250568
1X
#1250579
0S
#1250593
1'
#1250604
0^
#1250618
1^
#1250641
#1250652
#1250681
#1250690
0V
#1250705
1R
#1250716
#1250763
0'
#1250778
1V
#1250929
#1250958
#1250967
0)
#1250982
1U
#1250992
0R
#1251006
1&
#1251017
0^
#1251031
1%
#1251094
#1251105
0X
#1251120
1X
#1251136
#1251152
#1251162
#1251191
#1251259
#1251271
0%
#1251286
1]
#1251296
0U
#1251311
1U
#1251334
#1251344
#1251375
#1251388
1!
#1251389
0!
#1251394
#1251406
#1251415
0V
#1251430
1[
#1251447
0&
#1251462
1V
#1251486
#1251503
#1251540
#1251600
#1251688
0`
#1251703
1\
#1251713
0*
#1251729
1`
#1251739
0]
#1251754
1#
#1251779
#1251912
#1251924
0#
#1251939
1Q
#1251956
#1252041
0U
#1252056
1U
#1252080
#1252235
0V
#1252248
1(
#1252259
0X
#1252273
1'
#1252290
#1252368
#1252378
0`
#1252392
1)
#1252410
1!
#1252411
0!
#1252416
#1252437
#1252468
#1252550
0'
#1252564
1W
#1252574
0[
#1252588
1[
#1252605
0U
#1252620
1%
#1252637
0\
#1252652
1&
#1252661
#1252672
#1252752
#1252761
0&
#1252776
1T
#1252786
0Q
#1252800
1Q
#1252811
#1252829
#1252853
#1252884
#1252896
#1252905
0T
#1252919
1Y
#1252929
0(
#1252944
1T
#1252968
#1252984
#1253139
0W
#1253154
1*
#1253164
0Q
#1253179
1#
#1253190
#1253271
0#
#1253285
1Z
#1253303
0[
#1253317
1[
#1253328
#1253347
#1253371
#1253502
#1253511
0Z
#1253526
1O
#1253536
0*
#1253551
1Z
#1253562
1!
#1253563
0!
#1253568
#1253580
#1253597
#1253629
#1253729
0Y
#1253744
1'
#1253894
0Z
#1253909
1&
#1253919
0[
#1253934
1(
#1253945
#1254026
0'
#1254040
1P
#1254051
0O
#1254064
1O
#1254076
#1254087
#1254111
#1254140
#1254150
0P
#1254163
1_
#1254232
#1254259
0(
#1254273
1P
#1254354
#1254384
0O
#1254396
1S
#1254406
0_
#1254420
1_
#1254432
#1254443
#1254453
1!
#1254454
0!
#1254459
#1254479
0&
#1254496
1#
#1254506
#1254591
#1254601
#1254631
#1254640
0T
#1254652
1^
#1254662
0S
#1254676
1S
#1254693
0#
#1254711
1*
#1254727
#1254737
#1254749
#1254850
0_
#1254865
1'
#1255030
#1255060
0S
#1255071
1R
#1255081
0P
#1255094
1P
#1255106
#1255117
0'
#1255135
1(
#1255145
0^
#1255160
1&
#1255177
#1255187
#1255216
#1255225
0R
#1255239
1]
#1255249
0(
#1255263
1R
#1255281
#1255307
#1255385
#1255395
0P
#1255410
1#
#1255428
1!
#1255429
0!
#1255434
#1255455
#1255536
0#
#1255550
1\
#1255560
0]
#1255574
1]
#1255586
#1255597
#1255691
#1255720
#1255729
0\
#1255743
1V
#1255753
0*
#1255767
1\
#1255785
#1255804
#1255883
0R
#1255898
1'
#1255915
0]
#1255930
1(
#1255940
#1255950
#1255980
0'
#1255994
1X
#1256004
0V
#1256018
1V
#1256030
#1256048
#1256072
#1256102
#1256111
0X
#1256125
1`
#1256193
0(
#1256207
1X
#1256218
#1256229
#1256258
#1256408
#1256445
0\
#1256457
1U
#1256467
0&
#1256484
1#
#1256495
#1256507
0V
#1256521
1V
#1256539
0`
#1256554
1*
#1256565
1!
#1256566
0!
#1256571
#1256662
#1256691
#1256700
0*
#1256714
1W
#1256725
0U
#1256738
1U
#1256750
#1256762
0X
#1256777
1'
#1256793
#1256802
#1256812
#1256841
#1256857
0'
#1256872
1Q
#1256882
0W
#1256896
1W
#1256914
#1256926
#1256957
#1256986
#1257097
0V
#1257112
1Y
#1257122
0#
#1257137
1V
#1257155
#1257174
#1257189
#1257344
0W
#1257359
1(
#1257453
0U
#1257468
1&
#1257486
1!
#1257487
0!
#1257492
#1257576
#1257606
0Q
#1257617
1Z
#1257627
0Y
#1257641
1Y
#1257652
#1257664
0(
#1257681
1*
#1257691
#1257707
0V
#1257722
1'
#1257733
#1257763
#1257772
0Z
#1257785
1[
#1257796
0*
#1257809
1Z
#1257828
#1257853
#1257932
#1257941
0Y
#1257956
1#
#1257974
#1258006
#1258018
0#
#1258031
1O
#1258042
0[
#1258056
1[
#1258072
#1258082
#1258114
#1258125
#1258134
0&
#1258148
1T
#1258159
0Z
#1258173
1Z
#1258203
#1258219
#1258299
#1258388
1!
#1258389
0!
#1258394
#1258406
0'
#1258421
1_
#1258431
0T
#1258446
1(
#1258456
0O
#1258470
1O
#1258482
#1258514
#1258524
#1258554
#1258563
0[
#1258577
1S
#1258646
#1258742
0(
#1258756
1[
#1258837
#1258867
0O
#1258879
1^
#1258890
0S
#1258904
1S
#1258914
0_
#1258929
1*
#1258939
#1258949
#1258968
0%
#1258985
1#
#1258995
#1259073
#1259089
#1259098
0^
#1259113
1&
#1259145
#1259176
#1259188
0Z
#1259202
1P
#1259212
0&
#1259227
1Z
#1259314
0[
#1259329
1'
#1259340
#1259371
#1259384
1!
#1259385
0!
#1259390
#1259403
0'
#1259417
1R
#1259427
#1259436
0S
#1259450
1S
#1259467
#1259475
#1259491
#1259592
0Z
#1259607
1(
#1259688
#1259719
#1259731
0(
#1259745
1]
#1259755
0S
#1259770
1%
#1259781
0P
#1259794
1P
#1259811
#1259821
#1259852
#1259864
#1259873
0%
#1259887
1`
#1259898
0R
#1259912
1R
#1259935
#1259951
#1259961
#1259993
#1260004
0*
#1260019
1\
#1260030
0]
#1260044
1]
#1260068
#1260084
#1260169
0P
#1260184
1&
#1260203
#1260234
#1260316
0`
#1260330
1X
#1260340
0&
#1260354
1`
#1260447
#1260457
#1260488
0R
#1260499
1W
#1260510
0]
#1260525
1'
#1260535
0#
#1260552
1(
#1260562
#1260572
1!
#1260573
0!
#1260578
#1260591
0\
#1260605
1\
#1260616
#1260628
#1260720
#1260744
#1260774
0X
#1260786
1Q
#1260796
0W
#1260811
1W
#1260822
#1260833
#1260842
0'
#1260860
1%
#1260955
#1260985
0`
#1260997
1U
#1261007
#1261016
0Q
#1261030
1Q
#1261042
#1261053
0%
#1261071
1*
#1261081
#1261173
#1261197
#1261227
0\
#1261239
1V
#1261249
0U
#1261264
1U
#1261275
#1261287
0*
#1261304
1&
#1261314
#1261409
1!
#1261410
0!
#1261414
#1261428
#1261458
0W
#1261470
1Y
#1261479
#1261489
0V
#1261503
1V
#1261514
#1261526
0&
#1261543
1#
#1261553
#1261645
#1261670
#1261700
0Q
#1261712
1T
#1261722
0Y
#1261736
1Y
#1261748
#1261759
#1261768
0#
#1261786
1'
#1261881
#1261911
0U
#1261923
1_
#1261932
#1261942
0T
#1261956
1T
#1261967
#1261979
0'
#1261997
1%
#1262006
#1262098
#1262123
#1262153
0V
#1262165
1O
#1262175
0_
#1262189
1_
#1262201
#1262212
0%
#1262230
1*
#1262240
#1262334
#1262364
0Y
#1262376
1^
#1262385
#1262395
0O
#1262409
1O
#1262420
#1262432
0*
#1262450
1&
#1262459
#1262551
#1262576
#1262606
0T
#1262618
1[
#1262628
0^
#1262642
1^
#1262654
#1262667
1!
#1262668
0!
#1262672
#1262692
#1262701
0&
#1262719
1#
#1262875
#1262884
0_
#1262899
1'
#1262917
#1262948
#1262960
0[
#1262973
1Z
#1262983
0'
#1262997
1[
#1263014
0O
#1263029
1%
#1263046
#1263125
#1263135
#1263165
0Z
#1263176
1S
#1263187
0#
#1263204
1*
#1263216
#1263227
0^
#1263241
1^
#1263258
#1263274
#1263361
#1263391
0[
#1263402
1P
#1263419
0*
#1263437
1&
#1263448
#1263460
0S
#1263474
1S
#1263492
1!
#1263493
0!
#1263498
#1263510
#1263597
#1263626
#1263636
0P
#1263647
1]
#1263657
0^
#1263671
1^
#1263688
#1263697
0&
#1263715
1'
#1263724
#1263734
#1263768
#1263799
#1263811
0'
#1263825
1R
#1263835
0S
#1263849
1S
#1263936
0]
#1263951
1#
#1264031
#1264047
0R
#1264062
1*
#1264072
#1264082
#1264119
0#
#1264133
1X
#1264143
0^
#1264157
1^
#1264168
#1264180
#1264202
#1264212
#1264249
0*
#1264263
1`
#1264274
0S
#1264288
1S
#1264350
#1264361
#1264462
#1264491
#1264500
0X
#1264512
1\
#1264524
1!
#1264525
0!
#1264529
#1264542
0%
#1264559
1&
#1264570
0^
#1264584
1^
#1264601
#1264662
#1264680
#1264842
0\
#1264857
1'
#1264867
0`
#1264882
1#
#1264894
#1264931
0'
#1264944
1W
#1264956
#1264968
0S
#1264981
1S
#1265005
#1265015
#1265044
#1265054
0^
#1265068
1Q
#1265078
0#
#1265092
1^
#1265110
#1265136
#1265214
#1265223
0W
#1265238
1*
#1265333
0S
#1265348
1%
#1265430
1!
#1265431
0!
#1265436
#1265448
0^
#1265464
1'
#1265475
#1265505
0*
#1265519
1U
#1265529
0Q
#1265543
1Q
#1265554
#1265565
#1265581
#1265591
#1265628
0%
#1265642
1V
#1265652
0U
#1265666
1U
#1265677
#1265688
#1265711
#1265721
#1265758
0'
#1265772
1Y
#1265783
#1265795
0Q
#1265810
1Q
#1265903
#1265912
0V
#1265927
1#
#1265938
#1265968
#1265977
0U
#1265991
1T
#1266001
0#
#1266015
1U
#1266034
#1266052
#1266138
#1266148
#1266178
0Q
#1266190
1O
#1266251
0&
#1266268
1*
#1266285
0T
#1266300
1T
#1266311
#1266336
#1266347
#1266376
#1266386
1!
#1266387
0!
#1266392
#1266405
0*
#1266420
1_
#1266430
0O
#1266445
1O
#1266461
#1266471
#1266637
0U
#1266651
1%
#1266662
0_
#1266677
1'
#1266686
#1266774
#1266811
0%
#1266824
1Z
#1266836
#1266848
0Y
#1266861
1Y
#1266878
0T
#1266893
1#
#1266910
#1266920
#1266950
#1266959
0O
#1266973
1[
#1266983
0#
#1266998
1O
#1267016
#1267034
#1267120
#1267130
#1267160
0Y
#1267172
1P
#1267240
0[
#1267254
1[
#1267265
#1267291
#1267301
#1267331
#1267343
0'
#1267358
1]
#1267438
0(
#1267455
1&
#1267465
0O
#1267480
1*
#1267491
1!
#1267492
0!
#1267497
#1267516
0P
#1267531
1P
#1267617
#1267627
#1267658
0]
#1267669
1R
#1267679
#1267688
0Z
#1267702
1Z
#1267714
#1267725
#1267734
0*
#1267752
1%
#1267775
#1267800
#1267880
#1267889
0%
#1267904
1X
#1267914
0R
#1267929
1R
#1267940
#1267951
#1267967
#1268129
0[
#1268143
1#
#1268154
0X
#1268169
1'
#1268264
#1268301
0'
#1268315
1\
#1268326
#1268338
0P
#1268353
1(
#1268364
0Z
#1268377
1Z
#1268396
1!
#1268397
0!
#1268401
#1268413
#1268500
#1268530
#1268539
0\
#1268550
1`
#1268561
0R
#1268575
1R
#1268591
#1268600
0(
#1268618
1*
#1268628
#1268638
#1268671
#1268702
#1268714
0*
#1268728
1W
#1268739
0Z
#1268753
1Z
#1268840
0`
#1268855
1%
#1268934
#1268951
0W
#1268966
1'
#1268975
#1268986
#1269023
0%
#1269036
1S
#1269047
0R
#1269061
1R
#1269072
#1269083
#1269105
#1269115
#1269153
0'
#1269167
1^
#1269177
0Z
#1269191
1Z
#1269254
#1269265
#1269365
#1269395
#1269404
0S
#1269416
1V
#1269427
1!
#1269428
0!
#1269433
#1269445
0R
#1269460
1R
#1269476
#1269485
0#
#1269503
1(
#1269565
#1269583
#1269746
0V
#1269760
1*
#1269770
0^
#1269786
1%
#1269797
#1269834
0*
#1269848
1Q
#1269859
#1269871
0Z
#1269885
1Z
#1269908
#1269918
#1269948
#1269957
0R
#1269971
1U
#1269981
0%
#1269996
1R
#1270014
#1270039
#1270118
#1270127
0Q
#1270142
1'
#1270237
0Z
#1270252
1#
#1270333
#1270364
0R
#1270374
1_
#1270386
1!
#1270387
0!
#1270392
#1270404
0U
#1270418
1U
#1270429
#1270440
#1270449
0'
#1270467
1*
#1270477
#1270501
#1270532
#1270544
0_
#1270557
1T
#1270567
0*
#1270581
1_
#1270605
#1270615
#1270696
0#
#1270710
1Y
#1270721
0U
#1270735
1U
#1270746
#1270757
#1270766
#1270790
#1270819
#1270829
0T
#1270843
1O
#1270854
#1270881
0(
#1270895
1T
#1270912
#1270935
#1271014
#1271095
0&
#1271110
1]
#1271171
0O
#1271186
1%
#1271203
0Y
#1271218
1Y
#1271229
#1271248
#1271279
#1271410
#1271419
0_
#1271434
1[
#1271445
1!
#1271446
0!
#1271451
#1271465
#1271476
0%
#1271492
1_
#1271522
#1271817
0U
#1271831
1'
#1271841
0Y
#1271855
1*
#1271865
0[
#1271880
1#
#1271890
0]
#1271905
1(
#1271922
#1271932
#1271969
0#
#1271983
1X
#1271993
0T
#1272007
1T
#1272018
#1272030
#1272052
#1272062
#1272099
0*
#1272113
1P
#1272125
#1272136
0_
#1272151
1_
#1272244
#1272253
0X
#1272268
1&
#1272279
#1272309
#1272318
0T
#1272332
1\
#1272342
0&
#1272357
1T
#1272375
#1272393
#1272404
1!
#1272405
0!
#1272410
#1272428
#1272515
#1272545
0_
#1272557
1`
#1272619
#1272631
0'
#1272648
1%
#1272659
0\
#1272673
1\
#1272703
#1272852
#1272861
0P
#1272875
1#
#1272893
0`
#1272908
1*
#1272919
#1272950
#1272962
0#
#1272976
1W
#1272986
0T
#1273000
1T
#1273017
#1273027
#1273058
#1273069
#1273078
0*
#1273093
1S
#1273103
0\
#1273117
1\
#1273147
#1273164
#1273244
#1273325
0%
#1273339
1V
#1273349
0S
#1273364
1&
#1273374
0W
#1273389
1W
#1273400
#1273418
#1273435
1!
#1273436
0!
#1273441
#1273461
#1273492
#1273504
0&
#1273519
1^
#1273529
#1273538
0T
#1273553
1T
#1273576
#1273732
0V
#1273746
1'
#1273834
#1273865
0^
#1273876
1Q
#1273886
0W
#1273901
1#
#1273912
0'
#1273929
1*
#1273939
#1273948
0\
#1273962
1\
#1273973
#1273984
#1274007
#1274031
#1274112
0Q
#1274126
1Z
#1274136
0#
#1274151
1Q
#1274162
#1274187
#1274335
#1274345
0T
#1274359
1%
#1274376
0Z
#1274391
1&
#1274403
1!
#1274404
0!
#1274409
#1274507
#1274537
0Q
#1274548
1R
#1274558
0%
#1274576
1'
#1274586
0\
#1274600
1\
#1274611
#1274622
#1274638
#1274648
#1274685
0'
#1274699
1O
#1274710
#1274722
0R
#1274736
1R
#1274759
#1274769
#1274799
#1274808
0\
#1274822
1U
#1274832
0&
#1274847
1\
#1274865
#1274890
#1274969
#1274978
0O
#1274993
1#
#1275088
0R
#1275103
1%
#1275185
#1275215
0\
#1275226
1Y
#1275236
0#
#1275254
1'
#1275264
0U
#1275277
1U
#1275289
#1275300
#1275316
#1275326
#1275363
0'
#1275377
1[
#1275388
#1275400
0Y
#1275414
1Y
#1275432
1!
#1275433
0!
#1275438
#1275456
#1275467
#1275496
#1275505
0U
#1275519
1]
#1275529
0%
#1275544
1U
#1275562
#1275581
#1275659
#1275668
0[
#1275683
1&
#1275771
0Y
#1275786
1#
#1275882
#1275912
0U
#1275923
1X
#1275933
0&
#1275951
1'
#1275961
0]
#1275975
1]
#1275986
#1275997
#1276013
#1276023
#1276060
0'
#1276074
1_
#1276085
#1276097
0X
#1276111
1X
#1276134
#1276144
#1276174
#1276183
0]
#1276197
1`
#1276207
0#
#1276221
1]
#1276240
#1276265
#1276343
#1276353
0_
#1276368
1%
#1276463
0X
#1276478
1&
#1276559
1!
#1276560
0!
#1276565
#1276579
#1276609
0]
#1276620
1P
#1276630
0%
#1276648
1'
#1276658
0`
#1276672
1`
#1276683
#1276694
#1276710
#1276720
#1276757
0'
#1276771
1S
#1276782
#1276794
0P
#1276808
1P
#1276831
#1276841
#1276871
#1276880
0`
#1276894
1V
#1276904
0&
#1276919
1`
#1276937
#1276955
#1277034
#1277043
0S
#1277058
1#
#1277145
0P
#1277160
1%
#1277256
#1277287
0`
#1277297
1^
#1277308
0#
#1277325
1'
#1277336
0V
#1277349
1V
#1277361
#1277372
#1277387
#1277397
#1277429
1!
#1277430
0!
#1277435
#1277454
0'
#1277468
1W
#1277479
#1277491
0^
#1277505
1^
#1277528
#1277538
#1277568
#1277577
0V
#1277591
1T
#1277601
0%
#1277616
1V
#1277634
#1277659
#1277738
#1277747
0W
#1277762
1&
#1277857
0^
#1277872
1#
#1277953
#1277984
0V
#1277994
1Z
#1278005
0&
#1278023
1'
#1278033
0T
#1278046
1T
#1278058
#1278069
#1278084
#1278095
#1278132
0'
#1278145
1Q
#1278157
#1278169
0Z
#1278182
1Z
#1278206
#1278216
#1278245
#1278255
0T
#1278269
1O
#1278279
0#
#1278293
1T
#1278311
#1278330
#1278410
1!
#1278411
0!
#1278416
#1278435
#1278444
0Q
#1278459
1%
#1278546
0Z
#1278561
1&
#1278580
#1278661
0%
#1278675
1R
#1278685
0O
#1278699
1O
#1278711
#1278722
#1278816
#1278845
#1278854
0R
#1278868
1\
#1278878
0&
#1278892
1R
#1278910
#1278929
#1278938
0T
#1278953
1'
#1278970
#1279056
0O
#1279071
1#
#1279090
#1279171
0'
#1279185
1[
#1279195
0\
#1279209
1\
#1279220
#1279231
#1279325
#1279355
#1279364
0[
#1279377
1Y
#1279389
1!
#1279390
0!
#1279395
#1279407
0R
#1279419
1[
#1279429
0#
#1279446
1%
#1279458
#1279492
#1279521
#1279581
0Y
#1279595
1U
#1279606
0%
#1279620
1Y
#1279630
#1279640
#1279658
#1279743
#1279852
#1279882
0\
#1279894
1_
#1279904
0[
#1279919
1&
#1279929
0U
#1279943
1U
#1279954
#1279966
0*
#1279984
1'
#1279994
#1280079
#1280088
0Y
#1280103
1#
#1280121
#1280153
#1280164
0_
#1280178
1X
#1280188
0&
#1280202
1_
#1280225
#1280304
#1280314
#1280344
0X
#1280356
1]
#1280366
0#
#1280384
1%
#1280401
0U
#1280415
1U
#1280426
#1280437
#1280448
1!
#1280449
0!
#1280453
#1280473
#1280560
#1280590
0_
#1280601
1S
#1280618
0%
#1280636
1*
#1280647
#1280659
0]
#1280673
1]
#1280696
#1280707
#1280736
#1280745
0U
#1280759
1P
#1280770
0*
#1280784
1U
#1280802
#1280821
#1280899
#1280908
0S
#1280923
1&
#1281011
0]
#1281026
1#
#1281122
#1281152
0U
#1281163
1`
#1281173
0#
#1281191
1%
#1281202
#1281214
0P
#1281227
1P
#1281244
#1281254
#1281284
#1281293
0%
#1281307
1W
#1281317
0`
#1281331
1`
#1281342
#1281367
#1281378
#1281409
1!
#1281410
0!
#1281415
#1281427
0&
#1281442
1^
#1281453
#1281464
#1281473
0W
#1281487
1W
#1281511
#1281521
#1281550
#1281560
0P
#1281574
1V
#1281584
0'
#1281599
1P
#1281617
#1281636
#1281659
#1281751
0W
#1281766
1*
#1281855
#1281885
0`
#1281897
1Q
#1281958
0*
#1281975
1#
#1281986
0V
#1282000
1V
#1282060
#1282071
#1282095
#1282252
#1282282
0^
#1282294
1Z
#1282311
0Q
#1282326
1%
#1282337
#1282349
0#
#1282366
1&
#1282385
1!
#1282386
0!
#1282391
#1282404
0P
#1282418
1P
#1282434
#1282444
#1282525
0&
#1282540
1T
#1282549
#1282559
0Z
#1282573
1Z
#1282584
#1282595
#1282624
#1282719
#1282749
0T
#1282761
1O
#1282771
0V
#1282785
1V
#1282797
#1282808
0%
#1282826
1'
#1282836
#1282930
#1282960
0P
#1282972
1R
#1282981
#1282991
0O
#1283005
1O
#1283016
#1283028
0'
#1283046
1*
#1283055
#1283147
#1283172
#1283202
0Z
#1283214
1\
#1283224
0R
#1283238
1R
#1283250
#1283261
#1283270
0*
#1283288
1#
#1283383
#1283413
0V
#1283425
1[
#1283436
1!
#1283437
0!
#1283442
#1283455
0#
#1283472
1&
#1283482
#1283491
0\
#1283505
1\
#1283517
#1283528
#1283620
#1283644
#1283674
0O
#1283686
1Y
#1283697
0[
#1283711
1[
#1283722
#1283734
0&
#1283751
1%
#1283761
#1283855
#1283886
0R
#1283897
1X
#1283907
#1283916
0Y
#1283931
1Y
#1283942
#1283954
0%
#1283971
1'
#1283981
#1284073
#1284097
#1284128
0\
#1284139
1_
#1284150
0X
#1284164
1X
#1284175
#1284187
#1284196
0'
#1284213
1*
#1284309
#1284339
0[
#1284350
1S
#1284360
#1284369
0_
#1284384
1_
#1284395
#1284408
1!
#1284409
0!
#1284414
#1284433
0*
#1284451
1#
#1284460
#1284555
#1284585
0Y
#1284596
1]
#1284606
#1284615
0S
#1284630
1S
#1284641
#1284653
0#
#1284670
1&
#1284680
#1284772
#1284796
#1284827
0X
#1284838
1U
#1284849
0]
#1284863
1]
#1284874
#1284886
0&
#1284904
1%
#1284913
#1285008
#1285038
0_
#1285050
1W
#1285059
#1285068
0U
#1285083
1U
#1285094
#1285105
#1285115
0%
#1285132
1'
#1285225
#1285250
#1285280
0S
#1285291
1`
#1285302
0W
#1285316
1W
#1285327
#1285339
0'
#1285357
1*
#1285366
#1285453
1!
#1285454
0!
#1285459
#1285480
#1285510
0]
#1285522
1Q
#1285532
#1285541
0`
#1285555
1`
#1285567
#1285578
0*
#1285596
1#
#1285606
#1285698
#1285722
#1285752
0U
#1285764
1^
#1285774
0Q
#1285789
1Q
#1285800
#1285812
0#
#1285829
1&
#1285839
#1285933
#1285963
0W
#1285975
1T
#1285985
#1285994
0^
#1286008
1^
#1286020
#1286031
#1286040
0&
#1286058
1%
#1286151
#1286175
#1286205
0`
#1286217
1P
#1286227
0T
#1286242
1T
#1286253
#1286265
0%
#1286282
1'
#1286292
#1286386
#1286416
0Q
#1286428
1Z
#1286438
#1286447
0P
#1286461
1P
#1286473
#1286485
0'
#1286502
1*
#1286512
#1286529
1!
#1286530
0!
#1286535
#1286623
#1286648
#1286678
0^
#1286690
1V
#1286700
0Z
#1286714
1Z
#1286726
#1286737
0*
#1286755
1#
#1286765
#1286859
#1286889
0T
#1286901
1O
#1286910
#1286920
0V
#1286934
1V
#1286945
#1286957
#1286966
0#
#1286983
1&
#1287076
#1287101
#1287131
0P
#1287143
1R
#1287153
0O
#1287167
1O
#1287179
#1287191
0&
#1287208
1%
#1287218
#1287312
#1287342
0Z
#1287354
1\
#1287364
#1287373
0R
#1287387
1R
#1287398
#1287410
0%
#1287428
1'
#1287439
1!
#1287440
0!
#1287445
#1287457
#1287549
#1287573
#1287604
0V
#1287615
1[
#1287626
0\
#1287640
1\
#1287651
#1287663
0'
#1287681
1*
#1287690
#1287785
#1287815
0O
#1287826
1Y
#1287836
#1287845
0[
#1287860
1[
#1287871
#1287882
#1287891
0*
#1287909
1#
#1288002
#1288026
#1288057
0R
#1288068
1X
#1288079
0Y
#1288093
1Y
#1288104
#1288116
0#
#1288134
1&
#1288143
#1288238
#1288268
0\
#1288280
1_
#1288289
#1288298
0X
#1288313
1X
#1288324
#1288336
0&
#1288353
1%
#1288363
#1288455
#1288480
#1288511
1!
#1288512
0!
#1288517
#1288529
0%
#1288544
1S
#1288554
0_
#1288568
1_
#1288579
#1288591
0[
#1288606
1'
#1288623
#1288633
#1288662
#1288672
0S
#1288686
1]
#1288754
0'
#1288769
1S
#1288780
#1288791
#1288807
#1288977
#1289014
0(
#1289028
1U
#1289040
#1289051
0]
#1289066
1*
#1289083
0Y
#1289098
1#
#1289178
0_
#1289192
1_
#1289209
0X
#1289224
1&
#1289233
#1289244
#1289273
#1289282
0S
#1289296
1W
#1289307
0&
#1289321
1S
#1289339
#1289365
#1289443
#1289453
1!
#1289454
0!
#1289459
#1289472
0U
#1289487
1%
#1289582
0_
#1289597
1'
#1289678
#1289708
0S
#1289719
1`
#1289730
0'
#1289747
1(
#1289758
0W
#1289771
1W
#1289783
#1289794
#1289809
#1289819
#1289856
0(
#1289870
1Q
#1289882
#1289893
0`
#1289907
1`
#1289931
#1289941
#1289970
#1289979
0W
#1289993
1^
#1290004
0#
#1290018
1W
#1290036
#1290062
#1290140
#1290149
0Q
#1290164
1&
#1290259
0`
#1290274
1'
#1290356
#1290386
0W
#1290397
1T
#1290407
0&
#1290425
1(
#1290436
1!
#1290437
0!
#1290442
#1290456
#1290468
0^
#1290481
1^
#1290498
#1290508
#1290538
0(
#1290552
1P
#1290562
0T
#1290576
1T
#1290588
#1290599
#1290607
#1290631
#1290661
#1290670
0P
#1290684
1Z
#1290694
0'
#1290709
1P
#1290720
#1290731
#1290760
#1290840
#1290877
0*
#1290891
1V
#1290902
#1290914
0Z
#1290929
1#
#1290940
0^
#1290954
1^
#1290978
#1291065
#1291094
#1291154
0#
#1291168
1O
#1291179
0P
#1291193
1P
#1291204
#1291216
0V
#1291231
1&
#1291254
#1291264
#1291294
#1291303
0O
#1291318
1R
#1291343
#1291376
0&
#1291391
1O
#1291472
1!
#1291473
0!
#1291478
#1291559
#1291569
0T
#1291583
1(
#1291594
0P
#1291609
1'
#1291620
#1291700
#1291709
0'
#1291724
1\
#1291734
0R
#1291748
1R
#1291760
#1291778
#1291801
#1291833
#1291844
0(
#1291859
1[
#1291869
#1291878
0^
#1291893
1^
#1291916
#1292009
0[
#1292024
1*
#1292105
#1292186
0*
#1292200
1]
#1292210
#1292219
0O
#1292234
1O
#1292245
#1292257
0R
#1292272
1#
#1292288
#1292389
#1292419
0\
#1292431
1Y
#1292443
1!
#1292444
0!
#1292448
#1292460
#1292470
0]
#1292484
1]
#1292495
#1292507
0#
#1292524
1&
#1292534
#1292626
#1292651
#1292681
0^
#1292693
1X
#1292703
0Y
#1292717
1Y
#1292729
#1292740
#1292749
0&
#1292766
1'
#1292862
#1292892
0O
#1292904
1U
#1292913
#1292923
0X
#1292937
1X
#1292948
#1292960
0'
#1292977
1(
#1292987
#1293079
#1293104
#1293134
0]
#1293146
1_
#1293156
0U
#1293170
1U
#1293182
#1293193
0(
#1293211
1*
#1293221
#1293315
#1293345
0Y
#1293357
1S
#1293366
#1293376
0_
#1293390
1_
#1293401
#1293413
0*
#1293431
1#
#1293442
1!
#1293443
0!
#1293448
#1293536
#1293561
#1293591
0X
#1293603
1Q
#1293612
#1293622
0S
#1293636
1S
#1293647
#1293658
#1293668
0#
#1293685
1&
#1293778
#1293803
#1293833
0U
#1293845
1`
#1293855
0Q
#1293869
1Q
#1293881
#1293892
0&
#1293910
1'
#1293920
#1294014
#1294044
0_
#1294056
1W
#1294065
#1294075
0`
#1294089
1`
#1294100
#1294112
0'
#1294130
1(
#1294139
#1294231
#1294256
#1294286
0S
#1294298
1Z
#1294308
0W
#1294322
1W
#1294334
#1294345
0(
#1294363
1*
#1294373
#1294390
1!
#1294391
0!
#1294396
#1294486
#1294517
0Q
#1294528
1V
#1294538
#1294547
0Z
#1294562
1Z
#1294573
#1294584
#1294593
0*
#1294611
1#
#1294704
#1294728
#1294759
0`
#1294770
1P
#1294781
0V
#1294795
1V
#1294806
#1294818
0#
#1294836
1&
#1294845
#1294940
#1294970
0W
#1294981
1T
#1294991
#1295000
0P
#1295015
1P
#1295026
#1295038
0&
#1295055
1'
#1295065
#1295157
#1295181
#1295212
0Z
#1295223
1[
#1295234
0T
#1295248
1T
#1295259
#1295271
0'
#1295289
1(
#1295298
#1295393
#1295423
0V
#1295435
1R
#1295444
#1295453
0[
#1295468
1[
#1295479
1!
#1295480
0!
#1295485
#1295497
#1295506
0(
#1295524
1*
#1295533
#1295544
#1295731
0[
#1295745
1#
#1295757
#1295787
0P
#1295798
1\
#1295808
0R
#1295822
1R
#1295833
#1295845
0*
#1295863
1&
#1295873
#1295958
#1295967
0T
#1295982
1'
#1296001
#1296032
#1296043
0\
#1296057
1^
#1296067
0&
#1296081
1\
#1296104
#1296183
#1296193
#1296224
0^
#1296235
1O
#1296245
0#
#1296263
1(
#1296280
0R
#1296294
1R
#1296305
#1296316
#1296332
#1296419
#1296450
0\
#1296461
1]
#1296472
1!
#1296473
0!
#1296478
#1296497
0(
#1296515
1*
#1296526
#1296538
0O
#1296552
1O
#1296575
#1296586
#1296615
#1296624
0R
#1296638
1Y
#1296649
0*
#1296663
1R
#1296681
#1296700
#1296778
#1296787
0]
#1296802
1&
#1296890
0O
#1296905
1#
#1297001
#1297031
0R
#1297042
1X
#1297052
0&
#1297070
1(
#1297080
0Y
#1297094
1Y
#1297105
#1297116
#1297132
#1297142
#1297179
0(
#1297193
1U
#1297204
#1297216
0X
#1297230
1X
#1297253
#1297263
#1297293
#1297302
0Y
#1297316
1_
#1297326
0'
#1297340
1Y
#1297359
#1297384
#1297464
1!
#1297465
0!
#1297470
#1297484
#1297513
#1297522
0U
#1297534
1S
#1297544
0#
#1297562
1*
#1297579
0_
#1297593
1_
#1297605
#1297693
0X
#1297708
1&
#1297788
#1297803
#1297813
#1297843
0S
#1297855
1Q
#1297865
0Y
#1297879
1Y
#1297890
#1297908
#1297918
0&
#1297935
1(
#1297961
#1297990
#1297999
0Q
#1298013
1`
#1298081
0(
#1298096
1Q
#1298107
#1298118
#1298147
#1298297
#1298334
0_
#1298345
1W
#1298356
0*
#1298373
1'
#1298384
#1298403
0`
#1298418
1#
#1298498
0Y
#1298511
1Y
#1298523
1!
#1298524
0!
#1298528
#1298540
#1298557
0W
#1298572
1&
#1298583
#1298612
#1298622
0Q
#1298635
1Z
#1298645
0#
#1298659
1Q
#1298678
#1298703
#1298782
#1298791
0Y
#1298806
1(
#1298824
#1298855
#1298867
0(
#1298881
1V
#1298892
0Z
#1298905
1Z
#1298922
#1298932
#1298963
#1298975
#1298984
0'
#1298998
1P
#1299008
0Q
#1299023
1Q
#1299053
#1299069
#1299149
#1299237
0P
#1299248
1[
#1299259
0V
#1299273
1V
#1299284
#1299317
#1299327
#1299407
0&
#1299422
1T
#1299482
#1299493
1!
#1299494
0!
#1299498
#1299512
#1299530
0Z
#1299545
1Z
#1299562
0%
#1299580
1*
#1299596
#1299606
#1299637
#1299649
0*
#1299664
1^
#1299682
0[
#1299697
1[
#1299776
#1299785
0Q
#1299800
1#
#1299879
#1299895
0T
#1299910
1(
#1299920
#1299943
#1299975
#1299986
0V
#1300001
1\
#1300019
0#
#1300033
1V
#1300063
#1300142
#1300151
0^
#1300166
1'
#1300254
#1300284
0\
#1300296
1]
#1300358
#1300370
0(
#1300387
1&
#1300397
0[
#1300412
1[
#1300442
#1300590
#1300599
0Z
#1300614
1%
#1300631
0]
#1300646
1*
#1300657
#1300689
1!
#1300690
0!
#1300695
#1300708
#1300720
0%
#1300734
1O
#1300744
0V
#1300758
1V
#1300774
#1300785
#1300816
#1300827
#1300836
0*
#1300851
1R
#1300861
0[
#1300875
1[
#1300905
#1300921
#1301001
#1301082
0&
#1301097
1U
#1301107
0R
#1301122
1#
#1301132
0O
#1301147
1O
#1301158
#1301176
#1301200
#1301231
#1301243
0#
#1301257
1X
#1301267
#1301276
0V
#1301291
1V
#1301314
#1301470
0U
#1301485
1(
#1301573
#1301603
0X
#1301614
1S
#1301625
0O
#1301640
1%
#1301650
0(
#1301668
1*
#1301677
#1301688
1!
#1301689
0!
#1301693
#1301706
0[
#1301720
1[
#1301731
#1301742
#1301765
#1301789
#1301870
0S
#1301884
1`
#1301894
0%
#1301909
1S
#1301920
#1301945
#1302093
#1302102
0V
#1302117
1&
#1302134
0`
#1302149
1#
#1302245
#1302275
0S
#1302286
1_
#1302297
0&
#1302314
1(
#1302325
0[
#1302338
1[
#1302350
#1302361
#1302378
1!
#1302379
0!
#1302384
#1302396
#1302406
#1302443
0(
#1302457
1W
#1302468
#1302480
0_
#1302494
1_
#1302517
#1302527
#1302557
#1302566
0[
#1302580
1Y
#1302590
0#
#1302605
1[
#1302623
#1302648
#1302797
0W
#1302812
1%
#1302822
0_
#1302837
1&
#1302849
#1302886
0%
#1302900
1P
#1302910
0Y
#1302924
1Y
#1302935
#1302948
#1302991
0[
#1303004
1"
#1303015
0P
#1303032
1(
#1303043
#1303054
0Y
#1303072
1#
#1303164
0"
#1303187
1[
#1303197
0$
#1303211
1P
#1303221
0)
#1303235
1Y
#1303245
0'
#1303263
1%
#1303273
0*
#1303291
1$
#1303305
x[
#1303317
0(
#1303334
1)
#1303343
#1303352
0&
#1303369
1'
#1303384
#1303393
0#
#1303411
1*
#1303421
0[
#1303436
1(
#1303448
1!
#1303449
0!
#1303453
#1303474
#1303505
#1303517
0)
#1303531
1Q
#1303541
0P
#1303555
1P
#1303578
#1303588
#1303618
#1303627
0Y
#1303641
1T
#1303651
0'
#1303665
1Y
#1303684
#1303779
#1303788
0Q
#1303803
1&
#1303813
#1303893
#1303923
0P
#1303934
1^
#1303945
0T
#1303958
1T
#1303970
#1303981
#1303997
0&
#1304015
1#
#1304048
#1304078
#1304090
0^
#1304103
1\
#1304114
0#
#1304128
1^
#1304140
#1304174
#1304305
#1304314
0(
#1304329
1]
#1304339
0\
#1304354
1\
#1304365
#1304376
#1304490
0T
#1304504
1)
#1304584
#1304594
#1304675
0Y
#1304687
1Z
#1304698
1!
#1304699
0!
#1304704
#1304716
0*
#1304734
1'
#1304745
#1304763
#1304772
0]
#1304787
1]
#1304810
#1304826
#1304836
#1304917
0'
#1304932
1R
#1304942
0Z
#1304957
1Z
#1304968
#1304986
#1305080
#1305110
0\
#1305122
1U
#1305133
#1305144
#1305154
0^
#1305168
1^
#1305192
#1305201
0$
#1305218
1&
#1305367
0R
#1305382
1#
#1305392
0U
#1305407
1(
#1305450
1!
#1305451
0!
#1305456
#1305469
#1305499
#1305510
0]
#1305524
1X
#1305535
0#
#1305549
1]
#1305560
#1305649
0Z
#1305664
1*
#1305675
#1305712
0*
#1305726
1O
#1305737
#1305749
#1305765
0X
#1305779
1X
#1305797
#1305827
#1305836
0^
#1305850
1V
#1305861
0&
#1305875
1^
#1305894
#1305919
#1305928
#1306077
#1306107
0O
#1306119
1`
#1306129
0V
#1306143
1V
#1306153
#1306162
0]
#1306177
1'
#1306187
#1306196
0%
#1306213
1$
#1306232
#1306243
#1306259
#1306283
#1306320
0'
#1306335
1S
#1306346
#1306358
0`
#1306372
1`
#1306391
1!
#1306392
0!
#1306397
#1306416
#1306426
#1306455
#1306566
0X
#1306581
1W
#1306591
0$
#1306607
1X
#1306625
#1306643
#1306659
#1306897
0W
#1306911
1#
#1307015
0X
#1307029
1*
#1307040
#1307070
0S
#1307082
1_
#1307092
0`
#1307107
1&
#1307118
#1307130
0#
#1307148
1%
#1307158
0^
#1307172
1^
#1307195
#1307275
#1307305
0_
#1307317
1Q
#1307327
0V
#1307341
1V
#1307351
#1307361
#1307373
0&
#1307390
1'
#1307402
1!
#1307403
0!
#1307407
#1307426
#1307520
#1307550
#1307559
0Q
#1307573
1P
#1307583
0'
#1307597
1Q
#1307614
0^
#1307629
1$
#1307640
#1307666
#1307746
#1307776
0V
#1307787
1T
#1307798
0P
#1307812
1P
#1307821
#1307831
#1307843
#1307852
0%
#1307870
1#
#1307902
#1307932
#1307941
0T
#1307955
1Y
#1307965
0#
#1307979
1T
#1307998
#1308016
#1308101
#1308187
0Q
#1308202
1&
#1308213
#1308243
0P
#1308254
1\
#1308265
0Y
#1308278
1Y
#1308290
#1308315
#1308325
#1308406
0&
#1308420
1R
#1308431
1!
#1308432
0!
#1308437
#1308450
0$
#1308467
1'
#1308478
#1308490
#1308499
0\
#1308513
1\
#1308543
#1308559
#1308645
0T
#1308660
1%
#1308679
#1308811
0%
#1308825
1U
#1308835
0R
#1308850
1R
#1308861
#1308879
#1308903
#1308984
0'
#1308999
1Z
#1309008
#1309017
0Y
#1309032
1Y
#1309043
#1309124
#1309147
0U
#1309162
1#
#1309248
#1309257
0\
#1309272
1&
#1309290
#1309321
#1309333
0Z
#1309347
1]
#1309357
0#
#1309372
1Z
#1309390
1!
#1309391
0!
#1309396
#1309422
#1309502
#1309532
0R
#1309544
1O
#1309554
0Y
#1309568
1Y
#1309578
#1309588
#1309599
#1309678
0&
#1309695
1$
#1309712
0]
#1309727
1%
#1309823
#1309852
#1309862
0O
#1309875
1`
#1309885
0$
#1309899
1O
#1309916
0Z
#1309931
1'
#1309943
#1309961
#1310047
#1310057
#1310087
0Y
#1310098
1S
#1310109
0`
#1310123
1`
#1310134
#1310152
#1310176
#1310257
0'
#1310271
1W
#1310281
0S
#1310296
1S
#1310307
#1310325
#1310334
0%
#1310352
1#
#1310438
#1310447
0W
#1310462
1&
#1310480
#1310511
#1310523
0O
#1310537
1X
#1310547
0&
#1310561
1O
#1310580
1!
#1310581
0!
#1310585
#1310597
#1310613
#1310691
#1310700
0X
#1310715
1$
#1310755
#1310836
0S
#1310850
1_
#1310861
0$
#1310875
1S
#1310937
#1310962
#1311040
#1311049
0O
#1311064
1'
#1311151
0`
#1311167
1%
#1311262
#1311292
0S
#1311303
1^
#1311313
0_
#1311327
1_
#1311338
#1311350
0%
#1311368
1&
#1311377
#1311388
1!
#1311389
0!
#1311394
#1311412
#1311423
#1311460
0^
#1311473
1V
#1311484
0&
#1311497
1^
#1311509
#1311527
#1311612
#1311622
#1311652
0V
#1311664
1Q
#1311674
0_
#1311688
1_
#1311699
#1311711
0'
#1311729
1$
#1311745
#1311770
#1311799
#1311808
0Q
#1311822
1P
#1311833
0$
#1311847
1Q
#1311865
#1311960
#1311970
0^
#1311985
1%
#1311994
#1312074
#1312104
0_
#1312116
1T
#1312126
0P
#1312140
1P
#1312151
#1312162
#1312179
0%
#1312196
1&
#1312222
#1312251
#1312261
0T
#1312274
1U
#1312285
0&
#1312299
1T
#1312317
#1312336
#1312414
#1312423
0P
#1312438
1'
#1312471
#1312502
1!
#1312503
0!
#1312508
#1312521
0'
#1312535
1\
#1312647
0U
#1312661
1U
#1312672
#1312690
#1312714
#1312845
#1312855
0\
#1312869
1R
#1312879
0#
#1312894
1\
#1312905
#1312930
#1312952
#1313045
0R
#1313060
1$
#1313071
#1313152
0$
#1313167
1]
#1313177
0T
#1313192
1T
#1313253
#1313263
#1313295
#1313382
#1313413
1!
#1313414
0!
#1313419
#1313431
0*
#1313446
1Z
#1313558
0]
#1313573
1%
#1313584
#1313618
#1313648
0U
#1313663
1Y
#1313725
#1313744
0%
#1313759
1U
#1313769
0Q
#1313784
1Q
#1313814
#1313892
#1313972
#1314002
0T
#1314014
1W
#1314024
0Z
#1314039
1Z
#1314050
#1314062
0)
#1314079
1&
#1314089
#1314167
0Y
#1314182
1'
#1314192
0\
#1314207
1#
#1314223
#1314240
#1314332
0U
#1314347
1$
#1314366
#1314397
1!
#1314398
0!
#1314403
#1314415
#1314424
0W
#1314438
1X
#1314448
0'
#1314463
1W
#1314481
#1314506
#1314586
#1314616
0Q
#1314628
1O
#1314638
0X
#1314653
1X
#1314662
#1314673
#1314684
#1314777
0Z
#1314792
1*
#1314803
0$
#1314820
1%
#1314908
#1314937
#1314947
0O
#1314960
1`
#1314970
0W
#1314982
1O
#1314992
0%
#1315010
1)
#1315021
#1315039
#1315064
#1315093
#1315102
0`
#1315116
1S
#1315184
0)
#1315199
1`
#1315210
#1315221
#1315250
#1315399
#1315431
1!
#1315432
0!
#1315437
#1315449
0#
#1315463
1V
#1315480
0S
#1315495
1'
#1315506
#1315518
0X
#1315533
1$
#1315543
0O
#1315557
1O
#1315580
#1315590
#1315620
#1315629
0`
#1315643
1^
#1315653
0$
#1315668
1`
#1315686
#1315711
#1315791
#1315821
0V
#1315833
1_
#1315843
0^
#1315858
1^
#1315867
#1315878
#1315889
#1315898
0'
#1315915
1%
#1316010
0O
#1316025
1)
#1316113
#1316142
#1316151
0_
#1316165
1P
#1316175
0`
#1316187
1_
#1316197
0)
#1316214
1#
#1316226
#1316244
#1316268
#1316298
#1316307
0P
#1316321
1R
#1316383
1!
#1316384
0!
#1316389
#1316403
#1316421
0#
#1316435
1P
#1316459
#1316537
#1316546
0^
#1316561
1$
#1316579
#1316611
#1316630
0%
#1316644
1]
#1316655
0R
#1316669
1R
#1316755
#1316841
0P
#1316855
1'
#1316866
0]
#1316881
1)
#1316892
#1316922
#1316931
0_
#1316944
1Y
#1316955
0'
#1316968
1_
#1316987
#1317012
#1317092
#1317122
0R
#1317134
1T
#1317144
0Y
#1317158
1Y
#1317167
#1317178
#1317190
0)
#1317207
1#
#1317217
#1317248
#1317278
#1317287
0T
#1317301
1\
#1317311
0#
#1317326
1T
#1317344
#1317369
#1317449
#1317479
0_
#1317491
1U
#1317502
1!
#1317503
0!
#1317508
#1317521
0\
#1317535
1\
#1317545
#1317555
#1317566
#1317575
0$
#1317593
1%
#1317687
0Y
#1317702
1'
#1317790
#1317820
#1317829
0U
#1317842
1Q
#1317853
0T
#1317864
1U
#1317874
0'
#1317892
1)
#1317903
#1317921
#1317946
#1317975
#1317984
0Q
#1317998
1Z
#1318066
0)
#1318081
1Q
#1318092
#1318103
#1318132
#1318282
#1318319
0Z
#1318330
1W
#1318340
0%
#1318357
1#
#1318368
#1318387
0\
#1318402
1$
#1318482
0U
#1318496
1U
#1318506
0W
#1318521
1'
#1318531
#1318548
1!
#1318549
0!
#1318554
#1318567
#1318597
#1318606
0Q
#1318620
1S
#1318630
0'
#1318644
1Q
#1318662
#1318687
#1318767
#1318798
0U
#1318809
1X
#1318819
0S
#1318833
1S
#1318843
#1318853
#1318864
#1318880
0#
#1318898
1)
#1318924
#1318953
#1318962
0X
#1318976
1V
#1318987
0)
#1319001
1X
#1319019
#1319038
#1319116
#1319125
0S
#1319140
1%
#1319173
#1319305
0V
#1319318
1O
#1319329
0%
#1319343
1V
#1319354
#1319379
#1319395
#1319405
#1319436
1!
#1319437
0!
#1319442
#1319454
0$
#1319469
1`
#1319588
0Q
#1319603
1Q
#1319614
#1319633
#1319664
#1319795
#1319804
0`
#1319819
1^
#1319881
#1319893
0*
#1319908
1`
#1319945
#1319969
#1319999
#1320059
0&
#1320074
1P
#1320186
0V
#1320202
1V
#1320263
#1320273
#1320298
#1320390
#1320422
1!
#1320423
0!
#1320428
#1320441
#1320453
0(
#1320469
1]
#1320479
0P
#1320493
1'
#1320504
0Q
#1320519
1Q
#1320536
#1320788
#1320817
#1320928
0X
#1320940
1R
#1320951
0V
#1320965
1V
#1320983
0]
#1320997
1#
#1321008
#1321020
0^
#1321035
1)
#1321052
0'
#1321069
1%
#1321085
#1321096
#1321127
#1321146
0`
#1321161
1_
#1321171
0)
#1321186
1`
#1321196
#1321287
#1321298
#1321386
#1321398
0%
#1321413
1Y
#1321423
#1321501
0O
#1321516
1O
#1321527
1!
#1321528
0!
#1321533
#1321545
#1321561
0Q
#1321575
1$
#1321592
#1321622
#1321704
#1321716
0V
#1321731
1T
#1321741
0$
#1321756
1V
#1321850
0R
#1321864
1*
#1321881
#1322035
#1322044
0T
#1322058
1&
#1322153
0_
#1322167
1(
#1322247
0Y
#1322261
1'
#1322271
0`
#1322286
1)
#1322297
#1322327
0V
#1322338
1Z
#1322349
0O
#1322362
1O
#1322373
#1322386
1!
#1322387
0!
#1322392
#1322404
#1322413
0&
#1322431
1%
#1322448
#1322458
#1322495
0%
#1322509
1\
#1322519
0Z
#1322533
1Z
#1322544
#1322555
#1322578
#1322588
#1322625
0*
#1322639
1W
#1322650
0O
#1322664
1O
#1322726
#1322737
#1322906
0\
#1322921
1$
#1322932
#1322962
0W
#1322973
1U
#1322983
#1322992
0Z
#1323006
1Z
#1323017
#1323029
0$
#1323047
1&
#1323057
#1323079
#1323103
#1323184
0&
#1323199
1S
#1323209
0U
#1323223
1U
#1323235
#1323246
#1323347
#1323376
#1323385
0S
#1323399
1P
#1323410
0)
#1323424
1S
#1323485
0O
#1323500
1%
#1323511
#1323523
#1323553
1!
#1323554
0!
#1323559
#1323579
#1323658
#1323695
0%
#1323710
1]
#1323720
0Z
#1323734
1Z
#1323746
#1323757
0P
#1323772
1*
#1323789
#1323799
#1323828
#1323839
#1323920
0*
#1323934
1^
#1323945
0]
#1323959
1]
#1323989
#1323999
#1324029
0U
#1324041
1X
#1324051
#1324060
0S
#1324075
1S
#1324086
#1324098
0(
#1324116
1$
#1324125
#1324147
#1324172
#1324304
0X
#1324319
1Q
#1324330
#1324364
0$
#1324379
1X
#1324542
1!
#1324543
0!
#1324548
#1324560
#1324569
0S
#1324584
1&
#1324593
#1324673
#1324754
0&
#1324768
1R
#1324779
0]
#1324793
1]
#1324804
#1324816
0Q
#1324830
1)
#1324847
0Z
#1324862
1%
#1324887
#1324918
#1324930
0^
#1324944
1Y
#1324955
0%
#1324970
1^
#1324986
#1325001
#1325079
#1325089
0R
#1325104
1*
#1325190
#1325199
0Y
#1325214
1(
#1325247
#1325380
1!
#1325381
0!
#1325386
#1325398
0X
#1325412
1`
#1325422
0(
#1325437
1X
#1325448
#1325473
#1325488
#1325568
#1325598
0^
#1325610
1T
#1325671
0)
#1325689
1$
#1325699
0]
#1325713
1]
#1325730
#1325740
#1325765
#1325858
#1325889
#1325901
0X
#1325915
1_
#1325925
0$
#1325940
1X
#1325950
0T
#1325965
1&
#1325975
#1326060
#1326070
#1326101
#1326113
0`
#1326125
1V
#1326135
0&
#1326152
1%
#1326254
0]
#1326267
1]
#1326285
0V
#1326300
1(
#1326381
1!
#1326382
0!
#1326387
#1326399
0X
#1326414
1)
#1326424
#1326434
#1326464
#1326473
0%
#1326487
1\
#1326497
0_
#1326511
1_
#1326522
#1326540
#1326565
#1326595
#1326604
0\
#1326618
1W
#1326628
0)
#1326642
1\
#1326661
#1326756
#1326765
0]
#1326780
1$
#1326790
#1326870
#1326900
0_
#1326911
1O
#1326921
0W
#1326935
1W
#1326947
#1326958
#1326974
0$
#1326992
1&
#1327017
#1327047
#1327056
0O
#1327070
1P
#1327080
0&
#1327095
1O
#1327113
#1327131
#1327210
#1327219
0W
#1327234
1%
#1327266
#1327399
1!
#1327400
0!
#1327405
#1327419
#1327430
0P
#1327444
1U
#1327455
0%
#1327469
1P
#1327492
#1327508
#1327663
0U
#1327678
1)
#1327688
0\
#1327703
1$
#1327722
#1327803
0O
#1327816
1S
#1327827
0)
#1327841
1O
#1327852
#1327870
#1327955
#1327966
#1327996
0S
#1328007
1Z
#1328017
0P
#1328031
1P
#1328043
#1328061
#1328070
0$
#1328087
1&
#1328113
#1328142
#1328152
0Z
#1328166
1Q
#1328234
0&
#1328248
1Z
#1328259
#1328270
#1328299
#1328449
#1328486
0*
#1328500
1R
#1328511
#1328523
0Q
#1328537
1%
#1328554
0O
#1328569
1)
#1328580
0P
#1328594
1P
#1328605
1!
#1328606
0!
#1328611
#1328623
#1328633
#1328662
#1328672
0Z
#1328686
1Y
#1328696
0)
#1328710
1Z
#1328728
#1328754
#1328769
#1328932
0R
#1328947
1$
#1329027
0P
#1329042
1&
#1329053
#1329083
0Z
#1329094
1^
#1329104
0Y
#1329118
1Y
#1329129
#1329141
0&
#1329159
1*
#1329168
#1329184
#1329194
#1329231
0^
#1329245
1T
#1329255
0*
#1329269
1^
#1329280
#1329298
#1329379
1!
#1329380
0!
#1329384
#1329403
#1329413
#1329443
0T
#1329455
1`
#1329465
0Y
#1329479
1Y
#1329490
#1329508
#1329517
0%
#1329535
1)
#1329561
#1329590
#1329599
0`
#1329613
1V
#1329681
0)
#1329696
1`
#1329707
#1329718
#1329747
#1329897
#1329934
0V
#1329945
1X
#1329955
0$
#1329972
1&
#1329983
#1330002
0^
#1330017
1*
#1330097
0Y
#1330111
1Y
#1330121
0X
#1330136
1%
#1330146
#1330161
#1330171
#1330209
0`
#1330222
1]
#1330232
0*
#1330246
1`
#1330258
#1330276
#1330361
#1330371
#1330401
0]
#1330412
1_
#1330423
0Y
#1330437
1Y
#1330448
#1330460
0%
#1330477
1)
#1330494
#1330511
1!
#1330512
0!
#1330517
#1330530
#1330561
#1330573
#1330582
0_
#1330596
1W
#1330606
0)
#1330620
1_
#1330644
#1330660
#1330823
#1330854
#1330866
0`
#1330879
1U
#1330890
0&
#1330904
1`
#1330914
0Y
#1330928
1$
#1330939
0W
#1330954
1*
#1330977
#1330987
#1331068
#1331077
0*
#1331091
1\
#1331102
0_
#1331116
1_
#1331127
#1331166
#1331177
#1331258
0$
#1331272
1S
#1331282
#1331291
0U
#1331306
1U
#1331317
#1331398
#1331421
0\
#1331436
1%
#1331522
#1331532
1!
#1331533
0!
#1331538
#1331551
#1331588
0`
#1331602
1Q
#1331613
0S
#1331624
1`
#1331635
0%
#1331652
1)
#1331663
#1331835
0U
#1331850
1&
#1331860
0Q
#1331876
1*
#1331887
#1331916
#1331926
0&
#1331940
1O
#1331950
0_
#1331964
1_
#1331975
#1331986
#1331995
#1332019
#1332048
#1332057
0O
#1332071
1P
#1332082
0)
#1332096
1O
#1332107
#1332118
#1332155
#1332235
#1332272
0P
#1332283
1R
#1332294
0*
#1332311
1$
#1332322
#1332411
0`
#1332425
1`
#1332436
1!
#1332437
0!
#1332442
#1332454
#1332470
0_
#1332485
1%
#1332494
#1332581
#1332612
#1332624
0O
#1332638
1Z
#1332648
0%
#1332662
1O
#1332679
0R
#1332694
1&
#1332710
#1332790
#1332821
0Z
#1332832
1T
#1332842
0`
#1332856
1`
#1332867
#1332879
0&
#1332897
1)
#1332907
#1332922
#1332932
#1332969
0)
#1332983
1V
#1332993
#1333002
0T
#1333017
1T
#1333028
#1333053
#1333138
#1333162
0O
#1333177
1*
#1333188
#1333269
0*
#1333284
1^
#1333294
0V
#1333308
1V
#1333319
#1333331
#1333346
#1333509
1!
#1333510
0!
#1333515
#1333528
0`
#1333542
1%
#1333553
0^
#1333568
1&
#1333579
#1333616
0&
#1333630
1X
#1333641
#1333653
0T
#1333667
1T
#1333690
#1333700
#1333730
#1333739
0V
#1333753
1]
#1333763
0%
#1333778
1V
#1333796
#1333821
#1333901
#1333931
0X
#1333943
1Y
#1333953
0]
#1333968
1]
#1333977
#1333988
#1333999
#1334008
0$
#1334026
1)
#1334120
0T
#1334135
1*
#1334223
#1334252
#1334261
0Y
#1334275
1W
#1334285
0V
#1334297
1Y
#1334307
0*
#1334324
1&
#1334336
#1334354
#1334379
1!
#1334380
0!
#1334384
#1334468
#1334498
0]
#1334509
1\
#1334519
#1334528
0W
#1334542
1W
#1334553
#1334565
0&
#1334583
1%
#1334592
#1334614
#1334639
#1334720
0%
#1334734
1S
#1334745
0\
#1334759
1\
#1334770
#1334781
#1334882
#1334912
#1334921
0S
#1334935
1U
#1334945
0)
#1334960
1S
#1335021
0Y
#1335036
1$
#1335047
#1335058
#1335087
#1335167
#1335204
0$
#1335218
1Q
#1335229
0W
#1335243
1W
#1335254
#1335273
0U
#1335288
1*
#1335376
1!
#1335377
0!
#1335382
#1335464
0S
#1335479
1&
#1335489
0Q
#1335504
1%
#1335521
#1335531
#1335561
0*
#1335575
1P
#1335586
0\
#1335600
1\
#1335611
#1335622
#1335631
#1335654
#1335684
#1335693
0P
#1335707
1_
#1335717
0%
#1335732
1P
#1335743
#1335754
#1335783
#1335863
#1335900
0&
#1335914
1R
#1335926
#1335937
0_
#1335952
1)
#1335969
0W
#1335984
1W
#1336001
#1336011
#1336040
#1336102
#1336113
0P
#1336128
1Z
#1336138
0)
#1336153
1P
#1336192
#1336223
#1336304
0(
#1336319
1O
#1336329
0R
#1336344
1R
#1336361
0\
#1336376
1$
#1336387
1!
#1336388
0!
#1336393
#1336405
#1336414
#1336429
#1336438
#1336600
0O
#1336615
1*
#1336625
0W
#1336640
1%
#1336734
0P
#1336750
1&
#1336831
#1336861
0R
#1336872
1`
#1336882
0Z
#1336896
1Z
#1336907
#1336918
#1336927
0$
#1336945
1)
#1336962
#1336972
#1337009
0)
#1337023
1^
#1337033
0`
#1337047
1`
#1337058
#1337069
#1337092
#1337102
#1337139
0%
#1337153
1X
#1337164
#1337176
0Z
#1337191
1Z
#1337277
#1337362
0^
#1337377
1(
#1337394
0X
#1337409
1$
#1337421
#1337453
1!
#1337454
0!
#1337459
#1337472
0Z
#1337485
1"
#1337502
0"
#1337515
1"
#1337526
0`
#1337543
1)
#1337555
#1337651
0"
#1337673
1Z
#1337684
0&
#1337697
1`
#1337707
0$
#1337725
1%
#1337736
0'
#1337753
1&
#1337764
0(
#1337781
1$
#1337792
0*
#1337809
1'
#1337820
0#
#1337838
1(
#1337848
0)
#1337866
1*
#1337880
xZ
#1337892
#1337921
0Z
#1337932
1T
#1337942
0$
#1337960
1#
#1337972
#1337983
0`
#1337997
1`
#1338021
#1338032
#1338064
#1338073
0#
#1338087
1V
#1338105
#1338117
0T
#1338131
1T
#1338226
#1338256
#1338265
0`
#1338276
1]
#1338286
#1338296
#1338308
0V
#1338322
1V
#1338332
0%
#1338350
1)
#1338375
1!
#1338376
0!
#1338381
#1338402
#1338431
#1338491
0]
#1338505
1Y
#1338516
0)
#1338530
1]
#1338540
#1338550
#1338568
#1338646
#1338662
0Y
#1338677
1$
#1338849
0V
#1338864
1#
#1338874
0]
#1338889
1%
#1338924
#1338959
0T
#1338972
1U
#1338982
0#
#1338996
1T
#1339007
#1339018
#1339034
#1339044
#1339081
0%
#1339095
1S
#1339106
#1339118
0U
#1339132
1U
#1339155
#1339165
#1339195
#1339204
0T
#1339218
1Q
#1339228
0$
#1339243
1T
#1339261
#1339279
#1339427
#1339437
1!
#1339438
0!
#1339443
#1339456
0U
#1339470
1)
#1339488
0S
#1339503
1#
#1339615
#1339646
0T
#1339657
1_
#1339667
0#
#1339685
1%
#1339696
#1339708
0Q
#1339721
1Q
#1339738
#1339748
#1339778
#1339787
0%
#1339801
1\
#1339811
0_
#1339825
1_
#1339836
#1339854
#1339879
#1339908
#1339918
0\
#1339932
1O
#1340001
#1340027
0)
#1340041
1\
#1340127
#1340136
0_
#1340151
1$
#1340161
#1340247
0Q
#1340262
1#
#1340281
#1340362
0O
#1340375
1W
#1340385
0#
#1340399
1O
#1340411
1!
#1340412
0!
#1340417
#1340430
#1340448
#1340526
#1340536
0W
#1340551
1%
#1340583
#1340664
0\
#1340678
1P
#1340688
0%
#1340702
1\
#1340714
#1340732
#1340810
#1340819
0P
#1340834
1)
#1340867
#1340948
0O
#1340961
1R
#1340972
0$
#1340986
1O
#1340997
#1341015
#1341093
#1341102
0R
#1341118
1#
#1341150
#1341231
0\
#1341245
1^
#1341255
0#
#1341269
1\
#1341280
#1341298
#1341377
#1341387
1!
#1341388
0!
#1341393
#1341405
0^
#1341420
1%
#1341453
#1341534
0O
#1341548
1X
#1341558
0%
#1341572
1O
#1341583
#1341601
#1341679
#1341689
0X
#1341704
1$
#1341736
#1341817
0\
#1341831
1`
#1341841
0$
#1341855
1\
#1341867
#1341885
#1341963
#1341972
0`
#1341987
1#
#1342020
#1342101
0O
#1342114
1Y
#1342125
0#
#1342139
1O
#1342150
#1342168
#1342246
#1342255
0Y
#1342271
1%
#1342303
#1342384
0\
#1342398
1V
#1342408
0%
#1342422
1\
#1342433
1!
#1342434
0!
#1342439
#1342453
#1342471
#1342549
#1342558
0V
#1342574
1$
#1342606
#1342687
0O
#1342701
1]
#1342711
0$
#1342725
1O
#1342736
#1342754
#1342832
#1342842
0]
#1342857
1#
#1342889
#1342971
0\
#1342984
1S
#1342994
0#
#1343008
1\
#1343020
#1343038
#1343116
#1343125
0S
#1343140
1%
#1343173
#1343254
0O
#1343267
1U
#1343278
0%
#1343292
1O
#1343303
#1343321
#1343399
#1343409
0U
#1343424
1$
#1343442
1!
#1343443
0!
#1343448
#1343545
#1343576
0$
#1343589
1T
#1343600
0\
#1343613
1\
#1343624
#1343636
0O
#1343651
1#
#1343668
#1343678
#1343707
#1343717
0T
#1343730
1_
#1343740
0#
#1343754
1T
#1343773
#1343798
#1343878
#1343907
#1343917
0\
#1343928
1Q
#1343938
0)
#1343956
1%
#1343967
#1343986
0_
#1344000
1_
#1344016
#1344034
#1344064
#1344073
0%
#1344087
1W
#1344097
0Q
#1344112
1Q
#1344123
#1344141
#1344166
#1344297
#1344306
0W
#1344320
1P
#1344331
0*
#1344345
1W
#1344357
#1344382
#1344404
#1344566
0_
#1344580
1$
#1344592
1!
#1344593
0!
#1344597
#1344757
0Q
#1344771
1#
#1344781
0W
#1344796
1)
#1344806
0P
#1344822
1%
#1344833
#1344863
0#
#1344877
1R
#1344887
0T
#1344900
1T
#1344912
#1344923
#1344947
#1344977
0$
#1344991
1^
#1345001
0R
#1345015
1R
#1345027
#1345039
#1345083
0T
#1345096
1"
#1345106
0^
#1345123
1*
#1345135
#1345145
0R
#1345163
1#
#1345256
0"
#1345278
1T
#1345289
0(
#1345302
1^
#1345313
0&
#1345326
1R
#1345337
0'
#1345354
1$
#1345365
0*
#1345382
1(
#1345393
0)
#1345410
1&
#1345424
xT
#1345436
0#
#1345454
1'
#1345462
#1345476
#1345485
0%
#1345502
1*
#1345513
0T
#1345528
1)
#1345539
1!
#1345540
0!
#1345545
#1345566
#1345597
#1345608
0'
#1345622
1X
#1345633
0^
#1345647
1^
#1345670
#1345680
#1345710
#1345719
0R
#1345733
1`
#1345743
0)
#1345757
1R
#1345776
#1345870
#1345880
0X
#1345895
1#
#1345974
#1345983
0^
#1345998
1%
#1346032
#1346115
0#
#1346129
1Y
#1346140
#1346152
0`
#1346166
1`
#1346259
#1346269
#1346299
0Y
#1346311
1V
#1346320
#1346330
0(
#1346347
1'
#1346365
#1346393
1!
#1346394
0!
#1346398
#1346480
0R
#1346494
1R
#1346504
0`
#1346519
1)
#1346529
#1346539
#1346569
0'
#1346583
1]
#1346594
0V
#1346607
1V
#1346619
#1346630
#1346639
#1346662
#1346692
#1346701
0]
#1346715
1S
#1346725
0*
#1346740
1]
#1346751
#1346762
#1346791
#1346870
#1346908
0&
#1346922
1U
#1346933
#1346945
0S
#1346960
1#
#1346970
0R
#1346984
1R
#1347002
#1347025
#1347109
#1347169
0#
#1347184
1O
#1347194
0]
#1347209
1]
#1347220
#1347238
#1347331
#1347361
0U
#1347374
1\
#1347383
#1347392
0O
#1347407
1O
#1347419
#1347430
#1347453
#1347546
1!
#1347547
0!
#1347551
#1347648
0R
#1347662
1(
#1347673
0]
#1347688
1'
#1347768
0$
#1347785
1*
#1347802
0V
#1347817
1&
#1347828
#1347909
0&
#1347923
1P
#1347934
0\
#1347948
1\
#1347959
#1347970
#1347994
#1348023
#1348033
0O
#1348047
1_
#1348057
0(
#1348071
1O
#1348089
#1348184
#1348193
0P
#1348208
1#
#1348287
#1348313
0\
#1348328
1$
#1348370
#1348451
0#
#1348465
1Q
#1348475
0_
#1348489
1_
#1348501
#1348512
#1348536
1!
#1348537
0!
#1348542
#1348632
#1348664
0O
#1348675
1"
#1348690
0_
#1348708
1&
#1348718
0"
#1348731
1"
#1348741
0Q
#1348759
1(
#1348771
#1348867
0"
#1348889
1_
#1348900
0%
#1348913
1Q
#1348923
0)
#1348941
1#
#1348952
0'
#1348969
1%
#1348980
0(
#1348997
1)
#1349008
0*
#1349025
1'
#1349036
0&
#1349053
1(
#1349064
0$
#1349082
1*
#1349096
x_
#1349115
#1349144
0_
#1349155
1W
#1349175
#1349186
0Q
#1349200
1Q
#1349210
0)
#1349228
1&
#1349260
#1349271
#1349317
0W
#1349330
1X
#1349340
0&
#1349354
1W
#1349364
#1349374
#1349387
1!
#1349388
0!
#1349393
#1349405
#1349427
#1349438
#1349469
#1349480
0(
#1349495
1^
#1349505
0X
#1349519
1X
#1349543
#1349698
0^
#1349712
1$
#1349722
0W
#1349738
1)
#1349754
#1349765
#1349802
0)
#1349815
1Y
#1349826
0Q
#1349840
1Q
#1349851
#1349862
#1349884
#1349894
#1349931
0$
#1349946
1`
#1349956
0X
#1349970
1X
#1350032
#1350044
#1350211
0Y
#1350226
1&
#1350237
#1350267
0`
#1350279
1S
#1350288
#1350298
0Q
#1350312
1Q
#1350323
#1350335
0&
#1350352
1(
#1350362
#1350386
1!
#1350387
0!
#1350392
#1350411
#1350421
#1350502
0(
#1350517
1U
#1350527
0S
#1350541
1S
#1350553
#1350571
#1350664
#1350695
#1350706
0%
#1350721
1R
#1350730
#1350740
0U
#1350754
1U
#1350778
0X
#1350793
1)
#1350809
#1350819
#1350849
#1350858
0Q
#1350872
1]
#1350941
#1350975
0)
#1350990
1Q
#1351075
#1351084
0U
#1351099
1$
#1351109
#1351194
0R
#1351209
1&
#1351228
#1351360
0$
#1351374
1V
#1351384
0]
#1351399
1]
#1351410
#1351430
1!
#1351431
0!
#1351435
#1351461
#1351538
#1351548
0V
#1351563
1(
#1351581
#1351662
0(
#1351676
1P
#1351687
0S
#1351701
1S
#1351712
#1351738
#1351748
#1351777
#1351787
0Q
#1351801
1\
#1351812
#1352060
#1352089
0&
#1352103
1Q
#1352113
0S
#1352124
1O
#1352135
0\
#1352149
1%
#1352159
0P
#1352173
1P
#1352183
#1352193
#1352204
#1352214
0]
#1352229
1)
#1352239
0*
#1352256
1$
#1352266
#1352275
#1352299
#1352330
#1352348
0%
#1352363
1^
#1352382
1!
#1352383
0!
#1352387
#1352476
0O
#1352490
1O
#1352508
#1352538
0Q
#1352550
1W
#1352560
0P
#1352574
1P
#1352586
#1352597
#1352606
0$
#1352624
1(
#1352640
#1352649
#1352735
#1352772
#1352784
0W
#1352798
1Y
#1352809
0^
#1352820
1W
#1352831
0(
#1352848
1&
#1352866
#1352914
0O
#1352927
1"
#1352937
0Y
#1352954
1*
#1352965
#1352976
0P
#1352993
1%
#1353004
0W
#1353022
1$
#1353114
0"
#1353137
1O
#1353147
0)
#1353161
1Y
#1353171
0#
#1353185
1P
#1353195
0'
#1353209
1W
#1353220
0&
#1353237
1(
#1353251
xO
#1353263
0%
#1353280
1)
#1353294
#1353303
0*
#1353320
1#
#1353331
0O
#1353346
1'
#1353356
0$
#1353374
1&
#1353395
1!
#1353396
0!
#1353399
#1353483
#1353512
#1353529
0)
#1353543
1`
#1353553
0Y
#1353568
1%
#1353579
0P
#1353593
1P
#1353609
#1353619
#1353646
#1353670
#1353715
0&
#1353730
1X
#1353747
0W
#1353761
1W
#1353773
#1353791
#1353946
#1353976
0P
#1353988
1U
#1353997
#1354007
0X
#1354020
1X
#1354031
0`
#1354046
1*
#1354055
#1354065
0'
#1354082
1$
#1354092
#1354102
#1354212
#1354242
0X
#1354253
1R
#1354264
0U
#1354278
1U
#1354289
#1354301
0*
#1354318
1)
#1354328
#1354422
#1354453
1!
#1354454
0!
#1354459
#1354471
#1354480
0R
#1354493
1V
#1354504
0)
#1354518
1R
#1354536
#1354561
#1354571
0W
#1354586
1&
#1354597
#1354626
#1354686
0V
#1354700
1]
#1354718
#1354744
0$
#1354759
1V
#1354845
0R
#1354860
1'
#1354938
#1354948
0]
#1354963
1*
#1354973
#1354983
#1355020
0U
#1355033
1S
#1355045
#1355056
0'
#1355070
1U
#1355094
#1355171
#1355180
0S
#1355196
1)
#1355214
#1355244
0*
#1355258
1\
#1355268
0V
#1355282
1V
#1355293
#1355319
#1355329
#1355359
#1355368
0\
#1355382
1Q
#1355451
#1355478
1!
#1355479
0!
#1355484
#1355496
0#
#1355511
1\
#1355596
#1355605
0V
#1355620
1$
#1355630
#1355715
0U
#1355730
1'
#1355749
#1355830
0Q
#1355844
1^
#1355854
0'
#1355868
1Q
#1355879
#1355897
#1355982
0^
#1355998
1*
#1356009
#1356046
0*
#1356060
1Y
#1356071
#1356104
0\
#1356117
1"
#1356127
0Q
#1356145
1#
#1356160
0"
#1356173
1"
#1356183
0Y
#1356201
1'
#1356213
#1356309
0"
#1356331
1\
#1356342
0$
#1356355
1Q
#1356365
0'
#1356379
1Y
#1356390
0#
#1356407
1*
#1356418
0&
#1356435
1$
#1356445
#1356454
0)
#1356472
1'
#1356481
#1356494
xQ
#1356507
0%
#1356524
1#
#1356534
0(
#1356551
1&
#1356561
#1356574
1!
#1356575
0!
#1356580
#1356601
0Q
#1356616
1)
#1356634
0)
#1356652
1%
#1356739
#1356777
0Y
#1356790
1`
#1356800
0*
#1356814
1Y
#1356840
0\
#1356855
1(
#1356882
#1356893
#1356909
#1356919
#1356956
0`
#1356969
1P
#1356981
#1356993
0%
#1357006
1`
#1357030
#1357109
#1357139
0P
#1357150
1X
#1357161
0Y
#1357174
1Y
#1357184
#1357194
#1357205
#1357215
0(
#1357232
1)
#1357265
#1357294
#1357304
0X
#1357318
1W
#1357328
0)
#1357342
1X
#1357360
#1357381
1!
#1357382
0!
#1357387
#1357467
#1357551
#1357561
0`
#1357575
1*
#1357593
#1357623
0Y
#1357635
1R
#1357645
0W
#1357659
1W
#1357670
#1357696
#1357706
#1357786
0*
#1357800
1]
#1357811
0R
#1357825
1R
#1357836
#1357854
#1357864
0&
#1357881
1%
#1357966
#1357976
#1358013
0]
#1358025
1S
#1358035
0%
#1358053
1(
#1358064
#1358083
#1358092
0X
#1358106
1X
#1358192
#1358201
0W
#1358216
1)
#1358225
#1358236
#1358273
0)
#1358287
1V
#1358298
#1358317
0S
#1358331
1S
#1358354
#1358365
#1358396
1!
#1358397
0!
#1358402
#1358414
0(
#1358429
1U
#1358440
#1358451
#1358461
0R
#1358475
1R
#1358499
#1358591
0U
#1358606
1*
#1358753
#1358762
0V
#1358776
1&
#1358795
#1358826
#1358837
0X
#1358851
1^
#1358861
0S
#1358873
1X
#1358883
0&
#1358900
1%
#1358924
#1358934
#1358963
#1358973
0R
#1358987
1\
#1359054
0%
#1359069
1R
#1359080
#1359091
#1359120
#1359268
#1359305
0^
#1359316
1P
#1359326
0*
#1359343
1)
#1359355
#1359367
0X
#1359380
1X
#1359392
1!
#1359393
0!
#1359398
#1359425
0\
#1359440
1(
#1359451
#1359480
#1359540
0(
#1359555
1Y
#1359565
0P
#1359579
1P
#1359591
#1359602
#1359610
#1359703
#1359732
#1359748
0)
#1359763
1`
#1359774
#1359786
0R
#1359801
1&
#1359811
0Y
#1359825
1Y
#1359855
#1359866
#1359895
#1359904
0X
#1359919
1]
#1359929
0&
#1359944
1X
#1359962
#1359987
#1360066
#1360096
0`
#1360108
1W
#1360120
#1360131
0]
#1360146
1]
#1360156
#1360178
#1360332
0W
#1360346
1%
#1360357
0X
#1360372
1*
#1360452
1!
#1360453
0!
#1360458
#1360470
0$
#1360487
1(
#1360505
0Y
#1360520
1)
#1360531
#1360560
#1360570
0P
#1360583
1U
#1360594
0)
#1360607
1P
#1360626
#1360644
#1360722
#1360738
0]
#1360753
1&
#1360771
#1360801
0*
#1360815
1S
#1360826
0U
#1360840
1U
#1360851
#1360876
#1360887
#1360968
0S
#1360981
1V
#1360999
0&
#1361013
1S
#1361024
#1361075
0U
#1361088
1"
#1361098
0S
#1361115
1$
#1361126
#1361137
0V
#1361154
1)
#1361165
0P
#1361183
1*
#1361275
0"
#1361298
1U
#1361308
0$
#1361321
1S
#1361332
0)
#1361346
1V
#1361356
0*
#1361370
1P
#1361381
0#
#1361398
1&
#1361408
0%
#1361426
1$
#1361440
xU
#1361452
#1361467
#1361477
1!
#1361478
0!
#1361483
#1361497
0'
#1361514
1)
#1361524
0U
#1361539
1*
#1361550
0(
#1361567
1#
#1361577
#1361609
#1361690
0*
#1361704
1\
#1361715
#1361727
0V
#1361741
1V
#1361774
0\
#1361789
1\
#1361805
#1361838
#1361867
#1361877
0S
#1361891
1^
#1361901
0$
#1361916
1S
#1361934
#1361953
#1362098
#1362107
0V
#1362122
1%
#1362139
0\
#1362154
1'
#1362248
#1362329
0%
#1362343
1R
#1362354
0^
#1362367
1^
#1362379
#1362391
0S
#1362406
1(
#1362422
#1362432
#1362462
#1362471
0R
#1362485
1`
#1362496
#1362537
1!
#1362538
0!
#1362543
#1362555
0'
#1362570
1R
#1362718
#1362747
#1362757
0(
#1362771
1W
#1362781
0^
#1362795
1*
#1362806
0`
#1362821
1$
#1362831
0P
#1362845
1P
#1362856
#1362867
#1362876
#1362900
#1362929
#1362939
0W
#1362953
1X
#1362963
0$
#1362977
1W
#1362988
#1363000
#1363036
#1363115
#1363152
0*
#1363166
1Y
#1363177
#1363189
0X
#1363204
1%
#1363289
0R
#1363303
1R
#1363321
#1363352
0P
#1363363
1]
#1363373
#1363382
0W
#1363397
1W
#1363457
#1363466
#1363476
#1363501
#1363532
1!
#1363533
0!
#1363538
#1363551
0%
#1363568
1'
#1363648
#1363729
0'
#1363743
1\
#1363754
#1363766
0]
#1363780
1]
#1363804
0Y
#1363819
1(
#1363836
#1363846
#1363875
#1363884
0W
#1363899
1V
#1363909
0(
#1363924
1W
#1363942
#1363961
#1364113
0]
#1364128
1$
#1364138
0\
#1364153
1*
#1364164
#1364245
#1364254
0$
#1364268
1S
#1364279
0V
#1364293
1V
#1364304
#1364322
#1364346
#1364377
#1364388
#1364397
0S
#1364412
1^
#1364422
0*
#1364437
1S
#1364448
1!
#1364449
0!
#1364454
#1364466
#1364496
#1364717
0R
#1364731
1%
#1364741
0V
#1364756
1'
#1364780
0^
#1364796
1(
#1364876
#1364906
0S
#1364917
1`
#1364927
0(
#1364945
1$
#1364956
#1364968
0W
#1364981
1W
#1364998
#1365008
#1365038
#1365047
0$
#1365061
1X
#1365071
0`
#1365085
1`
#1365097
#1365122
#1365132
#1365161
#1365171
#1365183
0'
#1365197
1P
#1365208
0X
#1365222
1X
#1365245
#1365256
#1365285
#1365294
0W
#1365309
1Y
#1365320
#1365339
0%
#1365353
1W
#1365371
#1365400
#1365479
#1365560
0Y
#1365572
1]
#1365582
0#
#1365600
1*
#1365611
#1365623
0P
#1365637
1P
#1365656
1!
#1365657
0!
#1365662
#1365749
0`
#1365764
1(
#1365858
#1365888
#1365897
0W
#1365909
1\
#1365918
#1365928
0(
#1365945
1$
#1365956
#1365968
0]
#1365982
1]
#1366076
0X
#1366091
1'
#1366177
#1366207
#1366216
0P
#1366228
1R
#1366238
0'
#1366255
1%
#1366267
#1366278
#1366287
0\
#1366301
1\
#1366326
#1366357
#1366369
0R
#1366383
1V
#1366393
0%
#1366407
1R
#1366426
1!
#1366427
0!
#1366432
#1366444
#1366454
#1366483
#1366492
0]
#1366507
1^
#1366518
#1366557
#1366635
0$
#1366649
1]
#1366659
#1366668
0\
#1366683
1#
#1366699
#1366715
#1366794
#1366831
0#
#1366845
1S
#1366856
0V
#1366870
1V
#1366931
0^
#1366946
1(
#1366957
#1367127
0]
#1367142
1'
#1367152
0S
#1367167
1%
#1367178
#1367208
#1367217
0(
#1367231
1Y
#1367242
0R
#1367255
1R
#1367267
#1367278
#1367300
#1367310
#1367354
0V
#1367367
1"
#1367377
0R
#1367394
1$
#1367406
#1367418
1!
#1367419
0!
#1367424
#1367436
0Y
#1367454
1#
#1367546
0"
#1367569
1V
#1367579
0&
#1367593
1R
#1367603
0)
#1367617
1Y
#1367627
0*
#1367645
1(
#1367655
0#
#1367673
1&
#1367683
0'
#1367701
1)
#1367715
xV
#1367727
0$
#1367744
1*
#1367754
#1367788
0*
#1367802
1`
#1367814
#1367825
0Y
#1367839
1Y
#1367850
0%
#1367867
1#
#1367877
0V
#1367892
1'
#1367902
#1368002
#1368031
#1368056
0'
#1368070
1W
#1368081
0R
#1368094
1R
#1368127
#1368137
#1368156
0`
#1368171
1$
#1368249
#1368265
0W
#1368280
1*
#1368298
#1368329
#1368341
0Y
#1368355
1X
#1368365
0$
#1368379
1Y
#1368402
#1368479
#1368489
0X
#1368504
1%
#1368522
1!
#1368523
0!
#1368528
#1368549
#1368630
0R
#1368643
1P
#1368654
0*
#1368668
1R
#1368679
#1368697
#1368774
#1368783
0P
#1368798
1'
#1368831
#1368912
0Y
#1368926
1\
#1368936
0&
#1368950
1Y
#1368961
#1368979
#1369056
#1369065
0\
#1369081
1$
#1369113
#1369194
0R
#1369208
1^
#1369218
0$
#1369232
1R
#1369243
#1369261
#1369338
#1369348
0^
#1369363
1*
#1369381
1!
#1369382
0!
#1369387
#1369483
#1369514
0*
#1369527
1]
#1369538
0Y
#1369551
1Y
#1369562
#1369574
0R
#1369589
1&
#1369606
#1369616
#1369646
0&
#1369660
1S
#1369670
0]
#1369684
1]
#1369696
#1369714
#1369731
#1369774
0S
#1369787
1"
#1369797
0Y
#1369814
1$
#1369826
#1369837
0]
#1369855
1*
#1369947
0"
#1369970
1S
#1369980
0'
#1369993
1Y
#1370004
0%
#1370018
1]
#1370028
0(
#1370046
1&
#1370056
0$
#1370073
1'
#1370083
#1370111
0)
#1370125
1`
#1370136
0#
#1370153
1%
#1370167
xY
#1370179
0*
#1370196
1(
#1370207
0S
#1370221
1S
#1370229
#1370239
#1370250
#1370260
0'
#1370277
1$
#1370286
#1370296
0Y
#1370311
1)
#1370343
#1370381
1!
#1370382
0!
#1370387
#1370400
0`
#1370413
1W
#1370424
0(
#1370438
1`
#1370449
#1370467
#1370559
#1370589
0]
#1370601
1X
#1370663
#1370697
0$
#1370710
1"
#1370721
0S
#1370737
1#
#1370758
#1370769
0`
#1370786
1*
#1370796
0#
#1370813
1'
#1370823
0X
#1370841
1(
#1370851
0W
#1370869
1$
#1370961
0"
#1370984
1S
#1370994
0)
#1371007
1`
#1371018
0(
#1371032
1X
#1371042
0&
#1371056
1W
#1371067
0$
#1371084
1#
#1371094
0*
#1371112
1)
#1371122
0%
#1371140
1(
#1371150
0'
#1371167
1&
#1371181
x`
#1371193
#1371210
#1371226
0`
#1371241
1$
#1371327
0X
#1371342
1*
#1371354
#1371399
#1371408
0W
#1371422
1P
#1371432
0&
#1371446
1W
#1371474
1!
#1371475
0!
#1371480
#1371508
#1371527
#1371552
#1371668
#1371698
0S
#1371709
1\
#1371720
0P
#1371734
1P
#1371745
#1371757
0)
#1371774
1%
#1371784
#1371869
#1371899
0W
#1371910
1^
#1371920
#1371929
0\
#1371943
1\
#1371954
#1371966
#1371975
0%
#1371993
1'
#1372016
#1372040
#1372121
0'
#1372136
1R
#1372146
0^
#1372160
1^
#1372172
#1372183
#1372198
#1372357
0P
#1372371
1&
#1372383
1!
#1372384
0!
#1372389
#1372401
0R
#1372416
1)
#1372428
#1372465
0)
#1372478
1]
#1372490
#1372502
0\
#1372515
1\
#1372539
#1372549
#1372578
#1372588
0^
#1372602
1X
#1372612
0(
#1372626
1^
#1372644
#1372670
#1372748
#1372778
0]
#1372790
1S
#1372800
0X
#1372814
1X
#1372824
#1372834
#1372845
#1372855
0#
#1372872
1%
#1372965
0\
#1372980
1'
#1373066
#1373095
#1373105
0S
#1373118
1W
#1373128
0^
#1373140
1S
#1373150
0'
#1373168
1)
#1373179
#1373197
#1373221
#1373251
#1373260
0W
#1373274
1P
#1373342
0)
#1373356
1W
#1373368
#1373379
#1373389
1!
#1373390
0!
#1373395
#1373407
#1373573
#1373610
0P
#1373622
1R
#1373632
0%
#1373649
1(
#1373660
#1373679
0X
#1373694
1#
#1373772
0S
#1373785
1S
#1373796
0R
#1373811
1'
#1373821
#1373836
#1373846
#1373883
0W
#1373897
1]
#1373907
0#
#1373921
1W
#1373932
#1373950
#1374034
#1374044
#1374074
0]
#1374086
1\
#1374096
0S
#1374110
1S
#1374121
#1374133
0'
#1374150
1)
#1374167
#1374191
#1374222
#1374235
#1374267
0\
#1374280
1"
#1374290
0)
#1374307
1%
#1374322
0S
#1374340
1#
#1374350
0"
#1374363
1"
#1374373
0W
#1374391
1'
#1374403
#1374415
1!
#1374416
0!
#1374420
#1374515
0"
#1374538
1^
#1374548
0$
#1374561
1\
#1374572
0*
#1374586
1S
#1374596
0&
#1374610
1W
#1374621
0(
#1374638
1)
#1374655
0%
#1374673
1$
#1374682
#1374695
xS
#1374708
0#
#1374725
1*
#1374735
0'
#1374752
1&
#1374762
#1374845
#1374875
0^
#1374886
1P
#1374903
0W
#1374917
1W
#1374928
#1374939
#1374955
0&
#1374972
1(
#1374990
0S
#1375005
1%
#1375023
#1375054
#1375089
0\
#1375102
1"
#1375112
0(
#1375129
1#
#1375139
0W
#1375156
1'
#1375167
0P
#1375185
1&
#1375203
0"
#1375216
1"
#1375243
#1375353
0"
#1375375
1X
#1375386
0'
#1375399
1\
#1375409
0)
#1375423
1W
#1375434
0*
#1375448
1P
#1375458
0&
#1375476
1(
#1375487
1!
#1375488
0!
#1375493
#1375509
xW
#1375521
0$
#1375538
1'
#1375550
#1375630
#1375639
0#
#1375655
1)
#1375673
0W
#1375687
1*
#1375697
0P
#1375713
1&
#1375723
0%
#1375741
1$
#1375759
#1375790
#1375820
0X
#1375833
1"
#1375844
0)
#1375861
1#
#1375871
0\
#1375889
1%
#1375908
0"
#1375920
1"
#1375948
#1376057
0"
#1376079
1R
#1376090
0%
#1376103
1X
#1376114
0*
#1376127
1\
#1376138
0&
#1376155
1)
#1376166
0#
#1376183
1%
#1376197
x\
#1376210
0'
#1376227
1*
#1376237
0$
#1376254
1&
#1376265
0(
#1376282
1#
#1376293
#1376311
#1376328
0\
#1376343
1'
#1376360
#1376370
#1376408
0%
#1376422
1]
#1376449
#1376462
1!
#1376463
0!
#1376468
#1376504
0R
#1376517
1R
#1376535
#1376618
0X
#1376633
1$
#1376645
#1376682
0*
#1376695
1^
#1376706
0]
#1376720
1]
#1376731
#1376744
#1376787
0R
#1376800
1"
#1376810
0^
#1376828
1(
#1376838
0]
#1376856
1%
#1376867
#1376963
0"
#1376986
1R
#1376996
0$
#1377010
1^
#1377020
0'
#1377034
1]
#1377044
0)
#1377062
1*
#1377072
0%
#1377090
1$
#1377100
0#
#1377118
1'
#1377132
xR
#1377144
0&
#1377161
1)
#1377170
#1377184
#1377193
0(
#1377210
1%
#1377220
0R
#1377236
1#
#1377247
#1377284
0$
#1377298
1P
#1377308
0^
#1377322
1^
#1377333
#1377344
#1377443
1!
#1377444
0!
#1377449
#1377461
#1377471
#1377524
0%
#1377538
1X
#1377565
#1377577
0]
#1377591
1]
#1377608
0P
#1377623
1&
#1377633
#1377717
#1377747
#1377756
0^
#1377769
1P
#1377780
0&
#1377794
1^
#1377812
#1377830
#1377906
#1377915
0]
#1377930
1(
#1377963
#1377991
0X
#1378005
1X
#1378015
0P
#1378029
1P
#1378040
#1378052
#1378136
#1378165
#1378175
0X
#1378188
1]
#1378198
0^
#1378210
1X
#1378220
0'
#1378238
1$
#1378249
#1378274
#1378284
#1378314
#1378324
#1378336
0$
#1378350
1^
#1378360
0]
#1378374
1]
#1378398
#1378408
#1378422
#1378435
1!
#1378436
0!
#1378441
#1378453
#1378469
0P
#1378483
1P
#1378501
#1378513
#1378530
0X
#1378544
1X
#1378554
#1378564
#1378665
#1378693
#1378753
0]
#1378767
1]
#1378777
0^
#1378792
1^
#1378801
#1378812
#1378823
#1378838
#1378942
0^
#1378957
1%
#1378976
#1379057
0P
#1379071
1^
#1379081
0%
#1379096
1P
#1379158
#1379176
#1379273
0^
#1379288
1&
#1379299
#1379340
0P
#1379353
1"
#1379363
0X
#1379380
1'
#1379392
#1379402
0]
#1379420
1$
#1379432
1!
#1379433
0!
#1379438
#1379532
0"
#1379555
1P
#1379565
0#
#1379579
1X
#1379589
0)
#1379603
1]
#1379613
0&
#1379631
1%
#1379641
0(
#1379659
1#
#1379673
xP
#1379685
0'
#1379702
1)
#1379781
0$
#1379798
1&
#1379807
#1379844
0]
#1379854
1^
#1379865
0*
#1379882
1(
#1379892
0P
#1379907
1'
#1379918
0)
#1379935
1$
#1379947
#1379967
0X
#1379980
1X
#1379997
#1380007
#1380053
0$
#1380066
1]
#1380077
0^
#1380091
1^
#1380102
#1380129
#1380145
#1380155
#1380175
0]
#1380189
1]
#1380200
#1380211
#1380220
#1380235
#1380409
#1380437
0^
#1380450
1^
#1380461
0]
#1380476
1*
#1380487
#1380500
1!
#1380501
0!
#1380506
#1380525
0X
#1380539
1X
#1380550
#1380580
0*
#1380594
1]
#1380605
0^
#1380618
1^
#1380630
#1380641
#1380650
#1380665
#1380682
#1380696
#1380734
0]
#1380747
1"
#1380758
0X
#1380775
1)
#1380786
0^
#1380803
1$
#1380814
0"
#1380827
1"
#1380842
#1380938
0"
#1380960
1]
#1380971
0)
#1380984
1X
#1380994
0$
#1381008
1^
#1381019
0%
#1381036
1*
#1381047
0'
#1381064
1)
#1381074
#1381092
x^
#1381105
0(
#1381122
1$
#1381132
0#
#1381149
1%
#1381160
0&
#1381177
1'
#1381195
#1381208
#1381243
0^
#1381254
1"
#1381264
0]
#1381281
1(
#1381293
#1381304
0X
#1381321
1#
#1381424
1!
#1381425
0!
#1381429
#1381458
0"
#1381481
1]
#1381491
0*
#1381505
1X
#1381515
0%
#1381533
1&
#1381543
0'
#1381561
1*
#1381571
0$
#1381589
1%
#1381599
0(
#1381617
1'
#1381627
0)
#1381645
1$
#1381662
x]
#1381674
0#
#1381691
1(
#1381707
0]
#1381722
1)
#1381734
#1381751
0X
#1381764
1X
#1381777
#1381788
#1381810
#1381835
#1381853
0X
#1381866
1X
#1381879
#1381889
#1381911
#1381937
#1381954
0X
#1381967
1X
#1381981
#1381991
#1382013
#1382038
#1382056
0X
#1382069
1X
#1382082
#1382093
#1382114
#1382140
#1382158
0X
#1382171
1X
#1382184
#1382206
#1382239
0X
#1382252
1"
#1382267
#1382280
#1382313
#1382347
#1382375
1!
#1382376
0!
#1382381
#1382406
0"
#1382419
1"
#1382436
0"
#1382449
1"
#1382465
0"
#1382478
1"
#1382494
0"
#1382507
1"
#1382523
0"
#1382536
1"
#1382552
0"
#1382565
1"
#1382582
0"
#1382595
1"
#1382611
0"
#1382624
1"
#1382744
#1382787
#1382830
#1382852
#1382899
#1382987
0s
#1383077
0t
#1383168
0u
#1383258
0v
#1383349
0w
#1383384
1!
#1383385
0!
#1383390
#1383456
0x
#1383546
0y
#1383637
0z
#1383728
0{
#1383818
0|
#1383909
0}
#1383999
0~
#1384090
0!!
#1384180
0"!
#1384271
0#!
#1384361
0$!
#1384375
1!
#1384376
0!
#1384381
#1384467
0%!
#1384558
0&!
#1384656
0"
#1384679
1X
#1384689
0$
#1384702
1s
#1384713
0*
#1384727
1t
#1384737
0'
#1384751
1u
#1384762
0(
#1384776
1v
#1384787
0)
#1384802
1w
#1384812
#1384820
#1384833
xX
#1384845
0%
#1384861
1x
#1384871
0&
#1384887
1y
#1384896
#1384905
#1384913
#1384937
#1384963
#1384981
0s
#1384996
1z
#1385007
#1385018
#1385026
#1385036
#1385047
#1385057
#1385068
0X
#1385081
1{
#1385098
0t
#1385115
1|
#1385126
#1385144
0w
#1385160
1}
#1385171
#1385181
#1385197
0x
#1385214
1~
#1385225
#1385236
0v
#1385252
1!!
#1385262
0z
#1385278
1"!
#1385288
#1385297
#1385306
0y
#1385322
1#!
#1385332
0u
#1385348
1$!
#1385358
#1385367
#1385382
#1385391
#1385487
0|
#1385501
1%!
#1385510
#1385666
0#!
#1385679
1&!
#1385704
0}
#1385718
1s
#1385854
0{
#1385867
1t
#1385877
#1385893
0s
#1385909
1w
#1385919
0t
#1385935
1x
#1385944
#1385953
0~
#1385967
1v
#1385984
0w
#1386000
1z
#1386011
0x
#1386027
1y
#1386052
1!
#1386053
0!
#1386058
#1386071
0z
#1386087
1u
#1386097
0y
#1386113
1s
#1386124
0v
#1386140
1t
#1386224
0"!
#1386238
1w
#1386316
#1386388
0u
#1386403
1x
#1386427
0%!
#1386440
1z
#1386465
#1386479
#1386491
0$!
#1386505
1y
#1386537
1!
#1386538
0!
#1386543
#1386661
#1386762
0!!
#1386775
1v
#1386786
#1386829
#1386909
#1387004
0x
#1387016
1u
#1387026
0z
#1387040
1|
#1387050
0y
#1387066
1#!
#1387217
#1387228
#1387257
0#!
#1387273
1y
#1387341
0s
#1387354
1x
#1387366
#1387376
#1387384
#1387401
#1387429
#1387448
0&!
#1387464
1#!
#1387539
0#!
#1387555
1}
#1387565
#1387573
#1387583
#1387595
1!
#1387596
0!
#1387601
#1387682
#1387917
0|
#1387932
1&!
#1388002
0&!
#1388017
1#!
#1388027
0y
#1388039
1z
#1388049
#1388065
0w
#1388078
1|
#1388089
#1388117
#1388129
0|
#1388144
1&!
#1388155
0}
#1388168
1{
#1388178
0t
#1388191
1|
#1388229
#1388238
#1388410
0#!
#1388424
1#
#1388434
0z
#1388448
1$
#1388458
#1388485
1!
#1388486
0!
#1388491
#1388512
#1388531
#1388627
#1388654
0v
#1388670
1s
#1388761
0$
#1388776
1v
#1388863
0v
#1388877
1v
#1388888
0u
#1388902
1*
#1388913
#1388942
0{
#1388955
1~
#1388969
#1388980
#1388991
#1389021
0#
#1389036
1y
#1389054
0*
#1389071
1'
#1389080
#1389089
0~
#1389105
1~
#1389167
#1389179
0~
#1389195
1~
#1389322
#1389352
#1389381
#1389399
0s
#1389413
1"!
#1389423
0'
#1389439
1#!
#1389522
#1389534
#1389563
0x
#1389579
1z
#1389588
#1389605
#1389735
1!
#1389736
0!
#1389741
#1389755
#1389767
#1389794
#1389811
#1390038
#1390067
0z
#1390080
1x
#1390097
0x
#1390112
1$!
#1390122
0~
#1390136
1%!
#1390145
#1390154
#1390162
#1390171
0v
#1390185
1s
#1390195
0"!
#1390212
1x
#1390223
#1390256
#1390266
#1390278
#1390291
#1390317
#1390345
#1390354
0$!
#1390370
1"!
#1390387
0%!
#1390403
1!!
#1390427
#1390570
0!!
#1390583
1~
#1390593
0|
#1390607
1$!
#1390624
0$!
#1390641
1%!
#1390719
#1390745
0%!
#1390760
1$!
#1390772
1!
#1390773
0!
#1390778
#1390852
#1390879
0#!
#1390892
1%!
#1390991
#1391002
0y
#1391016
1}
#1391040
0"!
#1391056
1"!
#1391066
0~
#1391080
1(
#1391092
#1391121
#1391238
#1391248
#1391327
0&!
#1391343
1v
#1391353
0}
#1391366
1&!
#1391390
0&!
#1391406
1&!
#1391417
#1391517
#1391533
0v
#1391546
1t
#1391557
#1391586
#1391612
0(
#1391628
1z
#1391639
#1391669
#1391688
#1391700
#1391734
0t
#1391750
1~
#1391761
#1391864
#1391892
0$!
#1391906
1w
#1391917
#1391935
#1391946
1!
#1391947
0!
#1391951
#1391972
#1391983
#1391991
#1392081
0x
#1392097
1t
#1392108
#1392136
#1392147
0&!
#1392161
1{
#1392171
0t
#1392187
1v
#1392197
#1392205
#1392214
#1392223
0w
#1392239
1x
#1392251
#1392290
#1392388
1!
#1392389
0!
#1392393
#1392457
0{
#1392473
1u
#1392504
0s
#1392518
1t
#1392529
#1392602
#1392642
0%!
#1392656
1w
#1392674
#1392704
#1392730
#1392757
0w
#1392773
1$!
#1392784
#1392799
#1392809
#1392818
0x
#1392834
1{
#1392851
#1392912
#1392940
#1392951
#1392966
#1392983
#1392993
#1393003
0{
#1393019
1!!
#1393030
#1393043
#1393053
#1393078
#1393105
0z
#1393122
1&!
#1393133
#1393143
#1393152
#1393160
#1393169
0"!
#1393186
1|
#1393203
0t
#1393219
1w
#1393230
#1393336
0!!
#1393349
1x
#1393367
0u
#1393383
1y
#1393587
0w
#1393599
1{
#1393624
0~
#1393637
1#!
#1393708
1!
#1393709
0!
#1393714
#1393734
0y
#1393747
1z
#1393877
0v
#1393890
1"!
#1393900
0#!
#1393913
1t
#1393924
0z
#1393939
1u
#1393957
0"!
#1393972
1z
#1393990
0t
#1394006
1"!
#1394016
0u
#1394032
1t
#1394049
0|
#1394062
1u
#1394155
#1394198
#1394225
0$!
#1394238
1w
#1394330
0"!
#1394344
1)
#1394379
1!
#1394380
0!
#1394384
#1394613
0z
#1394626
1%
#1394637
0x
#1394651
1&
#1394798
#1394829
#1394857
0t
#1394868
1"!
#1394879
0w
#1394890
1}
#1394900
#1394910
#1394922
0{
#1394937
1$
#1394948
#1394966
#1394975
0&
#1394992
1#
#1395003
0)
#1395020
1*
#1395038
#1395081
#1395111
0$
#1395125
1s
#1395135
#1395144
0*
#1395160
1z
#1395170
0}
#1395185
1}
#1395196
#1395207
0}
#1395222
1}
#1395263
#1395348
0s
#1395363
1'
#1395374
#1395406
#1395417
#1395426
0&!
#1395441
1x
#1395496
#1395524
#1395552
0#
#1395567
1&!
#1395576
#1395636
#1395645
0'
#1395661
1%!
#1395670
#1395681
#1395693
1!
#1395694
0!
#1395698
#1395712
#1395797
#1395806
0x
#1395819
1!!
#1395844
0%!
#1395859
1%!
#1395870
0%
#1395887
1(
#1395964
0%!
#1395979
1%!
#1395990
#1396020
0u
#1396036
1t
#1396060
0(
#1396076
1u
#1396087
#1396099
0u
#1396115
1u
#1396139
0&!
#1396154
1&!
#1396164
0z
#1396179
1&
#1396197
#1396424
#1396442
0&
#1396458
1|
#1396469
#1396497
#1396506
0t
#1396520
1{
#1396588
0"!
#1396604
1"!
#1396675
#1396701
0!!
#1396715
1)
#1396725
0"!
#1396741
1"!
#1396826
#1396856
0|
#1396869
1w
#1396881
#1396893
#1396921
1!
#1396922
0!
#1396927
#1396939
#1396947
#1397045
#1397078
#1397154
#1397231
0u
#1397243
1~
#1397253
0w
#1397266
1y
#1397277
#1397295
0{
#1397310
1$
#1397321
#1397332
0)
#1397349
1*
#1397359
#1397376
#1397413
0}
#1397428
1x
#1397438
0*
#1397454
1}
#1397546
#1397575
0~
#1397590
1v
#1397601
0y
#1397614
1~
#1397676
#1397688
0~
#1397703
1~
#1397715
1!
#1397716
0!
#1397720
#1397740
0$
#1397757
1#
#1397768
#1397780
#1397885
#1397911
0#
#1397927
1t
#1397937
0v
#1397951
1#!
#1397962
#1397974
0}
#1397990
1}
#1398001
#1398018
#1398056
0&!
#1398072
1&!
#1398141
#1398218
0&!
#1398233
1&!
#1398245
#1398273
0}
#1398286
1{
#1398298
#1398309
#1398318
0%!
#1398334
1%!
#1398358
0%!
#1398373
1%!
#1398384
#1398426
#1398454
#1398463
0#!
#1398477
1$!
#1398502
#1398570
0x
#1398586
1u
#1398596
#1398606
#1398619
#1398653
#1398663
#1398673
#1398689
0"!
#1398706
1x
#1398723
0x
#1398739
1s
#1398818
1!
#1398819
0!
#1398824
#1398837
0%!
#1398850
1"!
#1398867
#1398890
0"!
#1398906
1x
#1399005
#1399034
#1399046
0$!
#1399060
1"!
#1399339
0t
#1399351
1w
#1399361
0&!
#1399375
1'
#1399385
0s
#1399399
1%
#1399438
1!
#1399439
0!
#1399444
#1399532
0w
#1399546
1(
#1399685
0u
#1399699
1&
#1399709
0~
#1399724
1)
#1399735
#1399764
0%
#1399778
1z
#1399788
#1399798
#1399810
#1399840
0"!
#1399852
1}
#1399870
#1399881
#1399890
0)
#1399908
1*
#1399918
0z
#1399932
1z
#1399950
#1399980
#1399991
0*
#1400006
1!!
#1400015
#1400031
#1400108
#1400138
0{
#1400153
1%!
#1400170
0z
#1400184
1{
#1400195
#1400224
#1400243
0'
#1400258
1z
#1400269
#1400279
#1400295
0{
#1400310
1|
#1400320
0x
#1400335
1{
#1400345
#1400354
0(
#1400369
1x
#1400401
#1400498
0x
#1400513
1u
#1400523
0|
#1400536
1x
#1400547
#1400574
#1400601
#1400628
#1400638
#1400656
#1400672
0!!
#1400686
1y
#1400718
#1400745
#1400757
#1400835
#1400844
0x
#1400857
1&!
#1400876
1!
#1400877
0!
#1400882
#1400894
0&
#1400911
1v
#1400922
#1400951
#1401044
0y
#1401060
1w
#1401070
0{
#1401084
1y
#1401161
#1401170
0%!
#1401186
1%!
#1401203
0v
#1401217
1$
#1401228
0%!
#1401243
1%!
#1401328
0y
#1401343
1y
#1401375
#1401474
#1401493
0$
#1401508
1"!
#1401519
#1401547
0w
#1401560
1#!
#1401577
0u
#1401591
1#
#1401675
#1401685
#1401706
1!
#1401707
0!
#1401711
#1401785
#1401815
#1401824
0#!
#1401839
1x
#1401856
0}
#1401868
1#!
#1401879
0"!
#1401893
1%
#1401904
0#
#1401921
1)
#1401931
0#!
#1401946
1#!
#1401964
#1401991
#1402077
#1402087
#1402099
#1402195
0%
#1402210
1$!
#1402220
0)
#1402236
1t
#1402246
0y
#1402261
1*
#1402272
#1402289
#1402298
0z
#1402314
1z
#1402331
0$!
#1402347
1$!
#1402424
0$!
#1402439
1$!
#1402449
0z
#1402465
1z
#1402491
#1402520
#1402611
#1402623
0t
#1402636
1{
#1402653
#1402663
1!
#1402664
0!
#1402669
#1402688
0%!
#1402703
1'
#1402849
#1402884
0{
#1402896
1s
#1402907
0'
#1402923
1(
#1402935
#1402952
0*
#1402969
1&
#1403054
0&!
#1403068
1&!
#1403139
0&!
#1403153
1&!
#1403163
0s
#1403177
1$
#1403188
#1403219
0z
#1403230
1w
#1403240
#1403264
#1403275
0&
#1403292
1#
#1403303
0#!
#1403318
1%
#1403334
#1403344
#1403449
1!
#1403450
0!
#1403455
#1403467
#1403476
0w
#1403488
1~
#1403499
#1403509
#1403525
0x
#1403539
1x
#1403551
#1403580
0#
#1403595
1"!
#1403605
0(
#1403623
1)
#1403633
0x
#1403648
1x
#1403659
#1403693
#1403805
#1403817
0~
#1403829
1y
#1403847
#1403926
#1403953
#1403963
#1403974
0$
#1403989
1!!
#1404000
0)
#1404015
1|
#1404025
#1404033
#1404043
0$!
#1404058
1$!
#1404070
#1404087
0$!
#1404103
1$!
#1404119
#1404218
0y
#1404232
1'
#1404303
0%
#1404319
1*
#1404330
0|
#1404344
1|
#1404355
#1404407
0|
#1404422
1{
#1404433
#1404511
0"!
#1404524
1|
#1404536
1!
#1404537
0!
#1404541
#1404554
0'
#1404570
1v
#1404581
#1404592
#1404602
#1404627
0*
#1404644
1&
#1404668
#1404677
0&!
#1404693
1&!
#1404770
0v
#1404784
1#
#1404856
#1404886
0!!
#1404899
1z
#1404909
0&!
#1404924
1&!
#1404936
#1404977
#1405005
0#
#1405020
1u
#1405173
0|
#1405187
1(
#1405197
0$!
#1405212
1$
#1405223
#1405234
0&
#1405252
1)
#1405343
0x
#1405358
1x
#1405369
#1405398
#1405408
0&!
#1405420
1#!
#1405430
#1405499
0x
#1405513
1x
#1405525
#1405537
0(
#1405553
1%
#1405565
1!
#1405566
0!
#1405571
#1405598
#1405640
#1405649
0u
#1405661
1}
#1405671
#1405688
#1405776
#1405805
0%
#1405820
1w
#1405830
0$
#1405847
1'
#1405917
0}
#1405932
1}
#1405942
0x
#1405956
1*
#1405973
0{
#1405988
1#
#1405999
0}
#1406013
1}
#1406031
#1406058
#1406138
0*
#1406152
1t
#1406162
#1406186
#1406218
#1406285
#1406295
0z
#1406310
1y
#1406320
0#
#1406335
1z
#1406407
#1406425
0z
#1406440
1z
#1406450
0t
#1406465
1&
#1406490
#1406542
#1406571
1!
#1406572
0!
#1406577
#1406590
0'
#1406605
1|
#1406616
#1406634
#1406651
#1406679
0&
#1406695
1%!
#1406824
#1406834
#1406843
#1406859
0)
#1406875
1s
#1406886
#1406915
0%!
#1406930
1$!
#1406942
#1407003
0}
#1407017
1%!
#1407035
#1407046
#1407062
0%!
#1407078
1%!
#1407185
#1407219
0#!
#1407235
1~
#1407297
#1407326
#1407410
#1407486
0s
#1407499
1#!
#1407509
0y
#1407523
1&!
#1407532
#1407541
0w
#1407556
1(
#1407567
#1407654
0~
#1407669
1~
#1407680
1!
#1407681
0!
#1407686
#1407706
0$!
#1407720
1%
#1407730
0~
#1407746
1~
#1407757
#1407807
0(
#1407822
1"!
#1407833
0#!
#1407848
1#!
#1407858
#1407868
#1408020
#1408031
#1408061
0~
#1408073
1x
#1408098
#1408118
#1408144
0z
#1408159
1v
#1408170
0%
#1408185
1z
#1408197
#1408214
0z
#1408230
1z
#1408240
0%!
#1408255
1$
#1408271
#1408363
0x
#1408377
1*
#1408516
0z
#1408530
1#
#1408540
0"!
#1408555
1'
#1408572
0|
#1408587
1|
#1408596
#1408666
0|
#1408680
1|
#1408690
0v
#1408705
1&
#1408717
1!
#1408718
0!
#1408722
#1408743
#1408780
0'
#1408795
1}
#1408873
#1408885
0&!
#1408900
1)
#1408932
#1409014
#1409048
0#
#1409063
1$!
#1409073
0*
#1409088
1!!
#1409099
#1409129
#1409142
#1409159
#1409167
#1409183
0!!
#1409198
1u
#1409208
#1409218
#1409248
#1409317
0&
#1409332
1!!
#1409350
0!!
#1409365
1%!
#1409376
0$
#1409391
1!!
#1409403
#1409414
#1409439
1!
#1409440
0!
#1409444
#1409547
#1409652
#1409679
0u
#1409693
1~
#1409705
#1409731
0|
#1409744
1{
#1409755
#1409841
0!!
#1409854
1u
#1409863
#1409872
#1409881
0#!
#1409894
1t
#1409906
#1409916
0u
#1409932
1u
#1409942
#1409951
0)
#1409968
1(
#1409993
#1410024
#1410036
0(
#1410052
1x
#1410084
#1410119
#1410129
#1410205
#1410215
#1410294
0{
#1410309
1s
#1410320
#1410349
0~
#1410362
1{
#1410392
0{
#1410408
1z
#1410478
0x
#1410492
1{
#1410501
#1410518
0t
#1410534
1t
#1410544
0s
#1410558
1%
#1410576
#1410606
#1410616
#1410626
0$!
#1410641
1y
#1410653
#1410671
0%!
#1410687
1$!
#1410705
0$!
#1410720
1%!
#1410730
#1410867
0%!
#1410882
1$!
#1410899
0}
#1410911
1%!
#1410937
1!
#1410938
0!
#1410943
#1410963
0t
#1410978
1t
#1411049
0%
#1411065
1'
#1411075
0{
#1411089
1#
#1411100
0u
#1411114
1*
#1411200
#1411245
#1411256
0*
#1411271
1!!
#1411281
0y
#1411296
1&
#1411321
#1411357
0&
#1411372
1w
#1411382
#1411527
0!!
#1411541
1$
#1411551
0$!
#1411566
1)
#1411578
#1411588
#1411614
1!
#1411615
0!
#1411618
#1411700
0w
#1411713
1w
#1411732
#1411762
0w
#1411776
1~
#1411800
0t
#1411812
1w
#1411823
#1411851
0$
#1411866
1"!
#1411876
0)
#1411894
1(
#1411905
#1411917
#1411929
0"!
#1411944
1"!
#1412014
0"!
#1412028
1"!
#1412039
0z
#1412054
1%
#1412063
#1412169
#1412199
#1412209
#1412228
0w
#1412240
1x
#1412378
1!
#1412379
0!
#1412383
#1412434
0%!
#1412448
1*
#1412459
0x
#1412474
1&
#1412485
#1412513
0%
#1412527
1v
#1412537
0*
#1412555
1$
#1412566
#1412596
#1412606
#1412617
0$
#1412631
1{
#1412641
#1412651
#1412678
#1412707
#1412718
0v
#1412733
1&!
#1412742
#1412752
0~
#1412766
1v
#1412789
#1412798
0v
#1412813
1~
#1412884
#1412914
0(
#1412928
1v
#1412939
0&!
#1412951
1!!
#1412969
#1413077
0~
#1413092
1~
#1413109
0v
#1413124
1)
#1413202
#1413232
0"!
#1413243
1$!
#1413255
#1413282
0#
#1413297
1#!
#1413307
0)
#1413324
1%
#1413335
#1413355
#1413379
#1413389
1!
#1413390
0!
#1413395
#1413408
0#!
#1413422
1#!
#1413500
0#!
#1413515
1#!
#1413525
0$!
#1413540
1*
#1413551
#1413581
#1413608
#1413617
0'
#1413632
1t
#1413648
#1413666
#1413678
#1413719
#1413727
#1413744
0&
#1413759
1|
#1413770
#1413848
0%
#1413863
1s
#1413875
#1413887
#1413898
0*
#1413914
1w
#1413924
0{
#1413940
1{
#1413951
#1413963
#1413979
0{
#1413995
1{
#1414019
0s
#1414035
1s
#1414208
0s
#1414223
1s
#1414234
#1414323
0|
#1414336
1x
#1414346
0#!
#1414360
1$
#1414377
0!!
#1414392
1(
#1414477
#1414490
#1414525
#1414543
1!
#1414544
0!
#1414548
#1414697
#1414732
0$
#1414746
1}
#1414758
#1414785
0x
#1414798
1u
#1414814
#1414823
0~
#1414836
1v
#1414846
0(
#1414863
1#
#1414873
0{
#1414888
1)
#1414899
#1414935
0)
#1414950
1y
#1414960
#1414970
#1414982
#1414992
#1415002
0y
#1415017
1y
#1415027
#1415037
#1415048
0y
#1415064
1y
#1415104
#1415123
0u
#1415139
1u
#1415148
#1415158
0}
#1415173
1}
#1415258
0u
#1415273
1u
#1415284
0}
#1415299
1}
#1415310
#1415556
0s
#1415568
1$!
#1415578
0t
#1415592
1'
#1415603
#1415616
#1415644
0#
#1415658
1z
#1415669
0w
#1415683
1&
#1415693
#1415703
#1415714
0y
#1415728
1%
#1415739
0'
#1415756
1*
#1415773
#1415858
#1415895
0}
#1415907
1#!
#1415932
0%
#1415949
1$
#1415960
#1415973
#1416002
0z
#1416017
1%!
#1416079
1!
#1416080
0!
#1416085
#1416098
#1416116
0$
#1416131
1z
#1416149
0z
#1416164
1z
#1416249
#1416279
#1416288
0v
#1416303
1{
#1416313
0%!
#1416326
1v
#1416337
#1416348
#1416357
0v
#1416373
1v
#1416392
1!
#1416393
0!
#1416397
#1416507
#1416543
#1416570
0u
#1416582
1&!
#1416593
0*
#1416608
1x
#1416618
#1416628
#1416641
#1416665
#1416674
0$!
#1416690
1$!
#1416760
0$!
#1416776
1$!
#1416786
0&!
#1416800
1(
#1416812
#1416862
0&
#1416878
1y
#1416888
0(
#1416905
1)
#1416977
#1417070
0#!
#1417084
1#
#1417101
0v
#1417116
1'
#1417127
#1417157
#1417185
#1417245
0'
#1417261
1"!
#1417270
#1417286
0#
#1417302
1}
#1417313
#1417332
#1417362
#1417373
#1417389
#1417474
#1417500
0$!
#1417513
1|
#1417523
#1417539
0"!
#1417554
1!!
#1417633
#1417645
#1417656
0!!
#1417671
1"!
#1417682
0{
#1417695
1!!
#1417705
0z
#1417721
1z
#1417731
0)
#1417748
1%
#1417765
0!!
#1417781
1!!
#1417791
0z
#1417807
1z
#1417818
1!
#1417819
0!
#1417824
#1417912
#1417948
#1418031
0%
#1418047
1u
#1418057
0x
#1418071
1$
#1418081
0|
#1418096
1*
#1418107
#1418119
0"!
#1418134
1"!
#1418159
#1418194
#1418218
#1418297
0y
#1418312
1~
#1418321
#1418331
0*
#1418346
1y
#1418356
0u
#1418371
1&
#1418389
1!
#1418390
0!
#1418395
#1418415
#1418460
#1418472
0$
#1418487
1v
#1418566
#1418676
0y
#1418691
1s
#1418702
#1418729
#1418839
#1418856
#1418868
#1418895
0}
#1418909
1y
#1418921
#1418938
0~
#1418951
1$!
#1418969
#1418981
0s
#1418996
1w
#1419006
#1419015
0z
#1419028
1}
#1419039
0&
#1419055
1s
#1419072
0}
#1419088
1}
#1419188
#1419277
#1419356
#1419365
0s
#1419380
1{
#1419390
0v
#1419403
1s
#1419427
#1419455
0w
#1419468
1t
#1419492
#1419502
#1419521
1!
#1419522
0!
#1419526
#1419540
#1419577
#1419589
0!!
#1419602
1u
#1419694
0s
#1419709
1(
#1419720
#1419814
#1419894
#1419962
0(
#1419978
1%!
#1419988
#1419997
0"!
#1420013
1z
#1420023
#1420032
0t
#1420048
1"!
#1420065
#1420075
#1420183
#1420210
0%!
#1420223
1t
#1420425
#1420435
0}
#1420448
1&!
#1420459
#1420471
#1420506
0t
#1420522
1v
#1420600
1!
#1420601
0!
#1420606
#1420625
#1420635
0"!
#1420650
1t
#1420661
#1420688
0&!
#1420701
1"!
#1420713
#1420789
#1420873
0$!
#1420888
1#!
#1420899
#1420929
#1420939
#1420948
0z
#1420961
1$!
#1420985
0#!
#1421001
1s
#1421078
0t
#1421091
1#!
#1421109
0$!
#1421125
1$!
#1421136
#1421222
0y
#1421235
1'
#1421246
0#!
#1421261
1#!
#1421353
0u
#1421367
1#
#1421399
0s
#1421413
1)
#1421431
#1421463
1!
#1421464
0!
#1421468
#1421481
0#
#1421496
1z
#1421568
#1421598
#1421609
#1421618
0)
#1421633
1x
#1421643
#1421728
#1421806
0$!
#1421820
1%
#1421830
0x
#1421845
1x
#1421855
0z
#1421869
1*
#1421880
0x
#1421894
1x
#1421919
#1421955
0%
#1421970
1|
#1421979
#1421990
#1422000
#1422009
0{
#1422024
1$
#1422056
#1422199
#1422210
0*
#1422225
1}
#1422236
0|
#1422250
1|
#1422267
0v
#1422282
1&
#1422306
0|
#1422321
1|
#1422407
#1422436
0}
#1422448
1~
#1422465
#1422475
#1422504
#1422514
#1422525
0&
#1422540
1t
#1422619
#1422630
0"!
#1422645
1(
#1422657
1!
#1422658
0!
#1422662
#1422682
0'
#1422699
1#
#1422798
0t
#1422813
1)
#1422892
#1422922
0#!
#1422934
1s
#1422945
#1422973
0~
#1422987
1w
#1422998
0#
#1423012
1~
#1423024
#1423036
#1423061
0w
#1423076
1w
#1423087
#1423115
0(
#1423130
1!!
#1423141
#1423170
#1423179
#1423187
#1423196
#1423206
#1423217
0$
#1423233
1$!
#1423243
0)
#1423260
1%
#1423278
#1423290
0~
#1423306
1~
#1423317
#1423352
#1423368
#1423452
#1423463
0w
#1423479
1%!
#1423489
0x
#1423504
1w
#1423536
0!!
#1423551
1x
#1423569
0x
#1423584
1!!
#1423668
0%
#1423683
1x
#1423754
0|
#1423767
1*
#1423785
0%!
#1423799
1&
#1423810
1!
#1423811
0!
#1423816
#1423836
0~
#1423851
1'
#1423868
0!!
#1423883
1!!
#1424043
0x
#1424057
1#
#1424068
0w
#1424083
1(
#1424101
#1424250
0s
#1424261
1z
#1424272
0*
#1424289
1$
#1424300
#1424313
#1424356
0$
#1424370
1&!
#1424381
#1424411
#1424421
#1424440
1!
#1424441
0!
#1424445
#1424509
0&!
#1424523
1}
#1424535
#1424547
#1424574
#1424584
0&
#1424599
1&!
#1424622
#1424639
#1424668
0&!
#1424683
1y
#1424752
#1424779
0(
#1424794
1t
#1424805
#1424816
#1424825
0#
#1424841
1&!
#1424850
#1424860
#1424871
0'
#1424887
1u
#1424899
#1424910
#1424926
0y
#1424942
1y
#1425182
0y
#1425197
1y
#1425208
0u
#1425221
1)
#1425238
0t
#1425252
1%
#1425338
0&!
#1425352
1*
#1425369
0!!
#1425384
1$
#1425455
0$!
#1425469
1$!
#1425487
#1425519
1!
#1425520
0!
#1425525
#1425537
0z
#1425549
1~
#1425610
0$!
#1425624
1$!
#1425642
0$
#1425659
1&
#1425677
#1425706
0&
#1425721
1{
#1425730
#1425741
#1425753
#1425764
#1425773
0{
#1425788
1{
#1425893
0{
#1425907
1{
#1425918
0~
#1425932
1(
#1426018
0y
#1426033
1#
#1426051
#1426149
0}
#1426160
1x
#1426172
#1426199
0#
#1426214
1v
#1426224
0%
#1426242
1'
#1426253
#1426265
#1426277
0v
#1426291
1v
#1426309
0v
#1426323
1v
#1426333
#1426418
#1426447
#1426471
1!
#1426472
0!
#1426477
#1426490
0'
#1426504
1w
#1426515
#1426535
#1426631
0{
#1426643
1"!
#1426660
#1426670
#1426680
#1426689
0(
#1426706
1$
#1426717
0w
#1426731
1&
#1426749
0$!
#1426763
1$!
#1426774
#1426811
0$!
#1426825
1t
#1426836
0&
#1426851
1$!
#1426883
#1426913
#1426985
#1426997
0$
#1427011
1#!
#1427021
#1427030
0x
#1427045
1#
#1427055
0"!
#1427070
1"!
#1427094
#1427103
0"!
#1427118
1"!
#1427129
#1427224
0#
#1427239
1&!
#1427250
#1427350
0#!
#1427365
1%
#1427376
#1427474
0v
#1427486
1~
#1427548
#1427577
#1427589
0)
#1427604
1|
#1427614
0%
#1427631
1'
#1427641
#1427665
#1427682
#1427766
#1427797
0|
#1427811
1y
#1427895
#1427907
#1427936
1!
#1427937
0!
#1427942
#1427955
0*
#1427970
1|
#1427987
0'
#1428003
1%!
#1428013
0~
#1428028
1(
#1428037
#1428054
#1428084
#1428112
0|
#1428127
1s
#1428196
#1428224
#1428236
#1428297
#1428306
#1428314
#1428325
#1428336
0%!
#1428351
1{
#1428363
#1428373
#1428396
0(
#1428412
1|
#1428423
#1428453
#1428471
0$!
#1428488
1u
#1428640
0|
#1428653
1%!
#1428663
0"!
#1428677
1w
#1428686
#1428696
0s
#1428712
1$!
#1428729
0%!
#1428745
1s
#1428763
1!
#1428764
0!
#1428769
#1428850
#1428891
#1428920
0u
#1428934
1%!
#1428944
0s
#1428960
1!!
#1428971
#1428982
0$!
#1428998
1~
#1429024
#1429035
#1429058
#1429141
0t
#1429156
1s
#1429227
0&!
#1429240
1$!
#1429250
0!!
#1429264
1t
#1429282
#1429382
#1429392
0t
#1429407
1z
#1429426
#1429504
#1429513
0$!
#1429526
1t
#1429604
0y
#1429619
1y
#1429643
0y
#1429658
1y
#1429677
1!
#1429678
0!
#1429683
#1429702
0w
#1429716
1&
#1429735
#1429780
#1429791
0&
#1429807
1|
#1429818
#1429867
#1429897
#1430009
#1430018
0%!
#1430034
1}
#1430110
#1430137
0{
#1430153
1%!
#1430215
#1430233
#1430248
#1430257
#1430274
#1430433
0z
#1430448
1x
#1430459
0s
#1430472
1{
#1430489
0%!
#1430503
1z
#1430514
1!
#1430515
0!
#1430520
#1430532
0z
#1430548
1z
#1430843
0x
#1430856
1$
#1430867
#1430948
0y
#1430960
1$!
#1431021
0$
#1431037
1#
#1431047
0{
#1431062
1{
#1431073
0~
#1431087
1)
#1431098
#1431110
0}
#1431124
1%
#1431149
#1431180
#1431200
#1431235
0%
#1431250
1w
#1431260
0#
#1431276
1#!
#1431287
#1431318
#1431330
0)
#1431346
1s
#1431378
#1431411
#1431427
#1431570
0w
#1431583
1v
#1431593
#1431603
#1431705
0s
#1431718
1"!
#1431728
#1431737
0z
#1431751
1*
#1431763
#1431775
#1431792
#1431802
1!
#1431803
0!
#1431808
#1431821
#1431833
#1431877
0t
#1431893
1%!
#1431977
0*
#1431993
1t
#1432003
0v
#1432019
1v
#1432029
0#!
#1432045
1#!
#1432056
#1432069
#1432096
0"!
#1432110
1u
#1432171
0t
#1432187
1t
#1432197
0v
#1432213
1v
#1432224
0#!
#1432240
1#!
#1432249
#1432265
#1432275
#1432287
#1432315
#1432324
0u
#1432340
1w
#1432365
#1432480
#1432570
#1432589
0$!
#1432602
1u
#1432693
0t
#1432706
1s
#1432717
#1432747
#1432775
#1432802
#1432904
#1432931
0|
#1432944
1z
#1432956
1!
#1432957
0!
#1432962
#1432974
#1432983
0u
#1432999
1&!
#1433009
0#!
#1433022
1!!
#1433034
#1433053
#1433063
#1433078
#1433087
#1433103
0&!
#1433119
1x
#1433130
#1433222
0w
#1433238
1u
#1433315
0z
#1433328
1&!
#1433346
0x
#1433360
1w
#1433371
#1433400
0w
#1433416
1t
#1433432
#1433442
0!!
#1433458
1w
#1433535
0&!
#1433551
1!!
#1433562
#1433574
0!!
#1433589
1&!
#1433620
0%!
#1433634
1!!
#1433652
#1433679
#1433698
1!
#1433699
0!
#1433702
#1433902
0u
#1433915
1~
#1433925
0t
#1433939
1'
#1433951
#1433961
#1433978
#1434023
#1434035
0'
#1434051
1#!
#1434060
#1434092
#1434199
#1434217
#1434235
#1434244
0{
#1434260
1y
#1434270
0~
#1434286
1{
#1434369
0#!
#1434383
1~
#1434460
0{
#1434476
1{
#1434487
#1434567
1!
#1434568
0!
#1434573
#1434586
0s
#1434599
1z
#1434609
0v
#1434624
1(
#1434709
#1434737
0y
#1434751
1}
#1434760
#1434770
#1434782
#1434793
#1434809
0}
#1434825
1}
#1434835
0~
#1434851
1~
#1434868
0(
#1434885
1&
#1435098
0}
#1435112
1}
#1435122
0z
#1435136
1$
#1435146
0w
#1435161
1%
#1435178
0&!
#1435193
1#
#1435226
#1435315
#1435326
0#
#1435341
1u
#1435427
#1435455
0!!
#1435468
1"!
#1435545
#1435554
0u
#1435569
1)
#1435579
#1435595
0%
#1435612
1*
#1435624
#1435636
#1435667
#1435693
#1435721
0)
#1435736
1t
#1435747
#1435757
#1435767
0*
#1435782
1|
#1435792
0{
#1435807
1{
#1435824
#1435833
0"!
#1435848
1"!
#1435866
1!
#1435867
0!
#1435872
#1435885
0"!
#1435900
1"!
#1436052
0t
#1436066
1'
#1436085
#1436115
0{
#1436130
1#!
#1436207
0|
#1436219
1{
#1436237
#1436266
#1436285
0'
#1436300
1$!
#1436310
0&
#1436327
1(
#1436338
#1436349
#1436365
0~
#1436379
1#
#1436396
#1436480
0$!
#1436495
1$!
#1436506
#1436537
1!
#1436538
0!
#1436543
#1436606
0"!
#1436619
1&!
#1436629
0$!
#1436644
1$!
#1436683
#1436778
#1436807
0$!
#1436819
1z
#1436891
#1436919
#1436931
0}
#1436943
1x
#1436954
0#
#1436971
1%
#1436981
0$
#1436998
1)
#1437010
#1437020
#1437029
0(
#1437047
1*
#1437071
0x
#1437085
1x
#1437163
0x
#1437178
1x
#1437188
0{
#1437203
1'
#1437214
#1437263
#1437272
0'
#1437287
1%!
#1437297
#1437307
#1437324
#1437334
#1437381
1!
#1437382
0!
#1437386
#1437450
0%!
#1437465
1u
#1437543
0*
#1437557
1%!
#1437575
#1437604
0#!
#1437617
1v
#1437627
0%!
#1437642
1%!
#1437653
#1437664
#1437674
#1437686
0)
#1437703
1&
#1437726
#1437804
#1437835
#1437853
0&!
#1437868
1t
#1437954
#1437982
0v
#1437994
1&!
#1438004
0&
#1438019
1s
#1438036
0&!
#1438052
1&!
#1438070
#1438080
#1438097
#1438124
#1438134
#1438146
0%
#1438162
1"!
#1438267
0s
#1438281
1#
#1438353
#1438382
0x
#1438394
1y
#1438405
0u
#1438419
1$
#1438436
0z
#1438451
1z
#1438463
1!
#1438464
0!
#1438469
#1438550
#1438561
0z
#1438575
1z
#1438587
#1438617
#1438628
#1438637
0$
#1438653
1$!
#1438663
0#
#1438680
1(
#1438703
#1438780
0t
#1438794
1'
#1438805
#1438834
0$!
#1438846
1w
#1438856
#1438872
0'
#1438889
1*
#1438907
#1438924
#1438940
0%!
#1438956
1%!
#1439027
#1439058
#1439070
0y
#1439085
1{
#1439110
#1439138
0w
#1439150
1y
#1439161
0*
#1439176
1!!
#1439188
#1439198
#1439207
0(
#1439224
1)
#1439234
0%!
#1439250
1%!
#1439267
0y
#1439283
1y
#1439299
#1439316
#1439347
#1439454
0&!
#1439469
1u
#1439480
0!!
#1439493
1&!
#1439504
#1439530
0&!
#1439546
1|
#1439632
#1439643
#1439653
1!
#1439654
0!
#1439659
#1439671
0y
#1439684
1&!
#1439695
0|
#1439710
1|
#1439722
#1439756
0|
#1439772
1t
#1439782
#1439792
#1439899
0t
#1439912
1|
#1439923
#1439957
#1439968
#1440051
0)
#1440067
1~
#1440145
0u
#1440159
1&
#1440169
0"!
#1440184
1"!
#1440201
0z
#1440216
1%
#1440226
0"!
#1440241
1"!
#1440387
0~
#1440401
1$
#1440411
0%!
#1440426
1#
#1440437
#1440525
#1440541
#1440569
0%
#1440584
1$!
#1440596
1!
#1440597
0!
#1440601
#1440613
#1440623
#1440635
#1440657
0#
#1440673
1}
#1440752
#1440770
0|
#1440784
1'
#1440863
0}
#1440877
1}
#1440895
0}
#1440909
1}
#1440919
0$!
#1440934
1*
#1441102
#1441183
0&!
#1441194
1y
#1441212
#1441231
0*
#1441248
1(
#1441258
0{
#1441273
1)
#1441284
#1441319
#1441329
#1441358
#1441418
0'
#1441432
1#!
#1441444
1!
#1441445
0!
#1441450
#1441463
#1441474
0(
#1441489
1t
#1441507
#1441595
#1441625
0"!
#1441637
1u
#1441662
#1441691
#1441704
#1441737
#1441753
0)
#1441768
1v
#1441846
0$
#1441861
1s
#1441872
0#!
#1441887
1#!
#1441898
#1441908
#1441918
0&
#1441934
1%
#1441945
0u
#1441959
1#
#1441969
0s
#1441985
1s
#1442003
#1442032
#1442042
#1442060
#1442069
0v
#1442085
1%!
#1442095
0#
#1442111
1v
#1442121
0s
#1442137
1s
#1442208
#1442227
0v
#1442242
1v
#1442252
0}
#1442267
1*
#1442292
#1442323
#1442351
0#!
#1442366
1|
#1442383
0%
#1442399
1x
#1442410
#1442430
#1442454
0*
#1442470
1#!
#1442489
1!
#1442490
0!
#1442495
#1442521
#1442537
#1442681
0t
#1442695
1'
#1442706
#1442803
0x
#1442817
1w
#1442827
#1442837
#1442849
#1442876
#1442886
0w
#1442900
1x
#1442969
#1442996
0#!
#1443008
1$!
#1443025
#1443035
#1443046
0|
#1443059
1w
#1443069
0'
#1443086
1!!
#1443096
0y
#1443112
1y
#1443129
0w
#1443145
1w
#1443162
0y
#1443179
1y
#1443203
0x
#1443219
1x
#1443229
#1443239
#1443416
1!
#1443417
0!
#1443421
#1443638
0!!
#1443650
1(
#1443661
0w
#1443674
1)
#1443684
0v
#1443698
1$
#1443715
0$!
#1443729
1&
#1443740
0%!
#1443755
1#
#1443766
#1443811
#1443891
#1443919
0(
#1443933
1u
#1443944
0y
#1443955
1z
#1443966
0)
#1443983
1%
#1444001
#1444087
0u
#1444102
1*
#1444113
#1444143
#1444152
0z
#1444166
1|
#1444182
#1444193
#1444227
0%
#1444242
1z
#1444252
0*
#1444267
1~
#1444278
#1444297
#1444309
0s
#1444323
1s
#1444394
0s
#1444408
1s
#1444419
0~
#1444433
1'
#1444444
0z
#1444458
1z
#1444470
1!
#1444471
0!
#1444475
#1444487
#1444531
#1444609
#1444697
0s
#1444709
1#!
#1444720
#1444732
0'
#1444750
1(
#1444910
0#!
#1444924
1)
#1444934
0x
#1444950
1%
#1444961
#1444996
#1445006
#1445035
#1445044
0(
#1445058
1&!
#1445068
0&
#1445083
1$!
#1445101
#1445113
#1445125
0&!
#1445139
1&!
#1445157
0&!
#1445171
1&!
#1445196
#1445232
0)
#1445247
1{
#1445382
#1445392
#1445404
#1445434
0&!
#1445446
1w
#1445458
1!
#1445459
0!
#1445464
#1445476
0$
#1445494
1*
#1445504
0{
#1445519
1{
#1445530
#1445542
0{
#1445557
1{
#1445582
#1445617
#1445627
#1445706
#1445714
#1445730
0{
#1445743
1"!
#1445754
#1445783
0*
#1445799
1y
#1445824
#1445902
0"!
#1445917
1'
#1445928
#1445965
0|
#1445980
1u
#1446052
#1446070
0$!
#1446083
1|
#1446100
0|
#1446114
1|
#1446126
#1446230
#1446255
0z
#1446267
1s
#1446284
0#
#1446300
1}
#1446311
#1446337
#1446348
0%
#1446364
1t
#1446374
#1446384
#1446401
#1446410
0}
#1446426
1}
#1446436
0t
#1446452
1t
#1446463
#1446490
0t
#1446505
1!!
#1446517
1!
#1446518
0!
#1446522
#1446536
#1446546
#1446556
0'
#1446572
1t
#1446582
0!!
#1446598
1!!
#1446615
0!!
#1446631
1!!
#1446643
#1446675
#1446705
#1446713
#1446819
0}
#1446834
1}
#1446973
#1447053
0!!
#1447065
1#!
#1447084
#1447096
0y
#1447109
1(
#1447127
0s
#1447142
1&
#1447280
0w
#1447294
1)
#1447304
0u
#1447319
1$
#1447376
1!
#1447377
0!
#1447380
#1447440
#1447477
0}
#1447489
1&!
#1447507
#1447536
#1447549
#1447575
#1447591
0&
#1447606
1%!
#1447617
#1447646
0)
#1447661
1v
#1447679
#1447692
#1447718
0$
#1447733
1{
#1447745
#1447755
#1447770
#1447779
0(
#1447796
1~
#1447807
#1447835
#1447845
#1447855
#1447866
#1447884
0~
#1447900
1s
#1447917
#1447927
#1447967
#1447995
0%!
#1448011
1~
#1448029
0~
#1448045
1!!
#1448057
#1448136
#1448148
#1448173
0v
#1448189
1%!
#1448199
0|
#1448215
1~
#1448306
0%!
#1448322
1x
#1448333
#1448369
0!!
#1448382
1v
#1448399
#1448476
#1448487
0#!
#1448501
1|
#1448512
#1448539
0v
#1448556
1%!
#1448566
0|
#1448582
1}
#1448592
#1448667
1!
#1448668
0!
#1448673
#1448693
#1448839
#1448850
#1448933
0%!
#1448946
1"!
#1448956
0x
#1448972
1v
#1448989
0}
#1449003
1|
#1449012
#1449023
#1449047
#1449056
0t
#1449073
1$!
#1449084
#1449199
0"!
#1449213
1x
#1449224
#1449236
0x
#1449252
1t
#1449323
#1449375
1!
#1449376
0!
#1449380
#1449451
#1449462
0$!
#1449475
1!!
#1449485
#1449507
#1449515
#1449525
0t
#1449541
1x
#1449552
#1449668
0s
#1449684
1z
#1449753
#1449832
#1449844
#1449855
0{
#1449871
1t
#1449963
#1449993
#1450019
#1450046
0v
#1450059
1%!
#1450070
0&!
#1450083
1s
#1450093
#1450103
#1450115
#1450143
#1450153
#1450171
#1450180
0z
#1450197
1y
#1450208
#1450235
0s
#1450251
1{
#1450261
#1450278
#1450290
#1450304
#1450328
#1450338
0{
#1450354
1}
#1450430
#1450440
#1450468
#1450479
0y
#1450495
1w
#1450505
0~
#1450518
1v
#1450536
0|
#1450552
1z
#1450570
0z
#1450586
1u
#1450696
#1450712
0u
#1450726
1s
#1450797
1!
#1450798
0!
#1450803
#1450822
0w
#1450836
1{
#1451032
#1451109
0x
#1451121
1#!
#1451131
0}
#1451144
1y
#1451155
#1451184
0v
#1451200
1|
#1451210
0y
#1451226
1z
#1451237
#1451255
0t
#1451269
1v
#1451279
0|
#1451296
1y
#1451430
#1451457
0#!
#1451470
1|
#1451481
#1451493
#1451574
1!
#1451575
0!
#1451580
#1451642
#1451710
#1451735
#1451892
0%!
#1451908
1"!
#1451919
#1451953
0y
#1451966
1}
#1452044
#1452136
0|
#1452149
1%!
#1452159
0"!
#1452175
1$!
#1452184
#1452268
0}
#1452281
1"!
#1452291
0%!
#1452306
1%!
#1452318
#1452346
0"!
#1452361
1y
#1452372
0v
#1452385
1"!
#1452410
#1452435
#1452444
0{
#1452459
1*
#1452484
#1452544
#1452671
#1452681
#1452694
#1452705
0*
#1452721
1v
#1452799
1!
#1452800
0!
#1452805
#1452825
#1452852
0s
#1452868
1&!
#1452879
#1452908
0$!
#1452921
1~
#1452931
#1452941
#1453011
#1453021
#1453033
#1453123
0!!
#1453136
1s
#1453154
#1453181
0~
#1453197
1|
#1453207
0s
#1453223
1u
#1453241
#1453251
#1453335
0v
#1453348
1~
#1453365
0y
#1453380
1s
#1453392
#1453420
#1453430
#1453442
0&!
#1453455
1y
#1453465
0~
#1453482
1{
#1453501
1!
#1453502
0!
#1453506
#1453580
0y
#1453595
1~
#1453619
0z
#1453633
1y
#1453711
#1453753
#1453765
#1453801
0%!
#1453816
1w
#1453828
#1453861
0{
#1453874
1}
#1453945
#1453975
#1453987
0u
#1454000
1%!
#1454098
0~
#1454112
1v
#1454123
#1454152
0%!
#1454168
1{
#1454179
#1454192
#1454246
#1454256
#1454268
#1454296
#1454305
0w
#1454321
1%!
#1454447
#1454474
#1454516
#1454543
#1454558
#1454566
#1454575
#1454585
#1454595
#1454612
0"!
#1454628
1t
#1454639
#1454651
#1454664
0}
#1454680
1~
#1454698
#1454726
#1454738
#1454824
1!
#1454825
0!
#1454830
#1454844
#1454854
#1454914
0|
#1454930
1w
#1454948
#1454960
0w
#1454976
1x
#1454999
#1455008
#1455017
0t
#1455033
1#!
#1455051
#1455114
#1455123
#1455199
#1455212
#1455260
0x
#1455273
1"!
#1455284
#1455304
#1455317
0"!
#1455333
1}
#1455401
0}
#1455417
1$!
#1455427
0y
#1455443
1!!
#1455453
#1455463
1!
#1455464
0!
#1455469
#1455481
#1455564
#1455592
#1455611
#1455631
0{
#1455644
1|
#1455662
0|
#1455678
1w
#1455813
#1455882
0v
#1455895
1t
#1455912
0s
#1455925
1&!
#1455935
#1455958
0$!
#1455971
1"!
#1455981
0!!
#1455998
1}
#1456096
0t
#1456112
1y
#1456137
0&!
#1456150
1z
#1456289
0y
#1456304
1|
#1456388
0#!
#1456401
1!!
#1456420
1!
#1456421
0!
#1456425
#1456506
0!!
#1456520
1t
#1456539
#1456583
#1456595
0%!
#1456607
1y
#1456686
#1456713
0w
#1456728
1!!
#1456738
0}
#1456751
1u
#1456836
0"!
#1456849
1w
#1456859
#1456874
#1456959
#1457038
0w
#1457051
1#
#1457062
0|
#1457076
1%
#1457093
0y
#1457108
1'
#1457118
0u
#1457133
1u
#1457239
0~
#1457254
1&
#1457394
#1457424
0u
#1457437
1}
#1457454
0z
#1457466
1u
#1457477
#1457505
0#
#1457519
1x
#1457530
0'
#1457546
1)
#1457558
#1457570
1!
#1457571
0!
#1457576
#1457588
0x
#1457602
1x
#1457613
0!!
#1457628
1$
#1457638
0x
#1457652
1x
#1457677
#1457688
#1457704
#1457863
0}
#1457878
1(
#1457889
#1457940
0)
#1457954
1"!
#1457965
0x
#1457980
1*
#1457991
#1458004
#1458083
#1458098
#1458108
#1458138
0*
#1458152
1{
#1458162
0$
#1458177
1|
#1458195
#1458207
#1458219
0{
#1458234
1{
#1458252
0{
#1458267
1{
#1458358
#1458396
1!
#1458397
0!
#1458402
#1458414
0t
#1458426
1v
#1458505
0&
#1458521
1#
#1458590
#1458621
#1458632
#1458648
0{
#1458660
1w
#1458670
0v
#1458685
1v
#1458696
#1458708
0#
#1458725
1'
#1458736
0v
#1458751
1v
#1458762
#1458798
#1458816
#1458831
#1458910
#1458938
#1458948
0'
#1458962
1s
#1458994
0u
#1459009
1y
#1459079
0v
#1459091
1u
#1459170
#1459182
0u
#1459196
1u
#1459221
0|
#1459235
1)
#1459328
#1459357
0"!
#1459369
1!!
#1459380
#1459407
0%
#1459422
1$!
#1459432
0)
#1459449
1*
#1459460
#1459471
0s
#1459486
1$
#1459496
#1459505
0$!
#1459520
1$!
#1459537
0$!
#1459552
1$!
#1459563
#1459648
0*
#1459664
1&!
#1459673
#1459683
#1459701
#1459712
1!
#1459713
0!
#1459717
#1459798
0(
#1459815
1&
#1459832
0!!
#1459846
1#
#1459858
#1459882
#1459898
0w
#1459913
1w
#1460052
0$!
#1460066
1'
#1460076
0&!
#1460091
1%
#1460103
#1460154
0w
#1460168
1}
#1460240
#1460253
#1460280
0#
#1460294
1w
#1460305
0y
#1460316
1#!
#1460333
#1460343
#1460372
#1460381
0%
#1460396
1x
#1460407
1!
#1460408
0!
#1460413
#1460426
0$
#1460443
1)
#1460454
#1460467
#1460485
0#!
#1460500
1#!
#1460511
#1460562
0)
#1460578
1{
#1460588
0#!
#1460603
1#!
#1460614
#1460634
#1460796
#1460807
0'
#1460822
1%!
#1460832
#1460841
0#!
#1460856
1*
#1460880
0u
#1460896
1u
#1460912
#1461049
0u
#1461064
1u
#1461074
0%!
#1461088
1(
#1461099
0w
#1461113
1#
#1461125
#1461176
0#
#1461191
1v
#1461209
#1461245
#1461272
#1461300
#1461308
#1461317
#1461378
1!
#1461379
0!
#1461384
#1461396
0(
#1461412
1~
#1461422
0*
#1461438
1z
#1461449
#1461468
#1461546
0z
#1461562
1z
#1461572
0u
#1461586
1%
#1461597
0z
#1461612
1z
#1461623
#1461653
#1461662
0~
#1461677
1!!
#1461694
0%
#1461710
1~
#1461728
#1461762
0~
#1461777
1~
#1461796
#1461952
#1461971
#1461998
0}
#1462011
1$!
#1462078
#1462088
#1462115
#1462132
#1462193
0x
#1462208
1t
#1462220
#1462248
#1462266
0t
#1462282
1s
#1462293
#1462321
#1462332
#1462340
#1462356
0&
#1462372
1x
#1462384
#1462463
1!
#1462464
0!
#1462469
#1462481
0s
#1462497
1#!
#1462507
#1462523
0x
#1462539
1t
#1462548
#1462572
0t
#1462587
1|
#1462671
0v
#1462684
1s
#1462754
0$!
#1462767
1x
#1462785
0{
#1462799
1t
#1462823
0s
#1462839
1s
#1463066
0|
#1463079
1$
#1463089
0!!
#1463103
1)
#1463121
0#!
#1463136
1'
#1463214
0z
#1463229
1#
#1463240
#1463285
#1463296
0#
#1463311
1w
#1463322
#1463433
1!
#1463434
0!
#1463439
#1463452
0'
#1463467
1"!
#1463476
#1463486
#1463565
0"!
#1463579
1"!
#1463590
0t
#1463604
1(
#1463614
0"!
#1463629
1"!
#1463706
#1463716
#1463747
0x
#1463758
1u
#1463769
0w
#1463784
1*
#1463816
#1463828
0(
#1463845
1%
#1463863
#1463898
#1463909
#1463937
#1463947
#1463959
0*
#1463974
1&!
#1464043
#1464073
#1464098
0~
#1464113
1$!
#1464191
#1464204
#1464231
0&!
#1464243
1#!
#1464261
#1464271
#1464294
0$
#1464309
1~
#1464388
#1464415
0s
#1464430
1y
#1464441
#1464467
0#!
#1464480
1x
#1464489
#1464498
0~
#1464514
1s
#1464524
0)
#1464540
1%!
#1464551
1!
#1464552
0!
#1464557
#1464571
#1464581
0%
#1464598
1~
#1464609
#1464627
#1464636
0%!
#1464652
1%!
#1464669
0%!
#1464686
1%!
#1464703
#1464726
#1464756
#1464784
#1464796
#1464896
0~
#1464910
1t
#1464920
0s
#1464936
1}
#1465013
0u
#1465027
1s
#1465052
#1465082
#1465183
#1465209
#1465219
0y
#1465234
1w
#1465363
0}
#1465376
1v
#1465387
#1465429
#1465439
#1465448
#1465457
0s
#1465470
1y
#1465482
1!
#1465483
0!
#1465488
#1465501
#1465530
0"!
#1465546
1{
#1465556
#1465572
0y
#1465588
1#!
#1465599
#1465609
#1465640
#1465668
#1465731
#1465742
#1465750
#1465827
0{
#1465840
1"!
#1465858
0v
#1465874
1y
#1465944
0"!
#1465960
1|
#1465970
0$!
#1465986
1v
#1465996
0x
#1466010
1"!
#1466189
#1466198
0|
#1466211
1$!
#1466221
0w
#1466236
1&
#1466246
0$!
#1466262
1$!
#1466347
#1466378
0y
#1466391
1~
#1466415
0&
#1466432
1#
#1466450
#1466462
0v
#1466478
1v
#1466489
1!
#1466490
0!
#1466495
#1466576
0%!
#1466590
1'
#1466742
0$!
#1466756
1(
#1466768
#1466796
0t
#1466809
1!!
#1466818
#1466828
#1466845
#1466923
0!!
#1466937
1!!
#1466948
#1466977
0~
#1466990
1s
#1467000
0!!
#1467015
1!!
#1467040
#1467051
0#
#1467069
1*
#1467257
0!!
#1467271
1$
#1467283
#1467311
0s
#1467322
1z
#1467333
0(
#1467350
1)
#1467360
#1467370
#1467450
0)
#1467465
1w
#1467476
#1467488
#1467499
#1467516
0*
#1467533
1%
#1467551
1!
#1467552
0!
#1467557
#1467570
#1467599
0z
#1467614
1&!
#1467624
0%
#1467639
1z
#1467649
#1467708
#1467719
#1467744
#1467782
0$
#1467798
1y
#1467823
#1467850
#1467879
0z
#1467894
1u
#1467956
#1468034
0'
#1468050
1z
#1468059
#1468069
0#!
#1468084
1#!
#1468094
#1468163
0&!
#1468178
1&!
#1468189
0u
#1468203
1&
#1468213
0&!
#1468228
1&!
#1468238
0#!
#1468254
1#!
#1468294
#1468377
1!
#1468378
0!
#1468382
#1468417
0&
#1468432
1$!
#1468507
0v
#1468521
1#
#1468533
#1468625
0"!
#1468640
1(
#1468800
0z
#1468814
1)
#1468824
0$!
#1468839
1*
#1468850
#1468881
#1468960
0*
#1468975
1~
#1469036
0#
#1469051
1}
#1469063
#1469087
#1469098
#1469110
#1469138
#1469147
0w
#1469162
1{
#1469172
0(
#1469188
1w
#1469198
#1469215
#1469226
0w
#1469241
1w
#1469259
0{
#1469275
1{
#1469285
#1469450
0}
#1469464
1%
#1469474
0w
#1469489
1$
#1469500
#1469596
#1469624
0%
#1469639
1!!
#1469650
#1469661
#1469721
0$
#1469737
1x
#1469747
0{
#1469763
1{
#1469774
#1469798
#1469809
1!
#1469810
0!
#1469814
#1469834
0x
#1469849
1x
#1470002
0x
#1470017
1x
#1470027
0!!
#1470041
1'
#1470202
#1470233
0{
#1470244
1s
#1470255
0&!
#1470269
1&
#1470279
0y
#1470294
1*
#1470305
#1470317
0'
#1470335
1#
#1470420
1!
#1470421
0!
#1470426
#1470454
#1470550
#1470559
0x
#1470571
1|
#1470580
#1470590
#1470621
#1470632
0*
#1470646
1z
#1470656
0#
#1470673
1(
#1470684
0~
#1470698
1%
#1470717
#1470804
#1470833
0#!
#1470845
1%!
#1470855
0|
#1470869
1|
#1470880
0%
#1470897
1$
#1470909
#1470919
#1470928
0|
#1470942
1|
#1470967
#1470997
0%!
#1471012
1$!
#1471030
#1471043
#1471070
#1471079
0$
#1471094
1%!
#1471104
0(
#1471120
1t
#1471136
#1471221
#1471232
0$!
#1471246
1'
#1471257
0s
#1471271
1s
#1471289
0s
#1471303
1s
#1471315
#1471352
0%!
#1471366
1w
#1471445
#1471458
1!
#1471459
0!
#1471464
#1471476
0t
#1471488
1%!
#1471506
#1471542
#1471571
0)
#1471586
1v
#1471595
#1471612
#1471624
0'
#1471640
1!!
#1471650
0&
#1471667
1*
#1471679
#1471690
#1471726
0v
#1471742
1u
#1471752
0*
#1471768
1v
#1471778
#1471788
#1471798
#1471807
#1471822
#1471847
#1471942
#1472088
0v
#1472103
1{
#1472113
0u
#1472129
1v
#1472317
0v
#1472329
1u
#1472400
0u
#1472414
1u
#1472424
0z
#1472437
1#
#1472448
#1472486
0#
#1472501
1x
#1472526
#1472539
#1472566
0w
#1472578
1"!
#1472589
0!!
#1472603
1%
#1472619
#1472629
#1472641
#1472671
0{
#1472685
1$!
#1472709
#1472722
1!
#1472723
0!
#1472728
#1472742
#1472769
#1472795
#1472803
#1472863
#1472872
0"!
#1472888
1}
#1472898
0%
#1472914
1y
#1472925
#1472951
#1473030
0}
#1473045
1"!
#1473056
0$!
#1473069
1}
#1473079
0y
#1473096
1y
#1473107
#1473135
0y
#1473152
1!!
#1473168
#1473177
#1473200
#1473287
#1473372
0"!
#1473388
1y
#1473398
0}
#1473414
1&!
#1473425
#1473435
#1473445
#1473473
#1473497
#1473510
#1473538
1!
#1473539
0!
#1473544
#1473571
#1473598
#1473625
#1473641
#1473650
0u
#1473666
1"!
#1473750
0|
#1473763
1}
#1473773
0%!
#1473789
1{
#1473806
0&!
#1473820
1~
#1473831
#1473984
#1474013
0x
#1474026
1v
#1474036
0s
#1474050
1u
#1474121
#1474141
0~
#1474154
1%!
#1474171
0u
#1474188
1$!
#1474206
#1474374
0%!
#1474389
1u
#1474406
0}
#1474419
1#!
#1474429
#1474439
#1474450
0{
#1474463
1%!
#1474482
1!
#1474483
0!
#1474488
#1474521
#1474592
#1474761
0!!
#1474773
1t
#1474784
#1474813
0$!
#1474826
1}
#1474836
0#!
#1474852
1#!
#1474862
0%!
#1474877
1$
#1474888
#1474900
0#!
#1474916
1#!
#1474941
#1475093
#1475116
0u
#1475131
1(
#1475142
#1475170
0y
#1475185
1w
#1475196
0t
#1475208
1y
#1475225
#1475234
0y
#1475249
1y
#1475259
#1475269
#1475356
0$
#1475372
1{
#1475383
#1475394
#1475418
#1475429
0(
#1475446
1)
#1475486
#1475517
1!
#1475518
0!
#1475523
#1475646
0)
#1475662
1$!
#1475747
#1475775
#1475788
#1475822
0w
#1475837
1z
#1475848
0v
#1475861
1|
#1475879
#1475890
0"!
#1475903
1w
#1475913
#1475989
#1476005
0w
#1476021
1w
#1476030
#1476040
#1476077
#1476089
#1476189
0{
#1476202
1%!
#1476213
0z
#1476228
1z
#1476238
#1476255
#1476284
0|
#1476299
1u
#1476370
0#!
#1476383
1|
#1476394
#1476413
0|
#1476428
1|
#1476447
#1476488
#1476500
#1476526
#1476536
0}
#1476549
1&!
#1476566
0z
#1476583
1x
#1476592
#1476602
#1476632
#1476643
0y
#1476659
1z
#1476742
#1476881
0w
#1476894
1{
#1476905
0&!
#1476918
1y
#1476942
0y
#1476958
1y
#1476970
#1476999
#1477085
0u
#1477098
1#!
#1477110
#1477138
#1477165
0x
#1477181
1s
#1477199
#1477218
0s
#1477234
1~
#1477312
#1477324
1!
#1477325
0!
#1477330
#1477343
0~
#1477358
1x
#1477369
0z
#1477382
1s
#1477392
#1477408
0s
#1477424
1~
#1477436
#1477464
0~
#1477480
1s
#1477505
#1477533
1!
#1477534
0!
#1477539
#1477551
#1477561
#1477573
#1477677
0#!
#1477690
1u
#1477700
#1477709
#1477718
0x
#1477734
1~
#1477745
#1477773
#1477855
#1477866
#1477874
#1477884
#1477917
0$!
#1477933
1!!
#1478046
#1478075
0u
#1478089
1x
#1478166
0|
#1478179
1z
#1478198
#1478328
#1478356
#1478368
#1478380
#1478465
0{
#1478478
1$!
#1478496
0$!
#1478512
1#!
#1478524
#1478551
#1478561
0!!
#1478577
1t
#1478588
#1478599
#1478615
0%!
#1478631
1v
#1478641
#1478798
0x
#1478811
1$!
#1478821
#1478891
#1478932
0z
#1478945
1u
#1478955
0v
#1478969
1!!
#1478978
#1478994
#1479004
#1479089
0y
#1479105
1%!
#1479115
0u
#1479128
1"!
#1479146
0%!
#1479162
1y
#1479179
0!!
#1479196
1%!
#1479273
0~
#1479287
1!!
#1479298
1!
#1479299
0!
#1479304
#1479331
#1479368
#1479401
0y
#1479417
1x
#1479628
0$!
#1479641
1y
#1479651
0"!
#1479665
1'
#1479698
#1479728
0s
#1479741
1z
#1479752
1!
#1479753
0!
#1479758
#1479771
0'
#1479788
1&
#1479799
#1479829
#1479840
0&
#1479857
1}
#1480016
#1480095
#1480124
0%!
#1480136
1u
#1480147
0x
#1480161
1*
#1480171
0}
#1480186
1}
#1480198
#1480210
#1480239
0}
#1480254
1&!
#1480271
#1480347
#1480356
0*
#1480371
1}
#1480382
0t
#1480396
1#
#1480405
#1480443
#1480473
#1480483
1!
#1480484
0!
#1480489
#1480503
#1480520
0#
#1480536
1$!
#1480546
0#!
#1480562
1#!
#1480573
#1480601
#1480614
#1480626
#1480727
#1480743
0#!
#1480758
1w
#1480769
#1480799
#1480810
0}
#1480823
1|
#1480833
0&!
#1480849
1#!
#1480859
#1480867
#1480884
0z
#1480898
1%!
#1480982
#1481009
0w
#1481025
1&!
#1481086
0!!
#1481100
1{
#1481109
#1481127
#1481138
#1481150
0|
#1481166
1w
#1481191
#1481295
#1481322
0u
#1481336
1|
#1481347
#1481358
0|
#1481374
1x
#1481385
0{
#1481401
1v
#1481412
#1481437
#1481446
0&!
#1481462
1|
#1481601
1!
#1481602
0!
#1481607
#1481619
0x
#1481632
1{
#1481649
#1481658
0{
#1481674
1&!
#1481684
0v
#1481698
1{
#1481722
#1481773
#1481786
#1481959
#1481969
#1481981
#1482009
#1482018
0$!
#1482034
1z
#1482103
#1482122
0|
#1482135
1~
#1482167
#1482202
#1482281
0w
#1482296
1}
#1482307
0y
#1482322
1$!
#1482332
#1482341
#1482350
0{
#1482363
1s
#1482433
0$!
#1482449
1w
#1482459
#1482467
#1482497
0%!
#1482510
1y
#1482522
#1482668
0y
#1482683
1$!
#1482722
0s
#1482736
1x
#1482747
1!
#1482748
0!
#1482753
#1482767
#1482853
#1482887
0#!
#1482900
1y
#1483066
#1483127
#1483156
0}
#1483169
1"!
#1483230
0x
#1483243
1|
#1483304
#1483314
#1483346
#1483425
0"!
#1483439
1%
#1483532
0$!
#1483546
1$
#1483639
1!
#1483640
0!
#1483645
#1483657
0~
#1483672
1~
#1483683
#1483712
0y
#1483725
1t
#1483736
#1483765
0$
#1483781
1{
#1483791
#1483801
#1483819
0~
#1483835
1~
#1483844
#1483854
0%
#1483871
1(
#1483881
0t
#1483897
1t
#1483981
0t
#1483997
1t
#1484007
0&!
#1484021
1)
#1484107
#1484141
#1484170
#1484200
0w
#1484212
1!!
#1484223
0)
#1484238
1}
#1484248
#1484265
#1484276
0(
#1484293
1'
#1484304
#1484383
#1484408
1!
#1484409
0!
#1484413
#1484488
#1484516
0t
#1484529
1u
#1484546
0!!
#1484561
1!!
#1484572
0'
#1484588
1&
#1484666
0!!
#1484681
1!!
#1484691
0{
#1484705
1*
#1484716
0z
#1484731
1#
#1484742
#1484787
#1484797
0*
#1484813
1x
#1484822
#1484839
#1484869
#1484881
0&
#1484896
1v
#1484908
#1484919
0|
#1484934
1|
#1484951
#1484966
#1484982
0u
#1484998
1u
#1485007
#1485017
0|
#1485032
1|
#1485138
0v
#1485153
1$
#1485171
#1485304
#1485391
1!
#1485392
0!
#1485397
#1485409
0~
#1485422
1$!
#1485433
#1485461
0$
#1485477
1%!
#1485487
0#
#1485504
1%
#1485515
0u
#1485530
1u
#1485592
#1485618
#1485700
#1485738
#1485755
#1485848
#1485856
#1485866
0x
#1485879
1y
#1485889
0%
#1485905
1s
#1485991
#1486019
#1486029
#1486042
#1486053
0$!
#1486066
1t
#1486158
0s
#1486173
1s
#1486184
0%!
#1486199
1%!
#1486210
0}
#1486224
1)
#1486234
0s
#1486250
1s
#1486260
0%!
#1486276
1%!
#1486421
0t
#1486435
1(
#1486445
0!!
#1486460
1'
#1486546
#1486598
#1486626
0)
#1486640
1{
#1486652
1!
#1486653
0!
#1486658
#1486671
#1486683
0|
#1486696
1#!
#1486705
#1486715
#1486744
#1486761
#1486778
0(
#1486794
1"!
#1486804
0'
#1486821
1*
#1486831
#1486847
0#!
#1486862
1#!
#1487015
0#!
#1487030
1#!
#1487041
#1487052
0{
#1487066
1&
#1487083
0s
#1487098
1$
#1487116
#1487145
#1487155
#1487174
0&
#1487189
1x
#1487206
0y
#1487222
1y
#1487240
#1487278
#1487297
0y
#1487312
1$!
#1487384
#1487426
1!
#1487427
0!
#1487432
#1487446
#1487474
#1487550
0$
#1487565
1y
#1487575
0"!
#1487589
1&!
#1487599
0*
#1487615
1t
#1487631
#1487692
#1487719
#1487729
#1487742
#1487759
#1487767
#1487783
#1487793
#1487805
#1487840
#1487857
#1487876
#1487894
0&!
#1487910
1w
#1487921
#1488023
#1488035
#1488064
0x
#1488080
1z
#1488089
#1488113
#1488140
0t
#1488154
1s
#1488223
#1488240
0u
#1488256
1&!
#1488267
0%!
#1488283
1v
#1488300
0#!
#1488316
1{
#1488387
#1488532
0w
#1488545
1x
#1488562
0z
#1488575
1~
#1488585
#1488593
#1488609
0&!
#1488625
1u
#1488635
0{
#1488649
1%!
#1488660
1!
#1488661
0!
#1488666
#1488752
#1488821
0%!
#1488836
1#!
#1488853
0x
#1488869
1&!
#1488879
0~
#1488892
1%!
#1488902
0#!
#1488918
1x
#1489033
#1489062
0v
#1489075
1#!
#1489085
0u
#1489101
1t
#1489237
#1489249
0$!
#1489262
1u
#1489413
0x
#1489427
1#
#1489437
0y
#1489451
1%
#1489462
0&!
#1489477
1)
#1489509
#1489687
0#
#1489701
1}
#1489711
#1489720
0#!
#1489734
1(
#1489744
0t
#1489759
1'
#1489776
#1489787
1!
#1489788
0!
#1489792
#1489813
#1489831
0}
#1489846
1}
#1489857
#1489938
0'
#1489953
1{
#1490024
#1490043
0}
#1490058
1}
#1490075
0s
#1490089
1&
#1490101
#1490204
0(
#1490218
1!!
#1490228
#1490246
#1490263
#1490272
0u
#1490287
1$
#1490297
0!!
#1490312
1!!
#1490323
#1490374
0$
#1490389
1x
#1490400
1!
#1490401
0!
#1490406
#1490420
#1490432
0!!
#1490446
1!!
#1490538
0}
#1490553
1*
#1490564
#1490595
#1490622
#1490701
#1490730
0*
#1490745
1&!
#1490761
#1490771
#1490783
#1490796
#1490823
#1490832
0%!
#1490847
1|
#1490863
#1490873
#1490898
0)
#1490913
1#!
#1490925
#1490936
0&
#1490951
1"!
#1490969
#1490980
#1491063
0"!
#1491078
1%!
#1491096
0|
#1491111
1w
#1491122
#1491225
#1491251
0{
#1491264
1"!
#1491274
#1491282
#1491292
0%
#1491307
1|
#1491318
0"!
#1491333
1t
#1491345
#1491356
0#!
#1491369
1z
#1491379
0%!
#1491396
1"!
#1491407
#1491426
0w
#1491442
1%!
#1491466
#1491474
#1491483
0|
#1491500
1w
#1491586
#1491629
#1491642
1!
#1491643
0!
#1491648
#1491661
#1491702
0w
#1491718
1|
#1491729
#1491799
#1491816
0"!
#1491829
1u
#1491860
0z
#1491876
1v
#1491887
#1491917
#1491935
0!!
#1491949
1w
#1491958
#1492108
0x
#1492121
1z
#1492139
0z
#1492155
1}
#1492240
#1492267
0&!
#1492280
1z
#1492298
#1492493
#1492534
#1492612
0t
#1492625
1~
#1492635
#1492780
1!
#1492781
0!
#1492786
#1492798
0v
#1492813
1#!
#1492823
0}
#1492836
1v
#1492853
0u
#1492867
1#
#1492878
#1492915
#1492924
0z
#1492937
1"!
#1492948
#1492975
0#
#1492991
1y
#1493060
#1493070
#1493087
#1493099
0%!
#1493115
1%!
#1493192
0v
#1493208
1v
#1493217
#1493294
0~
#1493308
1'
#1493319
#1493356
0#!
#1493369
1u
#1493395
#1493407
0%!
#1493422
1%!
#1493441
1!
#1493442
0!
#1493446
#1493460
#1493544
#1493554
#1493640
#1493666
0'
#1493682
1$!
#1493691
#1493709
#1493727
0$!
#1493743
1s
#1493820
#1493897
0|
#1493910
1$!
#1493933
0v
#1493947
1(
#1493958
0$!
#1493973
1$!
#1493984
#1494014
0y
#1494030
1z
#1494100
0(
#1494115
1y
#1494132
#1494141
0s
#1494155
1$
#1494165
0%!
#1494180
1*
#1494198
#1494224
0y
#1494239
1y
#1494264
#1494302
0*
#1494317
1}
#1494329
#1494409
#1494420
#1494431
#1494442
0$
#1494458
1{
#1494467
#1494477
0w
#1494493
1w
#1494577
0"!
#1494591
1)
#1494662
0w
#1494677
1w
#1494776
0{
#1494790
1&
#1494800
0}
#1494815
1%
#1494909
1!
#1494910
0!
#1494915
#1494934
0y
#1494949
1#
#1494960
#1494990
#1495000
#1495016
0#
#1495031
1!!
#1495042
#1495123
0u
#1495138
1#!
#1495154
#1495164
#1495257
0!!
#1495269
1u
#1495347
0u
#1495362
1u
#1495372
0w
#1495387
1'
#1495413
1!
#1495414
0!
#1495418
#1495432
#1495523
#1495550
0)
#1495564
1%!
#1495574
#1495591
#1495686
#1495715
0u
#1495726
1&!
#1495745
#1495756
#1495781
0$!
#1495793
1v
#1495810
#1495819
0'
#1495834
1x
#1495846
#1495879
#1495890
0&
#1495906
1t
#1495915
#1495926
#1495936
0%
#1495953
1(
#1495963
#1495972
0&!
#1495988
1&!
#1495999
#1496010
#1496020
0x
#1496035
1x
#1496046
0t
#1496061
1t
#1496072
0&!
#1496087
1&!
#1496119
0x
#1496134
1x
#1496145
0t
#1496160
1t
#1496177
#1496255
#1496285
0#!
#1496298
1}
#1496323
#1496334
0(
#1496351
1*
#1496370
#1496406
0*
#1496422
1~
#1496447
#1496459
1!
#1496460
0!
#1496465
#1496478
#1496513
#1496574
#1496585
#1496661
0%!
#1496677
1y
#1496709
#1496743
0~
#1496756
1%!
#1496825
#1496855
#1496917
#1497056
0z
#1497072
1|
#1497081
#1497097
0v
#1497110
1w
#1497127
#1497277
0|
#1497290
1z
#1497300
0t
#1497314
1$
#1497325
0z
#1497340
1z
#1497351
#1497382
#1497394
0}
#1497407
1u
#1497424
0$
#1497441
1#
#1497473
0%!
#1497488
1%!
#1497500
#1497587
1!
#1497588
0!
#1497593
#1497606
#1497617
0#
#1497633
1s
#1497665
0x
#1497681
1x
#1497692
#1497845
#1497874
0z
#1497887
1"!
#1497898
0x
#1497914
1}
#1497925
#1498005
#1498036
#1498044
#1498121
#1498148
0u
#1498162
1x
#1498172
0"!
#1498188
1{
#1498199
#1498227
#1498235
#1498244
#1498312
#1498324
#1498342
0y
#1498358
1"!
#1498375
0s
#1498389
1t
#1498399
0"!
#1498415
1y
#1498506
#1498584
1!
#1498585
0!
#1498589
#1498691
#1498720
0{
#1498732
1"!
#1498743
0t
#1498756
1z
#1498767
#1498794
0y
#1498810
1!!
#1498821
#1498846
0&!
#1498859
1y
#1498870
0w
#1498886
1w
#1498897
#1498925
#1498988
0w
#1499004
1$!
#1499089
#1499107
#1499116
0!!
#1499132
1w
#1499216
#1499247
#1499277
#1499363
0x
#1499375
1!!
#1499386
0"!
#1499399
1u
#1499408
#1499424
#1499443
1!
#1499444
0!
#1499447
#1499534
0!!
#1499550
1!!
#1499561
#1499595
0$!
#1499608
1#!
#1499626
#1499727
#1499866
0%!
#1499881
1t
#1499891
0y
#1499904
1%!
#1499914
0u
#1499928
1)
#1499938
0%!
#1499954
1%!
#1499971
#1499981
#1500014
0#!
#1500028
1'
#1500040
#1500188
#1500198
#1500214
#1500223
0%!
#1500235
1~
#1500253
0)
#1500270
1&
#1500280
0}
#1500295
1}
#1500306
#1500418
#1500445
#1500454
0~
#1500467
1x
#1500529
#1500539
#1500555
0&
#1500571
1v
#1500581
#1500611
0}
#1500627
1}
#1500637
0z
#1500653
1z
#1500664
#1500736
0z
#1500751
1z
#1500763
1!
#1500764
0!
#1500768
#1500788
0v
#1500802
1%
#1500813
0'
#1500830
1(
#1500915
0!!
#1500929
1*
#1500941
#1500985
#1501005
#1501033
0%
#1501048
1"!
#1501065
#1501075
#1501153
#1501162
0*
#1501177
1|
#1501188
#1501270
#1501282
0t
#1501297
1y
#1501314
0w
#1501328
1t
#1501352
#1501510
#1501588
#1501606
0y
#1501618
1s
#1501636
0(
#1501653
1$
#1501663
0|
#1501678
1|
#1501689
#1501719
#1501728
0z
#1501741
1u
#1501758
0t
#1501774
1t
#1501927
#1501939
0s
#1501953
1#
#1501963
0x
#1501978
1)
#1501989
1!
#1501990
0!
#1501995
#1502075
0$
#1502092
1&
#1502103
#1502132
0}
#1502144
1&!
#1502160
#1502171
#1502181
#1502191
#1502221
#1502233
0)
#1502249
1%!
#1502266
0|
#1502281
1|
#1502299
#1502329
#1502341
0&
#1502357
1!!
#1502390
1!
#1502391
0!
#1502395
#1502477
#1502577
#1502587
#1502615
0|
#1502627
1{
#1502646
#1502658
#1502686
#1502696
#1502705
0"!
#1502719
1z
#1502729
0&!
#1502745
1$!
#1502763
#1502775
#1502801
0$!
#1502817
1&!
#1502826
#1502836
0#
#1502852
1#!
#1502861
#1502870
#1502887
#1502899
#1502928
0#!
#1502944
1$!
#1502961
0{
#1502977
1y
#1502988
#1503007
0&!
#1503023
1#!
#1503107
#1503116
0$!
#1503132
1{
#1503142
0y
#1503156
1&!
#1503316
#1503350
0%!
#1503363
1$!
#1503382
#1503411
0#!
#1503426
1~
#1503495
#1503515
#1503594
0~
#1503609
1|
#1503619
0u
#1503632
1#!
#1503643
0{
#1503658
1~
#1503676
0t
#1503689
1{
#1503794
#1503810
0|
#1503824
1'
#1503843
1!
#1503844
0!
#1503849
#1503930
#1503961
#1503987
0'
#1504003
1y
#1504013
0#!
#1504027
1v
#1504037
0~
#1504053
1~
#1504065
#1504084
#1504244
#1504321
0$!
#1504335
1%
#1504345
0{
#1504359
1*
#1504369
#1504378
#1504395
1!
#1504396
0!
#1504401
#1504414
#1504457
#1504468
#1504484
#1504561
#1504590
0v
#1504605
1w
#1504615
0*
#1504630
1|
#1504640
0~
#1504653
1v
#1504664
#1504683
0v
#1504698
1v
#1504708
0%
#1504725
1(
#1504735
0!!
#1504750
1!!
#1504835
0!!
#1504849
1!!
#1504867
0z
#1504881
1$
#1504898
0w
#1504913
1)
#1504924
#1504969
#1504989
#1505030
#1505091
#1505119
#1505128
0)
#1505143
1#!
#1505161
#1505238
0(
#1505254
1s
#1505264
0$
#1505280
1~
#1505291
#1505303
#1505328
#1505338
#1505432
#1505459
0&!
#1505475
1x
#1505536
0~
#1505549
1}
#1505559
#1505576
#1505595
1!
#1505596
0!
#1505601
#1505614
#1505642
#1505651
#1505660
0s
#1505676
1&!
#1505744
0}
#1505760
1$!
#1505891
#1505910
0y
#1505923
1s
#1505940
0s
#1505956
1}
#1505967
#1506002
#1506031
0}
#1506047
1s
#1506056
#1506072
#1506082
#1506108
#1506135
#1506163
0#!
#1506179
1"!
#1506270
0&!
#1506286
1{
#1506357
#1506376
0x
#1506388
1}
#1506406
0|
#1506419
1~
#1506437
#1506521
#1506532
#1506622
#1506633
#1506660
0"!
#1506675
1#!
#1506685
0v
#1506698
1&!
#1506783
0~
#1506796
1t
#1506807
#1506837
#1506864
#1506892
1!
#1506893
0!
#1506898
#1506910
0}
#1506926
1%!
#1506938
#1506967
#1506979
#1506997
0t
#1507013
1"!
#1507023
0%!
#1507040
1u
#1507056
#1507124
#1507151
0"!
#1507167
1}
#1507177
#1507187
#1507200
#1507358
0u
#1507371
1~
#1507382
0$!
#1507397
1t
#1507407
#1507416
0#!
#1507432
1%!
#1507508
#1507518
0%!
#1507533
1z
#1507543
0{
#1507556
1"!
#1507573
0t
#1507589
1$!
#1507686
#1507695
0}
#1507708
1#!
#1507720
1!
#1507721
0!
#1507726
#1507738
0~
#1507752
1%!
#1507821
#1507839
#1507925
0$!
#1507941
1t
#1507960
#1507979
0z
#1507992
1}
#1508159
#1508261
0}
#1508273
1$!
#1508284
0t
#1508297
1w
#1508307
0s
#1508321
1&
#1508398
#1508641
0#!
#1508654
1#
#1508665
0$!
#1508679
1'
#1508757
0&!
#1508771
1*
#1508782
#1508812
#1508821
0%!
#1508833
1~
#1508843
0w
#1508857
1w
#1508869
#1508880
0#
#1508898
1%
#1508909
1!
#1508910
0!
#1508915
#1508935
0w
#1508949
1w
#1508965
#1508976
#1509020
#1509032
0%
#1509047
1}
#1509065
#1509095
#1509105
#1509120
#1509205
#1509234
0}
#1509247
1x
#1509257
0*
#1509272
1t
#1509290
#1509318
0!!
#1509333
1y
#1509345
#1509407
#1509417
#1509434
#1509443
0&
#1509459
1!!
#1509469
0'
#1509486
1)
#1509571
#1509601
0x
#1509614
1%!
#1509646
0)
#1509663
1(
#1509674
1!
#1509675
0!
#1509680
#1509708
#1509738
#1509764
0(
#1509780
1v
#1509790
#1509800
#1509862
#1509871
0!!
#1509887
1|
#1509899
#1509910
#1509921
0y
#1509938
1!!
#1510014
0v
#1510030
1y
#1510040
0"!
#1510056
1v
#1510127
0y
#1510142
1"!
#1510151
#1510167
0~
#1510181
1y
#1510211
#1510221
0|
#1510235
1$
#1510245
0"!
#1510261
1"!
#1510272
#1510302
0v
#1510318
1#!
#1510375
1!
#1510376
0!
#1510380
#1510407
0$
#1510423
1v
#1510448
#1510549
#1510597
#1510826
0t
#1510838
1u
#1510847
#1510857
0"!
#1510870
1#
#1510887
#1510896
0#!
#1510910
1%
#1510987
0u
#1511002
1*
#1511089
#1511119
0w
#1511133
1$!
#1511210
0v
#1511221
1w
#1511232
0!!
#1511246
1&
#1511257
0w
#1511270
1w
#1511282
#1511311
#1511322
0*
#1511337
1{
#1511347
0%!
#1511362
1'
#1511380
#1511398
0{
#1511413
1{
#1511423
0%
#1511441
1)
#1511452
1!
#1511453
0!
#1511458
#1511470
#1511554
0{
#1511568
1{
#1511578
0w
#1511593
1(
#1511604
#1511649
#1511661
0)
#1511675
1}
#1511685
#1511784
#1511870
#1511880
#1511890
#1511900
#1511930
0'
#1511944
1z
#1511955
0#
#1511969
1v
#1511980
0}
#1511994
1$
#1512005
0y
#1512019
1y
#1512043
0y
#1512058
1y
#1512077
#1512163
0z
#1512178
1*
#1512189
#1512234
#1512307
#1512336
#1512363
0*
#1512377
1#!
#1512387
0$
#1512402
1s
#1512414
1!
#1512415
0!
#1512419
#1512439
0(
#1512454
1&!
#1512464
#1512474
#1512505
#1512517
#1512528
0&
#1512544
1"!
#1512554
0&!
#1512569
1&!
#1512581
#1512592
#1512600
#1512617
0&!
#1512632
1&!
#1512642
#1512658
0s
#1512673
1s
#1512780
#1512807
0$!
#1512820
1x
#1512889
#1512907
0#!
#1512921
1%
#1512932
0s
#1512947
1s
#1512959
#1512988
#1513005
#1513017
0%
#1513033
1!!
#1513043
#1513052
0v
#1513068
1v
#1513205
0{
#1513219
1)
#1513230
0x
#1513244
1'
#1513255
#1513286
0v
#1513301
1w
#1513319
#1513331
0)
#1513347
1v
#1513358
#1513393
#1513403
#1513430
#1513454
#1513482
#1513493
#1513597
0!!
#1513610
1~
#1513628
#1513671
#1513682
0'
#1513698
1}
#1513709
#1513794
0y
#1513810
1|
#1513821
#1513831
#1513842
#1513854
1!
#1513855
0!
#1513860
#1513872
#1513881
#1513891
#1513909
0&!
#1513925
1#!
#1514024
#1514053
#1514081
#1514092
0}
#1514106
1t
#1514249
#1514328
0w
#1514341
1y
#1514351
0~
#1514367
1&!
#1514377
0t
#1514391
1!!
#1514408
0y
#1514424
1u
#1514435
0&!
#1514451
1~
#1514476
#1514572
#1514598
#1514608
0|
#1514623
1y
#1514686
1!
#1514687
0!
#1514691
#1514755
0v
#1514768
1&!
#1514778
#1514787
0~
#1514803
1}
#1514820
#1514828
#1514845
#1514858
#1514886
#1514912
#1514926
#1514958
#1514985
0s
#1515001
1%!
#1515013
#1515024
#1515036
0"!
#1515052
1|
#1515069
#1515079
0|
#1515095
1~
#1515120
#1515134
#1515219
#1515228
0u
#1515244
1z
#1515335
0!!
#1515348
1$!
#1515357
#1515373
0y
#1515387
1s
#1515403
#1515413
#1515505
0s
#1515521
1"!
#1515590
#1515608
0#!
#1515625
1|
#1515755
1!
#1515756
0!
#1515761
#1515774
0"!
#1515789
1u
#1515799
0}
#1515812
1{
#1515829
#1515839
#1515874
0u
#1515890
1s
#1515901
#1515912
#1515995
0z
#1516008
1#!
#1516033
0$!
#1516046
1"!
#1516063
0#!
#1516080
1y
#1516091
#1516120
#1516141
#1516226
#1516238
#1516272
0{
#1516288
1u
#1516300
#1516327
#1516340
#1516352
#1516380
#1516391
0%!
#1516407
1#!
#1516432
#1516446
#1516457
#1516540
0s
#1516554
1!!
#1516565
#1516600
1!
#1516601
0!
#1516606
#1516620
#1516648
#1516658
#1516684
#1516702
0~
#1516718
1x
#1516735
#1516744
#1516753
0&!
#1516769
1t
#1516846
#1516870
#1516898
#1516967
#1516976
#1516985
0x
#1517000
1{
#1517012
#1517041
0t
#1517054
1w
#1517084
#1517094
0{
#1517109
1%!
#1517121
#1517148
0"!
#1517164
1v
#1517175
#1517251
#1517274
#1517343
0%!
#1517358
1s
#1517436
1!
#1517437
0!
#1517442
#1517463
#1517534
0v
#1517546
1~
#1517556
#1517565
#1517574
0w
#1517589
1&!
#1517599
0!!
#1517612
1z
#1517622
0~
#1517637
1x
#1517661
0u
#1517674
1{
#1517685
0#!
#1517698
1}
#1517723
#1517737
#1517822
0z
#1517836
1"!
#1517846
0x
#1517862
1%!
#1517874
#1517909
#1517927
0|
#1517943
1w
#1518027
0w
#1518043
1~
#1518135
0y
#1518148
1x
#1518159
0&!
#1518174
1$!
#1518266
0~
#1518279
1|
#1518296
0|
#1518312
1w
#1518323
#1518367
#1518447
#1518526
#1518536
#1518552
0%!
#1518568
1&!
#1518578
0$!
#1518594
1|
#1518603
#1518619
#1518702
0}
#1518715
1t
#1518807
0|
#1518820
1%!
#1518839
1!
#1518840
0!
#1518844
#1518977
0t
#1518990
1$!
#1519000
#1519077
0{
#1519090
1#
#1519100
0$!
#1519115
1$!
#1519126
0"!
#1519140
1*
#1519314
0s
#1519328
1$
#1519338
0&!
#1519352
1(
#1519364
#1519394
0x
#1519406
1~
#1519417
#1519443
#1519471
0#
#1519486
1u
#1519505
1!
#1519506
0!
#1519511
#1519523
0(
#1519541
1&
#1519618
#1519641
0$!
#1519656
1%
#1519666
#1519744
#1519775
#1519800
#1519828
0%
#1519843
1x
#1519854
#1519864
#1519873
0~
#1519885
1v
#1519895
#1519904
0u
#1519919
1u
#1519930
#1519942
0w
#1519957
1w
#1519967
0u
#1519982
1u
#1519992
0&
#1520010
1)
#1520108
0v
#1520123
1'
#1520201
0%!
#1520216
1#
#1520227
#1520257
0w
#1520271
1|
#1520289
#1520302
#1520337
0#
#1520351
1w
#1520361
0'
#1520376
1#!
#1520394
1!
#1520395
0!
#1520400
#1520414
#1520492
0#!
#1520507
1#!
#1520517
0|
#1520532
1(
#1520542
0#!
#1520557
1#!
#1520650
#1520680
#1520703
#1520715
0w
#1520727
1"!
#1520737
#1520747
#1520788
0)
#1520803
1!!
#1520814
0(
#1520831
1%
#1520917
#1520928
0"!
#1520943
1&
#1520953
0x
#1520967
1x
#1520979
#1521008
#1521023
#1521033
0x
#1521047
1&!
#1521119
#1521137
0!!
#1521149
1x
#1521174
#1521204
#1521231
0&
#1521246
1$!
#1521257
0*
#1521272
1z
#1521281
#1521298
#1521311
#1521329
0u
#1521344
1u
#1521355
#1521385
0u
#1521400
1~
#1521418
1!
#1521419
0!
#1521424
#1521444
#1521457
#1521483
0$
#1521498
1u
#1521515
0%
#1521532
1y
#1521541
#1521551
#1521581
#1521591
#1521607
#1521698
#1521726
#1521738
0z
#1521751
1|
#1521763
#1521790
0y
#1521806
1}
#1521816
#1521890
#1521927
#1521938
#1521999
#1522015
#1522023
#1522047
#1522074
0&!
#1522090
1t
#1522102
#1522186
#1522197
#1522233
0t
#1522249
1y
#1522333
0#!
#1522347
1w
#1522357
0}
#1522373
1{
#1522450
0x
#1522464
1&!
#1522475
#1522554
0&!
#1522570
1"!
#1522580
0{
#1522594
1t
#1522617
#1522627
0y
#1522643
1}
#1522720
#1522729
0}
#1522744
1&!
#1522756
#1522917
0t
#1522932
1y
#1522942
0$!
#1522955
1}
#1522973
1!
#1522974
0!
#1522979
#1522991
0|
#1523004
1s
#1523023
#1523040
#1523062
#1523199
0s
#1523212
1t
#1523222
0y
#1523236
1#
#1523247
#1523291
0#
#1523307
1|
#1523318
#1523330
0"!
#1523344
1'
#1523362
0~
#1523378
1~
#1523396
0~
#1523411
1~
#1523517
#1523547
#1523640
#1523666
0'
#1523682
1v
#1523692
#1523702
1!
#1523703
0!
#1523708
#1523720
#1523730
#1523740
#1523750
#1523761
0|
#1523775
1"!
#1523786
#1523797
#1523909
0v
#1523925
1%!
#1524011
#1524039
0&!
#1524052
1v
#1524063
0u
#1524078
1y
#1524149
0"!
#1524162
1u
#1524186
0v
#1524202
1v
#1524212
0t
#1524227
1)
#1524237
0u
#1524253
1u
#1524396
#1524407
0%!
#1524422
1(
#1524500
#1524530
#1524559
0w
#1524572
1!!
#1524582
#1524599
#1524609
#1524619
#1524632
#1524664
0!!
#1524680
1|
#1524691
#1524709
0}
#1524725
1z
#1524816
0)
#1524831
1!!
#1524841
#1524863
#1524872
0v
#1524885
1}
#1524897
1!
#1524898
0!
#1524902
#1524915
0}
#1524931
1}
#1524941
0(
#1524958
1&
#1525050
0|
#1525065
1*
#1525076
#1525284
0*
#1525299
1&!
#1525310
#1525322
0!!
#1525337
1!!
#1525354
0u
#1525368
1$
#1525388
1!
#1525389
0!
#1525393
#1525487
0z
#1525502
1%
#1525593
0&!
#1525608
1#
#1525619
#1525649
#1525679
#1525691
0#
#1525705
1#!
#1525715
0%
#1525730
1"!
#1525740
#1525756
0y
#1525771
1'
#1525782
#1525799
#1525809
#1525853
#1525863
#1525873
#1525902
#1525911
0$
#1525926
1x
#1525937
0#!
#1525952
1v
#1525970
#1526110
0"!
#1526122
1#!
#1526139
0x
#1526154
1)
#1526164
0#!
#1526179
1#!
#1526190
#1526220
0~
#1526234
1|
#1526245
0)
#1526260
1~
#1526278
#1526297
0~
#1526313
1~
#1526337
#1526435
#1526454
0}
#1526466
1y
#1526478
#1526503
0&
#1526519
1{
#1526529
#1526539
#1526556
#1526565
0{
#1526581
1{
#1526592
#1526620
0{
#1526636
1&!
#1526654
#1526667
#1526699
#1526709
#1526737
#1526764
#1526786
#1526803
#1526813
#1526823
#1526858
#1526869
#1526886
#1526904
#1526938
0'
#1526954
1{
#1526965
#1526977
#1527045
1!
#1527046
0!
#1527051
#1527071
#1527100
#1527110
#1527118
#1527128
0~
#1527144
1$!
#1527154
0!!
#1527170
1s
#1527181
0v
#1527197
1"!
#1527208
#1527218
#1527227
#1527237
#1527256
0$!
#1527272
1t
#1527297
#1527315
0t
#1527331
1%!
#1527512
1!
#1527513
0!
#1527517
#1527657
0"!
#1527669
1w
#1527821
0{
#1527833
1~
#1527904
0%!
#1527915
1!!
#1527932
0#!
#1527945
1v
#1527955
0|
#1527968
1$!
#1527978
0~
#1527993
1t
#1528004
#1528033
0t
#1528048
1~
#1528059
0s
#1528072
1"!
#1528082
0!!
#1528098
1t
#1528123
#1528141
0&!
#1528155
1!!
#1528254
0t
#1528269
1(
#1528407
0v
#1528421
1v
#1528432
0$!
#1528447
1$!
#1528471
#1528530
1!
#1528531
0!
#1528536
#1528615
#1528624
0"!
#1528637
1u
#1528647
0!!
#1528661
1*
#1528671
#1528681
#1528692
0(
#1528709
1#
#1528719
0w
#1528734
1%
#1528887
0v
#1528901
1$
#1528920
#1528950
0u
#1528964
1{
#1529041
0$!
#1529053
1u
#1529064
#1529093
#1529105
0u
#1529119
1z
#1529129
0$
#1529143
1u
#1529154
0%
#1529171
1)
#1529189
#1529207
0y
#1529222
1&
#1529232
#1529317
#1529347
0z
#1529361
1t
#1529377
#1529388
#1529416
0u
#1529427
1z
#1529439
#1529452
1!
#1529453
0!
#1529457
#1529469
#1529485
0z
#1529500
1x
#1529511
#1529539
0&
#1529554
1z
#1529564
#1529573
0#
#1529588
1!!
#1529606
0)
#1529623
1'
#1529634
#1529646
#1529693
#1529730
0'
#1529746
1"!
#1529756
0x
#1529772
1x
#1529790
0x
#1529805
1x
#1529874
#1529894
#1530041
#1530051
#1530122
0x
#1530135
1}
#1530145
0{
#1530160
1(
#1530176
#1530253
#1530281
0~
#1530296
1#!
#1530306
0(
#1530322
1~
#1530332
0*
#1530349
1$
#1530373
#1530384
0~
#1530400
1~
#1530478
0}
#1530492
1%
#1530509
0!!
#1530524
1&
#1530535
1!
#1530536
0!
#1530541
#1530562
#1530612
#1530622
0#!
#1530636
1v
#1530648
#1530676
0%
#1530691
1#!
#1530752
0&
#1530768
1%!
#1530777
#1530786
0#!
#1530802
1#!
#1530813
#1530831
#1530839
#1530849
#1530861
0%!
#1530877
1%!
#1530894
0%!
#1530910
1%!
#1531144
0"!
#1531158
1#
#1531168
0#!
#1531183
1)
#1531193
0t
#1531208
1'
#1531369
#1531457
0v
#1531468
1$!
#1531479
#1531491
0'
#1531508
1(
#1531518
0z
#1531533
1*
#1531545
1!
#1531546
0!
#1531551
#1531564
#1531599
#1531609
#1531638
#1531647
0*
#1531661
1s
#1531673
#1531686
#1531704
0s
#1531718
1u
#1531818
#1531845
0(
#1531860
1s
#1531939
#1531968
0~
#1531980
1|
#1531990
#1531999
0s
#1532013
1x
#1532025
#1532035
#1532044
0#
#1532059
1s
#1532070
#1532082
0u
#1532097
1%
#1532122
#1532173
#1532200
0|
#1532215
1!!
#1532225
0$
#1532241
1&!
#1532250
#1532260
#1532272
#1532351
0&!
#1532366
1|
#1532377
#1532404
0%!
#1532417
1&!
#1532428
#1532440
0&!
#1532455
1#!
#1532472
0)
#1532488
1&!
#1532499
#1532526
0|
#1532541
1w
#1532558
#1532588
#1532672
#1532701
#1532727
0#!
#1532740
1|
#1532750
#1532759
0%
#1532775
1v
#1532792
#1532809
#1532820
#1532837
1!
#1532838
0!
#1532843
#1532856
#1532868
#1532880
#1532989
#1533000
0w
#1533016
1y
#1533025
#1533034
0&!
#1533048
1{
#1533066
#1533154
#1533170
0x
#1533186
1w
#1533197
#1533269
0w
#1533284
1u
#1533301
0y
#1533314
1x
#1533331
0{
#1533345
1w
#1533356
#1533393
#1533404
0!!
#1533421
1#!
#1533439
1!
#1533440
0!
#1533445
#1533458
#1533492
0x
#1533508
1!!
#1533519
#1533530
0!!
#1533547
1}
#1533632
#1533666
0#!
#1533679
1x
#1533740
#1533757
#1533788
#1533797
0s
#1533813
1!!
#1533934
0w
#1533948
1t
#1533959
#1533987
#1533996
0$!
#1534012
1s
#1534133
0|
#1534147
1&!
#1534218
#1534230
0}
#1534244
1$!
#1534335
0$!
#1534351
1$!
#1534422
#1534449
#1534458
0s
#1534473
1"!
#1534484
0t
#1534497
1s
#1534602
#1534619
1!
#1534620
0!
#1534625
#1534637
#1534646
0x
#1534660
1&
#1534678
#1534839
0$!
#1534852
1'
#1534863
0u
#1534877
1*
#1534887
0v
#1534902
1v
#1534979
0v
#1534993
1v
#1535004
#1535034
0!!
#1535046
1#!
#1535114
0"!
#1535129
1(
#1535140
#1535152
0*
#1535170
1#
#1535330
0s
#1535345
1$
#1535355
0v
#1535370
1)
#1535382
1!
#1535383
0!
#1535387
#1535415
#1535444
#1535474
0)
#1535488
1z
#1535497
#1535508
#1535525
#1535534
0z
#1535548
1w
#1535566
#1535654
#1535683
0&!
#1535694
1z
#1535706
#1535733
0z
#1535747
1!!
#1535757
0$
#1535771
1~
#1535781
#1535791
#1535802
0'
#1535817
1z
#1535827
0#
#1535845
1%
#1535869
#1535899
#1535910
#1535919
0~
#1535934
1%!
#1535944
#1535954
#1535965
0%
#1535980
1~
#1535990
#1536020
#1536051
0%!
#1536066
1x
#1536076
0~
#1536091
1%!
#1536102
0&
#1536117
1~
#1536180
#1536213
#1536242
#1536271
#1536290
0%!
#1536306
1y
#1536317
#1536328
0(
#1536344
1$!
#1536353
#1536371
#1536399
#1536410
0w
#1536426
1%!
#1536436
#1536451
#1536460
#1536469
0y
#1536485
1{
#1536497
1!
#1536498
0!
#1536503
#1536596
0{
#1536610
1w
#1536769
0w
#1536784
1y
#1536795
0%!
#1536808
1w
#1536818
0$!
#1536833
1*
#1536924
0~
#1536939
1)
#1537100
#1537191
0w
#1537202
1s
#1537213
0)
#1537229
1$
#1537239
0#!
#1537253
1'
#1537285
0y
#1537299
1y
#1537311
#1537323
#1537352
0z
#1537364
1|
#1537374
#1537391
1!
#1537392
0!
#1537397
#1537410
#1537441
#1537451
#1537460
0'
#1537476
1v
#1537554
#1537566
0x
#1537581
1#
#1537606
#1537694
#1537707
#1537734
0$
#1537750
1$!
#1537759
#1537769
0|
#1537784
1}
#1537802
#1537887
0}
#1537902
1|
#1537988
#1538014
0!!
#1538026
1}
#1538035
#1538045
0#
#1538060
1t
#1538070
0}
#1538086
1}
#1538097
#1538114
#1538123
0t
#1538138
1t
#1538150
#1538177
0t
#1538193
1%!
#1538211
#1538224
#1538256
#1538265
#1538274
0*
#1538290
1t
#1538301
#1538337
0$!
#1538350
1u
#1538361
0|
#1538377
1~
#1538388
#1538415
1!
#1538416
0!
#1538420
#1538434
#1538519
0u
#1538535
1|
#1538545
0~
#1538559
1u
#1538577
#1538613
0u
#1538629
1w
#1538640
#1538800
0}
#1538814
1u
#1538846
#1538872
#1538895
#1538912
#1538989
#1538998
0s
#1539014
1"!
#1539025
#1539059
0v
#1539072
1s
#1539090
#1539102
#1539130
0s
#1539146
1&!
#1539163
#1539185
#1539195
0y
#1539210
1$!
#1539281
#1539310
#1539388
#1539407
#1539416
0&!
#1539431
1s
#1539441
0"!
#1539454
1y
#1539465
1!
#1539466
0!
#1539471
#1539484
0y
#1539499
1{
#1539583
0t
#1539596
1&!
#1539613
0&!
#1539629
1y
#1539638
#1539648
0w
#1539661
1&!
#1539880
0{
#1539893
1%
#1539911
0s
#1539925
1&
#1540010
0|
#1540024
1(
#1540110
0y
#1540124
1)
#1540202
0u
#1540216
1'
#1540227
0%!
#1540241
1$
#1540259
0&!
#1540274
1#
#1540285
#1540315
0%
#1540329
1~
#1540347
#1540360
#1540395
#1540405
#1540434
#1540444
1!
#1540445
0!
#1540450
#1540462
0$
#1540476
1z
#1540495
#1540513
0z
#1540527
1}
#1540606
#1540617
0$!
#1540629
1z
#1540640
#1540668
0&
#1540682
1#!
#1540693
0'
#1540710
1*
#1540721
#1540732
#1540747
#1540757
#1540787
0z
#1540802
1w
#1540827
#1540856
#1540868
#1540879
0*
#1540894
1z
#1540904
0#!
#1540919
1x
#1540929
0~
#1540944
1#!
#1540955
0#
#1540970
1~
#1540987
0~
#1541002
1~
#1541026
#1541110
#1541140
0#!
#1541155
1u
#1541166
#1541177
#1541254
0x
#1541267
1#!
#1541291
#1541321
0z
#1541333
1s
#1541352
#1541365
#1541411
#1541488
#1541499
#1541515
0}
#1541529
1!!
#1541541
#1541573
0)
#1541588
1}
#1541598
#1541674
#1541684
0u
#1541696
1v
#1541708
1!
#1541709
0!
#1541713
#1541726
0(
#1541743
1%
#1541760
0}
#1541775
1}
#1541786
#1541798
#1541828
0#!
#1541841
1y
#1541865
0~
#1541881
1~
#1541958
0~
#1541973
1~
#1541984
#1542012
#1542024
0!!
#1542037
1"!
#1542047
0%
#1542064
1$
#1542075
#1542086
#1542108
#1542132
#1542284
#1542295
0v
#1542308
1&!
#1542347
#1542384
1!
#1542385
0!
#1542390
#1542527
0$
#1542542
1z
#1542554
#1542582
#1542600
0s
#1542613
1%!
#1542625
#1542652
0"!
#1542667
1t
#1542745
0w
#1542758
1"!
#1542775
#1542792
#1542803
0"!
#1542818
1"!
#1542896
#1542913
#1542941
0t
#1542956
1#!
#1542974
0~
#1542987
1t
#1542998
#1543010
#1543022
0t
#1543037
1t
#1543047
#1543057
#1543084
0%!
#1543100
1{
#1543116
#1543133
0&!
#1543147
1%!
#1543165
#1543176
0%!
#1543192
1%!
#1543210
0{
#1543226
1{
#1543235
#1543327
0{
#1543342
1{
#1543375
#1543403
0"!
#1543417
1u
#1543426
#1543504
#1543515
0y
#1543530
1&
#1543555
#1543584
#1543613
#1543649
1!
#1543650
0!
#1543654
#1543719
#1543745
0&
#1543761
1|
#1543771
#1543848
#1543865
#1543875
0%!
#1543888
1~
#1543905
#1543915
#1543925
#1544002
0z
#1544018
1$!
#1544035
0t
#1544048
1z
#1544066
0|
#1544082
1|
#1544099
0z
#1544116
1z
#1544186
0|
#1544201
1|
#1544219
0{
#1544234
1'
#1544252
#1544283
#1544309
0'
#1544325
1&!
#1544498
1!
#1544499
0!
#1544504
#1544516
0|
#1544530
1*
#1544542
#1544689
0#!
#1544701
1x
#1544711
#1544721
#1544749
0*
#1544765
1"!
#1544783
#1544796
#1544881
#1544893
#1544922
0&!
#1544935
1!!
#1544947
#1544966
#1544978
#1545005
#1545013
#1545023
#1545034
#1545043
0$!
#1545059
1%!
#1545069
#1545159
#1545188
0!!
#1545201
1w
#1545212
0x
#1545228
1$!
#1545297
#1545322
#1545332
0}
#1545348
1t
#1545425
0u
#1545438
1x
#1545456
1!
#1545457
0!
#1545462
#1545475
0x
#1545491
1}
#1545576
#1545747
#1545775
0$!
#1545789
1x
#1545800
0w
#1545812
1|
#1545830
0}
#1545845
1v
#1545856
#1545869
#1545887
0v
#1545903
1$!
#1545928
#1546023
0~
#1546036
1}
#1546047
#1546075
#1546087
0t
#1546100
1v
#1546124
0v
#1546140
1&!
#1546151
#1546188
#1546200
#1546228
0z
#1546241
1s
#1546257
#1546266
#1546289
#1546299
#1546316
#1546325
#1546333
#1546343
0s
#1546359
1v
#1546443
0|
#1546456
1t
#1546482
#1546574
0v
#1546587
1y
#1546598
0"!
#1546614
1s
#1546638
0s
#1546654
1"!
#1546726
#1546821
#1546952
1!
#1546953
0!
#1546958
#1546972
#1546998
#1547016
0"!
#1547031
1s
#1547042
#1547070
0%!
#1547085
1{
#1547096
#1547108
#1547136
#1547160
#1547188
#1547200
0x
#1547213
1|
#1547223
#1547232
0}
#1547245
1"!
#1547255
#1547265
#1547283
0y
#1547299
1#!
#1547310
#1547340
#1547358
#1547366
#1547396
0{
#1547412
1%!
#1547482
#1547505
#1547594
#1547621
0$!
#1547634
1v
#1547645
#1547658
1!
#1547659
0!
#1547664
#1547677
0%!
#1547692
1!!
#1547710
#1547728
0#!
#1547742
1y
#1547760
#1547773
0y
#1547789
1}
#1547815
#1547841
#1547851
#1547864
#1547891
0&!
#1547907
1{
#1547917
#1547925
#1547941
#1547950
0{
#1547966
1u
#1547977
#1547990
#1548014
#1548042
#1548054
#1548065
0"!
#1548081
1%!
#1548150
#1548169
0u
#1548185
1y
#1548246
#1548261
#1548339
#1548349
0%!
#1548363
1z
#1548380
0|
#1548396
1w
#1548547
#1548589
0!!
#1548602
1&!
#1548680
0t
#1548693
1{
#1548709
#1548718
0z
#1548732
1~
#1548743
1!
#1548744
0!
#1548749
#1548823
#1548849
#1548876
0w
#1548890
1"!
#1548914
0"!
#1548930
1u
#1548941
#1548955
#1548973
0&!
#1548989
1|
#1548999
0v
#1549015
1%!
#1549085
#1549095
#1549174
0u
#1549189
1x
#1549200
#1549214
#1549233
0~
#1549246
1"!
#1549264
#1549291
0s
#1549305
1&!
#1549316
#1549328
#1549355
0|
#1549371
1v
#1549388
#1549411
#1549420
0v
#1549436
1u
#1549446
#1549455
0x
#1549471
1#!
#1549488
#1549505
#1549577
#1549590
#1549602
#1549696
0#!
#1549711
1$!
#1549723
1!
#1549724
0!
#1549729
#1549748
0"!
#1549762
1|
#1549771
#1549863
#1549874
0u
#1549888
1v
#1549905
0y
#1549921
1x
#1549939
0x
#1549955
1z
#1550038
0}
#1550052
1#!
#1550129
0#!
#1550145
1y
#1550163
0z
#1550176
1x
#1550186
0y
#1550203
1#!
#1550451
0{
#1550463
1y
#1550474
0v
#1550488
1#
#1550498
0#!
#1550513
1)
#1550531
#1550567
#1550650
0)
#1550665
1"!
#1550675
#1550685
#1550705
#1550734
0$!
#1550747
1!!
#1550765
0#
#1550782
1(
#1550798
#1550809
#1550836
1!
#1550837
0!
#1550841
#1550989
#1550998
0!!
#1551013
1!!
#1551031
0y
#1551045
1%
#1551115
0!!
#1551130
1!!
#1551208
0x
#1551222
1$
#1551233
#1551284
0|
#1551296
1u
#1551307
#1551319
0%!
#1551334
1&
#1551434
#1551461
0%
#1551476
1t
#1551487
#1551516
0u
#1551529
1#!
#1551538
#1551548
#1551560
0(
#1551578
1'
#1551640
1!
#1551641
0!
#1551646
#1551659
#1551676
#1551692
0&!
#1551707
1&!
#1551718
#1551746
0&
#1551761
1w
#1551772
0'
#1551789
1*
#1551849
#1551860
#1551877
#1551886
0&!
#1551901
1&!
#1551933
0w
#1551948
1w
#1551959
#1551997
#1552069
0w
#1552084
1v
#1552129
#1552157
0*
#1552173
1w
#1552302
0$
#1552317
1~
#1552335
#1552363
#1552373
#1552397
0!!
#1552411
1x
#1552420
#1552431
1!
#1552432
0!
#1552436
#1552510
#1552538
#1552550
0t
#1552563
1s
#1552573
0v
#1552588
1)
#1552599
#1552609
#1552632
#1552656
#1552746
0~
#1552762
1y
#1552781
#1552807
0#!
#1552820
1~
#1552890
0~
#1552906
1~
#1552916
0&!
#1552930
1#
#1553069
0s
#1553083
1s
#1553093
0w
#1553108
1%
#1553118
0s
#1553132
1s
#1553143
0"!
#1553158
1(
#1553176
#1553204
0)
#1553218
1}
#1553237
#1553322
#1553331
0s
#1553346
1&
#1553356
#1553365
0#
#1553383
1'
#1553400
0}
#1553414
1}
#1553507
0}
#1553521
1}
#1553532
0~
#1553547
1*
#1553632
1!
#1553633
0!
#1553638
#1553659
#1553689
0x
#1553700
1|
#1553719
#1553732
#1553827
0*
#1553841
1z
#1553852
0'
#1553869
1$
#1553880
#1553890
#1553906
0z
#1553920
1z
#1553931
#1553962
0}
#1553973
1u
#1553983
#1553993
#1554005
0z
#1554019
1z
#1554030
0$
#1554047
1)
#1554222
0z
#1554236
1#
#1554246
0y
#1554262
1*
#1554273
#1554308
#1554318
#1554347
#1554356
0#
#1554370
1{
#1554380
0)
#1554395
1v
#1554413
#1554425
#1554438
1!
#1554439
0!
#1554443
#1554463
0{
#1554477
1{
#1554495
0{
#1554509
1{
#1554534
#1554570
0&
#1554585
1$!
#1554715
#1554745
0{
#1554757
1w
#1554767
#1554777
#1554789
0(
#1554806
1'
#1554818
#1554842
#1554859
#1554946
#1554958
#1554987
0u
#1555002
1%!
#1555019
0'
#1555034
1s
#1555044
#1555061
#1555073
0$!
#1555088
1u
#1555165
0u
#1555180
1$!
#1555190
#1555200
#1555229
0$!
#1555244
1u
#1555261
0*
#1555277
1~
#1555301
0%!
#1555314
1$!
#1555325
#1555409
#1555419
#1555439
#1555457
0%
#1555473
1!!
#1555550
0|
#1555566
1|
#1555583
#1555593
1!
#1555594
0!
#1555599
#1555613
#1555707
0|
#1555723
1t
#1555733
0v
#1555746
1|
#1555757
#1555842
#1555852
0t
#1555867
1t
#1555885
0t
#1555900
1t
#1555925
#1555959
#1555969
0u
#1555982
1}
#1556000
#1556100
0$!
#1556114
1$
#1556125
#1556153
0!!
#1556167
1#!
#1556245
0$
#1556261
1#
#1556322
#1556332
#1556351
#1556381
#1556390
0#!
#1556405
1z
#1556415
0|
#1556428
1#!
#1556447
1!
#1556448
0!
#1556453
#1556466
#1556485
0#!
#1556500
1#!
#1556512
#1556538
0#
#1556554
1&!
#1556571
#1556581
#1556593
#1556680
#1556690
0w
#1556705
1{
#1556723
0s
#1556736
1w
#1556798
#1556810
0w
#1556826
1w
#1556865
#1556900
#1557046
#1557062
0}
#1557075
1"!
#1557106
0#!
#1557121
1)
#1557132
#1557161
#1557185
0~
#1557201
1u
#1557211
0)
#1557227
1~
#1557372
0~
#1557387
1~
#1557515
0t
#1557529
1&
#1557539
0"!
#1557553
1(
#1557563
0&!
#1557578
1'
#1557596
#1557609
#1557838
0w
#1557850
1x
#1557861
0~
#1557875
1*
#1557886
0'
#1557903
1%
#1557915
#1557925
#1557935
1!
#1557936
0!
#1557941
#1557960
0x
#1557975
1x
#1557984
#1558061
0x
#1558075
1x
#1558086
#1558144
0%
#1558158
1$!
#1558170
#1558189
#1558293
0z
#1558304
1y
#1558315
0&
#1558332
1$
#1558342
0$!
#1558357
1#
#1558417
#1558427
#1558439
#1558477
1!
#1558478
0!
#1558483
#1558555
#1558565
0{
#1558576
1|
#1558608
0y
#1558622
1y
#1558633
#1558706
0y
#1558720
1y
#1558731
#1558759
0#
#1558773
1%!
#1558784
0u
#1558798
1)
#1558815
0$
#1558833
1'
#1558844
#1558862
0%!
#1558876
1%!
#1558888
#1558919
#1558930
0'
#1558945
1}
#1558962
#1558979
#1559007
#1559083
#1559092
0}
#1559105
1v
#1559114
#1559138
#1559168
#1559179
0*
#1559195
1#!
#1559205
0x
#1559220
1x
#1559232
#1559250
0%!
#1559265
1%!
#1559282
0x
#1559298
1x
#1559398
1!
#1559399
0!
#1559404
#1559416
0|
#1559431
1%
#1559442
#1559547
#1559575
#1559586
#1559595
0(
#1559610
1w
#1559621
0)
#1559636
1!!
#1559661
#1559687
0v
#1559700
1s
#1559779
#1559806
#1559815
0%
#1559831
1~
#1559849
#1559861
#1559889
#1559900
#1559909
#1559919
#1559930
0%!
#1559944
1&!
#1559960
#1559976
0!!
#1559992
1!!
#1560010
#1560047
#1560058
0!!
#1560074
1$!
#1560083
#1560107
0&!
#1560123
1!!
#1560185
#1560205
#1560283
0s
#1560299
1&!
#1560374
0&!
#1560390
1t
#1560482
0~
#1560496
1s
#1560580
0s
#1560596
1&!
#1560608
1!
#1560609
0!
#1560613
#1560627
#1560646
#1560683
#1560700
#1560723
0!!
#1560737
1s
#1560747
0y
#1560763
1}
#1560840
#1560862
0x
#1560876
1y
#1560947
#1560977
#1561062
#1561080
0#!
#1561094
1%!
#1561105
#1561124
0w
#1561140
1"!
#1561151
#1561177
#1561254
0y
#1561270
1w
#1561332
#1561356
#1561364
#1561374
0}
#1561387
1z
#1561397
0w
#1561414
1y
#1561499
#1561529
1!
#1561530
0!
#1561535
#1561554
0%!
#1561568
1w
#1561645
#1561657
0t
#1561671
1~
#1561681
0"!
#1561697
1"!
#1561715
#1561749
0"!
#1561765
1{
#1561777
#1561808
#1561823
#1561832
#1561841
0$!
#1561857
1"!
#1561868
#1562041
#1562069
#1562089
#1562234
0s
#1562247
1$!
#1562257
0&!
#1562273
1!!
#1562350
0{
#1562363
1u
#1562374
0$!
#1562389
1&!
#1562467
0"!
#1562480
1$!
#1562552
1!
#1562553
0!
#1562558
#1562570
0z
#1562584
1&
#1562601
#1562692
#1562824
0&
#1562839
1}
#1562849
#1562859
#1562878
0u
#1562892
1#
#1562909
0&!
#1562924
1&!
#1562934
0!!
#1562949
1$
#1563040
0$!
#1563055
1'
#1563141
0}
#1563156
1*
#1563227
#1563256
0y
#1563268
1|
#1563284
#1563295
#1563323
#1563339
0#
#1563354
1%!
#1563365
#1563377
0$
#1563395
1(
#1563406
1!
#1563407
0!
#1563412
#1563425
#1563458
#1563614
#1563649
0*
#1563664
1"!
#1563674
0|
#1563689
1v
#1563699
0w
#1563712
1|
#1563723
#1563751
0(
#1563767
1x
#1563778
#1563791
#1563808
#1563817
#1563825
#1563834
#1563844
#1563855
0v
#1563871
1v
#1563948
0'
#1563965
1)
#1563982
0v
#1563997
1v
#1564009
#1564053
#1564065
0)
#1564081
1!!
#1564092
#1564126
0%!
#1564140
1#!
#1564150
0|
#1564166
1|
#1564191
#1564220
#1564245
#1564313
#1564347
0#!
#1564363
1$!
#1564374
#1564386
#1564397
#1564406
#1564428
0x
#1564445
1t
#1564529
#1564538
0$!
#1564552
1#!
#1564570
0#!
#1564586
1x
#1564597
1!
#1564598
0!
#1564603
#1564750
0&!
#1564765
1#!
#1564849
0"!
#1564862
1&!
#1564888
#1565042
#1565054
0v
#1565067
1}
#1565139
#1565166
0&!
#1565181
1s
#1565198
0x
#1565212
1&!
#1565224
#1565302
0s
#1565317
1x
#1565327
0}
#1565339
1s
#1565356
0s
#1565371
1s
#1565478
0|
#1565491
1%
#1565501
0~
#1565515
1&
#1565532
0x
#1565547
1#
#1565565
#1565595
0t
#1565608
1%!
#1565617
#1565627
#1565783
1!
#1565784
0!
#1565789
#1565801
0s
#1565816
1$
#1565827
#1565862
0%
#1565876
1{
#1565886
0&
#1565903
1*
#1565913
#1565923
#1565935
#1565964
#1565974
0&!
#1565986
1$!
#1566003
0{
#1566018
1{
#1566028
0*
#1566045
1(
#1566064
#1566076
0{
#1566091
1{
#1566175
0!!
#1566190
1'
#1566201
#1566232
#1566258
0(
#1566273
1|
#1566284
#1566315
#1566326
#1566342
0$
#1566357
1}
#1566369
#1566419
#1566449
#1566476
1!
#1566477
0!
#1566482
#1566494
0#
#1566510
1z
#1566519
#1566528
#1566538
#1566550
#1566561
#1566570
#1566579
0z
#1566595
1x
#1566627
#1566638
#1566739
0$!
#1566754
1u
#1566764
#1566774
#1566800
0x
#1566813
1z
#1566823
#1566833
#1566844
0z
#1566860
1y
#1566871
#1566899
0#!
#1566915
1$!
#1566933
#1566944
0$!
#1566959
1w
#1566970
0y
#1566985
1z
#1567017
#1567044
#1567056
#1567127
0'
#1567143
1s
#1567160
#1567175
#1567183
#1567193
0w
#1567206
1#!
#1567217
#1567306
0#!
#1567321
1$!
#1567332
0%!
#1567347
1y
#1567358
0u
#1567371
1~
#1567390
#1567409
0y
#1567425
1&!
#1567435
#1567612
0$!
#1567625
1#!
#1567637
1!
#1567638
0!
#1567643
#1567656
#1567742
#1567780
#1567789
0|
#1567805
1%!
#1567823
#1567953
#1568083
#1568095
0%!
#1568110
1y
#1568120
0{
#1568133
1"!
#1568158
#1568261
#1568273
0"!
#1568286
1|
#1568384
#1568414
#1568442
#1568484
1!
#1568485
0!
#1568490
#1568503
0|
#1568517
1x
#1568527
#1568537
#1568550
#1568569
#1568596
0#!
#1568611
1%!
#1568621
0}
#1568634
1$!
#1568645
0~
#1568658
1v
#1568676
#1568688
#1568752
0v
#1568768
1t
#1568787
#1568805
#1568816
#1568825
#1568834
0z
#1568850
1|
#1568875
#1568889
#1568908
0t
#1568924
1!!
#1569009
#1569044
#1569070
#1569087
#1569117
#1569128
#1569136
#1569145
#1569169
#1569180
#1569208
0$!
#1569224
1#!
#1569234
0s
#1569250
1v
#1569262
#1569274
#1569285
#1569301
0v
#1569317
1z
#1569327
#1569336
0!!
#1569352
1t
#1569377
#1569411
#1569420
0t
#1569436
1w
#1569505
#1569515
0&!
#1569530
1u
#1569600
0z
#1569615
1~
#1569634
1!
#1569635
0!
#1569639
#1569725
0x
#1569738
1$!
#1569748
0y
#1569761
1s
#1569771
#1569781
#1569860
0s
#1569875
1v
#1569952
0w
#1569965
1!!
#1569982
0!!
#1569998
1t
#1570022
0u
#1570035
1&!
#1570045
0~
#1570059
1z
#1570084
#1570098
#1570178
#1570212
0%!
#1570225
1s
#1570243
#1570304
#1570337
#1570353
#1570362
0&!
#1570378
1!!
#1570398
1!
#1570399
0!
#1570403
#1570482
#1570580
0z
#1570593
1}
#1570605
#1570615
0t
#1570629
1{
#1570708
#1570726
0!!
#1570740
1&!
#1570832
#1570861
0{
#1570876
1z
#1570887
0$!
#1570900
1{
#1570925
#1570944
0|
#1570960
1|
#1570970
0{
#1570986
1{
#1570997
#1571088
#1571098
#1571184
0z
#1571198
1"!
#1571207
#1571300
#1571377
1!
#1571378
0!
#1571382
#1571467
0|
#1571482
1t
#1571492
0}
#1571505
1|
#1571517
#1571528
0#!
#1571544
1#!
#1571561
0{
#1571576
1)
#1571675
#1571705
0#!
#1571720
1!!
#1571731
0s
#1571744
1#!
#1571821
0)
#1571838
1%
#1571848
0"!
#1571863
1&
#1571881
#1571910
#1571929
#1571955
0%
#1571971
1x
#1571982
#1572011
0v
#1572027
1y
#1572120
#1572147
0&
#1572163
1v
#1572173
#1572232
#1572242
#1572267
0#!
#1572280
1z
#1572290
#1572299
0v
#1572315
1v
#1572326
0x
#1572342
1x
#1572353
#1572364
#1572387
0x
#1572403
1x
#1572450
#1572552
#1572582
1!
#1572583
0!
#1572588
#1572600
#1572610
#1572687
#1572717
#1572734
0y
#1572750
1u
#1572761
#1572789
#1572801
#1572879
0&!
#1572895
1{
#1572955
#1572965
0v
#1572978
1s
#1572988
#1572998
#1573008
#1573019
#1573191
#1573201
0u
#1573216
1y
#1573226
0t
#1573239
1w
#1573397
#1573413
0!!
#1573426
1~
#1573436
0s
#1573449
1&!
#1573586
0y
#1573601
1u
#1573672
0&!
#1573686
1y
#1573697
#1573726
0~
#1573738
1&!
#1573749
0|
#1573761
1#!
#1573771
0w
#1573785
1*
#1573818
#1573899
1!
#1573900
0!
#1573904
#1573918
#1573930
#1573942
0*
#1573957
1%!
#1573967
#1573991
#1574026
#1574103
#1574131
#1574150
0%!
#1574163
1v
#1574194
0x
#1574208
1$!
#1574218
0u
#1574234
1u
#1574244
0z
#1574261
1z
#1574279
#1574308
#1574326
0z
#1574342
1|
#1574461
0$!
#1574478
1z
#1574487
#1574498
#1574517
1!
#1574518
0!
#1574523
#1574550
#1574583
#1574594
#1574622
#1574632
#1574783
#1574794
#1574811
#1574841
#1574882
#1574945
#1575030
0&!
#1575045
1$!
#1575057
#1575068
0$!
#1575083
1}
#1575095
#1575106
#1575122
0#!
#1575137
1s
#1575147
#1575156
0|
#1575172
1"!
#1575182
#1575339
0"!
#1575352
1t
#1575362
0u
#1575376
1&!
#1575393
0{
#1575409
1$!
#1575479
0&!
#1575495
1#!
#1575506
0z
#1575519
1|
#1575596
0t
#1575610
1{
#1575634
#1575657
0{
#1575673
1&!
#1575684
1!
#1575685
0!
#1575690
#1575764
#1575793
0}
#1575806
1{
#1575817
#1575836
0#!
#1575852
1u
#1576011
0s
#1576024
1#!
#1576034
0&!
#1576049
1(
#1576163
#1576318
#1576345
#1576355
#1576366
0{
#1576379
1!!
#1576388
#1576412
#1576439
0u
#1576452
1s
#1576462
0(
#1576478
1w
#1576538
#1576600
#1576624
0w
#1576640
1w
#1576651
0v
#1576667
1v
#1576751
0w
#1576767
1w
#1576777
0v
#1576793
1v
#1576803
#1576813
#1576839
1!
#1576840
0!
#1576845
#1576940
0!!
#1576954
1$
#1576971
0$!
#1576985
1#
#1577207
0|
#1577220
1'
#1577231
0#!
#1577245
1)
#1577256
0v
#1577271
1%
#1577296
#1577388
1!
#1577389
0!
#1577394
#1577406
0y
#1577418
1&!
#1577487
#1577515
0#
#1577529
1x
#1577539
0'
#1577557
1&
#1577568
#1577581
#1577591
#1577614
0x
#1577628
1x
#1577708
#1577737
#1577746
0w
#1577758
1{
#1577776
#1577796
0x
#1577810
1x
#1577895
#1577923
0&
#1577938
1~
#1577955
#1577965
#1577982
#1577991
0s
#1578006
1*
#1578016
0$
#1578034
1(
#1578051
0~
#1578065
1~
#1578077
#1578165
#1578186
#1578220
0(
#1578235
1u
#1578246
0~
#1578260
1%!
#1578321
0*
#1578337
1~
#1578348
#1578367
#1578404
0%!
#1578419
1$!
#1578497
#1578517
0&!
#1578529
1%!
#1578547
#1578575
0%
#1578591
1"!
#1578601
0%!
#1578617
1%!
#1578628
#1578670
#1578749
#1578759
#1578786
0~
#1578799
1v
#1578808
#1578817
#1578827
1!
#1578828
0!
#1578833
#1578845
#1578854
0)
#1578870
1z
#1578882
#1578894
#1578918
0z
#1578934
1z
#1579012
0z
#1579028
1z
#1579039
#1579067
#1579077
#1579095
#1579119
0"!
#1579134
1#!
#1579145
0u
#1579158
1"!
#1579381
1!
#1579382
0!
#1579386
#1579414
#1579448
0z
#1579460
1t
#1579472
#1579489
0$!
#1579505
1$!
#1579516
#1579551
0$!
#1579567
1w
#1579584
0x
#1579597
1$!
#1579615
0#!
#1579629
1#
#1579767
0"!
#1579781
1"!
#1579791
#1579801
#1579813
0{
#1579827
1'
#1579837
#1579868
#1579898
0t
#1579911
1~
#1579936
#1579955
#1579984
#1580011
#1580021
#1580029
#1580045
0#
#1580061
1}
#1580077
#1580155
#1580190
0~
#1580203
1!!
#1580214
#1580239
0}
#1580255
1u
#1580332
#1580341
0'
#1580357
1}
#1580368
#1580457
1!
#1580458
0!
#1580462
#1580535
0$!
#1580549
1&
#1580559
0!!
#1580573
1$
#1580591
#1580621
#1580650
#1580665
#1580674
0%!
#1580689
1|
#1580700
#1580734
#1580745
0w
#1580757
1#!
#1580774
#1580783
0|
#1580798
1%!
#1580810
#1580821
#1580831
#1580842
0}
#1580857
1y
#1580874
0&
#1580890
1|
#1580901
#1580929
0$
#1580945
1}
#1580970
#1580997
0v
#1581013
1z
#1581025
#1581036
#1581053
#1581071
0y
#1581087
1s
#1581098
0|
#1581114
1v
#1581139
0%!
#1581155
1y
#1581172
0v
#1581188
1|
#1581198
#1581214
0y
#1581230
1%!
#1581336
0z
#1581350
1v
#1581503
#1581652
0s
#1581664
1y
#1581674
0#!
#1581687
1~
#1581712
#1581852
0%!
#1581865
1(
#1581890
1!
#1581891
0!
#1581896
#1581909
0"!
#1581922
1*
#1582007
0|
#1582021
1%
#1582032
#1582063
0y
#1582074
1$!
#1582092
0u
#1582106
1)
#1582118
#1582196
0(
#1582211
1&!
#1582229
#1582242
#1582270
0%
#1582285
1x
#1582296
0*
#1582313
1#
#1582322
#1582333
#1582345
#1582362
#1582378
0x
#1582393
1x
#1582471
0x
#1582486
1x
#1582496
0~
#1582511
1'
#1582522
#1582552
#1582561
0&!
#1582576
1z
#1582594
1!
#1582595
0!
#1582600
#1582613
#1582624
#1582662
#1582691
0'
#1582706
1&!
#1582718
#1582729
0&!
#1582745
1%!
#1582784
#1582813
#1582839
#1582923
#1582932
0)
#1582948
1&!
#1582958
0#
#1582974
1t
#1582991
#1583052
#1583063
#1583080
#1583105
#1583134
0t
#1583150
1{
#1583212
#1583230
0v
#1583246
1|
#1583257
#1583286
#1583305
#1583390
#1583400
#1583428
#1583507
1!
#1583508
0!
#1583513
#1583525
0z
#1583538
1y
#1583549
0|
#1583562
1t
#1583573
0}
#1583589
1v
#1583606
0t
#1583622
1w
#1583706
#1583715
0{
#1583731
1!!
#1583755
0y
#1583768
1}
#1583780
#1583808
0}
#1583824
1t
#1583849
#1583928
#1583939
#1583949
#1583967
#1583976
0w
#1583992
1{
#1584062
#1584071
0v
#1584087
1~
#1584103
#1584112
0!!
#1584126
1}
#1584202
#1584232
0{
#1584248
1s
#1584258
0$!
#1584272
1w
#1584297
#1584326
0w
#1584342
1v
#1584419
0&!
#1584433
1{
#1584444
#1584479
1!
#1584480
0!
#1584485
#1584579
#1584658
0}
#1584672
1|
#1584697
#1584725
#1584788
#1584874
#1584894
#1585045
#1585054
0x
#1585070
1w
#1585080
0~
#1585093
1y
#1585192
0{
#1585205
1u
#1585216
#1585244
#1585260
0s
#1585276
1#!
#1585405
#1585416
0y
#1585430
1x
#1585514
1!
#1585515
0!
#1585520
#1585533
0%!
#1585546
1}
#1585556
0#!
#1585570
1s
#1585579
#1585595
0x
#1585612
1x
#1585622
0s
#1585638
1s
#1585649
#1585692
#1585786
#1585813
#1585897
#1585976
0s
#1585988
1~
#1585999
#1586027
#1586043
0}
#1586056
1"!
#1586068
#1586086
0u
#1586100
1{
#1586110
#1586119
0v
#1586135
1v
#1586173
0v
#1586189
1v
#1586200
#1586324
#1586350
#1586359
#1586368
#1586377
0{
#1586390
1z
#1586400
#1586410
#1586422
1!
#1586423
0!
#1586428
#1586441
0z
#1586457
1!!
#1586468
#1586605
0t
#1586618
1z
#1586689
0|
#1586704
1|
#1586714
0"!
#1586728
1&
#1586739
0|
#1586754
1|
#1586764
0z
#1586779
1z
#1586791
#1586878
0&
#1586894
1y
#1586905
#1587035
0!!
#1587048
1$
#1587067
#1587171
0y
#1587183
1$!
#1587193
#1587203
#1587214
0z
#1587229
1(
#1587239
0$!
#1587254
1$!
#1587264
#1587341
#1587370
0w
#1587383
1s
#1587403
1!
#1587404
0!
#1587408
#1587482
#1587494
0(
#1587511
1%
#1587521
0x
#1587536
1*
#1587546
0$
#1587564
1'
#1587642
0$!
#1587656
1$!
#1587687
0|
#1587702
1)
#1587787
0~
#1587802
1#
#1587814
#1587849
#1587859
#1587888
#1587948
0#
#1587962
1&!
#1587980
#1587999
0&!
#1588013
1}
#1588092
#1588104
0v
#1588115
1&!
#1588127
#1588154
0%
#1588169
1%!
#1588180
0)
#1588197
1&
#1588208
#1588225
#1588241
#1588251
#1588281
0&!
#1588296
1{
#1588321
#1588350
#1588362
#1588373
0&
#1588389
1&!
#1588399
0%!
#1588414
1#!
#1588424
0s
#1588440
1%!
#1588526
1!
#1588527
0!
#1588531
#1588544
0'
#1588559
1s
#1588577
0s
#1588592
1s
#1588609
0$!
#1588624
1(
#1588694
#1588717
0#!
#1588731
1$
#1588743
#1588773
0%!
#1588788
1y
#1588799
#1588810
#1588887
0(
#1588902
1%!
#1588941
#1588971
0&!
#1588984
1z
#1589055
#1589067
0$
#1589084
1#
#1589101
0}
#1589116
1%
#1589127
#1589169
#1589245
#1589255
#1589290
0y
#1589302
1u
#1589312
0#
#1589328
1t
#1589346
#1589357
#1589367
#1589445
#1589454
0t
#1589469
1t
#1589479
0%!
#1589494
1)
#1589504
0t
#1589519
1t
#1589551
#1589581
0%
#1589596
1|
#1589674
#1589693
0s
#1589708
1&
#1589719
#1589760
#1589837
#1589846
0t
#1589858
1!!
#1589870
#1589899
#1589917
0{
#1589932
1$!
#1589942
0u
#1589957
1{
#1589968
#1589994
1!
#1589995
0!
#1590000
#1590012
0&
#1590028
1u
#1590038
0*
#1590054
1"!
#1590064
0u
#1590080
1u
#1590091
#1590109
0"!
#1590124
1"!
#1590136
#1590148
0"!
#1590163
1"!
#1590201
0)
#1590218
1'
#1590228
#1590244
0{
#1590260
1{
#1590269
#1590354
#1590444
0'
#1590460
1&!
#1590527
0z
#1590541
1(
#1590553
#1590581
1!
#1590582
0!
#1590586
#1590666
0!!
#1590681
1$
#1590713
#1590744
#1590756
0$
#1590771
1y
#1590789
#1590818
0"!
#1590831
1w
#1590841
#1590969
#1590980
0&!
#1590995
1#
#1591011
#1591020
0(
#1591038
1%
#1591056
#1591151
#1591161
0y
#1591173
1x
#1591183
#1591199
0w
#1591214
1w
#1591232
#1591262
0w
#1591277
1%!
#1591287
0%
#1591303
1w
#1591314
#1591332
0#
#1591349
1&
#1591374
#1591446
0u
#1591461
1u
#1591471
0x
#1591486
1*
#1591496
0u
#1591511
1u
#1591523
1!
#1591524
0!
#1591529
#1591609
0|
#1591624
1)
#1591701
0$!
#1591716
1'
#1591728
#1591763
#1591773
#1591801
#1591818
0)
#1591832
1~
#1591844
#1591878
#1591889
#1591919
0~
#1591934
1t
#1592002
0&
#1592017
1"!
#1592028
#1592057
#1592069
0*
#1592085
1~
#1592102
0'
#1592118
1v
#1592136
#1592221
0~
#1592237
1~
#1592247
0"!
#1592261
1$
#1592346
0v
#1592361
1v
#1592379
0v
#1592394
1v
#1592420
1!
#1592421
0!
#1592426
#1592438
#1592454
0t
#1592468
1(
#1592480
#1592509
#1592538
#1592598
0$
#1592614
1#!
#1592623
#1592632
#1592649
#1592660
0(
#1592676
1&!
#1592687
#1592715
#1592734
0#!
#1592750
1}
#1592836
#1592854
0}
#1592870
1#!
#1592880
0&!
#1592894
1}
#1593039
0v
#1593053
1%
#1593063
0{
#1593078
1#
#1593169
#1593245
#1593254
0u
#1593268
1)
#1593286
#1593317
0#!
#1593331
1y
#1593356
0}
#1593370
1#!
#1593381
#1593410
#1593429
0%
#1593443
1}
#1593454
0#
#1593469
1s
#1593479
0%!
#1593494
1&
#1593504
#1593527
#1593558
#1593570
0)
#1593586
1"!
#1593653
#1593671
#1593751
1!
#1593752
0!
#1593756
#1593917
0"!
#1593931
1*
#1593941
0w
#1593956
1'
#1593974
#1594060
#1594070
#1594081
#1594091
#1594120
0}
#1594132
1!!
#1594143
0s
#1594158
1t
#1594168
0*
#1594183
1s
#1594193
0'
#1594211
1$
#1594221
0~
#1594236
1~
#1594254
#1594266
0~
#1594281
1~
#1594306
0s
#1594321
1s
#1594414
#1594445
#1594474
#1594493
1!
#1594494
0!
#1594498
#1594518
0$
#1594533
1&!
#1594543
0&
#1594559
1z
#1594569
0y
#1594584
1(
#1594593
#1594603
0!!
#1594618
1!!
#1594630
#1594659
#1594671
#1594682
#1594692
0z
#1594707
1x
#1594718
0(
#1594734
1z
#1594818
#1594908
0~
#1594922
1%
#1594993
0&!
#1595007
1#
#1595017
0z
#1595032
1z
#1595049
0!!
#1595064
1!!
#1595073
#1595082
0x
#1595097
1)
#1595204
0#!
#1595219
1*
#1595291
#1595335
#1595347
0t
#1595359
1v
#1595444
0z
#1595459
1'
#1595538
#1595566
0*
#1595580
1|
#1595590
0'
#1595607
1$
#1595618
#1595636
0v
#1595651
1&
#1595662
0|
#1595675
1|
#1595687
#1595718
1!
#1595719
0!
#1595724
#1595736
0|
#1595750
1}
#1595767
#1595777
#1595788
#1595798
#1595826
0&
#1595841
1|
#1595851
0$
#1595866
1$!
#1595891
#1595909
0$!
#1595924
1$!
#1596009
0$!
#1596023
1$!
#1596034
0|
#1596049
1(
#1596067
#1596097
#1596121
#1596132
#1596202
#1596237
0s
#1596249
1"!
#1596259
0%
#1596274
1{
#1596292
#1596303
0(
#1596320
1*
#1596338
#1596368
#1596383
#1596392
0!!
#1596407
1~
#1596417
0*
#1596433
1!!
#1596504
#1596523
0!!
#1596538
1!!
#1596548
0{
#1596563
1'
#1596588
#1596619
#1596660
0#
#1596676
1&!
#1596685
#1596695
#1596724
#1596737
#1596747
#1596763
0'
#1596779
1%!
#1596789
#1596806
#1596835
#1596845
#1596854
0}
#1596870
1u
#1596882
1!
#1596883
0!
#1596887
#1596971
0)
#1596987
1z
#1596998
0%!
#1597014
1}
#1597092
#1597192
0"!
#1597205
1%!
#1597216
#1597244
0}
#1597259
1w
#1597270
0%!
#1597285
1}
#1597297
#1597308
0u
#1597321
1%!
#1597473
#1597489
0$!
#1597504
1$!
#1597522
#1597601
#1597671
#1597690
0w
#1597702
1v
#1597713
0$!
#1597728
1$!
#1597746
0~
#1597760
1&
#1597770
0!!
#1597785
1$
#1597796
1!
#1597797
0!
#1597802
#1597911
#1597941
#1597971
#1597983
#1597995
0&
#1598010
1y
#1598087
#1598096
0&!
#1598111
1|
#1598122
0%!
#1598134
1&!
#1598151
0$
#1598168
1%
#1598185
0$!
#1598200
1(
#1598209
#1598218
0&!
#1598234
1&!
#1598318
0y
#1598333
1*
#1598351
#1598388
0%
#1598403
1x
#1598423
1!
#1598424
0!
#1598427
#1598504
#1598515
#1598532
#1598669
0|
#1598683
1#
#1598694
0z
#1598709
1'
#1598720
#1598808
0x
#1598822
1"!
#1598833
#1598861
0*
#1598876
1x
#1598894
#1598907
#1598917
#1598926
0x
#1598941
1#!
#1598951
0}
#1598966
1x
#1598976
#1598985
0(
#1599000
1}
#1599121
#1599211
0&!
#1599223
1!!
#1599234
0}
#1599249
1}
#1599260
#1599272
0v
#1599286
1)
#1599379
#1599408
1!
#1599409
0!
#1599413
#1599426
0)
#1599441
1t
#1599452
#1599482
#1599494
0#
#1599509
1%!
#1599521
#1599532
0#!
#1599546
1&
#1599556
#1599648
#1599675
#1599684
0'
#1599700
1s
#1599710
0&
#1599727
1$
#1599738
#1599756
0s
#1599771
1s
#1599782
#1599813
#1599832
0t
#1599847
1$!
#1599858
#1599898
0$
#1599914
1t
#1599930
#1600007
0}
#1600020
1{
#1600030
#1600039
0t
#1600055
1t
#1600066
#1600077
0s
#1600093
1s
#1600102
#1600112
#1600162
0$!
#1600176
1|
#1600192
#1600330
#1600341
0{
#1600355
1%
#1600372
0x
#1600387
1*
#1600398
1!
#1600399
0!
#1600404
#1600418
#1600447
#1600476
#1600486
#1600498
#1600507
0%
#1600523
1u
#1600541
#1600559
0u
#1600575
1&!
#1600652
0!!
#1600665
1u
#1600750
0u
#1600765
1u
#1600775
0&!
#1600790
1(
#1600808
0"!
#1600823
1"!
#1600908
0"!
#1600923
1"!
#1600934
#1600962
0*
#1600977
1~
#1601008
#1601018
#1601036
0(
#1601053
1)
#1601063
0~
#1601078
1~
#1601095
#1601171
0%!
#1601185
1#
#1601203
0~
#1601218
1~
#1601229
#1601334
#1601346
0s
#1601358
1}
#1601369
0t
#1601383
1'
#1601477
1!
#1601478
0!
#1601483
#1601571
#1601599
0)
#1601613
1w
#1601623
0~
#1601638
1&
#1601647
#1601658
#1601675
#1601684
0'
#1601701
1$
#1601786
0w
#1601800
1w
#1601811
#1601841
0"!
#1601853
1$!
#1601863
0}
#1601878
1%
#1601904
#1601915
0w
#1601930
1w
#1602008
#1602036
0$
#1602051
1y
#1602061
0#
#1602078
1*
#1602097
#1602182
0y
#1602196
1y
#1602207
#1602238
0|
#1602249
1&!
#1602259
#1602269
#1602281
0w
#1602296
1(
#1602306
#1602322
0*
#1602339
1)
#1602357
#1602387
1!
#1602388
0!
#1602393
#1602407
#1602436
0(
#1602451
1z
#1602460
#1602470
0)
#1602485
1t
#1602503
#1602521
#1602530
0z
#1602545
1z
#1602555
0y
#1602571
1y
#1602662
0z
#1602677
1z
#1602689
#1602729
#1602758
0u
#1602771
1v
#1602788
0&
#1602806
1'
#1602817
#1602904
#1602914
#1602983
#1603011
#1603072
#1603134
0'
#1603150
1"!
#1603168
#1603180
#1603207
#1603237
0v
#1603253
1#!
#1603263
0$!
#1603279
1~
#1603289
0%
#1603306
1v
#1603317
#1603336
#1603420
#1603436
#1603452
0v
#1603468
1$!
#1603479
#1603507
#1603626
1!
#1603627
0!
#1603632
#1603696
#1603715
#1603727
0$!
#1603743
1x
#1603827
0&!
#1603843
1v
#1603934
#1603963
#1603980
#1603990
0#!
#1604005
1}
#1604015
0y
#1604028
1$!
#1604045
0x
#1604059
1&!
#1604143
#1604153
#1604264
#1604425
#1604453
0&!
#1604467
1{
#1604477
0z
#1604489
1#!
#1604501
1!
#1604502
0!
#1604507
#1604519
0#!
#1604534
1w
#1604544
0$!
#1604557
1!!
#1604568
#1604579
0"!
#1604592
1&!
#1604603
0t
#1604616
1#!
#1604702
#1604794
#1604803
0{
#1604819
1"!
#1604897
#1604909
0v
#1604922
1{
#1604940
#1604967
#1604983
0{
#1604999
1%!
#1605009
#1605039
#1605125
0%!
#1605140
1{
#1605151
0w
#1605164
1%!
#1605182
0%!
#1605197
1%!
#1605207
#1605216
0!!
#1605231
1$
#1605242
#1605381
#1605409
#1605420
0$
#1605437
1$!
#1605519
#1605537
0~
#1605554
1s
#1605565
1!
#1605566
0!
#1605571
#1605665
#1605695
#1605774
0$!
#1605787
1~
#1605797
#1605874
#1605901
0{
#1605914
1v
#1605932
0~
#1605947
1|
#1605958
0s
#1605971
1~
#1605981
#1605990
#1606007
#1606166
0v
#1606180
1#
#1606191
0%!
#1606205
1*
#1606222
#1606246
#1606276
0|
#1606292
1w
#1606363
#1606375
0"!
#1606387
1|
#1606427
#1606455
0*
#1606471
1u
#1606546
0#
#1606563
1(
#1606574
#1606653
0u
#1606668
1u
#1606678
0w
#1606693
1)
#1606703
0u
#1606718
1u
#1606729
#1606761
1!
#1606762
0!
#1606767
#1606779
0)
#1606795
1$!
#1606873
#1606904
#1606980
#1606989
0}
#1607003
1&
#1607082
#1607112
#1607141
0&
#1607156
1y
#1607166
#1607183
#1607195
#1607221
0$!
#1607234
1{
#1607244
#1607253
0|
#1607268
1x
#1607278
#1607287
0&!
#1607300
1|
#1607318
#1607337
0x
#1607352
1x
#1607363
0(
#1607380
1'
#1607389
#1607399
0y
#1607414
1y
#1607426
#1607444
0y
#1607460
1y
#1607506
0x
#1607521
1x
#1607607
0|
#1607621
1%
#1607760
1!
#1607761
0!
#1607766
#1607779
#1607870
0u
#1607882
1v
#1607893
#1607905
0~
#1607919
1$
#1607936
0'
#1607953
1*
#1607978
0#!
#1607992
1#
#1608085
#1608115
0x
#1608127
1%!
#1608189
#1608216
#1608244
0$
#1608258
1t
#1608269
0*
#1608286
1)
#1608297
#1608325
#1608334
#1608342
#1608353
#1608370
#1608387
1!
#1608388
0!
#1608393
#1608405
0)
#1608421
1z
#1608432
#1608449
0t
#1608465
1t
#1608543
0t
#1608558
1t
#1608568
0v
#1608583
1&
#1608600
0{
#1608614
1{
#1608640
#1608670
0{
#1608685
1w
#1608703
#1608837
#1608865
0&
#1608879
1{
#1608889
0#
#1608904
1!!
#1608921
0z
#1608935
1(
#1608953
0y
#1608968
1'
#1609129
#1609158
#1609168
#1609179
0{
#1609191
1$!
#1609208
0w
#1609223
1$
#1609233
#1609242
0!!
#1609256
1!!
#1609267
#1609302
0!!
#1609317
1s
#1609328
#1609340
0$
#1609355
1!!
#1609364
#1609374
#1609406
#1609415
0s
#1609430
1s
#1609448
#1609477
0'
#1609492
1|
#1609561
0s
#1609576
1s
#1609601
#1609630
#1609649
0(
#1609665
1"!
#1609727
#1609738
0%
#1609755
1*
#1609913
#1609930
1!
#1609931
0!
#1609936
#1609948
0"!
#1609962
1)
#1609973
#1610003
#1610027
#1610106
0*
#1610121
1x
#1610131
0s
#1610144
1&!
#1610155
0)
#1610172
1&
#1610181
#1610191
#1610204
#1610214
#1610304
0$!
#1610319
1$!
#1610330
#1610361
0t
#1610374
1v
#1610406
#1610486
0%!
#1610501
1%!
#1610511
0x
#1610526
1#
#1610537
#1610573
1!
#1610574
0!
#1610579
#1610642
0#
#1610658
1}
#1610668
0&
#1610685
1$
#1610695
0$!
#1610711
1$!
#1610778
#1610788
#1610813
#1610822
0}
#1610838
1}
#1610997
0}
#1611012
1}
#1611023
#1611053
0%!
#1611068
1{
#1611085
0$
#1611100
1%!
#1611112
#1611123
0&!
#1611137
1'
#1611154
0$!
#1611169
1(
#1611314
0|
#1611328
1%
#1611339
#1611369
#1611399
#1611411
0(
#1611426
1u
#1611436
0%
#1611451
1w
#1611461
#1611477
0!!
#1611492
1*
#1611501
#1611525
#1611555
#1611567
1!
#1611568
0!
#1611572
#1611660
#1611691
#1611702
#1611714
#1611723
0'
#1611738
1~
#1611748
0u
#1611764
1s
#1611780
#1611789
0*
#1611805
1u
#1611822
0v
#1611838
1v
#1611848
0{
#1611863
1)
#1611873
0v
#1611889
1v
#1612062
#1612099
0)
#1612114
1#!
#1612175
0~
#1612189
1#
#1612198
#1612209
#1612226
#1612235
0s
#1612250
1&
#1612321
#1612351
0u
#1612366
1x
#1612435
#1612464
#1612476
0#!
#1612491
1u
#1612501
0#
#1612516
1z
#1612526
0&
#1612542
1#!
#1612559
0}
#1612574
1$
#1612583
#1612668
#1612698
0v
#1612711
1$!
#1612723
1!
#1612724
0!
#1612728
#1612741
0$
#1612758
1(
#1612769
#1612795
#1612824
#1612835
0#!
#1612851
1y
#1612861
0(
#1612877
1#!
#1612887
#1612896
#1612906
#1612939
0z
#1612955
1z
#1613047
0%!
#1613063
1%!
#1613148
0%!
#1613163
1%!
#1613233
0z
#1613248
1z
#1613265
0u
#1613279
1%
#1613289
0#!
#1613303
1'
#1613328
0y
#1613342
1*
#1613360
#1613391
1!
#1613392
0!
#1613397
#1613546
#1613627
0w
#1613639
1{
#1613657
#1613669
0%!
#1613684
1)
#1613695
#1613730
0)
#1613744
1"!
#1613755
0*
#1613772
1#
#1613841
#1613923
#1613933
#1613950
#1613962
0x
#1613977
1s
#1614053
#1614069
0"!
#1614082
1x
#1614160
0x
#1614174
1x
#1614184
0s
#1614199
1&
#1614210
#1614238
0#
#1614253
1t
#1614264
0&
#1614281
1$
#1614299
#1614311
#1614362
0t
#1614377
1v
#1614388
#1614416
0$
#1614431
1t
#1614441
#1614458
#1614469
#1614478
0t
#1614494
1&!
#1614504
0'
#1614520
1t
#1614536
#1614553
#1614584
#1614603
#1614687
#1614720
#1614730
#1614742
#1614753
0{
#1614768
1#!
#1614840
1!
#1614841
0!
#1614845
#1614858
0t
#1614871
1|
#1614888
0%
#1614904
1{
#1614996
#1615024
#1615034
#1615046
0&!
#1615061
1u
#1615072
0$!
#1615085
1&!
#1615095
0{
#1615111
1{
#1615181
0&!
#1615197
1&!
#1615207
0|
#1615221
1(
#1615231
0z
#1615246
1)
#1615277
#1615388
0)
#1615403
1!!
#1615413
#1615423
#1615440
#1615458
1!
#1615459
0!
#1615464
#1615544
0v
#1615558
1*
#1615636
0!!
#1615651
1!!
#1615675
0{
#1615689
1#
#1615699
0!!
#1615714
1!!
#1615732
#1615762
0u
#1615775
1%!
#1615844
#1615870
#1615973
0(
#1615987
1~
#1616006
#1616035
0&!
#1616048
1s
#1616161
#1616173
0#
#1616190
1&
#1616201
#1616219
0*
#1616236
1$
#1616246
#1616262
0~
#1616277
1~
#1616356
#1616385
0~
#1616400
1}
#1616410
0!!
#1616422
1~
#1616447
#1616478
1!
#1616479
0!
#1616484
#1616497
#1616510
#1616520
#1616529
0&
#1616545
1t
#1616569
0x
#1616585
1x
#1616594
#1616664
0x
#1616679
1x
#1616689
0}
#1616704
1'
#1616715
#1616751
0'
#1616767
1u
#1616778
#1616790
0$
#1616807
1%
#1616817
#1616855
#1616946
#1616974
#1616985
0%!
#1616998
1{
#1617008
#1617106
#1617199
#1617215
#1617231
0{
#1617243
1y
#1617261
#1617289
#1617301
#1617328
#1617337
0%
#1617353
1w
#1617364
#1617383
#1617402
1!
#1617403
0!
#1617407
#1617420
0u
#1617433
1"!
#1617443
#1617452
#1617462
#1617490
#1617501
0w
#1617517
1&!
#1617541
#1617550
0"!
#1617566
1$!
#1617598
0y
#1617614
1w
#1617744
0w
#1617759
1"!
#1617769
0s
#1617785
1y
#1617795
0$!
#1617808
1w
#1617818
0~
#1617832
1s
#1617850
0y
#1617866
1y
#1617876
0s
#1617892
1s
#1617904
#1617997
0#!
#1618011
1)
#1618021
#1618037
0"!
#1618052
1"!
#1618139
#1618183
#1618330
0x
#1618342
1!!
#1618360
0y
#1618374
1(
#1618398
0w
#1618413
1#
#1618431
#1618459
0)
#1618474
1z
#1618553
1!
#1618554
0!
#1618559
#1618640
#1618652
#1618682
0!!
#1618694
1u
#1618703
#1618713
0"!
#1618727
1*
#1618746
#1618758
#1618785
#1618795
#1618806
0*
#1618821
1|
#1618831
#1618847
0(
#1618864
1&
#1618874
0t
#1618890
1t
#1618900
0#
#1618917
1'
#1618927
#1619010
0t
#1619024
1t
#1619036
#1619073
0|
#1619085
1{
#1619111
#1619130
0z
#1619145
1z
#1619177
0z
#1619192
1z
#1619203
#1619233
0&
#1619248
1y
#1619309
0'
#1619326
1$
#1619338
#1619373
0$
#1619389
1v
#1619399
#1619409
#1619437
#1619508
#1619520
#1619530
#1619607
1!
#1619608
0!
#1619613
#1619625
0s
#1619641
1}
#1619665
#1619756
#1619896
0v
#1619911
1s
#1619921
0}
#1619934
1w
#1619951
0&!
#1619964
1v
#1619975
0z
#1619989
1%
#1620000
0v
#1620015
1v
#1620025
#1620109
#1620138
0u
#1620151
1%!
#1620169
#1620188
0%
#1620205
1)
#1620216
#1620227
0s
#1620243
1s
#1620327
#1620417
0v
#1620432
1*
#1620510
0{
#1620524
1{
#1620534
#1620543
0w
#1620557
1(
#1620567
0%!
#1620582
1#
#1620593
0{
#1620607
1{
#1620781
0y
#1620796
1&
#1620876
1!
#1620877
0!
#1620881
#1620894
0s
#1620909
1'
#1620920
#1620950
0{
#1620961
1"!
#1620979
#1620991
0&
#1621009
1$
#1621020
#1621055
#1621065
#1621094
#1621103
0$
#1621117
1$!
#1621127
0)
#1621142
1!!
#1621160
#1621178
0$!
#1621193
1$!
#1621204
#1621276
0$!
#1621290
1$!
#1621300
0t
#1621315
1%
#1621340
#1621377
0*
#1621391
1~
#1621401
#1621411
1!
#1621412
0!
#1621417
#1621430
#1621447
#1621525
0~
#1621538
1~
#1621550
#1621601
0#
#1621615
1z
#1621627
#1621655
0$!
#1621667
1#!
#1621677
#1621687
#1621698
0(
#1621716
1&
#1621726
0~
#1621741
1~
#1621752
#1621770
#1621847
0"!
#1621862
1$
#1621872
0#!
#1621887
1#!
#1621972
0#!
#1621986
1#!
#1621997
#1622048
0$
#1622063
1v
#1622074
#1622107
#1622137
#1622166
0&
#1622181
1x
#1622190
#1622257
0'
#1622273
1w
#1622284
#1622314
#1622327
#1622337
#1622346
0%
#1622362
1|
#1622372
0x
#1622388
1x
#1622399
1!
#1622400
0!
#1622405
#1622418
0x
#1622433
1x
#1622443
#1622453
#1622479
#1622508
#1622520
#1622529
0~
#1622542
1s
#1622634
#1622669
0!!
#1622683
1{
#1622709
#1622721
#1622881
#1622892
0|
#1622908
1&!
#1622918
0#!
#1622934
1|
#1622958
0|
#1622974
1#!
#1623045
#1623071
#1623082
#1623161
#1623190
0v
#1623202
1|
#1623213
0#!
#1623228
1}
#1623238
0s
#1623251
1$!
#1623269
0&!
#1623282
1#!
#1623292
#1623300
#1623310
0z
#1623326
1z
#1623344
#1623355
#1623378
0z
#1623394
1z
#1623405
#1623440
#1623452
#1623480
0}
#1623496
1u
#1623514
#1623591
#1623619
#1623630
0x
#1623643
1~
#1623668
#1623762
0w
#1623776
1}
#1623853
#1623861
#1623870
0u
#1623886
1%!
#1623965
1!
#1623966
0!
#1623971
#1623983
0}
#1623999
1u
#1624030
0u
#1624045
1}
#1624199
#1624228
0z
#1624240
1u
#1624250
0$!
#1624263
1v
#1624280
0#!
#1624294
1)
#1624324
#1624334
0%!
#1624348
1*
#1624360
#1624389
#1624414
#1624424
1!
#1624425
0!
#1624430
#1624442
#1624510
#1624540
#1624609
0)
#1624625
1y
#1624635
0{
#1624651
1s
#1624721
0*
#1624737
1{
#1624748
#1624841
0|
#1624855
1#
#1624926
0}
#1624940
1(
#1624951
#1624982
0y
#1624994
1$!
#1625033
#1625061
0#
#1625077
1t
#1625088
#1625114
#1625122
#1625133
#1625195
#1625205
#1625217
#1625227
#1625243
0{
#1625259
1"!
#1625283
0(
#1625299
1{
#1625318
#1625378
1!
#1625379
0!
#1625383
#1625439
#1625467
#1625479
#1625490
#1625499
0"!
#1625516
1z
#1625546
0~
#1625562
1!!
#1625641
#1625676
0z
#1625690
1"!
#1625767
0"!
#1625783
1~
#1625845
#1625872
0!!
#1625886
1#!
#1625948
#1625959
#1625981
#1625998
#1626010
#1626038
#1626047
0u
#1626063
1"!
#1626145
0t
#1626161
1&!
#1626173
#1626185
0~
#1626201
1}
#1626500
0s
#1626513
1u
#1626523
0"!
#1626536
1t
#1626553
0u
#1626569
1~
#1626579
0&!
#1626592
1u
#1626604
1!
#1626605
0!
#1626609
#1626622
0t
#1626638
1t
#1626649
#1626676
0{
#1626689
1x
#1626766
#1626777
#1626802
#1626832
#1626918
0v
#1626931
1z
#1626956
#1626986
#1627087
#1627116
0}
#1627132
1"!
#1627148
#1627158
0x
#1627173
1}
#1627184
#1627212
0~
#1627225
1x
#1627293
0x
#1627309
1w
#1627320
#1627347
#1627373
#1627383
#1627410
#1627418
#1627429
#1627513
#1627521
#1627612
0}
#1627625
1x
#1627634
#1627651
#1627680
0"!
#1627693
1%!
#1627712
#1627723
#1627742
0w
#1627758
1|
#1627776
0z
#1627792
1~
#1627951
#1627963
0#!
#1627976
1w
#1628047
0w
#1628062
1z
#1628080
1!
#1628081
0!
#1628086
#1628098
0z
#1628114
1w
#1628184
0t
#1628197
1z
#1628207
0|
#1628221
1$
#1628233
#1628268
0%!
#1628283
1y
#1628295
#1628323
0$!
#1628336
1%!
#1628360
0%!
#1628375
1}
#1628393
#1628472
0$
#1628488
1%!
#1628498
#1628508
#1628519
0~
#1628533
1&
#1628543
#1628552
0y
#1628568
1y
#1628586
1!
#1628587
0!
#1628592
#1628605
#1628648
0y
#1628664
1!!
#1628690
#1628707
#1628791
0!!
#1628806
1y
#1628816
#1628825
0z
#1628838
1!!
#1628848
0&
#1628865
1'
#1628882
0!!
#1628898
1!!
#1628917
#1629065
0'
#1629080
1"!
#1629158
0x
#1629172
1%
#1629183
#1629223
0u
#1629237
1)
#1629450
0}
#1629464
1*
#1629550
#1629580
0"!
#1629592
1~
#1629603
#1629639
#1629651
0%!
#1629662
1s
#1629673
0)
#1629689
1#
#1629700
0y
#1629715
1(
#1629725
0%
#1629742
1$
#1629754
#1629783
#1629800
#1629810
0s
#1629824
1&!
#1629834
0(
#1629849
1s
#1629859
#1629869
#1629900
1!
#1629901
0!
#1629906
#1629918
#1629942
#1629959
0s
#1629974
1z
#1629985
0!!
#1629999
1s
#1630071
#1630082
#1630092
#1630120
0#
#1630135
1!!
#1630145
0&!
#1630158
1{
#1630183
#1630212
0$
#1630228
1}
#1630239
#1630265
#1630276
0w
#1630292
1w
#1630377
#1630406
#1630418
0{
#1630431
1"!
#1630442
#1630475
#1630491
0!!
#1630506
1v
#1630517
#1630543
#1630552
#1630561
0w
#1630577
1!!
#1630661
0"!
#1630674
1|
#1630768
#1630810
#1630822
#1630848
0~
#1630864
1w
#1630875
#1630894
#1630905
#1630917
0|
#1630933
1y
#1630942
#1630957
#1630967
0*
#1630982
1#!
#1631060
0v
#1631076
1~
#1631087
1!
#1631088
0!
#1631093
#1631105
0y
#1631119
1|
#1631129
0~
#1631145
1v
#1631161
#1631170
0!!
#1631184
1~
#1631193
#1631209
0|
#1631225
1|
#1631244
#1631272
0v
#1631288
1%!
#1631298
#1631315
#1631375
1!
#1631376
0!
#1631380
#1631449
0#!
#1631462
1v
#1631556
#1631606
#1631633
0|
#1631647
1"!
#1631709
#1631779
#1631864
0z
#1631879
1t
#1631891
#1631919
0}
#1631933
1z
#1632002
#1632013
#1632024
0z
#1632040
1!!
#1632051
#1632086
#1632178
#1632187
0s
#1632200
1z
#1632210
#1632233
#1632263
#1632340
#1632356
0%!
#1632370
1$!
#1632380
0t
#1632396
1y
#1632413
#1632423
#1632436
#1632455
1!
#1632456
0!
#1632461
#1632533
0~
#1632549
1x
#1632567
0w
#1632580
1t
#1632604
#1632761
0t
#1632776
1~
#1632862
#1632890
#1632961
0y
#1632974
1t
#1632984
0v
#1632997
1u
#1633008
#1633036
0x
#1633050
1|
#1633060
0z
#1633074
1&
#1633085
0~
#1633100
1~
#1633110
#1633119
0$!
#1633135
1$!
#1633165
0$!
#1633181
1$!
#1633253
#1633282
#1633293
#1633309
#1633318
0u
#1633331
1&!
#1633341
#1633357
0&
#1633374
1'
#1633466
#1633485
#1633516
0"!
#1633531
1%!
#1633612
0|
#1633625
1"!
#1633643
#1633655
0"!
#1633671
1"!
#1633682
#1633717
1!
#1633718
0!
#1633723
#1633735
0'
#1633752
1{
#1633837
#1633867
#1633891
#1633901
#1633919
#1633996
0!!
#1634011
1z
#1634028
0$!
#1634041
1!!
#1634058
0&!
#1634073
1)
#1634159
#1634190
#1634269
0"!
#1634282
1y
#1634353
#1634380
0!!
#1634394
1#!
#1634404
#1634414
#1634441
0)
#1634456
1!!
#1634467
#1634478
#1634488
1!
#1634489
0!
#1634494
#1634506
0#!
#1634522
1}
#1634531
#1634555
#1634567
#1634596
0}
#1634611
1#!
#1634622
#1634641
0{
#1634654
1|
#1634664
0~
#1634678
1}
#1634687
#1634696
0#!
#1634712
1#!
#1634737
#1634867
#1634947
#1634975
#1634984
0|
#1634997
1s
#1635007
#1635088
0}
#1635104
1$!
#1635175
#1635187
0%!
#1635202
1}
#1635212
0s
#1635226
1%!
#1635243
0%!
#1635258
1%!
#1635270
#1635305
0#!
#1635319
1"!
#1635390
#1635402
0t
#1635417
1%
#1635428
#1635471
#1635500
#1635512
#1635538
#1635571
0%
#1635587
1w
#1635598
0z
#1635614
1|
#1635633
#1635645
1!
#1635646
0!
#1635650
#1635669
#1635745
#1635754
#1635764
#1635798
0%!
#1635811
1x
#1635822
#1635908
0w
#1635923
1z
#1635934
0}
#1635949
1v
#1635959
#1636110
#1636139
0x
#1636152
1w
#1636161
#1636177
0"!
#1636190
1}
#1636201
0z
#1636216
1#!
#1636227
0|
#1636240
1z
#1636251
#1636270
0w
#1636286
1w
#1636363
0}
#1636379
1}
#1636403
#1636412
0v
#1636427
1(
#1636445
#1636482
0(
#1636499
1%!
#1636517
#1636579
#1636608
1!
#1636609
0!
#1636613
#1636694
#1636722
#1636782
0z
#1636796
1u
#1636807
#1636995
#1637021
#1637031
#1637043
#1637054
#1637064
#1637077
#1637087
#1637185
0!!
#1637201
1"!
#1637277
0u
#1637293
1&!
#1637303
0#!
#1637316
1~
#1637375
1!
#1637376
0!
#1637380
#1637421
#1637451
#1637540
0$!
#1637555
1!!
#1637624
#1637634
0}
#1637646
1u
#1637656
0~
#1637669
1|
#1637679
0"!
#1637692
1$!
#1637703
0&!
#1637717
1#
#1637727
0u
#1637743
1u
#1637753
0$!
#1637769
1$!
#1637808
#1637834
#1637871
0#
#1637887
1{
#1637948
0!!
#1637964
1!!
#1637980
#1637997
#1638021
#1638045
0%!
#1638061
1%!
#1638138
0%!
#1638154
1%!
#1638225
#1638254
0y
#1638267
1z
#1638328
0{
#1638342
1$
#1638354
#1638375
1!
#1638376
0!
#1638380
#1638596
0!!
#1638610
1*
#1638620
0w
#1638634
1&
#1638667
#1638763
#1638779
0$!
#1638791
1s
#1638808
0%!
#1638823
1'
#1638834
#1638844
#1638922
#1638952
0*
#1638966
1}
#1638976
0'
#1638993
1)
#1639004
0s
#1639018
1s
#1639029
#1639048
0s
#1639062
1s
#1639088
#1639118
0|
#1639130
1"!
#1639155
#1639175
#1639202
0)
#1639218
1t
#1639229
#1639258
#1639320
0$
#1639335
1x
#1639345
#1639354
0&
#1639371
1%
#1639381
0t
#1639397
1t
#1639421
0t
#1639437
1t
#1639448
#1639465
#1639474
#1639491
1!
#1639492
0!
#1639497
#1639638
#1639668
0x
#1639683
1$!
#1639693
0u
#1639706
1x
#1639730
0x
#1639745
1x
#1639756
#1639784
#1639796
#1639807
0%
#1639823
1v
#1639832
#1639937
#1639946
0z
#1639961
1z
#1639971
0t
#1639985
1(
#1639996
0z
#1640011
1z
#1640021
#1640031
#1640075
#1640087
0"!
#1640100
1!!
#1640118
#1640152
0(
#1640168
1#!
#1640179
#1640278
#1640287
0v
#1640301
1#
#1640447
#1640477
0s
#1640492
1%!
#1640509
#1640570
#1640603
0#
#1640618
1s
#1640678
#1640688
0!!
#1640701
1~
#1640712
1!
#1640713
0!
#1640718
#1640731
#1640742
0s
#1640758
1s
#1640768
0#!
#1640783
1*
#1640792
#1640809
#1640976
0$!
#1640991
1$!
#1641001
0}
#1641015
1'
#1641026
0~
#1641040
1)
#1641051
0$!
#1641065
1$!
#1641098
#1641298
#1641326
0x
#1641338
1|
#1641348
0)
#1641363
1&!
#1641375
#1641407
0*
#1641424
1$
#1641435
#1641445
#1641529
0&!
#1641544
1&!
#1641555
1!
#1641556
0!
#1641561
#1641574
0&!
#1641588
1&!
#1641600
#1641630
0z
#1641642
1"!
#1641711
#1641723
0$
#1641740
1&
#1641968
0|
#1641982
1%
#1641992
0&!
#1642007
1(
#1642017
#1642033
0s
#1642048
1#
#1642066
#1642101
#1642111
#1642140
#1642149
0(
#1642163
1{
#1642175
#1642199
0%!
#1642213
1t
#1642299
#1642373
#1642400
0%
#1642414
1%!
#1642425
0{
#1642436
1y
#1642454
0$!
#1642468
1)
#1642479
0&
#1642496
1*
#1642507
#1642518
#1642527
0%!
#1642541
1%!
#1642551
#1642561
1!
#1642562
0!
#1642567
#1642587
#1642625
0*
#1642640
1!!
#1642665
#1642677
0y
#1642691
1y
#1642709
#1642738
0y
#1642753
1w
#1642813
#1642890
#1642899
0'
#1642914
1y
#1642924
0!!
#1642939
1$
#1642971
#1643003
#1643064
0$
#1643080
1z
#1643090
0w
#1643105
1w
#1643116
#1643163
0w
#1643178
1w
#1643189
#1643277
#1643288
0#
#1643303
1u
#1643313
#1643322
0"!
#1643338
1"!
#1643354
#1643432
#1643469
0"!
#1643484
1s
#1643495
0y
#1643508
1"!
#1643526
0)
#1643543
1(
#1643554
#1643641
1!
#1643642
0!
#1643646
#1643727
0u
#1643741
1%
#1643751
0s
#1643766
1&
#1643843
0t
#1643858
1*
#1643952
#1643981
0"!
#1643992
1v
#1644053
#1644068
#1644079
#1644108
0%
#1644123
1|
#1644134
#1644146
#1644172
0v
#1644186
1v
#1644198
#1644248
0(
#1644263
1&!
#1644335
#1644364
#1644426
0%!
#1644439
1#!
#1644449
0&
#1644467
1'
#1644484
0*
#1644501
1$
#1644512
#1644529
#1644540
1!
#1644541
0!
#1644545
#1644559
#1644587
#1644595
#1644619
#1644629
#1644639
0v
#1644654
1}
#1644664
0w
#1644680
1v
#1644690
0z
#1644705
1w
#1644791
#1644878
0'
#1644893
1z
#1644910
0#!
#1644923
1!!
#1644933
0$
#1644950
1#
#1644962
#1644981
#1645067
#1645077
#1645095
0w
#1645110
1~
#1645121
0#
#1645137
1w
#1645162
#1645242
#1645253
#1645263
0z
#1645279
1y
#1645289
0|
#1645305
1z
#1645337
#1645424
#1645444
#1645553
#1645563
0v
#1645577
1|
#1645594
0&!
#1645610
1s
#1645622
#1645650
0|
#1645666
1x
#1645678
1!
#1645679
0!
#1645684
#1645697
#1645775
#1645785
#1645882
#1645893
#1645972
#1645999
0}
#1646012
1&!
#1646023
#1646041
0s
#1646055
1"!
#1646065
0&!
#1646081
1|
#1646091
0~
#1646108
1{
#1646132
#1646147
#1646157
#1646186
#1646325
0!!
#1646338
1$!
#1646415
0{
#1646428
1&!
#1646445
0x
#1646461
1~
#1646538
0~
#1646554
1v
#1646564
0"!
#1646577
1x
#1646593
#1646602
#1646701
1!
#1646702
0!
#1646707
#1646719
0x
#1646734
1~
#1646746
#1646780
0$!
#1646793
1x
#1646811
#1646891
#1646982
#1646999
#1647011
0v
#1647024
1u
#1647035
0w
#1647050
1s
#1647069
#1647104
#1647264
0~
#1647276
1w
#1647286
0y
#1647300
1t
#1647309
#1647318
#1647328
#1647357
0w
#1647372
1"!
#1647396
0u
#1647412
1w
#1647423
#1647510
#1647538
0t
#1647551
1u
#1647563
#1647574
0u
#1647590
1v
#1647617
1!
#1647618
0!
#1647622
#1647724
#1647751
#1647760
0&!
#1647773
1u
#1647791
#1647820
0s
#1647833
1%!
#1647843
#1647954
#1647996
#1648006
#1648017
#1648034
0|
#1648051
1~
#1648060
#1648070
#1648223
#1648239
0z
#1648252
1#!
#1648331
#1648358
0%!
#1648374
1|
#1648385
#1648396
0~
#1648409
1}
#1648419
0u
#1648433
1%!
#1648451
1!
#1648452
0!
#1648457
#1648483
0|
#1648499
1|
#1648645
#1648673
0}
#1648686
1&!
#1648697
0#!
#1648712
1#!
#1648724
#1648736
0#!
#1648751
1#!
#1648761
0%!
#1648777
1%!
#1648794
#1648825
0"!
#1648839
1)
#1648878
#1648914
#1648923
0)
#1648939
1!!
#1648949
#1648959
#1649029
#1649114
#1649201
0!!
#1649216
1s
#1649226
0#!
#1649239
1!!
#1649251
#1649269
0!!
#1649285
1!!
#1649295
0x
#1649310
1%
#1649387
0w
#1649402
1(
#1649413
#1649451
0(
#1649466
1~
#1649486
1!
#1649487
0!
#1649491
#1649570
#1649604
#1649758
#1649785
0%
#1649800
1{
#1649810
#1649820
#1649832
#1649860
#1649919
#1649929
#1649941
0{
#1649957
1$!
#1649974
0|
#1649988
1u
#1650004
#1650021
#1650040
#1650075
#1650154
0s
#1650170
1{
#1650181
#1650198
#1650209
#1650220
0{
#1650237
1y
#1650247
0v
#1650263
1#!
#1650415
#1650442
0$!
#1650456
1s
#1650465
#1650546
0&!
#1650559
1{
#1650569
#1650592
#1650684
#1650693
0s
#1650709
1v
#1650721
1!
#1650722
0!
#1650726
#1650866
0y
#1650879
1t
#1650889
0{
#1650902
1s
#1650919
0v
#1650935
1v
#1650946
#1650982
0#!
#1650995
1|
#1651146
#1651166
#1651332
0~
#1651347
1z
#1651425
#1651434
0t
#1651446
1~
#1651526
#1651536
0v
#1651550
1&
#1651561
1!
#1651562
0!
#1651567
#1651581
#1651611
0!!
#1651623
1#!
#1651634
0~
#1651649
1~
#1651660
#1651672
0&
#1651689
1*
#1651705
#1651721
0s
#1651736
1'
#1651775
#1651804
0%!
#1651819
1}
#1651830
0*
#1651845
1%!
#1651855
#1651931
#1651949
#1651959
0~
#1651974
1$
#1651984
0}
#1652000
1}
#1652011
#1652176
#1652204
0'
#1652219
1{
#1652229
0u
#1652242
1"!
#1652253
#1652263
#1652273
#1652285
0}
#1652300
1}
#1652311
0z
#1652325
1#
#1652342
0$
#1652359
1)
#1652376
#1652392
0|
#1652407
1|
#1652425
0%!
#1652440
1%!
#1652460
1!
#1652461
0!
#1652465
#1652613
0|
#1652627
1|
#1652638
0}
#1652652
1(
#1652669
0"!
#1652684
1%
#1652725
#1652857
#1652869
0#
#1652884
1!!
#1652969
#1653065
#1653074
0!!
#1653086
1x
#1653096
#1653105
0(
#1653122
1&
#1653140
#1653152
#1653183
#1653202
0#!
#1653214
1v
#1653232
#1653260
0&
#1653275
1w
#1653286
0x
#1653301
1x
#1653311
0)
#1653328
1*
#1653345
#1653355
#1653365
#1653374
0x
#1653390
1x
#1653401
1!
#1653402
0!
#1653407
#1653420
#1653451
#1653463
0{
#1653479
1s
#1653489
0*
#1653505
1{
#1653624
0{
#1653639
1{
#1653650
#1653695
#1653721
0s
#1653735
1~
#1653751
#1653761
#1653772
#1653783
#1653873
#1653950
#1653962
#1654041
0%
#1654056
1$!
#1654068
#1654103
0~
#1654116
1&!
#1654126
0w
#1654142
1}
#1654152
0x
#1654166
1w
#1654190
0w
#1654207
1w
#1654216
#1654226
#1654238
0%!
#1654254
1%!
#1654346
0&!
#1654360
1'
#1654437
0%!
#1654453
1%!
#1654471
#1654523
1!
#1654524
0!
#1654529
#1654541
0'
#1654557
1!!
#1654629
#1654707
#1654719
0v
#1654732
1y
#1654743
0$!
#1654757
1$
#1654767
#1654777
#1654802
#1654883
#1654910
#1654926
#1654936
#1655015
0$
#1655031
1t
#1655047
#1655056
0|
#1655072
1s
#1655083
#1655112
0w
#1655125
1|
#1655144
#1655156
#1655181
0|
#1655197
1~
#1655274
0y
#1655290
1|
#1655301
#1655336
#1655415
0t
#1655429
1y
#1655440
#1655459
1!
#1655460
0!
#1655465
#1655477
0{
#1655494
1z
#1655512
#1655546
0y
#1655562
1x
#1655573
#1655583
#1655593
#1655612
0}
#1655628
1{
#1655646
#1655680
0{
#1655696
1u
#1655706
#1655797
0x
#1655810
1y
#1655820
#1655830
#1655960
#1655968
#1655978
#1655990
#1656024
#1656127
#1656161
0%!
#1656175
1}
#1656186
#1656199
#1656210
0}
#1656226
1"!
#1656236
#1656259
#1656288
#1656298
0u
#1656315
1{
#1656326
#1656354
#1656371
#1656381
0z
#1656397
1w
#1656407
0!!
#1656423
1x
#1656492
#1656503
#1656544
#1656558
#1656569
#1656579
#1656599
1!
#1656600
0!
#1656604
#1656616
#1656632
#1656642
#1656654
#1656671
#1656699
0"!
#1656712
1#!
#1656730
#1656758
#1656776
0~
#1656792
1}
#1656804
#1656815
#1656834
0s
#1656850
1&!
#1656889
0y
#1656905
1u
#1656922
0u
#1656939
1z
#1656950
#1657081
#1657089
#1657156
0&!
#1657169
1!!
#1657179
0|
#1657193
1v
#1657264
#1657276
0z
#1657291
1$!
#1657302
0!!
#1657317
1t
#1657334
0#!
#1657348
1~
#1657366
#1657394
#1657405
0~
#1657421
1s
#1657438
#1657446
#1657455
#1657464
0t
#1657480
1y
#1657491
0s
#1657507
1u
#1657553
#1657745
#1657764
0x
#1657777
1z
#1657855
#1657883
#1657895
#1657907
#1657916
0y
#1657931
1!!
#1657956
#1657984
0{
#1657997
1%!
#1658006
#1658016
#1658028
0v
#1658042
1~
#1658074
#1658086
#1658099
#1658107
#1658117
1!
#1658118
0!
#1658123
#1658157
0%!
#1658173
1t
#1658244
#1658285
0w
#1658298
1s
#1658308
#1658318
#1658329
#1658337
#1658346
0$!
#1658363
1"!
#1658373
0u
#1658389
1y
#1658414
#1658448
1!
#1658449
0!
#1658454
#1658555
#1658626
0t
#1658642
1&!
#1658653
#1658833
#1658844
0"!
#1658858
1%!
#1658868
#1658885
#1658917
0}
#1658933
1|
#1658942
#1659085
0%!
#1659100
1$!
#1659112
#1659141
0&!
#1659154
1u
#1659224
0y
#1659240
1t
#1659331
#1659343
0|
#1659356
1#!
#1659367
0$!
#1659382
1}
#1659400
0!!
#1659414
1%!
#1659431
0u
#1659447
1y
#1659458
1!
#1659459
0!
#1659464
#1659484
#1659635
#1659645
#1659676
#1659695
#1659706
0}
#1659722
1$!
#1659814
#1659827
0s
#1659840
1u
#1659901
#1659910
0z
#1659926
1v
#1659958
#1659986
#1660013
0#!
#1660029
1}
#1660041
#1660051
#1660059
#1660068
#1660076
#1660151
#1660177
0y
#1660193
1z
#1660204
#1660297
0t
#1660310
1x
#1660328
#1660342
#1660361
0~
#1660377
1{
#1660462
#1660499
1!
#1660500
0!
#1660504
#1660592
#1660603
0$!
#1660616
1#!
#1660627
#1660657
#1660669
0#!
#1660685
1y
#1660702
0v
#1660718
1~
#1660727
#1660736
0y
#1660752
1w
#1660828
#1660839
#1660867
0x
#1660881
1#!
#1660927
#1661060
#1661087
0%!
#1661102
1v
#1661113
0w
#1661126
1y
#1661137
#1661155
0~
#1661171
1$!
#1661188
#1661197
0v
#1661213
1"!
#1661243
#1661320
#1661361
0{
#1661376
1%!
#1661387
#1661458
0$!
#1661471
1~
#1661480
#1661490
0u
#1661505
1v
#1661602
#1661611
0%!
#1661624
1&!
#1661663
0"!
#1661676
1{
#1661761
0~
#1661774
1u
#1661786
#1661814
0u
#1661830
1$!
#1661847
0}
#1661861
1u
#1661880
1!
#1661881
0!
#1661885
#1661949
0{
#1661965
1{
#1661977
#1662124
#1662158
0v
#1662171
1!!
#1662181
0z
#1662196
1#
#1662274
#1662299
#1662315
0y
#1662330
1(
#1662416
1!
#1662417
0!
#1662422
#1662435
0{
#1662449
1&
#1662461
#1662490
#1662499
0!!
#1662514
1%!
#1662600
#1662611
0&!
#1662624
1!!
#1662649
#1662677
0#
#1662692
1|
#1662822
#1662851
#1662860
0!!
#1662875
1~
#1662885
0(
#1662900
1!!
#1662910
#1662920
#1662945
0u
#1662959
1)
#1663038
#1663049
0#!
#1663064
1*
#1663089
#1663119
#1663147
0&
#1663162
1v
#1663172
0*
#1663188
1s
#1663197
#1663215
#1663227
#1663260
#1663270
#1663282
#1663309
#1663318
0$!
#1663334
1t
#1663344
0|
#1663360
1y
#1663378
#1663403
0s
#1663419
1$!
#1663497
#1663509
0)
#1663525
1|
#1663535
0$!
#1663551
1s
#1663569
#1663597
0~
#1663610
1$!
#1663627
0|
#1663643
1x
#1663655
1!
#1663656
0!
#1663661
#1663681
#1663710
0s
#1663726
1|
#1663737
#1663807
#1663826
0t
#1663842
1{
#1663933
0|
#1663947
1s
#1664030
#1664039
#1664183
0!!
#1664195
1t
#1664213
#1664242
0{
#1664255
1u
#1664266
#1664300
0x
#1664314
1}
#1664325
#1664338
#1664349
0t
#1664365
1t
#1664383
0}
#1664399
1}
#1664408
#1664431
0}
#1664447
1}
#1664459
#1664492
#1664575
#1664585
#1664614
#1664625
#1664641
0v
#1664657
1w
#1664668
#1664681
1!
#1664682
0!
#1664687
#1664765
#1664774
0u
#1664787
1|
#1664893
#1664929
0w
#1664942
1v
#1665013
0v
#1665028
1!!
#1665039
#1665067
#1665079
0%!
#1665092
1v
#1665110
#1665194
#1665204
0!!
#1665217
1"!
#1665227
0y
#1665241
1%
#1665251
#1665336
#1665371
#1665386
#1665404
#1665483
0"!
#1665497
1z
#1665508
0$!
#1665523
1"!
#1665533
0v
#1665546
1$!
#1665563
0|
#1665577
1'
#1665648
0"!
#1665662
1"!
#1665673
0$!
#1665687
1$!
#1665698
0z
#1665712
1$
#1665730
0%
#1665747
1#
#1665914
0"!
#1665929
1(
#1665939
0s
#1665954
1&
#1665973
1!
#1665974
0!
#1665979
#1666060
#1666091
#1666103
0&
#1666117
1{
#1666142
#1666244
#1666255
#1666283
#1666293
0#
#1666306
1&!
#1666317
0{
#1666329
1u
#1666339
0}
#1666354
1*
#1666372
#1666390
0&!
#1666404
1&!
#1666415
#1666443
0'
#1666458
1#!
#1666468
0&!
#1666483
1&!
#1666493
0*
#1666511
1)
#1666522
#1666535
#1666547
1!
#1666548
0!
#1666553
#1666565
0#!
#1666580
1#!
#1666598
0#!
#1666613
1#!
#1666622
#1666698
#1666728
0t
#1666743
1%
#1666762
#1666858
#1667006
#1667035
0$!
#1667047
1!!
#1667057
0&!
#1667069
1|
#1667086
0(
#1667103
1&
#1667115
#1667143
0)
#1667157
1~
#1667168
0&
#1667185
1#
#1667196
#1667209
#1667227
0~
#1667242
1~
#1667253
#1667282
0~
#1667297
1x
#1667313
#1667328
#1667339
#1667367
#1667426
#1667437
#1667448
0#
#1667463
1~
#1667496
1!
#1667497
0!
#1667501
#1667515
#1667533
0x
#1667549
1v
#1667708
0u
#1667720
1x
#1667745
#1667835
0|
#1667847
1"!
#1667864
0#!
#1667879
1'
#1667890
#1667918
#1667930
#1667939
0x
#1667954
1%!
#1668033
#1668044
0%
#1668058
1x
#1668069
0v
#1668083
1*
#1668094
0%!
#1668109
1%!
#1668126
0%!
#1668140
1%!
#1668159
#1668186
0$
#1668202
1w
#1668218
#1668227
#1668236
0'
#1668253
1(
#1668277
#1668294
#1668374
0*
#1668390
1{
#1668401
#1668413
#1668434
1!
#1668435
0!
#1668439
#1668520
0~
#1668535
1~
#1668546
0x
#1668560
1)
#1668570
0~
#1668586
1~
#1668617
#1668713
0)
#1668728
1y
#1668745
0%!
#1668760
1&
#1668771
#1668802
#1668826
0&
#1668842
1&!
#1668912
0!!
#1668927
1!!
#1668938
0w
#1668952
1#
#1668963
0!!
#1668978
1!!
#1668989
#1669001
0(
#1669018
1%
#1669028
#1669126
#1669156
#1669185
0%
#1669200
1z
#1669210
#1669225
#1669236
#1669269
0&!
#1669282
1|
#1669291
#1669302
#1669314
#1669325
#1669337
#1669434
0#
#1669449
1s
#1669461
#1669546
#1669555
0z
#1669569
1v
#1669579
0"!
#1669595
1"!
#1669614
#1669639
0y
#1669656
1y
#1669680
#1669759
#1669788
0"!
#1669804
1}
#1669820
#1669831
#1669842
#1669921
#1669933
#1669953
1!
#1669954
0!
#1669959
#1669977
#1669987
0{
#1670003
1x
#1670013
#1670029
0~
#1670045
1"!
#1670055
0y
#1670071
1t
#1670142
#1670238
#1670264
0s
#1670278
1{
#1670355
0{
#1670370
1~
#1670381
#1670416
#1670425
0~
#1670440
1y
#1670459
1!
#1670460
0!
#1670464
#1670478
#1670491
#1670576
#1670603
0}
#1670617
1%!
#1670627
0|
#1670640
1{
#1670650
#1670680
#1670695
#1670846
#1670857
0%!
#1670870
1&!
#1670881
0y
#1670894
1~
#1670905
#1670933
#1670944
#1670955
0!!
#1670972
1$!
#1671092
#1671185
#1671219
0{
#1671232
1u
#1671242
0x
#1671258
1y
#1671319
0~
#1671333
1!!
#1671342
#1671353
#1671377
0!!
#1671393
1#!
#1671403
#1671485
0$!
#1671499
1x
#1671577
0x
#1671592
1!!
#1671603
0#!
#1671616
1x
#1671701
0"!
#1671715
1$
#1671800
0v
#1671815
1'
#1671901
#1671931
0u
#1671945
1%!
#1672014
#1672043
#1672056
1!
#1672057
0!
#1672062
#1672082
0$
#1672097
1u
#1672108
0'
#1672123
1w
#1672191
0u
#1672207
1u
#1672216
#1672301
#1672312
0!!
#1672326
1*
#1672337
#1672367
0y
#1672380
1{
#1672391
0t
#1672406
1t
#1672416
#1672426
#1672439
1!
#1672440
0!
#1672445
#1672525
0t
#1672540
1t
#1672593
0*
#1672609
1)
#1672620
0x
#1672634
1&
#1672780
0w
#1672794
1(
#1672872
0u
#1672887
1%
#1672897
0&!
#1672912
1#
#1672923
#1672958
#1672968
#1672997
#1673057
0(
#1673071
1z
#1673082
0#
#1673097
1~
#1673108
#1673120
#1673154
#1673199
#1673228
#1673240
#1673267
#1673283
0&
#1673298
1!!
#1673308
0z
#1673324
1s
#1673333
#1673393
0)
#1673409
1}
#1673425
#1673436
#1673447
#1673475
0%
#1673491
1z
#1673553
#1673566
1!
#1673567
0!
#1673571
#1673585
#1673597
0z
#1673613
1y
#1673630
0}
#1673646
1z
#1673657
#1673691
#1673701
#1673786
#1673952
#1673980
0{
#1673993
1}
#1674003
0y
#1674017
1|
#1674027
0s
#1674043
1x
#1674053
0}
#1674069
1s
#1674078
#1674087
0z
#1674101
1}
#1674119
#1674152
#1674180
#1674198
#1674207
0|
#1674224
1$!
#1674322
#1674332
#1674368
0%!
#1674384
1|
#1674454
0s
#1674469
1u
#1674480
0~
#1674493
1%!
#1674513
1!
#1674514
0!
#1674517
#1674592
#1674604
0}
#1674617
1s
#1674634
0t
#1674648
1$
#1674673
0%!
#1674689
1%!
#1674713
#1674812
#1674823
0|
#1674839
1y
#1674856
0$!
#1674869
1|
#1674880
#1674913
#1674929
#1674955
#1674964
#1674973
0$
#1674989
1#!
#1675000
#1675081
#1675093
#1675110
#1675133
0#!
#1675150
1"!
#1675228
#1675239
0y
#1675252
1z
#1675375
1!
#1675376
0!
#1675380
#1675425
#1675454
0"!
#1675467
1#!
#1675477
0!!
#1675491
1}
#1675502
#1675530
#1675542
0u
#1675558
1v
#1675568
0#!
#1675585
1u
#1675603
#1675614
0u
#1675630
1#!
#1675641
#1675688
#1675704
#1675856
#1675867
0#!
#1675880
1u
#1675890
0}
#1675904
1w
#1675942
#1675972
#1675981
0s
#1675997
1s
#1676076
#1676104
0v
#1676120
1y
#1676131
0s
#1676146
1v
#1676328
0|
#1676340
1s
#1676351
0x
#1676365
1'
#1676375
0w
#1676390
1*
#1676414
#1676427
#1676456
0v
#1676471
1&!
#1676489
#1676508
0'
#1676523
1v
#1676533
#1676550
1!
#1676551
0!
#1676556
#1676568
#1676646
#1676676
0s
#1676689
1}
#1676707
#1676890
0%!
#1676904
1(
#1676976
#1677071
0(
#1677086
1{
#1677095
#1677106
#1677117
0z
#1677130
1#
#1677140
#1677149
0{
#1677163
1{
#1677181
0{
#1677195
1{
#1677213
0u
#1677227
1&
#1677237
0&!
#1677252
1&!
#1677262
0*
#1677279
1)
#1677303
0&!
#1677317
1&!
#1677328
#1677358
0v
#1677371
1#!
#1677382
1!
#1677383
0!
#1677388
#1677402
#1677413
0#
#1677431
1%
#1677584
0y
#1677598
1$
#1677623
0{
#1677638
1'
#1677717
#1677746
0&!
#1677757
1~
#1677773
#1677784
#1677812
#1677822
0$
#1677836
1|
#1677847
#1677859
#1677885
0~
#1677899
1~
#1677910
#1677954
0'
#1677969
1s
#1677980
#1678009
#1678072
0%
#1678087
1t
#1678097
0)
#1678115
1(
#1678126
#1678136
#1678165
#1678242
#1678273
0t
#1678285
1v
#1678371
#1678400
#1678413
1!
#1678414
0!
#1678419
#1678432
0#!
#1678444
1$!
#1678455
#1678481
0&
#1678497
1!!
#1678507
0~
#1678523
1~
#1678533
0(
#1678550
1*
#1678560
0}
#1678576
1}
#1678587
#1678597
#1678614
0}
#1678629
1}
#1678639
#1678662
0$!
#1678678
1$!
#1678688
#1678705
#1678736
#1678748
#1678759
0$!
#1678775
1u
#1678874
0!!
#1678889
1$!
#1678899
0*
#1678915
1!!
#1678926
#1678956
#1679028
0!!
#1679043
1{
#1679075
#1679104
0s
#1679117
1!!
#1679135
#1679162
#1679203
0~
#1679216
1&!
#1679227
#1679256
#1679282
#1679297
#1679306
#1679457
0&!
#1679470
1"!
#1679481
0!!
#1679494
1x
#1679504
#1679529
1!
#1679530
0!
#1679534
#1679616
#1679627
0$!
#1679641
1w
#1679652
#1679663
0|
#1679679
1|
#1679690
#1679701
0"!
#1679717
1"!
#1679728
0|
#1679744
1|
#1679755
#1679783
#1679791
#1679807
#1679884
#1679896
0w
#1679911
1~
#1679928
0"!
#1679944
1w
#1679955
#1679984
0w
#1680000
1"!
#1680025
#1680060
#1680072
#1680121
#1680133
#1680162
0}
#1680178
1&!
#1680245
#1680255
#1680268
#1680279
0x
#1680292
1w
#1680309
#1680340
#1680369
0u
#1680385
1%!
#1680395
#1680418
#1680437
#1680447
1!
#1680448
0!
#1680453
#1680600
#1680635
#1680646
0v
#1680659
1z
#1680736
0w
#1680749
1!!
#1680766
0%!
#1680779
1}
#1680797
#1680826
0}
#1680842
1$!
#1680860
0{
#1680876
1u
#1680943
#1681020
#1681092
0|
#1681105
1y
#1681117
#1681144
0u
#1681159
1w
#1681170
0z
#1681183
1}
#1681195
#1681318
#1681335
0$!
#1681349
1{
#1681360
#1681439
0y
#1681456
1t
#1681465
#1681474
#1681482
#1681499
#1681510
#1681571
1!
#1681572
0!
#1681577
#1681597
#1681625
#1681644
0t
#1681660
1u
#1681671
#1681681
#1681691
0{
#1681707
1#!
#1681731
#1681820
#1681896
0~
#1681911
1$!
#1681935
0#!
#1681948
1y
#1681966
#1681996
#1682075
0y
#1682090
1s
#1682101
#1682129
0u
#1682144
1t
#1682156
#1682166
#1682175
0t
#1682191
1{
#1682208
0"!
#1682221
1~
#1682298
#1682308
#1682337
0~
#1682353
1y
#1682377
0w
#1682393
1x
#1682493
1!
#1682494
0!
#1682499
#1682512
#1682525
#1682552
0&!
#1682566
1u
#1682577
#1682655
0!!
#1682670
1t
#1682681
#1682709
#1682721
0}
#1682734
1~
#1682752
#1682774
0s
#1682791
1w
#1682869
#1682998
#1683016
#1683026
#1683061
#1683168
#1683185
#1683195
#1683204
0x
#1683218
1v
#1683296
#1683325
0$!
#1683340
1!!
#1683351
0w
#1683364
1s
#1683381
0!!
#1683397
1%!
#1683406
#1683416
#1683427
0s
#1683443
1|
#1683453
#1683463
1!
#1683464
0!
#1683469
#1683481
0u
#1683498
1$!
#1683522
#1683606
#1683617
#1683629
#1683648
0v
#1683664
1!!
#1683674
0%!
#1683691
1s
#1683722
0$!
#1683738
1u
#1683883
0y
#1683896
1z
#1683906
0!!
#1683920
1v
#1684071
0|
#1684084
1%!
#1684095
0z
#1684108
1$!
#1684118
0v
#1684135
1v
#1684273
0u
#1684286
1#
#1684297
0t
#1684311
1$
#1684321
#1684377
1!
#1684378
0!
#1684382
#1684433
#1684478
#1684490
0$
#1684505
1w
#1684523
#1684565
0s
#1684579
1#!
#1684603
0#
#1684620
1'
#1684631
#1684710
0%!
#1684725
1%!
#1684735
0w
#1684750
1%
#1684767
#1684776
0#!
#1684792
1#!
#1684801
#1684811
#1684892
0#!
#1684908
1!!
#1684933
#1684944
0%
#1684960
1#!
#1685038
#1685067
0~
#1685080
1"!
#1685091
#1685108
#1685131
#1685140
0'
#1685157
1)
#1685242
#1685330
0)
#1685346
1u
#1685364
#1685444
#1685478
0{
#1685493
1&!
#1685570
#1685579
0!!
#1685592
1{
#1685610
#1685639
0"!
#1685652
1s
#1685663
#1685682
#1685694
0u
#1685709
1&
#1685727
1!
#1685728
0!
#1685733
#1685807
#1685848
0{
#1685861
1"
#1685871
0$!
#1685884
1(
#1685894
0"
#1685907
1"
#1685917
0(
#1685932
1*
#1685953
0&!
#1685968
1$
#1685984
0%!
#1686000
1#
#1686010
0#!
#1686027
1%
#1686037
0s
#1686054
1'
#1686065
0$
#1686082
1)
#1686093
#1686104
0v
#1686122
1(
#1686214
0"
#1686237
1{
#1686247
0(
#1686261
1&!
#1686271
0&
#1686285
1%!
#1686295
0#
#1686310
1#!
#1686320
0%
#1686335
1s
#1686345
0'
#1686360
1v
#1686371
0)
#1686388
1$
#1686417
#1686445
0&!
#1686460
1}
#1686480
x%!
#1686493
#1686519
0*
#1686534
1&!
#1686546
#1686556
#1686616
0$
#1686632
1w
#1686642
0}
#1686658
1}
#1686669
#1686682
1!
#1686683
0!
#1686688
#1686723
0}
#1686738
1}
#1686749
0%!
#1686763
1(
#1686773
#1686863
0(
#1686879
1&
#1686958
#1686987
0&!
#1687000
1x
#1687009
#1687019
#1687047
0&
#1687063
1!!
#1687080
0s
#1687094
1#
#1687104
#1687129
#1687159
#1687169
#1687180
#1687190
#1687202
0#
#1687218
1y
#1687229
0v
#1687245
1v
#1687270
#1687288
#1687317
0x
#1687333
1u
#1687411
#1687439
#1687451
0y
#1687464
1x
#1687476
1!
#1687477
0!
#1687482
#1687494
0x
#1687510
1|
#1687521
0v
#1687537
1x
#1687547
#1687564
#1687574
#1687591
0|
#1687607
1v
#1687706
0}
#1687719
1|
#1687826
0|
#1687841
1|
#1687979
0!!
#1687993
1%
#1688010
0w
#1688025
1'
#1688138
0x
#1688153
1)
#1688164
#1688305
0'
#1688319
1&!
#1688330
#1688342
0#!
#1688357
1*
#1688367
0v
#1688382
1$
#1688408
1!
#1688409
0!
#1688413
#1688555
0{
#1688569
1(
#1688594
#1688624
#1688654
0)
#1688667
1z
#1688677
#1688687
#1688698
0&!
#1688710
1s
#1688726
#1688736
0z
#1688750
1z
#1688767
0z
#1688782
1z
#1688800
#1688828
0$
#1688843
1t
#1688861
#1688923
#1688948
#1688959
#1688989
0u
#1689004
1}
#1689013
#1689023
0*
#1689038
1u
#1689113
#1689126
#1689168
0(
#1689183
1~
#1689312
#1689322
#1689339
#1689348
0~
#1689363
1~
#1689375
#1689404
1!
#1689405
0!
#1689409
#1689422
0}
#1689435
1x
#1689461
#1689533
#1689566
0|
#1689579
1"!
#1689590
0%
#1689607
1&
#1689617
0u
#1689633
1u
#1689644
#1689656
#1689701
#1689712
0t
#1689728
1!!
#1689738
#1689755
#1689787
#1689796
#1689806
#1689824
#1689833
0"!
#1689849
1t
#1689933
0~
#1689948
1$!
#1689959
0&
#1689974
1"!
#1689985
0!!
#1689998
1~
#1690030
0"!
#1690046
1"!
#1690056
0t
#1690072
1t
#1690090
#1690120
#1690295
#1690381
0s
#1690394
1v
#1690414
1!
#1690415
0!
#1690418
#1690492
0x
#1690505
1&!
#1690576
#1690588
0$!
#1690602
1#
#1690613
0z
#1690627
1'
#1690670
#1690705
0'
#1690721
1y
#1690732
#1690763
#1690850
#1690876
0t
#1690890
1}
#1690899
#1690908
#1690925
#1690937
#1691038
#1691067
#1691093
#1691119
#1691128
#1691137
0~
#1691150
1w
#1691160
0y
#1691176
1#!
#1691186
#1691194
#1691205
#1691216
#1691244
#1691255
0#
#1691271
1!!
#1691289
0#!
#1691305
1{
#1691314
#1691325
#1691343
#1691354
0&!
#1691370
1y
#1691388
#1691423
#1691434
0y
#1691450
1t
#1691461
0{
#1691477
1#!
#1691487
0v
#1691503
1&!
#1691515
#1691542
1!
#1691543
0!
#1691548
#1691626
0&!
#1691642
1|
#1691727
0t
#1691740
1y
#1691757
0#!
#1691773
1{
#1691870
#1691879
0"!
#1691892
1v
#1691903
0{
#1691918
1&!
#1691929
0w
#1691942
1#!
#1692013
#1692092
#1692162
0v
#1692177
1{
#1692202
#1692235
0u
#1692248
1~
#1692414
0{
#1692426
1v
#1692437
0~
#1692451
1)
#1692462
#1692493
#1692505
0)
#1692520
1t
#1692538
0|
#1692552
1$
#1692577
#1692806
#1692817
0t
#1692829
1s
#1692847
#1692876
#1692894
#1692904
1!
#1692905
0!
#1692910
#1692982
#1692999
#1693027
#1693052
#1693061
#1693070
0$
#1693085
1{
#1693095
#1693104
0y
#1693117
1x
#1693128
0}
#1693143
1$!
#1693161
#1693247
0$!
#1693262
1}
#1693273
#1693302
0s
#1693315
1$!
#1693332
0$!
#1693348
1~
#1693359
#1693370
#1693379
0{
#1693392
1$!
#1693410
#1693429
0}
#1693445
1}
#1693462
0#!
#1693478
1#!
#1693556
#1693599
1!
#1693600
0!
#1693605
#1693618
#1693711
0x
#1693724
1z
#1693734
#1693743
0#!
#1693759
1#!
#1693842
#1693866
#1693895
0&!
#1693910
1t
#1693971
0$!
#1693984
1&!
#1694056
#1694067
0&!
#1694083
1&!
#1694093
0z
#1694107
1*
#1694152
0!!
#1694167
1(
#1694253
#1694298
#1694326
#1694338
0(
#1694353
1y
#1694364
0}
#1694377
1"!
#1694386
#1694397
#1694497
0*
#1694513
1w
#1694523
#1694533
1!
#1694534
0!
#1694539
#1694552
#1694564
#1694575
0w
#1694591
1w
#1694660
#1694677
0w
#1694692
1w
#1694703
#1694731
#1694740
0&!
#1694753
1{
#1694821
0"!
#1694837
1"!
#1694847
0v
#1694862
1%
#1694872
0"!
#1694888
1"!
#1694927
#1695000
#1695035
#1695045
#1695055
#1695153
0t
#1695168
1|
#1695314
0y
#1695325
1t
#1695336
0w
#1695349
1&
#1695360
0t
#1695374
1t
#1695391
0{
#1695405
1'
#1695417
1!
#1695418
0!
#1695423
#1695436
#1695480
#1695492
0%
#1695507
1$!
#1695517
0'
#1695534
1#
#1695551
0~
#1695566
1)
#1695615
#1695752
0#
#1695767
1u
#1695777
#1695787
#1695806
#1695902
#1695913
0)
#1695929
1}
#1696000
#1696036
0&
#1696051
1s
#1696061
#1696071
#1696082
#1696165
#1696174
0s
#1696189
1s
#1696200
#1696229
0}
#1696242
1&!
#1696252
0s
#1696268
1s
#1696279
#1696298
0#!
#1696314
1#!
#1696384
0u
#1696398
1$
#1696408
0#!
#1696423
1#!
#1696537
0s
#1696551
1(
#1696636
0|
#1696650
1*
#1696661
#1696696
#1696706
#1696735
#1696795
0*
#1696810
1x
#1696820
0$
#1696835
1{
#1696847
#1696859
#1696872
1!
#1696873
0!
#1696877
#1696905
#1696936
0"!
#1696949
1y
#1696988
#1697015
#1697079
#1697106
#1697116
#1697176
#1697192
0x
#1697207
1z
#1697218
0(
#1697234
1!!
#1697320
#1697331
#1697360
0$!
#1697376
1x
#1697386
0#!
#1697399
1w
#1697416
#1697438
#1697447
0!!
#1697463
1$!
#1697475
#1697503
#1697515
0x
#1697531
1!!
#1697556
#1697568
1!
#1697569
0!
#1697573
#1697719
0$!
#1697735
1v
#1697744
#1697814
#1697843
0t
#1697856
1x
#1697866
0z
#1697879
1$!
#1697895
#1697905
0&!
#1697918
1}
#1698010
#1698037
0{
#1698053
1~
#1698063
0v
#1698077
1{
#1698088
#1698106
0{
#1698122
1{
#1698132
0~
#1698148
1~
#1698160
#1698171
0~
#1698187
1~
#1698226
0!!
#1698243
1!!
#1698259
#1698342
#1698359
0}
#1698373
1%
#1698586
0{
#1698600
1'
#1698610
0y
#1698624
1#
#1698732
0~
#1698746
1)
#1698757
1!
#1698758
0!
#1698763
#1698776
0$!
#1698791
1&
#1698802
#1698883
0)
#1698897
1s
#1698969
#1698981
0w
#1698996
1*
#1699028
#1699125
0&
#1699138
1u
#1699148
#1699158
#1699170
#1699200
0!!
#1699212
1#!
#1699230
#1699242
0*
#1699260
1$
#1699270
0u
#1699284
1u
#1699296
#1699324
#1699339
#1699349
#1699378
#1699387
0$
#1699402
1|
#1699412
0u
#1699427
1}
#1699439
#1699457
#1699477
0|
#1699491
1u
#1699576
0s
#1699588
1|
#1699599
1!
#1699600
0!
#1699605
#1699639
0|
#1699653
1|
#1699672
#1699700
0%
#1699715
1"!
#1699793
#1699802
0u
#1699817
1(
#1699826
#1699837
#1699848
#1699885
0(
#1699900
1~
#1699911
#1699990
0#
#1700007
1)
#1700025
#1700055
0x
#1700068
1{
#1700086
#1700098
0)
#1700115
1&
#1700186
0"!
#1700201
1"!
#1700225
0#!
#1700239
1*
#1700250
0"!
#1700265
1"!
#1700350
#1700386
0~
#1700399
1z
#1700408
#1700418
#1700429
#1700453
#1700481
0*
#1700496
1t
#1700506
0&
#1700523
1$
#1700535
#1700613
0t
#1700628
1t
#1700638
0"!
#1700653
1%
#1700664
0t
#1700678
1t
#1700689
0z
#1700703
1z
#1700727
0z
#1700742
1z
#1700759
#1700770
1!
#1700771
0!
#1700775
#1700787
#1700812
#1700894
#1700987
#1701016
0}
#1701028
1$!
#1701090
0%
#1701105
1!!
#1701123
#1701136
#1701171
#1701182
0'
#1701198
1&!
#1701208
0$
#1701225
1(
#1701249
0|
#1701265
1|
#1701350
0$!
#1701364
1#
#1701441
0|
#1701456
1|
#1701466
0&!
#1701481
1)
#1701560
#1701590
#1701613
#1701625
0t
#1701638
1u
#1701649
1!
#1701650
0!
#1701655
#1701673
#1701684
#1701719
#1701746
#1701754
#1701831
#1701839
#1701848
0)
#1701863
1v
#1701874
0u
#1701886
1y
#1701897
0(
#1701914
1*
#1701925
#1701937
#1701955
0v
#1701970
1v
#1701988
0v
#1702003
1v
#1702021
0#
#1702038
1&
#1702063
#1702101
#1702113
0y
#1702128
1~
#1702258
0&
#1702273
1y
#1702304
0!!
#1702318
1%
#1702329
#1702375
1!
#1702376
0!
#1702380
#1702444
#1702524
0z
#1702537
1w
#1702547
0y
#1702563
1"!
#1702573
0%
#1702589
1y
#1702598
#1702622
#1702649
#1702662
#1702681
#1702691
#1702700
0*
#1702717
1s
#1702734
#1702742
#1702751
0w
#1702768
1w
#1702845
0{
#1702861
1{
#1702878
0w
#1702894
1w
#1702911
0{
#1702927
1{
#1702938
#1703046
#1703058
0"!
#1703072
1$!
#1703143
#1703183
0|
#1703197
1x
#1703357
0y
#1703371
1'
#1703382
#1703413
#1703424
0{
#1703437
1t
#1703454
0x
#1703470
1x
#1703481
#1703508
0x
#1703523
1#!
#1703535
1!
#1703536
0!
#1703541
#1703552
#1703613
#1703631
0#!
#1703647
1x
#1703671
#1703680
0'
#1703696
1#!
#1703772
#1703783
#1703808
#1703817
0#!
#1703833
1#!
#1703850
0s
#1703864
1$
#1704031
0x
#1704045
1)
#1704123
0w
#1704138
1(
#1704155
0t
#1704170
1#
#1704181
#1704337
#1704365
0)
#1704379
1u
#1704391
#1704402
#1704418
0(
#1704433
1}
#1704442
#1704528
#1704546
0}
#1704560
1}
#1704571
0u
#1704585
1&
#1704595
0}
#1704609
1}
#1704621
1!
#1704622
0!
#1704627
#1704639
0v
#1704654
1%
#1704806
0~
#1704821
1*
#1704831
0$!
#1704846
1'
#1704857
#1704946
#1704958
0&
#1704972
1"!
#1704983
#1705025
#1705101
#1705112
#1705141
0'
#1705155
1&!
#1705165
0*
#1705180
1y
#1705190
0"!
#1705205
1)
#1705216
#1705229
#1705247
0&!
#1705261
1&!
#1705279
0&!
#1705293
1&!
#1705318
#1705354
0)
#1705369
1!!
#1705380
1!
#1705381
0!
#1705386
#1705525
#1705555
0&!
#1705568
1{
#1705577
#1705588
#1705599
0$
#1705617
1(
#1705628
#1705652
#1705669
#1705756
#1705768
#1705797
0}
#1705812
1z
#1705829
0!!
#1705844
1x
#1705855
0%
#1705870
1}
#1705880
0(
#1705896
1!!
#1705905
#1705922
#1705942
#1705971
0}
#1705986
1|
#1706098
#1706114
0#
#1706130
1}
#1706139
#1706150
#1706160
#1706177
#1706233
0z
#1706250
1t
#1706394
0y
#1706407
1z
#1706417
0#!
#1706432
1&
#1706442
0z
#1706458
1z
#1706469
#1706548
0{
#1706562
1'
#1706573
#1706605
#1706633
#1706645
0&
#1706661
1u
#1706670
#1706694
#1706774
#1706800
0|
#1706815
1s
#1706825
0u
#1706839
1w
#1706850
#1706860
#1706869
0'
#1706886
1|
#1706896
0!!
#1706912
1!!
#1706928
#1706939
1!
#1706940
0!
#1706945
#1706957
0s
#1706973
1s
#1706997
#1707006
0|
#1707022
1|
#1707040
0s
#1707056
1s
#1707290
0z
#1707304
1*
#1707314
0x
#1707328
1)
#1707354
#1707385
#1707396
0)
#1707412
1"!
#1707429
0!!
#1707443
1$
#1707455
1!
#1707456
0!
#1707461
#1707474
#1707519
#1707548
#1707560
#1707578
0$
#1707594
1&!
#1707618
#1707628
#1707721
#1707781
#1707797
0*
#1707812
1v
#1707823
0|
#1707836
1~
#1707847
#1707875
#1707943
#1707955
#1707994
0}
#1708010
1u
#1708027
0w
#1708043
1}
#1708061
0}
#1708077
1w
#1708215
#1708244
0s
#1708257
1}
#1708334
0w
#1708349
1!!
#1708360
#1708379
0v
#1708392
1w
#1708409
0t
#1708424
1%
#1708495
#1708591
#1708600
0!!
#1708613
1$!
#1708623
0~
#1708637
1(
#1708647
#1708671
1!
#1708672
0!
#1708677
#1708690
#1708721
#1708746
0(
#1708762
1z
#1708778
#1708789
#1708800
#1708810
#1708828
0%
#1708844
1y
#1708855
#1708884
0$!
#1708900
1|
#1708911
#1708923
#1708950
#1708983
0y
#1709000
1$!
#1709011
#1709054
#1709116
0$!
#1709132
1#!
#1709143
#1709170
0"!
#1709186
1y
#1709248
#1709260
#1709272
#1709281
0y
#1709297
1!!
#1709329
#1709343
#1709428
#1709440
#1709451
#1709467
#1709483
0#!
#1709499
1$!
#1709509
#1709518
0&!
#1709534
1{
#1709612
1!
#1709613
0!
#1709618
#1709631
0|
#1709644
1"!
#1709656
#1709690
#1709701
0"!
#1709718
1y
#1709735
0{
#1709751
1x
#1709782
#1709872
0}
#1709885
1#!
#1709897
#1709925
0#!
#1709941
1&!
#1709958
#1710068
#1710077
0&!
#1710093
1t
#1710111
#1710211
0x
#1710225
1"!
#1710355
0z
#1710368
1{
#1710378
0t
#1710392
1|
#1710469
0w
#1710482
1#!
#1710493
0{
#1710509
1&!
#1710534
#1710560
#1710590
#1710600
#1710663
#1710680
#1710700
#1710735
#1710747
#1710760
0!!
#1710776
1{
#1710787
1!
#1710788
0!
#1710793
#1710871
#1710905
#1710940
#1711085
0|
#1711098
1s
#1711182
#1711191
#1711207
0"!
#1711220
1v
#1711299
#1711329
#1711339
0#!
#1711353
1!!
#1711363
0y
#1711376
1~
#1711386
#1711395
#1711411
0u
#1711427
1|
#1711457
0v
#1711474
1u
#1711544
#1711572
0u
#1711587
1v
#1711648
0~
#1711662
1}
#1711673
#1711698
0!!
#1711714
1u
#1711797
#1711808
1!
#1711809
0!
#1711814
#1711826
0s
#1711840
1!!
#1711850
0v
#1711866
1v
#1711883
#1711893
#1712068
0}
#1712082
1#
#1712160
0$!
#1712175
1$!
#1712313
0&!
#1712327
1&
#1712337
0!!
#1712351
1'
#1712361
0v
#1712375
1)
#1712386
0$!
#1712400
1$!
#1712447
1!
#1712448
0!
#1712452
#1712465
0u
#1712480
1$
#1712620
#1712650
0{
#1712661
1"!
#1712671
0$!
#1712686
1*
#1712697
#1712716
0&
#1712734
1(
#1712752
#1712781
0(
#1712795
1x
#1712805
#1712815
#1712827
#1712856
#1712865
0*
#1712880
1y
#1712905
#1712917
0x
#1712931
1x
#1712956
#1713035
#1713045
0#
#1713059
1z
#1713069
#1713079
#1713109
0x
#1713124
1#!
#1713136
#1713168
0$
#1713183
1x
#1713194
#1713224
#1713236
#1713247
#1713256
0|
#1713272
1t
#1713282
0)
#1713298
1|
#1713307
#1713383
0z
#1713398
1z
#1713423
0z
#1713438
1z
#1713538
#1713569
0"!
#1713581
1u
#1713598
0|
#1713614
1|
#1713625
#1713637
0'
#1713653
1%
#1713670
0x
#1713685
1&
#1713764
1!
#1713765
0!
#1713770
#1713864
0y
#1713879
1(
#1713889
0z
#1713904
1*
#1714043
#1714072
0t
#1714084
1w
#1714100
#1714110
#1714139
#1714149
#1714160
0*
#1714174
1v
#1714185
0|
#1714200
1#
#1714211
#1714223
0(
#1714240
1$
#1714273
#1714352
0w
#1714367
1~
#1714376
#1714387
1!
#1714388
0!
#1714393
#1714406
#1714416
#1714500
#1714530
0$
#1714544
1w
#1714555
0~
#1714567
1!!
#1714577
0&
#1714594
1)
#1714606
#1714624
0#!
#1714639
1#!
#1714656
0#!
#1714671
1#!
#1714703
#1714735
#1714762
0w
#1714777
1$!
#1714788
#1714800
#1714860
0#
#1714875
1s
#1714900
#1714929
#1714940
#1714968
0%
#1714983
1w
#1714994
0)
#1715010
1}
#1715026
#1715036
#1715056
0s
#1715072
1x
#1715083
#1715108
0}
#1715124
1s
#1715209
#1715237
#1715248
#1715325
0x
#1715338
1}
#1715348
0s
#1715364
1&!
#1715374
0w
#1715388
1s
#1715405
0}
#1715421
1}
#1715453
#1715481
#1715490
0u
#1715507
1z
#1715518
#1715543
#1715619
#1715646
#1715655
0&!
#1715668
1u
#1715731
1!
#1715732
0!
#1715736
#1715750
#1715761
0u
#1715777
1{
#1715801
#1715818
#1715846
#1715862
0v
#1715878
1u
#1716020
0{
#1716034
1|
#1716045
#1716212
0z
#1716225
1v
#1716236
#1716270
0#!
#1716284
1"!
#1716295
#1716380
0v
#1716396
1v
#1716406
0!!
#1716422
1!!
#1716499
#1716509
#1716538
0s
#1716551
1x
#1716696
#1716709
1!
#1716710
0!
#1716715
#1716733
#1716743
0|
#1716756
1'
#1716841
0"!
#1716855
1*
#1716872
0x
#1716886
1(
#1716897
#1716933
0$!
#1716945
1y
#1716955
0*
#1716973
1$
#1716984
#1717003
#1717033
0!!
#1717048
1w
#1717058
0}
#1717073
1!!
#1717150
0$
#1717165
1}
#1717176
#1717187
#1717196
0}
#1717211
1}
#1717221
#1717230
0y
#1717245
1&
#1717270
#1717299
#1717335
#1717352
#1717362
#1717372
#1717385
#1717412
0'
#1717427
1t
#1717438
0&
#1717453
1z
#1717463
#1717472
0u
#1717488
1~
#1717511
#1717603
#1717615
1!
#1717616
0!
#1717621
#1717634
0(
#1717649
1u
#1717741
0}
#1717755
1#
#1717766
#1717797
0u
#1717812
1|
#1717829
0v
#1717844
1u
#1717855
#1717883
#1717901
#1717911
#1717935
0z
#1717948
1v
#1717959
0#
#1717975
1&!
#1717992
#1718008
0!!
#1718024
1!!
#1718161
0t
#1718175
1%
#1718252
0v
#1718267
1v
#1718277
0&!
#1718291
1)
#1718370
#1718408
0!!
#1718422
1s
#1718433
0)
#1718447
1!!
#1718458
0~
#1718472
1*
#1718497
#1718530
#1718626
0*
#1718641
1{
#1718652
#1718682
#1718692
#1718709
#1718719
0{
#1718733
1x
#1718745
#1718772
#1718783
#1718792
0u
#1718805
1{
#1718816
1!
#1718817
0!
#1718822
#1718835
0{
#1718850
1#!
#1718932
#1718943
0s
#1718957
1{
#1718967
0%
#1718984
1$
#1718993
#1719077
0x
#1719092
1'
#1719111
#1719154
0|
#1719170
1z
#1719308
#1719336
0#!
#1719348
1|
#1719359
#1719378
0$
#1719393
1$!
#1719403
0'
#1719420
1&
#1719430
0v
#1719445
1(
#1719455
0|
#1719470
1|
#1719480
#1719499
1!
#1719500
0!
#1719503
#1719583
#1719614
#1719631
#1719648
#1719728
#1719739
#1719756
#1719767
0(
#1719782
1}
#1719792
#1719801
0$!
#1719817
1"!
#1719834
0&
#1719850
1$!
#1719861
#1719890
0w
#1719906
1u
#1719968
#1720061
#1720102
0"!
#1720116
1w
#1720268
0$!
#1720283
1y
#1720293
0w
#1720309
1$!
#1720333
#1720363
#1720375
#1720393
#1720402
0u
#1720415
1w
#1720439
#1720448
0{
#1720462
1s
#1720540
#1720568
0y
#1720582
1x
#1720593
#1720620
0!!
#1720636
1t
#1720648
#1720659
#1720669
#1720686
#1720696
0t
#1720712
1!!
#1720729
0!!
#1720745
1t
#1720763
0t
#1720779
1!!
#1720798
1!
#1720799
0!
#1720804
#1721018
#1721060
#1721088
0}
#1721101
1t
#1721126
#1721138
0z
#1721151
1&!
#1721161
0s
#1721175
1u
#1721184
#1721216
#1721369
#1721449
1!
#1721450
0!
#1721455
#1721473
#1721482
#1721491
0t
#1721504
1~
#1721515
0!!
#1721529
1#
#1721608
#1721620
#1721650
0u
#1721663
1{
#1721681
0&!
#1721696
1&!
#1721708
#1721720
#1721747
0&!
#1721762
1v
#1721779
#1721796
#1721814
0v
#1721830
1&!
#1721841
#1721942
0$!
#1721956
1v
#1721967
#1721979
0v
#1721994
1s
#1722004
#1722020
0#
#1722036
1v
#1722121
#1722150
#1722178
#1722205
#1722240
0|
#1722255
1t
#1722265
#1722280
#1722289
#1722299
#1722310
0~
#1722323
1#!
#1722340
#1722349
0x
#1722365
1"!
#1722377
#1722395
#1722423
#1722498
1!
#1722499
0!
#1722504
#1722537
0w
#1722553
1|
#1722691
0"!
#1722704
1x
#1722775
#1722787
0x
#1722802
1!!
#1722813
0#!
#1722826
1w
#1722850
0|
#1722865
1x
#1722882
0w
#1722898
1|
#1723057
0t
#1723069
1w
#1723087
0!!
#1723101
1)
#1723120
#1723157
0&!
#1723170
1u
#1723241
#1723268
0{
#1723281
1y
#1723290
#1723351
#1723371
#1723398
1!
#1723399
0!
#1723403
#1723484
0y
#1723499
1y
#1723509
0x
#1723524
1*
#1723534
0y
#1723549
1y
#1723560
#1723595
0*
#1723611
1z
#1723690
#1723719
#1723729
0u
#1723743
1t
#1723760
0z
#1723775
1z
#1723787
#1723813
0z
#1723829
1}
#1723840
#1723851
#1723867
#1723876
0)
#1723892
1z
#1723998
#1724006
#1724017
#1724095
#1724186
0z
#1724199
1%
#1724209
0|
#1724224
1$
#1724235
#1724265
0y
#1724278
1!!
#1724309
0$
#1724326
1'
#1724344
0}
#1724359
1}
#1724371
#1724510
0w
#1724524
1(
#1724541
0s
#1724556
1&
#1724568
1!
#1724569
0!
#1724573
#1724587
#1724666
0}
#1724681
1$!
#1724690
#1724701
#1724711
0(
#1724726
1}
#1724743
#1724820
#1724850
0v
#1724864
1x
#1724889
#1724917
0'
#1724932
1v
#1724943
#1724954
#1724963
0v
#1724978
1~
#1725002
0$!
#1725015
1v
#1725033
#1725051
0~
#1725067
1~
#1725076
#1725085
0%
#1725103
1#
#1725120
0~
#1725135
1~
#1725296
#1725384
0x
#1725396
1u
#1725407
#1725419
0#
#1725436
1*
#1725588
0t
#1725601
1)
#1725612
0~
#1725626
1$
#1725637
#1725666
0!!
#1725678
1"!
#1725694
#1725704
#1725715
0$
#1725733
1(
#1725810
#1725821
1!
#1725822
0!
#1725827
#1725839
0u
#1725854
1'
#1725865
0"!
#1725878
1"!
#1725896
0"!
#1725909
1"!
#1725942
#1725973
#1726059
0}
#1726070
1y
#1726081
#1726109
0'
#1726124
1&!
#1726134
0(
#1726151
1%
#1726163
#1726180
#1726190
#1726219
#1726243
#1726271
0%
#1726286
1z
#1726296
0*
#1726312
1#!
#1726322
0&!
#1726337
1&!
#1726399
#1726411
0&!
#1726426
1&!
#1726436
#1726446
#1726470
#1726479
0#!
#1726494
1#!
#1726648
0y
#1726662
1#
#1726673
0#!
#1726687
1#!
#1726697
0&!
#1726712
1$
#1726759
1!
#1726760
0!
#1726765
#1726786
#1726934
0"!
#1726945
1|
#1726957
#1726969
#1726997
0#
#1727012
1{
#1727022
0$
#1727040
1'
#1727051
#1727135
#1727144
0v
#1727159
1(
#1727169
#1727247
#1727298
0'
#1727313
1x
#1727323
0{
#1727337
1{
#1727347
0|
#1727362
1%
#1727373
0{
#1727387
1{
#1727398
#1727418
#1727497
#1727512
#1727522
#1727553
#1727566
1!
#1727567
0!
#1727572
#1727584
0&
#1727599
1s
#1727624
#1727653
0%
#1727668
1~
#1727680
#1727780
#1727807
0)
#1727823
1u
#1727833
0#!
#1727846
1w
#1727856
0(
#1727873
1*
#1727885
#1727903
0s
#1727919
1s
#1727981
#1727993
#1728029
#1728040
#1728050
#1728078
0z
#1728093
1$!
#1728103
#1728112
0*
#1728128
1y
#1728152
#1728162
#1728226
0s
#1728239
1"
#1728250
0$!
#1728264
1#
#1728274
0~
#1728289
1$
#1728300
0w
#1728315
1'
#1728325
0x
#1728342
1&
#1728352
0{
#1728369
1%
#1728379
0y
#1728396
1)
#1728406
0u
#1728424
1(
#1728435
0"
#1728448
1"
#1728458
0'
#1728476
1*
#1728487
1!
#1728488
0!
#1728493
#1728507
#1728603
0"
#1728625
1z
#1728636
0#
#1728649
1s
#1728659
0&
#1728673
1$!
#1728684
0%
#1728698
1~
#1728708
0)
#1728723
1w
#1728733
0(
#1728749
1x
#1728759
0$
#1728775
1{
#1728785
0w
#1728801
1y
#1728811
0z
#1728827
1u
#1728841
xx
#1728860
0*
#1728876
1w
#1728887
#1729040
0x
#1729053
1z
#1729063
0~
#1729077
1'
#1729168
0y
#1729182
1#
#1729281
#1729311
#1729340
0'
#1729355
1!!
#1729365
#1729382
#1729442
0$!
#1729455
1&!
#1729466
#1729494
#1729506
0#
#1729521
1t
#1729531
#1729541
#1729560
1!
#1729561
0!
#1729566
#1729578
#1729594
0!!
#1729610
1!!
#1729621
#1729633
#1729661
0!!
#1729677
1|
#1729687
0t
#1729703
1!!
#1729714
#1729726
0{
#1729740
1t
#1729771
0t
#1729787
1t
#1729886
#1729973
#1730052
0|
#1730065
1~
#1730090
#1730117
0u
#1730131
1}
#1730142
#1730160
0s
#1730176
1s
#1730187
#1730228
0s
#1730244
1"!
#1730328
#1730338
#1730368
#1730389
1!
#1730390
0!
#1730393
#1730509
#1730520
#1730543
#1730552
0~
#1730565
1s
#1730657
#1730685
0"!
#1730699
1y
#1730710
#1730737
0}
#1730753
1|
#1730765
#1730803
#1731029
#1731041
#1731069
0&!
#1731084
1v
#1731102
#1731130
#1731140
#1731150
0w
#1731162
1}
#1731173
#1731200
#1731209
#1731218
0|
#1731231
1~
#1731241
0y
#1731255
1&!
#1731266
#1731277
0}
#1731293
1#!
#1731303
0&!
#1731320
1$!
#1731330
0v
#1731346
1}
#1731356
#1731364
#1731374
0z
#1731390
1&!
#1731408
1!
#1731409
0!
#1731414
#1731500
#1731512
0$!
#1731525
1v
#1731564
0v
#1731581
1z
#1731599
#1731688
#1731706
0t
#1731720
1v
#1731738
#1731773
#1731802
#1731820
0z
#1731836
1|
#1731848
#1731876
#1732037
0}
#1732050
1{
#1732061
0v
#1732074
1w
#1732084
#1732101
#1732113
#1732141
#1732209
#1732219
#1732245
#1732300
0#!
#1732313
1"
#1732323
0w
#1732337
1&
#1732353
0{
#1732368
1%
#1732383
0!!
#1732396
1)
#1732406
0&!
#1732422
1(
#1732433
0~
#1732449
1$
#1732460
0"
#1732473
1"
#1732483
0|
#1732500
1*
#1732510
0%
#1732528
1'
#1732538
0s
#1732556
1#
#1732567
#1732595
0)
#1732613
1%
#1732647
1!
#1732648
0!
#1732652
#1732738
0"
#1732761
1z
#1732771
0*
#1732785
1u
#1732795
0'
#1732809
1y
#1732819
0#
#1732833
1#!
#1732844
0%
#1732859
1w
#1732869
0(
#1732884
1{
#1732894
0&
#1732910
1&!
#1732920
0$
#1732937
1~
#1732960
0#!
#1732977
1|
#1732987
#1733028
#1733053
#1733064
#1733076
#1733154
#1733164
#1733191
0{
#1733207
1s
#1733228
x&!
#1733241
#1733284
#1733295
0u
#1733310
1#!
#1733320
0~
#1733335
1}
#1733353
0y
#1733366
1"!
#1733375
#1733384
#1733400
#1733413
1!
#1733414
0!
#1733418
#1733440
0&!
#1733453
1$!
#1733471
#1733499
#1733510
#1733578
0$!
#1733593
1{
#1733603
#1733626
0s
#1733640
1v
#1733651
#1733687
#1733706
0"!
#1733722
1u
#1733739
#1733829
#1733857
0u
#1733872
1~
#1733883
0w
#1733896
1t
#1733958
#1733970
#1733984
#1734078
#1734129
#1734155
#1734165
0~
#1734180
1$!
#1734192
#1734219
0}
#1734235
1y
#1734246
#1734309
#1734319
#1734335
0t
#1734351
1"!
#1734420
#1734428
#1734438
#1734450
0z
#1734464
1!!
#1734474
#1734483
0$!
#1734499
1u
#1734509
0|
#1734525
1s
#1734616
0"!
#1734632
1~
#1734710
1!
#1734711
0!
#1734716
#1734728
#1734759
#1734854
0{
#1734867
1w
#1734878
#1734906
#1734997
0w
#1735010
1}
#1735020
0u
#1735036
1t
#1735106
0s
#1735119
1$!
#1735136
0#!
#1735150
1|
#1735160
0$!
#1735176
1"!
#1735186
0|
#1735203
1z
#1735213
0t
#1735229
1u
#1735254
#1735428
#1735437
0!!
#1735452
1$!
#1735472
1!
#1735473
0!
#1735477
#1735557
#1735566
0~
#1735579
1|
#1735662
0v
#1735675
1t
#1735768
0z
#1735780
1!!
#1735865
0!!
#1735880
1!!
#1735891
#1735935
#1735947
#1735974
0"!
#1735990
1s
#1736008
#1736026
0s
#1736042
1"!
#1736141
0}
#1736153
1s
#1736223
0s
#1736238
1s
#1736248
0y
#1736262
1)
#1736272
0$!
#1736286
1*
#1736371
0|
#1736386
1'
#1736397
#1736426
#1736436
0"!
#1736448
1~
#1736459
1!
#1736460
0!
#1736465
#1736477
#1736537
0*
#1736554
1#
#1736580
#1736607
#1736636
#1736674
#1736690
0#
#1736706
1{
#1736717
#1736745
0)
#1736761
1}
#1736771
0'
#1736787
1w
#1736798
#1736818
#1736830
#1736840
#1736857
0w
#1736873
1w
#1736889
#1736899
0{
#1736915
1{
#1737066
0{
#1737081
1{
#1737099
0u
#1737113
1%
#1737124
#1737153
#1737220
0%
#1737236
1$!
#1737246
0~
#1737261
1(
#1737271
0w
#1737287
1w
#1737319
#1737495
1!
#1737496
0!
#1737500
#1737581
0s
#1737595
1&
#1737606
#1737636
0!!
#1737648
1|
#1737761
#1737773
0(
#1737790
1$
#1737801
#1737830
0w
#1737842
1#!
#1737852
#1737875
0$
#1737892
1*
#1737903
#1738012
#1738089
#1738098
0{
#1738110
1z
#1738121
#1738151
0$!
#1738163
1"!
#1738174
0*
#1738191
1#
#1738202
#1738213
0&
#1738230
1)
#1738258
0#!
#1738273
1#!
#1738300
#1738317
#1738402
0z
#1738416
1z
#1738427
0}
#1738442
1'
#1738452
0z
#1738467
1z
#1738478
#1738513
#1738523
#1738534
#1738550
0#
#1738565
1v
#1738651
#1738662
0#!
#1738677
1#!
#1738695
#1738726
1!
#1738727
0!
#1738732
#1738745
0'
#1738760
1~
#1738770
0"!
#1738785
1%
#1738795
0v
#1738810
1v
#1738828
0v
#1738843
1v
#1738854
#1738962
#1739005
0~
#1739018
1y
#1739036
#1739067
#1739077
#1739152
0)
#1739168
1w
#1739178
0y
#1739193
1y
#1739219
#1739246
#1739258
0%
#1739273
1u
#1739284
0y
#1739299
1y
#1739311
#1739367
0z
#1739380
1"
#1739398
0v
#1739413
1(
#1739423
0#!
#1739438
1$
#1739448
0t
#1739461
1*
#1739472
0u
#1739488
1&
#1739498
0*
#1739514
1#
#1739524
0w
#1739541
1'
#1739558
#1739569
0y
#1739586
1)
#1739596
0|
#1739614
1%
#1739625
1!
#1739626
0!
#1739631
#1739726
0"
#1739748
1z
#1739759
0%
#1739772
1v
#1739783
0&
#1739796
1#!
#1739807
0(
#1739821
1u
#1739831
0$
#1739846
1w
#1739857
0#
#1739872
1y
#1739882
0'
#1739898
1|
#1739908
0)
#1739925
1*
#1740002
#1740086
xz
#1740098
0v
#1740112
1%
#1740122
0z
#1740137
1&
#1740147
#1740155
#1740167
#1740256
#1740275
0%
#1740290
1$!
#1740301
#1740343
#1740419
#1740429
#1740459
0$!
#1740471
1s
#1740483
1!
#1740484
0!
#1740489
#1740552
0*
#1740568
1{
#1740578
0&
#1740595
1(
#1740606
#1740625
#1740637
0s
#1740653
1s
#1740684
0u
#1740700
1u
#1740770
#1740800
#1740810
#1740819
0u
#1740835
1!!
#1740845
0w
#1740858
1u
#1740868
0#!
#1740884
1#!
#1740922
0#!
#1740937
1#!
#1741008
#1741049
0!!
#1741059
1"
#1741077
0"
#1741090
1"
#1741100
0|
#1741115
1$
#1741131
0(
#1741146
1#
#1741156
0s
#1741171
1'
#1741187
0u
#1741203
1)
#1741213
0y
#1741230
1%
#1741240
0{
#1741258
1*
#1741276
0'
#1741293
1&
#1741303
0#!
#1741321
1(
#1741333
#1741391
1!
#1741392
0!
#1741396
#1741473
0"
#1741495
1|
#1741506
0)
#1741519
1s
#1741530
0%
#1741543
1u
#1741554
0$
#1741568
1y
#1741578
0*
#1741593
1{
#1741603
0#
#1741619
1#!
#1741629
0&
#1741646
1'
#1741723
#1741753
0(
#1741768
1"!
#1741784
0|
#1741798
1)
#1741810
#1741907
xy
#1741920
#1741949
0u
#1741961
1~
#1741972
0y
#1741986
1%
#1742005
#1742017
#1742051
0%
#1742066
1}
#1742076
#1742092
#1742118
#1742135
#1742144
#1742153
0}
#1742168
1t
#1742186
#1742196
#1742223
0'
#1742238
1}
#1742257
#1742269
#1742297
#1742314
0)
#1742331
1v
#1742340
#1742349
0t
#1742366
1w
#1742384
#1742395
0}
#1742411
1t
#1742427
#1742443
0{
#1742459
1}
#1742537
0t
#1742553
1{
#1742645
0#!
#1742658
1t
#1742668
0{
#1742684
1{
#1742767
0w
#1742781
1$
#1742941
#1742971
0v
#1742983
1$!
#1742995
1!
#1742996
0!
#1743001
#1743013
0~
#1743027
1*
#1743038
0}
#1743052
1#
#1743084
0$
#1743101
1&
#1743163
#1743340
#1743368
0t
#1743380
1!!
#1743390
#1743400
#1743412
#1743440
#1743450
0$!
#1743462
1u
#1743482
1!
#1743483
0!
#1743487
#1743562
0!!
#1743576
1!!
#1743593
0&
#1743610
1(
#1743620
0#
#1743637
1%
#1743647
0!!
#1743662
1!!
#1743681
#1743699
0s
#1743714
1'
#1743792
#1743820
0"!
#1743832
1|
#1743849
#1743859
#1743888
#1743897
0%
#1743912
1#!
#1743923
#1743956
#1744049
#1744079
0#!
#1744091
1v
#1744101
0{
#1744116
1{
#1744127
#1744139
0{
#1744154
1{
#1744179
#1744257
0'
#1744272
1w
#1744282
#1744292
#1744319
#1744329
#1744338
0*
#1744354
1~
#1744363
#1744373
0(
#1744390
1)
#1744408
#1744420
#1744449
#1744459
#1744471
0~
#1744487
1}
#1744597
0)
#1744613
1~
#1744630
0|
#1744645
1$
#1744722
0w
#1744737
1w
#1744747
0~
#1744763
1~
#1744773
0!!
#1744788
1&
#1744873
#1744902
0}
#1744915
1s
#1744924
#1744935
#1744954
#1745041
0$
#1745056
1t
#1745134
1!
#1745135
0!
#1745140
#1745152
0s
#1745168
1s
#1745179
#1745192
#1745238
0u
#1745248
1"
#1745264
0&
#1745278
1#
#1745288
0{
#1745303
1%
#1745319
0w
#1745334
1'
#1745344
0~
#1745360
1*
#1745371
0t
#1745387
1(
#1745398
0'
#1745415
1)
#1745425
0s
#1745442
1$
#1745452
0v
#1745470
1&
#1745481
0"
#1745494
1"
#1745504
0$
#1745522
1'
#1745550
#1745562
1!
#1745563
0!
#1745568
#1745678
0"
#1745701
1{
#1745712
0)
#1745725
1w
#1745735
0'
#1745749
1~
#1745759
0*
#1745774
1t
#1745784
0&
#1745799
1s
#1745809
0#
#1745824
1v
#1745835
0%
#1745852
1$
#1745862
#1745900
xv
#1745912
0$
#1745928
1"!
#1745938
0(
#1745955
1)
#1745964
#1745974
#1746146
0v
#1746160
1'
#1746171
#1746201
0"!
#1746215
1$!
#1746232
0t
#1746245
1"!
#1746256
#1746268
0"!
#1746282
1"!
#1746294
#1746332
0w
#1746343
1"
#1746363
0)
#1746378
1*
#1746389
0~
#1746404
1&
#1746425
0$!
#1746441
1#
#1746451
0"!
#1746468
1%
#1746478
0s
#1746495
1$
#1746506
0{
#1746524
1(
#1746534
0"
#1746547
1"
#1746566
1!
#1746567
0!
#1746572
#1746589
#1746711
0"
#1746734
1~
#1746744
0%
#1746758
1$!
#1746768
0$
#1746782
1"!
#1746792
0'
#1746807
1s
#1746817
0#
#1746832
1{
#1746842
0*
#1746859
1)
#1746870
0&
#1746887
1%
#1746916
0(
#1746933
1$
#1747023
#1747057
x{
#1747128
#1747155
0{
#1747167
1#!
#1747178
#1747190
0)
#1747205
1|
#1747214
#1747231
#1747242
0"!
#1747257
1'
#1747267
0|
#1747282
1|
#1747299
0|
#1747314
1|
#1747325
#1747369
0$
#1747382
1"
#1747393
0#!
#1747408
1#
#1747429
0s
#1747445
1*
#1747463
0|
#1747480
1&
#1747490
0~
#1747508
1(
#1747518
0$!
#1747536
1)
#1747563
#1747575
1!
#1747576
0!
#1747581
#1747689
0"
#1747712
1#!
#1747722
0(
#1747735
1s
#1747746
0%
#1747760
1|
#1747770
0)
#1747784
1~
#1747795
0'
#1747809
1$!
#1747820
0*
#1747837
1$
#1747852
#1747879
0#
#1747895
1!!
#1747905
0&
#1747922
1(
#1748008
#1748037
0$
#1748052
1}
#1748063
0(
#1748079
1%
#1748093
xs
#1748107
#1748117
#1748127
#1748139
0#!
#1748153
1)
#1748163
0s
#1748178
1'
#1748202
0!!
#1748217
1!!
#1748228
#1748280
0}
#1748293
1"
#1748304
0!!
#1748320
1*
#1748330
0|
#1748347
1#
#1748357
0~
#1748374
1&
#1748385
0$!
#1748403
1$
#1748413
0*
#1748431
1(
#1748450
#1748462
1!
#1748463
0!
#1748468
#1748592
0"
#1748614
1}
#1748625
0(
#1748638
1!!
#1748648
0%
#1748662
1|
#1748673
0)
#1748687
1~
#1748697
0'
#1748712
1$!
#1748722
0#
#1748740
1*
#1748762
0&
#1748779
1(
#1748789
#1748822
x~
#1748834
0$
#1748849
1w
#1748918
#1749018
0~
#1749032
1%
#1749117
0|
#1749132
1)
#1749143
#1749173
#1749201
#1749212
#1749221
#1749230
0(
#1749245
1t
#1749263
#1749276
#1749293
#1749302
#1749311
0!!
#1749323
1u
#1749334
0)
#1749351
1'
#1749361
0%
#1749379
1#
#1749388
#1749397
#1749414
#1749445
1!
#1749446
0!
#1749451
#1749464
#1749476
#1749506
0}
#1749521
1"!
#1749532
#1749550
#1749560
#1749572
#1749584
0w
#1749599
1}
#1749609
0u
#1749624
1w
#1749634
0}
#1749649
1u
#1749666
0#
#1749681
1}
#1749693
#1749711
0$!
#1749726
1$!
#1749744
0$!
#1749759
1$!
#1749768
#1749778
0u
#1749793
1u
#1749804
#1749834
0w
#1749850
1#!
#1749925
#1750034
#1750046
0u
#1750058
1w
#1750068
#1750084
0'
#1750101
1&
#1750206
#1750215
0#!
#1750230
1$
#1750316
#1750398
#1750473
0&
#1750488
1|
#1750558
#1750570
0}
#1750584
1(
#1750594
0t
#1750609
1)
#1750633
0"!
#1750647
1"!
#1750727
#1750758
1!
#1750759
0!
#1750764
#1750776
0"!
#1750790
1!!
#1750800
0|
#1750812
1"!
#1750823
0(
#1750840
1%
#1750851
#1750871
#1750913
#1750923
#1750952
#1750962
#1750974
0%
#1750988
1t
#1751013
#1751044
#1751128
#1751154
0t
#1751169
1u
#1751178
#1751188
0$!
#1751202
1#!
#1751214
#1751226
0)
#1751241
1t
#1751265
0t
#1751280
1$!
#1751291
#1751372
#1751384
1!
#1751385
0!
#1751390
#1751404
#1751422
#1751432
#1751444
0$
#1751459
1t
#1751469
#1751484
#1751501
#1751514
#1751533
0*
#1751549
1}
#1751565
#1751648
0#!
#1751663
1#
#1751741
0$!
#1751756
1$!
#1751765
#1751774
#1751803
0}
#1751818
1'
#1751844
0$!
#1751860
1$!
#1751871
#1751881
#1751907
#1751925
0"!
#1751940
1"!
#1751951
0w
#1751966
1w
#1751977
#1751989
#1752026
0w
#1752041
1|
#1752059
0'
#1752075
1w
#1752092
0!!
#1752108
1!!
#1752126
#1752144
0"!
#1752160
1"!
#1752170
0!!
#1752186
1!!
#1752197
#1752333
#1752356
#1752372
0|
#1752386
1&
#1752419
#1752438
#1752570
0t
#1752585
1#!
#1752610
1!
#1752611
0!
#1752616
#1752629
#1752649
#1752727
#1752737
0&
#1752752
1t
#1752820
0t
#1752835
1t
#1752853
#1752904
0w
#1752917
1"
#1752928
0$!
#1752943
1(
#1752954
#1752970
0!!
#1752983
1%
#1753000
0t
#1753016
1)
#1753034
0%
#1753050
1$
#1753068
0u
#1753085
1*
#1753095
0#!
#1753112
1'
#1753181
0"!
#1753206
1w
#1753216
0"
#1753227
1$!
#1753237
0)
#1753251
1t
#1753261
0$
#1753276
1u
#1753286
0'
#1753301
1#!
#1753316
#1753340
0u
#1753355
1"!
#1753365
0*
#1753380
1u
#1753527
#1753554
0u
#1753568
1}
#1753585
0"!
#1753597
1u
#1753659
#1753672
#1753683
#1753699
0#
#1753716
1&
#1753730
x$!
#1753743
1!
#1753744
0!
#1753749
#1753763
0$!
#1753777
1%
#1753788
0(
#1753805
1)
#1753815
0t
#1753830
1$
#1753915
0}
#1753930
1'
#1754023
#1754053
#1754062
0%
#1754076
1|
#1754100
0'
#1754117
1*
#1754128
#1754141
#1754160
#1754171
0u
#1754186
1#
#1754196
#1754213
#1754222
0w
#1754236
1w
#1754247
#1754308
#1754319
0w
#1754333
1!!
#1754360
0#!
#1754374
1w
#1754386
#1754397
0*
#1754412
1#!
#1754423
#1754442
0#!
#1754456
1#!
#1754466
#1754558
#1754593
0w
#1754603
1"
#1754625
1!
#1754626
0!
#1754631
#1754645
0|
#1754662
1(
#1754672
0!!
#1754689
1%
#1754699
0#!
#1754717
1'
#1754728
0(
#1754746
1*
#1754756
0"
#1754769
1"
#1754784
#1754880
0"
#1754903
1|
#1754913
0&
#1754926
1!!
#1754937
0*
#1754951
1#!
#1754961
0)
#1754978
1(
#1754989
0$
#1755006
1&
#1755017
0%
#1755034
1*
#1755056
#1755086
#1755098
0#
#1755112
1t
#1755137
#1755216
#1755232
0t
#1755247
1)
#1755258
#1755287
0)
#1755301
1"!
#1755319
#1755335
x|
#1755348
#1755367
0|
#1755382
1$
#1755392
0*
#1755410
1%
#1755420
0'
#1755438
1#
#1755447
#1755464
#1755474
#1755520
0#
#1755535
1}
#1755546
#1755559
#1755572
1!
#1755573
0!
#1755577
#1755591
#1755636
0"!
#1755649
1"
#1755660
0#!
#1755676
1)
#1755688
#1755704
0!!
#1755721
1*
#1755731
0}
#1755749
1'
#1755841
0"
#1755864
1"!
#1755874
0$
#1755888
1#!
#1755898
0%
#1755912
1!!
#1755922
0'
#1755937
1}
#1755947
0*
#1755965
1#
#1755975
0&
#1755992
1$
#1756003
0)
#1756020
1%
#1756042
#1756053
0(
#1756071
1'
#1756079
#1756092
x#!
#1756104
0!!
#1756118
1!!
#1756129
#1756176
0$
#1756190
1u
#1756200
#1756209
0#!
#1756224
1*
#1756235
#1756254
0!!
#1756268
1!!
#1756303
#1756329
#1756351
#1756385
#1756416
#1756427
0*
#1756442
1w
#1756504
#1756516
1!
#1756517
0!
#1756522
#1756534
0}
#1756549
1}
#1756560
#1756603
0}
#1756617
1}
#1756696
#1756708
0!!
#1756722
1&
#1756732
#1756741
0"!
#1756756
1"!
#1756773
0"!
#1756787
1"!
#1756798
#1756843
#1756854
#1756946
#1756957
0"!
#1756969
1t
#1756986
0u
#1757000
1u
#1757018
#1757097
#1757106
0&
#1757123
1)
#1757140
0u
#1757154
1u
#1757172
#1757217
#1757229
#1757264
0)
#1757277
1"
#1757297
0w
#1757313
1(
#1757324
0}
#1757340
1$
#1757351
0u
#1757368
1*
#1757378
0t
#1757394
1&
#1757405
#1757416
0&
#1757434
1)
#1757445
1!
#1757446
0!
#1757451
#1757546
0"
#1757568
1!!
#1757579
0#
#1757592
1w
#1757602
0%
#1757616
1}
#1757627
0'
#1757641
1u
#1757651
0*
#1757669
1&
#1757686
0)
#1757703
1#
#1757714
0$
#1757731
1%
#1757741
#1757753
0(
#1757770
1'
#1757784
xw
#1757796
#1757818
#1757855
0%
#1757869
1"!
#1757888
#1757930
0}
#1757943
1"
#1757960
#1757978
0u
#1757994
1*
#1758099
0"
#1758119
1}
#1758143
0w
#1758154
1u
#1758165
0*
#1758182
1)
#1758192
0#
#1758210
1$
#1758220
0'
#1758238
1(
#1758248
0"!
#1758262
1"!
#1758276
x}
#1758289
0!!
#1758303
1!!
#1758318
0&
#1758335
1%
#1758346
0}
#1758361
1*
#1758424
#1758437
#1758455
1!
#1758456
0!
#1758461
#1758548
#1758579
0"!
#1758590
1t
#1758600
#1758610
#1758622
0(
#1758639
1#
#1758664
#1758714
0!!
#1758727
1"
#1758737
0u
#1758755
1'
#1758766
#1758777
0t
#1758795
1&
#1758934
0"
#1758957
1!!
#1758967
0'
#1758981
1u
#1758991
0*
#1759005
1t
#1759015
0)
#1759033
1(
#1759045
0&
#1759063
1'
#1759079
0%
#1759096
1*
#1759107
0$
#1759124
1)
#1759136
#1759165
0#
#1759179
1"!
#1759190
0'
#1759207
1&
#1759219
#1759230
#1759248
#1759261
xu
#1759274
#1759286
#1759296
0u
#1759311
1%
#1759336
#1759355
#1759367
#1759378
#1759387
0!!
#1759401
1!!
#1759412
1!
#1759413
0!
#1759418
#1759431
0!!
#1759445
1!!
#1759454
#1759463
#1759485
#1759495
#1759514
#1759526
0t
#1759540
1t
#1759551
#1759562
0t
#1759576
1t
#1759601
#1759615
#1759627
0"!
#1759640
1"!
#1759658
0"!
#1759671
1"!
#1759683
#1759701
#1759711
#1759739
#1759751
#1759769
#1759779
#1759799
#1759809
#1759819
#1759835
0!!
#1759849
1!!
#1759866
0!!
#1759880
1!!
#1759891
#1759903
#1759922
0t
#1759936
1t
#1759945
#1759956
#1759967
#1759976
0t
#1759990
1t
#1760015
#1760040
0"!
#1760054
1"!
#1760065
#1760078
0"!
#1760092
1"!
#1760161
#1760179
#1760189
#1760289
#1760319
#1760352
0t
#1760365
1"
#1760380
0!!
#1760398
1$
#1760409
1!
#1760410
0!
#1760415
#1760427
0"
#1760440
1"
#1760451
0"!
#1760469
1#
#1760480
#1760607
0"
#1760630
1t
#1760640
0(
#1760653
1!!
#1760664
0*
#1760678
1"!
#1760688
0)
#1760705
1'
#1760716
0&
#1760733
1(
#1760747
x!!
#1760760
0$
#1760777
1*
#1760795
0%
#1760812
1)
#1760824
#1760836
#1760855
0#
#1760872
1&
#1760882
0!!
#1760897
1$
#1760909
#1760921
#1760937
#1760947
#1760965
#1760975
#1760986
#1760995
0"!
#1761008
1"!
#1761025
0"!
#1761039
1"!
#1761050
#1761068
0t
#1761081
1t
#1761093
#1761105
0t
#1761118
1t
#1761143
#1761157
#1761184
#1761196
#1761209
#1761224
#1761235
#1761252
#1761263
#1761273
#1761282
0"!
#1761296
1"!
#1761313
0"!
#1761326
1"!
#1761338
#1761355
0t
#1761369
1t
#1761380
1!
#1761381
0!
#1761386
#1761399
0t
#1761412
1t
#1761423
#1761457
#1761529
#1761542
#1761560
#1761570
#1761598
#1761634
0"!
#1761647
1"
#1761657
0t
#1761675
1%
#1761687
#1761783
0"
#1761805
1"!
#1761816
0&
#1761829
1t
#1761839
0*
#1761857
1#
#1761868
0%
#1761885
1&
#1761899
x"!
#1761912
0)
#1761929
1*
#1761939
#1761968
0'
#1761985
1%
#1761996
0(
#1762013
1)
#1762023
0$
#1762040
1'
#1762051
0"!
#1762066
1(
#1762076
#1762092
#1762114
#1762141
0t
#1762154
1t
#1762180
0t
#1762193
1t
#1762221
#1762275
#1762301
#1762315
#1762337
#1762370
0t
#1762383
1"
#1762395
1!
#1762396
0!
#1762400
#1762414
#1762427
#1762460
#1762493
#1762527
#1762586
0"
#1762599
1"
#1762616
0"
#1762629
1"
#1762645
0"
#1762658
1"
#1762674
0"
#1762687
1"
#1762703
0"
#1762716
1"
#1762732
0"
#1762745
1"
#1762762
0"
#1762775
1"
#1762791
0"
#1762804
1"
#1762923
#1762966
#1763010
#1763097
09!
#1763189
0:!
#1763280
0;!
#1763372
0<!
#1763386
1!
#1763387
0!
#1763392
#1763479
0=!
#1763570
0>!
#1763662
0?!
#1763753
0@!
#1763845
0A!
#1763936
0B!
#1764028
0C!
#1764120
0D!
#1764211
0E!
#1764303
0F!
#1764375
1!
#1764376
0!
#1764381
#1764397
0G!
#1764489
0H!
#1764580
0I!
#1764672
0J!
#1764763
0K!
#1764861
0"
#1764884
1t
#1764894
0*
#1764908
19!
#1764918
0&
#1764932
1:!
#1764942
0'
#1764957
1;!
#1764967
0(
#1764982
1<!
#1764992
0%
#1765007
1=!
#1765017
#1765026
#1765035
0#
#1765051
1>!
#1765061
0)
#1765077
1?!
#1765095
#1765108
xt
#1765119
#1765136
0:!
#1765152
1@!
#1765162
#1765199
#1765208
0=!
#1765224
1A!
#1765249
#1765267
0t
#1765280
1B!
#1765306
0?!
#1765322
1C!
#1765333
0<!
#1765349
1D!
#1765359
0@!
#1765375
1E!
#1765385
#1765394
0>!
#1765410
1F!
#1765421
0;!
#1765437
1G!
#1765454
#1765464
0A!
#1765480
1H!
#1765489
#1765523
1!
#1765524
0!
#1765529
#1765541
#1765550
#1765559
0D!
#1765575
1I!
#1765585
#1765593
#1765602
0C!
#1765619
1J!
#1765660
#1765669
0B!
#1765685
1K!
#1765711
0E!
#1765728
1:!
#1765738
0F!
#1765754
1=!
#1765764
0G!
#1765781
1?!
#1765790
#1765799
#1765815
#1765825
0H!
#1765841
1<!
#1765850
#1765875
#1765883
#1765893
0J!
#1765909
1@!
#1765926
#1765959
#1765968
0I!
#1765984
1>!
#1766002
#1766010
#1766019
#1766028
0<!
#1766044
1;!
#1766055
0=!
#1766071
1A!
#1766080
#1766090
0K!
#1766106
1D!
#1766115
#1766140
#1766149
#1766165
#1766174
#1766182
#1766191
#1766216
0>!
#1766232
1C!
#1766250
#1766267
0:!
#1766283
1B!
#1766301
0?!
#1766317
1E!
#1766328
0;!
#1766344
1F!
#1766353
#1766363
0A!
#1766379
1G!
#1766388
#1766397
#1766406
#1766414
#1766423
#1766447
#1766456
0@!
#1766473
1H!
#1766498
#1766515
0D!
#1766531
1J!
#1766541
#1766550
#1766559
0G!
#1766575
1I!
#1766594
1!
#1766595
0!
#1766600
#1766612
#1766621
0H!
#1766638
1<!
#1766648
0C!
#1766664
1=!
#1766682
0F!
#1766699
1K!
#1766708
#1766717
#1766725
#1766734
#1766743
#1766751
#1766760
#1766768
#1766777
#1766786
#1766802
#1766811
#1766820
0B!
#1766836
1>!
#1766878
0E!
#1766894
1:!
#1766904
0=!
#1766920
1?!
#1766946
#1766963
0J!
#1766979
1;!
#1766989
#1766998
0I!
#1767014
1A!
#1767024
#1767033
0<!
#1767049
1@!
#1767059
#1767068
0K!
#1767084
1D!
#1767110
#1767119
#1767127
#1767136
#1767145
0?!
#1767161
1G!
#1767171
#1767179
#1767196
#1767212
#1767222
0>!
#1767238
1H!
#1767263
#1767272
#1767281
0;!
#1767297
1C!
#1767315
#1767323
#1767332
0:!
#1767349
1F!
#1767358
#1767367
0D!
#1767384
1B!
#1767394
0A!
#1767410
1E!
#1767420
#1767428
#1767437
#1767446
#1767478
#1767488
1!
#1767489
0!
#1767494
#1767507
0H!
#1767523
1=!
#1767532
#1767542
0G!
#1767558
1J!
#1767567
#1767584
#1767593
#1767601
#1767610
#1767650
#1767659
0F!
#1767675
1I!
#1767685
#1767694
0B!
#1767710
1<!
#1767720
0C!
#1767737
1K!
#1767747
0@!
#1767763
1?!
#1767789
#1767797
#1767806
#1767814
#1767839
#1767848
0E!
#1767864
1>!
#1767874
#1767891
0=!
#1767907
1;!
#1767917
#1767926
0J!
#1767942
1:!
#1767952
#1767969
#1767977
#1767994
#1768002
#1768011
#1768067
0K!
#1768083
1D!
#1768094
0?!
#1768110
1A!
#1768128
0I!
#1768144
1H!
#1768154
#1768163
0<!
#1768179
1G!
#1768190
0>!
#1768206
1F!
#1768216
#1768224
#1768233
#1768241
#1768266
#1768274
#1768284
0:!
#1768300
1B!
#1768309
#1768319
0;!
#1768335
1C!
#1768352
#1768369
#1768378
0H!
#1768394
1@!
#1768404
#1768412
#1768429
#1768438
#1768472
1!
#1768473
0!
#1768477
#1768490
0D!
#1768506
1E!
#1768516
0A!
#1768533
1=!
#1768543
0F!
#1768559
1J!
#1768577
#1768585
#1768594
#1768610
#1768619
#1768628
#1768636
#1768676
#1768686
0G!
#1768702
1K!
#1768711
#1768729
0E!
#1768745
1?!
#1768771
0C!
#1768787
1I!
#1768797
0B!
#1768814
1<!
#1768824
0J!
#1768840
1>!
#1768850
0=!
#1768866
1:!
#1768885
0@!
#1768901
1;!
#1768911
#1768927
#1768936
#1768944
#1768953
#1768962
#1768970
#1768979
#1768995
#1769012
#1769021
0I!
#1769037
1H!
#1769047
#1769055
#1769096
#1769104
#1769114
0K!
#1769130
1D!
#1769139
#1769149
0:!
#1769165
1A!
#1769182
#1769191
#1769199
#1769216
#1769225
0?!
#1769241
1F!
#1769251
#1769275
#1769308
#1769317
0>!
#1769333
1G!
#1769351
0H!
#1769367
1E!
#1769378
0;!
#1769394
1C!
#1769404
0<!
#1769420
1B!
#1769438
#1769447
#1769455
#1769464
#1769473
0A!
#1769489
1J!
#1769499
#1769508
0D!
#1769524
1=!
#1769542
#1769550
#1769567
#1769583
#1769593
0F!
#1769609
1@!
#1769628
1!
#1769629
0!
#1769634
#1769646
#1769662
#1769672
0G!
#1769688
1I!
#1769697
#1769707
0B!
#1769723
1K!
#1769732
#1769742
0J!
#1769758
1:!
#1769775
#1769784
#1769800
#1769809
#1769818
#1769834
#1769843
0=!
#1769860
1?!
#1769885
#1769909
#1769919
0@!
#1769935
1>!
#1769944
#1769954
0C!
#1769970
1H!
#1769987
#1769996
#1770012
#1770022
0I!
#1770038
1;!
#1770048
#1770057
0K!
#1770073
1<!
#1770090
#1770099
#1770116
#1770125
0:!
#1770141
1A!
#1770151
#1770160
0?!
#1770176
1D!
#1770193
#1770202
#1770219
#1770235
#1770244
0>!
#1770261
1F!
#1770286
#1770303
0E!
#1770319
1G!
#1770329
#1770338
0;!
#1770354
1B!
#1770365
0H!
#1770381
1J!
#1770398
#1770407
#1770416
0<!
#1770433
1=!
#1770442
#1770451
0A!
#1770468
1@!
#1770477
#1770486
0D!
#1770503
1C!
#1770520
#1770529
#1770545
#1770554
#1770562
#1770572
0F!
#1770588
1I!
#1770597
#1770622
#1770632
1!
#1770633
0!
#1770638
#1770651
0G!
#1770667
1K!
#1770684
#1770693
#1770709
#1770718
#1770727
0B!
#1770743
1:!
#1770753
#1770762
0J!
#1770778
1?!
#1770796
#1770805
#1770829
#1770838
0=!
#1770854
1>!
#1770864
#1770873
0@!
#1770889
1E!
#1770907
#1770915
#1770932
#1770941
0C!
#1770957
1;!
#1770967
#1770991
#1771016
#1771025
0I!
#1771041
1H!
#1771052
0K!
#1771068
1<!
#1771085
#1771094
#1771103
0?!
#1771119
1A!
#1771129
#1771138
0:!
#1771154
1D!
#1771164
#1771173
0>!
#1771190
1F!
#1771207
#1771216
#1771232
#1771241
#1771249
#1771259
0;!
#1771275
1G!
#1771284
#1771294
0E!
#1771310
1B!
#1771327
#1771336
#1771360
#1771377
#1771386
0H!
#1771402
1J!
#1771422
1!
#1771423
0!
#1771427
#1771440
0<!
#1771456
1=!
#1771474
#1771482
#1771491
0A!
#1771508
1@!
#1771517
#1771526
0D!
#1771543
1C!
#1771552
#1771562
0F!
#1771578
1I!
#1771595
#1771604
#1771620
#1771629
#1771637
#1771647
0G!
#1771663
1K!
#1771672
#1771682
0B!
#1771698
1?!
#1771715
#1771724
#1771748
#1771765
#1771774
0J!
#1771790
1:!
#1771816
#1771833
0=!
#1771849
1>!
#1771859
#1771868
0C!
#1771884
1;!
#1771895
0@!
#1771911
1E!
#1771928
#1771937
#1771946
0I!
#1771962
1H!
#1771972
#1771981
0?!
#1771997
1<!
#1772007
#1772016
0K!
#1772032
1A!
#1772050
#1772059
#1772075
#1772084
#1772092
#1772101
0:!
#1772118
1D!
#1772127
#1772152
#1772168
#1772193
#1772201
#1772211
0;!
#1772227
1F!
#1772237
0>!
#1772253
1G!
#1772271
#1772279
#1772289
0E!
#1772305
1B!
#1772322
#1772332
0H!
#1772348
1J!
#1772357
#1772367
0<!
#1772383
1=!
#1772400
#1772409
#1772417
#1772426
#1772435
#1772444
0A!
#1772460
1C!
#1772485
#1772502
#1772518
#1772528
0D!
#1772544
1@!
#1772563
1!
#1772564
0!
#1772569
#1772582
0G!
#1772598
1I!
#1772615
#1772624
#1772633
0B!
#1772649
1?!
#1772659
#1772668
0F!
#1772684
1K!
#1772694
#1772703
0J!
#1772719
1:!
#1772737
#1772745
#1772762
#1772771
#1772779
#1772788
0C!
#1772805
1;!
#1772814
#1772823
0=!
#1772840
1>!
#1772857
#1772866
#1772890
#1772907
#1772916
0@!
#1772932
1E!
#1772958
#1772975
0I!
#1772991
1H!
#1773001
#1773010
0K!
#1773026
1<!
#1773036
0?!
#1773052
1A!
#1773070
#1773079
#1773088
0:!
#1773104
1D!
#1773114
#1773123
0>!
#1773139
1G!
#1773149
#1773158
0;!
#1773174
1B!
#1773192
#1773200
#1773217
#1773225
#1773234
#1773243
0E!
#1773259
1F!
#1773269
#1773293
#1773310
#1773334
#1773343
#1773352
0<!
#1773368
1J!
#1773379
0H!
#1773395
1C!
#1773412
#1773421
#1773430
0A!
#1773446
1=!
#1773464
#1773473
0D!
#1773489
1@!
#1773499
#1773508
0G!
#1773524
1I!
#1773542
#1773550
#1773559
#1773568
#1773576
#1773586
0B!
#1773602
1K!
#1773627
#1773644
#1773660
#1773669
0F!
#1773686
1?!
#1773705
1!
#1773706
0!
#1773711
#1773723
0C!
#1773739
1:!
#1773757
#1773765
#1773775
0=!
#1773791
1>!
#1773801
#1773810
0J!
#1773826
1;!
#1773836
#1773845
0@!
#1773861
1E!
#1773878
#1773887
#1773904
#1773912
#1773921
#1773930
0K!
#1773946
1<!
#1773956
#1773965
0I!
#1773981
1H!
#1773999
#1774007
#1774032
#1774048
#1774058
0?!
#1774074
1A!
#1774099
#1774116
0:!
#1774133
1D!
#1774142
#1774151
0;!
#1774168
1G!
#1774178
0>!
#1774194
1B!
#1774212
#1774220
#1774230
0E!
#1774246
1F!
#1774255
#1774265
0H!
#1774281
1C!
#1774290
#1774300
0<!
#1774316
1=!
#1774333
#1774342
#1774358
#1774367
#1774376
#1774385
0A!
#1774401
1J!
#1774411
#1774435
#1774445
1!
#1774446
0!
#1774451
#1774464
0D!
#1774480
1@!
#1774497
#1774506
#1774523
#1774531
#1774540
0G!
#1774556
1K!
#1774566
#1774575
0B!
#1774592
1I!
#1774609
#1774618
#1774642
#1774651
0F!
#1774667
1?!
#1774677
#1774686
0C!
#1774702
1:!
#1774720
#1774729
#1774745
#1774754
0=!
#1774770
1;!
#1774780
#1774805
#1774829
#1774838
0J!
#1774854
1>!
#1774865
0@!
#1774881
1E!
#1774898
#1774907
#1774916
0I!
#1774933
1H!
#1774942
#1774951
0K!
#1774968
1<!
#1774977
#1774986
0?!
#1775003
1A!
#1775020
#1775029
#1775045
#1775054
#1775062
#1775072
0;!
#1775088
1D!
#1775097
#1775107
0:!
#1775123
1G!
#1775140
#1775149
#1775173
#1775190
#1775199
0>!
#1775215
1B!
#1775241
#1775258
0E!
#1775274
1F!
#1775284
#1775293
0<!
#1775309
1C!
#1775320
0H!
#1775336
1=!
#1775353
#1775362
#1775371
0A!
#1775387
1J!
#1775397
#1775406
0G!
#1775422
1@!
#1775432
#1775441
0D!
#1775457
1I!
#1775475
#1775484
#1775500
#1775509
#1775517
#1775526
0B!
#1775543
1K!
#1775552
#1775577
#1775587
1!
#1775588
0!
#1775593
#1775605
0F!
#1775622
1?!
#1775639
#1775648
#1775664
#1775673
#1775682
0C!
#1775698
1;!
#1775708
#1775717
0=!
#1775733
1:!
#1775751
#1775759
#1775784
#1775793
0J!
#1775809
1>!
#1775819
#1775828
0@!
#1775844
1E!
#1775862
#1775870
#1775887
#1775896
0I!
#1775912
1<!
#1775922
#1775946
#1775971
#1775980
0K!
#1775996
1H!
#1776006
0?!
#1776023
1A!
#1776040
#1776049
#1776058
0:!
#1776074
1G!
#1776084
#1776093
0;!
#1776109
1D!
#1776119
#1776128
0>!
#1776144
1B!
#1776162
#1776170
#1776187
#1776196
#1776204
#1776213
0<!
#1776229
1F!
#1776239
#1776248
0E!
#1776264
1C!
#1776282
#1776291
#1776315
#1776332
#1776341
0H!
#1776357
1=!
#1776383
#1776400
0A!
#1776416
1J!
#1776425
#1776435
0D!
#1776451
1@!
#1776461
0G!
#1776477
1I!
#1776495
#1776504
#1776513
0B!
#1776529
1K!
#1776539
#1776548
0C!
#1776564
1?!
#1776574
#1776583
0F!
#1776599
1:!
#1776617
#1776625
#1776642
#1776650
#1776659
#1776668
0=!
#1776684
1;!
#1776694
#1776704
1!
#1776705
0!
#1776710
#1776722
#1776739
#1776772
0J!
#1776788
1>!
#1776797
#1776806
#1776815
0@!
#1776831
1<!
#1776842
0I!
#1776858
1E!
#1776875
#1776884
#1776893
0K!
#1776909
1H!
#1776927
#1776936
0:!
#1776952
1A!
#1776962
#1776971
0?!
#1776987
1D!
#1777005
#1777013
#1777022
#1777031
#1777039
#1777048
0;!
#1777065
1G!
#1777090
#1777106
#1777115
#1777124
#1777133
0<!
#1777149
1B!
#1777159
#1777183
#1777216
0>!
#1777232
1C!
#1777242
#1777251
0D!
#1777267
1F!
#1777278
0E!
#1777294
1=!
#1777311
#1777320
#1777329
0H!
#1777345
1J!
#1777355
#1777372
#1777381
0A!
#1777397
1@!
#1777416
1!
#1777417
0!
#1777422
#1777442
#1777451
0G!
#1777467
1I!
#1777478
0C!
#1777494
1K!
#1777504
#1777513
0B!
#1777529
1:!
#1777539
#1777547
#1777564
#1777572
#1777581
#1777590
0F!
#1777606
1?!
#1777616
#1777625
0=!
#1777641
1;!
#1777659
#1777668
#1777676
#1777693
#1777701
#1777710
#1777718
#1777767
#1777776
0J!
#1777792
1<!
#1777817
#1777827
0@!
#1777843
1>!
#1777853
0K!
#1777869
1D!
#1777879
#1777888
0I!
#1777904
1E!
#1777915
0;!
#1777931
1H!
#1777948
#1777957
#1777966
#1777974
#1777983
#1777991
#1778001
0<!
#1778017
1A!
#1778026
#1778035
#1778044
0:!
#1778060
1G!
#1778078
#1778086
#1778119
#1778128
0>!
#1778144
1C!
#1778154
#1778163
0?!
#1778179
1B!
#1778197
#1778205
#1778222
#1778231
0E!
#1778247
1F!
#1778257
#1778281
#1778306
#1778315
0G!
#1778331
1=!
#1778342
0D!
#1778358
1J!
#1778375
#1778384
#1778393
0H!
#1778409
1@!
#1778419
#1778428
0B!
#1778444
1K!
#1778454
#1778463
0A!
#1778479
1I!
#1778497
#1778505
#1778522
#1778531
#1778539
#1778548
0C!
#1778565
1;!
#1778574
#1778599
#1778609
1!
#1778610
0!
#1778615
#1778627
0J!
#1778644
1<!
#1778669
#1778678
0@!
#1778694
1:!
#1778704
#1778713
0F!
#1778729
1>!
#1778739
#1778748
0I!
#1778764
1?!
#1778782
#1778791
#1778807
#1778816
#1778824
#1778833
0;!
#1778850
1E!
#1778859
#1778868
0=!
#1778885
1G!
#1778902
#1778911
#1778935
#1778944
0K!
#1778961
1D!
#1778970
#1778979
0>!
#1778996
1H!
#1779013
#1779022
#1779038
#1779055
#1779064
0G!
#1779080
1B!
#1779106
#1779123
0<!
#1779139
1A!
#1779149
#1779158
0D!
#1779174
1C!
#1779184
0:!
#1779201
1J!
#1779218
#1779227
#1779236
0?!
#1779252
1@!
#1779262
#1779278
#1779288
0E!
#1779304
1F!
#1779329
#1779346
#1779354
#1779363
#1779372
0H!
#1779388
1I!
#1779399
0A!
#1779415
1;!
#1779432
#1779441
#1779450
#1779466
#1779475
0J!
#1779492
1=!
#1779501
#1779510
#1779519
0B!
#1779535
1K!
#1779553
#1779561
#1779578
#1779587
0@!
#1779603
1>!
#1779629
#1779638
0F!
#1779654
1G!
#1779664
#1779673
0C!
#1779689
1<!
#1779699
#1779708
0I!
#1779724
1D!
#1779742
#1779750
#1779767
#1779775
#1779784
#1779793
0K!
#1779809
1:!
#1779819
#1779843
#1779854
1!
#1779855
0!
#1779860
#1779872
0;!
#1779888
1?!
#1779914
#1779923
0=!
#1779939
1E!
#1779949
#1779958
0<!
#1779974
1H!
#1779984
#1779993
0>!
#1780009
1A!
#1780027
#1780035
#1780052
#1780060
#1780069
#1780078
0G!
#1780094
1J!
#1780104
#1780128
#1780162
0?!
#1780178
1B!
#1780187
#1780197
0D!
#1780213
1@!
#1780223
0E!
#1780239
1F!
#1780257
#1780265
#1780275
0A!
#1780291
1C!
#1780300
#1780310
0:!
#1780326
1I!
#1780335
#1780345
0J!
#1780361
1K!
#1780378
#1780387
#1780403
#1780412
#1780421
#1780430
0@!
#1780446
1;!
#1780456
#1780465
0H!
#1780481
1=!
#1780499
#1780507
#1780516
#1780540
#1780549
#1780558
0I!
#1780574
1<!
#1780584
#1780608
#1780619
1!
#1780620
0!
#1780624
#1780637
0B!
#1780653
1>!
#1780679
#1780688
0F!
#1780704
1G!
#1780714
#1780723
0=!
#1780739
1?!
#1780749
#1780758
0C!
#1780774
1D!
#1780792
#1780800
#1780817
#1780825
#1780834
#1780843
0K!
#1780859
1E!
#1780869
#1780893
#1780926
0>!
#1780943
1A!
#1780952
#1780961
0;!
#1780978
1:!
#1780988
0G!
#1781004
1J!
#1781022
#1781030
#1781040
0D!
#1781056
1@!
#1781065
#1781075
0<!
#1781091
1H!
#1781100
#1781110
0E!
#1781126
1I!
#1781143
#1781152
#1781168
#1781177
#1781186
#1781195
0:!
#1781211
1B!
#1781221
#1781230
0?!
#1781246
1F!
#1781263
#1781272
#1781281
#1781305
#1781314
#1781323
0H!
#1781339
1=!
#1781349
#1781373
#1781406
0A!
#1781422
1C!
#1781432
#1781441
0F!
#1781457
1K!
#1781468
0J!
#1781484
1>!
#1781501
#1781510
#1781519
0@!
#1781535
1;!
#1781545
#1781555
1!
#1781556
0!
#1781561
#1781573
#1781590
#1781598
#1781607
#1781616
#1781625
0I!
#1781641
1G!
#1781666
#1781684
0C!
#1781700
1D!
#1781718
0>!
#1781734
1<!
#1781744
#1781753
0B!
#1781769
1E!
#1781779
0;!
#1781796
1:!
#1781813
#1781822
#1781831
0G!
#1781847
1?!
#1781857
#1781866
0=!
#1781882
1H!
#1781892
#1781900
#1781909
#1781918
#1781934
#1781943
#1781951
#1781960
#1781984
#1781993
0K!
#1782010
1A!
#1782035
#1782060
#1782069
0D!
#1782085
1F!
#1782095
0E!
#1782111
1J!
#1782137
#1782146
#1782155
0<!
#1782171
1@!
#1782181
#1782190
0H!
#1782206
1I!
#1782216
#1782225
0:!
#1782241
1C!
#1782259
#1782267
#1782284
#1782292
#1782301
#1782310
0?!
#1782326
1>!
#1782336
#1782345
0A!
#1782361
1B!
#1782379
#1782387
#1782412
#1782428
#1782438
0J!
#1782454
1;!
#1782473
1!
#1782474
0!
#1782479
#1782491
0F!
#1782508
1G!
#1782525
#1782534
#1782543
0@!
#1782559
1=!
#1782569
#1782578
0I!
#1782594
1K!
#1782604
#1782613
0C!
#1782629
1D!
#1782647
#1782655
#1782672
#1782681
#1782689
#1782698
0>!
#1782714
1E!
#1782724
#1782733
0B!
#1782749
1<!
#1782767
#1782776
#1782800
#1782817
#1782826
0;!
#1782842
1H!
#1782868
#1782885
0G!
#1782901
1:!
#1782910
#1782920
0K!
#1782936
1?!
#1782946
0=!
#1782962
1A!
#1782980
#1782989
#1782998
0D!
#1783014
1J!
#1783024
#1783033
0<!
#1783049
1F!
#1783059
#1783068
0E!
#1783084
1@!
#1783102
#1783110
#1783127
#1783135
#1783144
#1783153
0H!
#1783169
1I!
#1783179
#1783203
#1783220
#1783244
#1783253
#1783262
0?!
#1783278
1C!
#1783289
0:!
#1783305
1>!
#1783322
#1783331
#1783340
0A!
#1783356
1B!
#1783374
#1783383
0J!
#1783399
1;!
#1783409
#1783418
0F!
#1783434
1G!
#1783452
#1783460
#1783469
#1783478
#1783486
#1783495
0@!
#1783512
1K!
#1783537
#1783553
#1783570
#1783579
0I!
#1783595
1=!
#1783615
1!
#1783616
0!
#1783621
#1783633
0>!
#1783649
1D!
#1783667
#1783675
#1783685
0B!
#1783701
1<!
#1783710
#1783720
0C!
#1783736
1E!
#1783746
#1783755
0;!
#1783771
1H!
#1783788
#1783797
#1783814
#1783822
#1783831
#1783840
0K!
#1783856
1?!
#1783866
#1783875
0G!
#1783891
1:!
#1783909
#1783917
#1783942
#1783958
#1783967
0=!
#1783984
1A!
#1784009
#1784026
0D!
#1784043
1J!
#1784052
#1784061
0E!
#1784078
1F!
#1784088
0<!
#1784104
1@!
#1784122
#1784130
#1784139
0H!
#1784156
1I!
#1784165
#1784174
0:!
#1784191
1>!
#1784200
#1784210
0?!
#1784226
1B!
#1784243
#1784252
#1784268
#1784277
#1784285
#1784295
0A!
#1784311
1C!
#1784320
#1784345
#1784362
#1784386
#1784395
#1784404
0F!
#1784420
1;!
#1784430
0J!
#1784446
1K!
#1784464
#1784473
#1784482
0@!
#1784498
1G!
#1784516
#1784525
0I!
#1784541
1=!
#1784551
#1784560
0>!
#1784576
1D!
#1784593
#1784602
#1784611
#1784619
#1784628
#1784637
0B!
#1784653
1E!
#1784679
#1784695
#1784712
#1784721
0C!
#1784737
1<!
#1784756
1!
#1784757
0!
#1784762
#1784775
0K!
#1784791
1H!
#1784808
#1784817
#1784826
0G!
#1784843
1:!
#1784852
#1784861
0;!
#1784878
1?!
#1784887
#1784896
0=!
#1784913
1A!
#1784930
#1784939
#1784955
#1784964
#1784972
#1784982
0E!
#1784998
1F!
#1785007
#1785017
0D!
#1785033
1J!
#1785050
#1785059
#1785083
#1785100
#1785109
0<!
#1785125
1@!
#1785151
#1785168
0H!
#1785184
1I!
#1785194
#1785203
0?!
#1785219
1>!
#1785230
0:!
#1785246
1B!
#1785263
#1785272
#1785281
0A!
#1785297
1C!
#1785307
#1785316
0J!
#1785332
1K!
#1785342
#1785351
0F!
#1785367
1G!
#1785385
#1785393
#1785410
#1785419
#1785427
#1785436
0@!
#1785453
1;!
#1785462
#1785487
#1785497
1!
#1785498
0!
#1785503
#1785515
0I!
#1785532
1=!
#1785549
#1785558
#1785574
#1785583
#1785592
0>!
#1785608
1E!
#1785618
#1785627
0B!
#1785643
1D!
#1785661
#1785669
#1785694
#1785703
0C!
#1785719
1<!
#1785729
#1785738
0K!
#1785754
1H!
#1785772
#1785780
#1785797
#1785806
0G!
#1785822
1?!
#1785832
#1785856
#1785881
#1785890
0;!
#1785906
1:!
#1785916
0=!
#1785933
1A!
#1785950
#1785959
#1785968
0D!
#1785984
1J!
#1785994
#1786003
0E!
#1786019
1F!
#1786029
#1786038
0<!
#1786054
1@!
#1786072
#1786080
#1786097
#1786105
#1786114
#1786123
0?!
#1786139
1I!
#1786149
#1786158
0H!
#1786174
1>!
#1786192
#1786201
#1786225
#1786242
#1786251
0:!
#1786267
1B!
#1786292
#1786310
0A!
#1786326
1C!
#1786335
#1786345
0F!
#1786361
1K!
#1786371
0J!
#1786387
1G!
#1786405
#1786413
#1786423
0@!
#1786439
1;!
#1786449
#1786458
0>!
#1786474
1=!
#1786484
#1786493
0I!
#1786509
1D!
#1786526
#1786535
#1786552
#1786560
#1786569
#1786578
0B!
#1786594
1E!
#1786604
#1786628
#1786639
1!
#1786640
0!
#1786644
#1786657
0C!
#1786673
1<!
#1786691
#1786699
#1786716
#1786724
#1786734
0K!
#1786750
1?!
#1786759
#1786769
0G!
#1786785
1H!
#1786802
#1786811
#1786835
#1786845
0;!
#1786861
1:!
#1786870
#1786880
0=!
#1786896
1A!
#1786913
#1786922
#1786938
#1786948
0D!
#1786964
1F!
#1786973
#1786998
#1787022
#1787032
0E!
#1787048
1J!
#1787058
0<!
#1787074
1@!
#1787092
#1787100
#1787110
0H!
#1787126
1>!
#1787135
#1787145
0?!
#1787161
1I!
#1787170
#1787180
0:!
#1787196
1B!
#1787213
#1787222
#1787239
#1787247
#1787256
#1787265
0F!
#1787281
1C!
#1787291
#1787300
0A!
#1787316
1K!
#1787334
#1787342
#1787367
#1787383
#1787392
0J!
#1787409
1G!
#1787428
1!
#1787429
0!
#1787434
#1787446
0@!
#1787462
1;!
#1787480
#1787489
#1787498
0>!
#1787514
1=!
#1787524
#1787533
0I!
#1787549
1D!
#1787559
#1787568
0B!
#1787584
1E!
#1787602
#1787610
#1787627
#1787635
#1787644
#1787653
0C!
#1787669
1<!
#1787679
#1787688
0K!
#1787704
1H!
#1787722
#1787730
#1787755
#1787771
#1787781
0G!
#1787797
1?!
#1787822
#1787839
0;!
#1787856
1:!
#1787865
#1787874
0D!
#1787891
1F!
#1787901
0=!
#1787917
1A!
#1787935
#1787943
#1787953
0E!
#1787969
1J!
#1787978
#1787988
0H!
#1788004
1@!
#1788013
#1788023
0<!
#1788039
1>!
#1788056
#1788065
#1788081
#1788090
#1788099
#1788108
0?!
#1788124
1I!
#1788134
#1788158
#1788175
#1788199
#1788208
#1788217
0F!
#1788233
1B!
#1788243
0:!
#1788260
1C!
#1788277
#1788286
#1788295
0A!
#1788311
1K!
#1788329
#1788338
0J!
#1788354
1G!
#1788364
#1788373
0@!
#1788389
1;!
#1788407
#1788415
#1788424
#1788432
#1788441
#1788450
0>!
#1788466
1D!
#1788492
#1788508
#1788525
#1788534
0I!
#1788550
1=!
#1788570
1!
#1788571
0!
#1788575
#1788588
0C!
#1788604
1E!
#1788622
#1788630
#1788639
0K!
#1788656
1H!
#1788665
#1788674
0B!
#1788691
1<!
#1788700
#1788710
0G!
#1788726
1?!
#1788743
#1788752
#1788768
#1788777
#1788785
#1788795
0D!
#1788811
1F!
#1788820
#1788830
0;!
#1788846
1:!
#1788863
#1788872
#1788896
#1788913
#1788922
0=!
#1788938
1A!
#1788964
#1788981
0E!
#1788997
1J!
#1789007
#1789016
0<!
#1789032
1@!
#1789043
0H!
#1789059
1>!
#1789076
#1789085
#1789094
0?!
#1789110
1I!
#1789120
#1789129
0:!
#1789145
1C!
#1789155
#1789164
0F!
#1789180
1K!
#1789198
#1789207
#1789223
#1789232
#1789240
#1789249
0A!
#1789266
1B!
#1789275
#1789300
#1789316
#1789341
#1789349
#1789359
0@!
#1789375
1G!
#1789385
0J!
#1789401
1D!
#1789419
#1789427
#1789437
0>!
#1789453
1;!
#1789470
#1789480
0I!
#1789496
1=!
#1789505
#1789515
0C!
#1789531
1E!
#1789548
#1789557
#1789565
#1789574
#1789583
#1789592
0K!
#1789608
1<!
#1789633
#1789650
#1789666
#1789676
0B!
#1789692
1H!
#1789711
1!
#1789712
0!
#1789717
#1789730
0D!
#1789746
1?!
#1789763
#1789772
#1789781
0;!
#1789797
1:!
#1789807
#1789816
0G!
#1789832
1F!
#1789842
#1789851
0=!
#1789867
1A!
#1789885
#1789893
#1789910
#1789919
#1789927
#1789936
0<!
#1789953
1@!
#1789962
#1789971
0E!
#1789988
1J!
#1790005
#1790014
#1790038
#1790055
#1790064
0H!
#1790080
1>!
#1790106
#1790123
0?!
#1790139
1I!
#1790149
#1790158
0F!
#1790174
1C!
#1790184
0:!
#1790200
1K!
#1790218
#1790227
#1790236
0A!
#1790252
1B!
#1790262
#1790271
0J!
#1790287
1D!
#1790297
#1790306
0@!
#1790322
1;!
#1790340
#1790348
#1790365
#1790373
#1790382
#1790391
0>!
#1790407
1G!
#1790417
#1790441
#1790452
1!
#1790453
0!
#1790458
#1790470
0I!
#1790486
1=!
#1790504
#1790512
#1790529
#1790537
#1790547
0C!
#1790563
1<!
#1790572
#1790582
0K!
#1790598
1E!
#1790615
#1790624
#1790648
#1790658
0B!
#1790674
1H!
#1790683
#1790693
0D!
#1790709
1?!
#1790726
#1790735
#1790751
#1790761
0;!
#1790777
1F!
#1790786
#1790811
#1790835
#1790845
0G!
#1790861
1:!
#1790871
0=!
#1790887
1A!
#1790905
#1790913
#1790923
0E!
#1790939
1J!
#1790949
#1790958
0<!
#1790974
1@!
#1790984
#1790993
0H!
#1791009
1>!
#1791026
#1791035
#1791052
#1791060
#1791069
#1791078
0F!
#1791094
1I!
#1791104
#1791113
0?!
#1791129
1C!
#1791147
#1791155
#1791180
#1791196
#1791206
0:!
#1791222
1K!
#1791247
#1791264
0A!
#1791281
1B!
#1791290
#1791299
0@!
#1791316
1D!
#1791326
0J!
#1791342
1;!
#1791360
#1791368
#1791378
0>!
#1791394
1G!
#1791403
#1791413
0C!
#1791429
1=!
#1791438
#1791448
0I!
#1791464
1E!
#1791481
#1791490
#1791506
#1791515
#1791524
#1791533
0K!
#1791549
1<!
#1791559
#1791583
#1791593
1!
#1791594
0!
#1791599
#1791612
0B!
#1791628
1H!
#1791645
#1791654
#1791671
#1791679
#1791688
0D!
#1791704
1F!
#1791714
#1791723
0;!
#1791740
1?!
#1791757
#1791766
#1791790
#1791799
0G!
#1791815
1:!
#1791825
#1791834
0=!
#1791850
1A!
#1791868
#1791877
#1791893
#1791902
0E!
#1791918
1@!
#1791928
#1791953
#1791977
#1791986
0<!
#1792002
1J!
#1792013
0H!
#1792029
1>!
#1792046
#1792055
#1792064
0?!
#1792081
1C!
#1792090
#1792099
0F!
#1792116
1I!
#1792125
#1792134
0:!
#1792151
1K!
#1792168
#1792177
#1792193
#1792202
#1792210
#1792220
0@!
#1792236
1B!
#1792245
#1792255
0A!
#1792271
1D!
#1792288
#1792297
#1792321
#1792338
#1792347
0J!
#1792363
1;!
#1792389
#1792406
0>!
#1792422
1G!
#1792432
#1792441
0I!
#1792457
1=!
#1792468
0C!
#1792484
1E!
#1792501
#1792510
#1792519
0K!
#1792535
1<!
#1792545
#1792554
0D!
#1792570
1H!
#1792580
#1792589
0B!
#1792605
1?!
#1792623
#1792632
#1792648
#1792657
#1792665
#1792674
0;!
#1792691
1F!
#1792700
#1792711
1!
#1792712
0!
#1792716
#1792728
#1792745
#1792778
0G!
#1792794
1:!
#1792804
#1792812
#1792821
0=!
#1792838
1@!
#1792848
0E!
#1792864
1A!
#1792882
#1792890
#1792900
0<!
#1792916
1J!
#1792933
#1792942
0?!
#1792959
1>!
#1792968
#1792977
0H!
#1792994
1I!
#1793011
#1793020
#1793028
#1793037
#1793046
#1793055
0F!
#1793071
1C!
#1793096
#1793113
#1793121
#1793130
#1793139
0@!
#1793155
1K!
#1793165
#1793189
#1793223
0:!
#1793239
1D!
#1793248
#1793258
0I!
#1793274
1B!
#1793284
0A!
#1793300
1;!
#1793318
#1793326
#1793336
0J!
#1793352
1G!
#1793361
#1793378
#1793387
0>!
#1793403
1=!
#1793423
1!
#1793424
0!
#1793429
#1793448
#1793458
0C!
#1793474
1E!
#1793484
0D!
#1793500
1<!
#1793510
#1793519
0K!
#1793535
1?!
#1793545
#1793554
#1793570
#1793579
#1793587
#1793597
0B!
#1793613
1H!
#1793622
#1793632
0;!
#1793648
1F!
#1793665
#1793674
#1793682
#1793699
#1793708
#1793716
#1793725
#1793773
#1793782
0G!
#1793798
1@!
#1793824
#1793833
0=!
#1793849
1:!
#1793860
0<!
#1793876
1I!
#1793885
#1793895
0E!
#1793911
1A!
#1793921
0F!
#1793937
1J!
#1793955
#1793963
#1793972
#1793981
#1793989
#1793998
#1794007
0@!
#1794023
1>!
#1794033
#1794041
#1794051
0?!
#1794067
1C!
#1794084
#1794093
#1794125
#1794134
0:!
#1794150
1D!
#1794160
#1794169
0H!
#1794185
1K!
#1794203
#1794212
#1794228
#1794237
0A!
#1794254
1B!
#1794263
#1794288
#1794312
#1794321
0C!
#1794338
1;!
#1794348
0I!
#1794364
1G!
#1794382
#1794390
#1794399
0J!
#1794416
1=!
#1794425
#1794434
0K!
#1794451
1<!
#1794460
#1794470
0>!
#1794486
1E!
#1794503
#1794512
#1794528
#1794537
#1794545
#1794555
0D!
#1794571
1F!
#1794580
#1794605
#1794615
1!
#1794616
0!
#1794621
#1794634
0G!
#1794650
1@!
#1794675
#1794685
0=!
#1794701
1?!
#1794710
#1794720
0B!
#1794736
1:!
#1794745
#1794755
0E!
#1794771
1H!
#1794788
#1794797
#1794813
#1794822
#1794831
#1794840
0F!
#1794856
1A!
#1794866
#1794875
0;!
#1794891
1C!
#1794909
#1794917
#1794941
#1794951
0<!
#1794967
1I!
#1794977
#1794986
0:!
#1795002
1J!
#1795019
#1795028
#1795045
#1795061
#1795070
0C!
#1795087
1K!
#1795112
#1795129
0@!
#1795145
1>!
#1795155
#1795164
0I!
#1795180
1D!
#1795191
0?!
#1795207
1G!
#1795224
#1795233
#1795242
0H!
#1795259
1=!
#1795268
#1795285
#1795294
0A!
#1795310
1B!
#1795336
#1795352
#1795361
#1795369
#1795379
0J!
#1795395
1E!
#1795405
0>!
#1795421
1F!
#1795439
#1795447
#1795456
#1795472
#1795482
0G!
#1795498
1;!
#1795507
#1795516
#1795525
0K!
#1795541
1<!
#1795559
#1795568
#1795584
#1795593
0=!
#1795609
1:!
#1795635
#1795644
0B!
#1795660
1C!
#1795670
#1795679
0D!
#1795695
1@!
#1795705
#1795714
0E!
#1795730
1I!
#1795748
#1795757
#1795773
#1795782
#1795790
#1795799
0<!
#1795816
1?!
#1795825
#1795850
#1795860
1!
#1795861
0!
#1795866
#1795878
0F!
#1795895
1H!
#1795920
#1795929
0;!
#1795945
1A!
#1795955
#1795964
0@!
#1795980
1J!
#1795990
#1795999
0:!
#1796015
1>!
#1796033
#1796042
#1796058
#1796067
#1796075
#1796085
0C!
#1796101
1G!
#1796110
#1796135
#1796168
0H!
#1796184
1K!
#1796194
#1796203
0I!
#1796219
1=!
#1796229
0A!
#1796246
1B!
#1796263
#1796272
#1796281
0>!
#1796297
1D!
#1796307
#1796316
0?!
#1796332
1E!
#1796342
#1796351
0G!
#1796367
1<!
#1796385
#1796393
#1796410
#1796418
#1796427
#1796436
0=!
#1796452
1F!
#1796462
#1796471
0J!
#1796487
1;!
#1796505
#1796514
#1796522
#1796547
#1796555
#1796564
0E!
#1796580
1@!
#1796590
#1796615
#1796625
1!
#1796626
0!
#1796631
#1796643
0K!
#1796659
1:!
#1796685
#1796694
0B!
#1796710
1C!
#1796720
#1796729
0;!
#1796745
1H!
#1796755
#1796764
0D!
#1796780
1I!
#1796798
#1796807
#1796823
#1796832
#1796840
#1796849
0<!
#1796866
1A!
#1796875
#1796900
#1796933
0:!
#1796949
1>!
#1796959
#1796968
0F!
#1796984
1?!
#1796994
0C!
#1797010
1G!
#1797028
#1797037
#1797046
0I!
#1797062
1=!
#1797072
#1797081
0@!
#1797097
1J!
#1797107
#1797116
0A!
#1797132
1E!
#1797150
#1797158
#1797175
#1797183
#1797192
#1797201
0?!
#1797217
1K!
#1797227
#1797236
0H!
#1797252
1B!
#1797270
#1797278
#1797287
#1797311
#1797320
#1797329
0J!
#1797345
1;!
#1797355
#1797379
#1797390
1!
#1797391
0!
#1797396
#1797408
0>!
#1797424
1D!
#1797450
#1797459
0G!
#1797475
1<!
#1797485
#1797494
0B!
#1797510
1:!
#1797520
#1797529
0=!
#1797545
1F!
#1797563
#1797571
#1797588
#1797597
#1797605
#1797614
0E!
#1797630
1C!
#1797640
#1797665
#1797698
0D!
#1797714
1I!
#1797723
#1797733
0K!
#1797749
1@!
#1797759
0<!
#1797775
1A!
#1797793
#1797801
#1797811
0F!
#1797827
1?!
#1797837
#1797846
0;!
#1797862
1H!
#1797872
#1797881
0C!
#1797897
1J!
#1797914
#1797923
#1797940
#1797948
#1797957
#1797966
0@!
#1797982
1>!
#1797992
#1798001
0:!
#1798017
1G!
#1798035
#1798043
#1798052
#1798076
#1798085
#1798094
0H!
#1798110
1B!
#1798120
#1798144
#1798177
0I!
#1798194
1=!
#1798203
#1798212
0G!
#1798229
1E!
#1798239
0A!
#1798255
1D!
#1798273
#1798281
#1798291
0?!
#1798307
1K!
#1798316
#1798333
#1798342
0J!
#1798358
1<!
#1798384
#1798400
#1798409
#1798418
#1798427
0>!
#1798443
1F!
#1798453
0=!
#1798469
1;!
#1798487
#1798496
#1798504
#1798521
#1798530
0D!
#1798546
1C!
#1798556
#1798564
#1798573
0B!
#1798590
1@!
#1798607
#1798616
#1798632
#1798642
0K!
#1798658
1:!
#1798683
#1798692
0<!
#1798709
1H!
#1798718
#1798727
0E!
#1798744
1I!
#1798753
#1798762
0F!
#1798779
1G!
#1798796
#1798805
#1798821
#1798830
#1798838
#1798848
0@!
#1798864
1A!
#1798873
#1798884
1!
#1798885
0!
#1798890
#1798901
#1798935
0;!
#1798951
1?!
#1798969
0C!
#1798985
1J!
#1798995
#1799004
0I!
#1799020
1>!
#1799030
0:!
#1799047
1=!
#1799064
#1799073
#1799082
0H!
#1799098
1D!
#1799108
#1799124
#1799134
0G!
#1799150
1B!
#1799175
#1799192
#1799200
#1799209
#1799218
0A!
#1799234
1K!
#1799245
0?!
#1799261
1<!
#1799278
#1799287
#1799296
#1799312
#1799321
#1799329
#1799338
#1799347
0>!
#1799363
1E!
#1799373
#1799382
0J!
#1799398
1F!
#1799416
#1799424
#1799449
#1799458
0=!
#1799474
1@!
#1799500
#1799509
0D!
#1799525
1;!
#1799535
#1799551
#1799560
0B!
#1799577
1C!
#1799596
1!
#1799597
0!
#1799602
#1799614
0<!
#1799630
1I!
#1799648
#1799657
#1799665
#1799674
#1799682
#1799692
0K!
#1799708
1:!
#1799717
#1799727
0F!
#1799743
1H!
#1799760
#1799769
#1799793
#1799803
0@!
#1799819
1G!
#1799828
#1799838
0E!
#1799854
1A!
#1799871
#1799880
#1799896
#1799906
0;!
#1799922
1?!
#1799931
#1799956
#1799980
#1799990
0C!
#1800006
1>!
#1800016
0I!
#1800032
1J!
#1800050
#1800058
#1800068
0H!
#1800084
1=!
#1800093
#1800103
0:!
#1800119
1D!
#1800128
#1800138
0G!
#1800154
1B!
#1800171
#1800180
#1800197
#1800205
#1800214
#1800223
0?!
#1800239
1<!
#1800249
#1800258
0A!
#1800274
1K!
#1800292
#1800300
#1800325
#1800341
#1800350
0>!
#1800367
1F!
#1800392
#1800409
0J!
#1800425
1@!
#1800435
#1800444
0D!
#1800460
1E!
#1800471
0=!
#1800487
1;!
#1800504
#1800513
#1800522
0B!
#1800539
1C!
#1800548
#1800557
0K!
#1800574
1I!
#1800583
#1800592
0<!
#1800609
1H!
#1800626
#1800635
#1800651
#1800660
#1800668
#1800678
0F!
#1800694
1:!
#1800703
#1800714
1!
#1800715
0!
#1800720
#1800732
#1800748
#1800781
0@!
#1800797
1G!
#1800807
#1800815
#1800825
0E!
#1800841
1?!
#1800851
0;!
#1800867
1A!
#1800885
#1800893
#1800903
0C!
#1800919
1>!
#1800936
#1800946
0H!
#1800962
1J!
#1800971
#1800981
0I!
#1800997
1D!
#1801014
#1801023
#1801032
#1801040
#1801049
#1801058
0:!
#1801074
1=!
#1801100
#1801116
#1801125
#1801133
#1801142
0?!
#1801159
1B!
#1801168
#1801193
#1801226
0G!
#1801242
1K!
#1801252
#1801261
0D!
#1801277
1<!
#1801287
0A!
#1801303
1F!
#1801321
#1801330
#1801339
0>!
#1801355
1@!
#1801365
#1801381
#1801391
0J!
#1801407
1E!
#1801426
1!
#1801427
0!
#1801432
#1801452
#1801461
0=!
#1801477
1;!
#1801487
0K!
#1801504
1C!
#1801513
#1801522
0B!
#1801539
1H!
#1801548
#1801557
#1801573
#1801582
#1801591
#1801600
0<!
#1801616
1I!
#1801626
#1801635
0F!
#1801651
1:!
#1801668
#1801677
#1801686
#1801702
#1801711
#1801719
#1801728
#1801776
#1801785
0@!
#1801802
1?!
#1801827
#1801836
0E!
#1801852
1G!
#1801863
0C!
#1801879
1D!
#1801889
#1801898
0;!
#1801914
1A!
#1801924
0:!
#1801940
1>!
#1801958
#1801967
#1801975
#1801984
#1801992
#1802001
#1802010
0?!
#1802026
1J!
#1802036
#1802045
#1802054
0H!
#1802070
1=!
#1802087
#1802096
#1802128
#1802138
0G!
#1802154
1K!
#1802163
#1802173
0I!
#1802189
1B!
#1802206
#1802215
#1802231
#1802241
0A!
#1802257
1<!
#1802266
#1802291
#1802315
#1802325
0=!
#1802341
1F!
#1802351
0D!
#1802367
1@!
#1802385
#1802393
#1802403
0>!
#1802419
1E!
#1802428
#1802438
0B!
#1802454
1C!
#1802464
#1802473
0J!
#1802489
1;!
#1802506
#1802515
#1802532
#1802540
#1802549
#1802558
0K!
#1802574
1:!
#1802584
#1802608
#1802619
1!
#1802620
0!
#1802624
#1802637
0@!
#1802653
1?!
#1802679
#1802688
0E!
#1802704
1H!
#1802714
#1802723
0<!
#1802739
1G!
#1802749
#1802758
0;!
#1802774
1I!
#1802792
#1802800
#1802817
#1802825
#1802834
#1802843
0:!
#1802859
1A!
#1802869
#1802878
0F!
#1802894
1=!
#1802912
#1802920
#1802945
#1802954
0C!
#1802970
1D!
#1802980
#1802989
0G!
#1803005
1>!
#1803023
#1803031
#1803048
#1803064
#1803074
0=!
#1803090
1B!
#1803115
#1803133
0?!
#1803149
1J!
#1803158
#1803168
0D!
#1803184
1K!
#1803194
0H!
#1803210
1@!
#1803228
#1803236
#1803246
0I!
#1803262
1E!
#1803271
#1803288
#1803297
0A!
#1803313
1<!
#1803339
#1803355
#1803364
#1803373
#1803382
0>!
#1803398
1;!
#1803408
0J!
#1803424
1:!
#1803442
#1803451
#1803459
#1803476
#1803485
0@!
#1803501
1F!
#1803511
#1803519
#1803529
0B!
#1803545
1C!
#1803562
#1803571
#1803587
#1803597
0E!
#1803613
1G!
#1803638
#1803647
0<!
#1803664
1=!
#1803673
#1803682
0K!
#1803699
1?!
#1803708
#1803717
0;!
#1803734
1D!
#1803751
#1803760
#1803776
#1803785
#1803793
#1803803
0C!
#1803819
1H!
#1803828
#1803853
#1803863
1!
#1803864
0!
#1803869
#1803882
0:!
#1803898
1I!
#1803923
#1803933
0F!
#1803949
1A!
#1803958
#1803968
0?!
#1803984
1>!
#1803993
#1804003
0G!
#1804019
1J!
#1804036
#1804045
#1804061
#1804070
#1804079
#1804088
0=!
#1804104
1@!
#1804114
#1804138
#1804171
0I!
#1804187
1B!
#1804197
#1804206
0D!
#1804222
1E!
#1804233
0A!
#1804249
1<!
#1804266
#1804275
#1804284
0J!
#1804300
1K!
#1804310
#1804319
0H!
#1804335
1;!
#1804345
#1804354
0@!
#1804370
1C!
#1804388
#1804397
#1804413
#1804422
#1804430
#1804439
0E!
#1804456
1:!
#1804465
#1804474
0>!
#1804491
1F!
#1804508
#1804517
#1804525
#1804550
#1804558
#1804568
0;!
#1804584
1?!
#1804593
#1804618
#1804628
1!
#1804629
0!
#1804634
#1804647
0B!
#1804663
1G!
#1804688
#1804697
0<!
#1804714
1=!
#1804723
#1804732
0F!
#1804749
1I!
#1804758
#1804767
0K!
#1804784
1D!
#1804801
#1804810
#1804826
#1804835
#1804843
#1804853
0C!
#1804869
1A!
#1804878
#1804903
#1804936
0G!
#1804952
1J!
#1804962
#1804971
0:!
#1804987
1H!
#1804998
0=!
#1805014
1@!
#1805031
#1805040
#1805049
0D!
#1805065
1E!
#1805075
#1805084
0?!
#1805100
1>!
#1805110
#1805119
0A!
#1805135
1;!
#1805153
#1805161
#1805178
#1805187
#1805195
#1805204
0H!
#1805221
1B!
#1805230
#1805239
0I!
#1805256
1<!
#1805273
#1805282
#1805290
#1805315
#1805323
#1805332
0>!
#1805349
1F!
#1805358
#1805383
#1805393
1!
#1805394
0!
#1805399
#1805411
0J!
#1805428
1K!
#1805453
#1805462
0@!
#1805478
1C!
#1805488
#1805497
0<!
#1805513
1G!
#1805523
#1805532
0E!
#1805549
1:!
#1805566
#1805575
#1805591
#1805600
#1805608
#1805618
0;!
#1805634
1=!
#1805643
#1805668
#1805701
0K!
#1805717
1D!
#1805727
#1805736
0B!
#1805752
1?!
#1805762
0C!
#1805779
1A!
#1805796
#1805805
#1805814
0:!
#1805830
1H!
#1805840
#1805849
0F!
#1805865
1I!
#1805875
#1805884
0=!
#1805900
1>!
#1805918
#1805926
#1805943
#1805951
#1805960
#1805969
0?!
#1805985
1J!
#1805995
#1806004
0G!
#1806020
1@!
#1806038
#1806047
#1806055
#1806080
#1806088
#1806097
0I!
#1806114
1<!
#1806123
#1806148
#1806181
0D!
#1806197
1E!
#1806206
#1806216
0@!
#1806232
1;!
#1806242
0A!
#1806258
1K!
#1806276
#1806285
#1806294
0H!
#1806310
1B!
#1806320
#1806336
#1806345
0>!
#1806362
1C!
#1806387
#1806404
#1806412
#1806421
#1806430
0J!
#1806446
1:!
#1806457
0E!
#1806473
1F!
#1806490
#1806499
#1806507
#1806524
#1806533
0K!
#1806549
1=!
#1806559
#1806567
#1806577
0<!
#1806593
1?!
#1806610
#1806619
#1806636
#1806645
0B!
#1806661
1G!
#1806686
#1806696
0C!
#1806712
1I!
#1806721
#1806731
0;!
#1806747
1D!
#1806756
#1806766
0:!
#1806782
1@!
#1806799
#1806808
#1806824
#1806833
#1806842
#1806851
0?!
#1806867
1A!
#1806877
#1806887
1!
#1806888
0!
#1806893
#1806905
#1806938
0F!
#1806954
1H!
#1806972
0=!
#1806988
1>!
#1806998
#1807007
0D!
#1807023
1J!
#1807034
0G!
#1807050
1E!
#1807067
#1807076
#1807085
0I!
#1807101
1K!
#1807111
#1807128
#1807137
0@!
#1807153
1<!
#1807179
#1807195
#1807204
#1807212
#1807221
0A!
#1807238
1B!
#1807248
0H!
#1807264
1C!
#1807282
#1807290
#1807299
#1807315
#1807324
#1807333
#1807341
#1807350
0J!
#1807366
1;!
#1807376
#1807385
0>!
#1807402
1:!
#1807419
#1807428
#1807452
#1807461
0E!
#1807477
1?!
#1807503
#1807512
0K!
#1807528
1F!
#1807538
#1807554
#1807564
0<!
#1807580
1=!
#1807599
1!
#1807600
0!
#1807605
#1807618
0C!
#1807634
1D!
#1807651
#1807660
#1807668
#1807677
#1807686
#1807695
0B!
#1807711
1G!
#1807721
#1807730
0:!
#1807746
1I!
#1807764
#1807772
#1807797
#1807806
0?!
#1807822
1@!
#1807832
#1807841
0;!
#1807857
1A!
#1807874
#1807883
#1807900
#1807909
0F!
#1807925
1H!
#1807935
#1807959
#1807984
#1807993
0=!
#1808009
1J!
#1808019
0D!
#1808035
1>!
#1808053
#1808062
#1808071
0I!
#1808087
1E!
#1808097
#1808106
0G!
#1808122
1K!
#1808132
#1808141
0@!
#1808157
1<!
#1808175
#1808183
#1808200
#1808208
#1808217
#1808226
0H!
#1808242
1C!
#1808252
#1808261
0A!
#1808277
1B!
#1808295
#1808303
#1808328
#1808344
#1808354
0J!
#1808370
1:!
#1808395
#1808413
0>!
#1808429
1?!
#1808438
#1808448
0K!
#1808464
1;!
#1808474
0E!
#1808490
1F!
#1808508
#1808516
#1808526
0<!
#1808542
1=!
#1808551
#1808561
0B!
#1808577
1D!
#1808586
#1808596
0C!
#1808612
1I!
#1808629
#1808638
#1808655
#1808663
#1808672
#1808681
0:!
#1808697
1G!
#1808707
#1808717
1!
#1808718
0!
#1808723
#1808735
#1808751
#1808784
0?!
#1808801
1@!
#1808810
#1808819
#1808828
0;!
#1808844
1H!
#1808854
0F!
#1808871
1A!
#1808888
#1808897
#1808906
0=!
#1808922
1J!
#1808940
#1808949
0I!
#1808965
1>!
#1808975
#1808984
0D!
#1809000
1K!
#1809018
#1809026
#1809035
#1809043
#1809052
#1809061
0G!
#1809077
1E!
#1809103
#1809119
#1809128
#1809136
#1809146
0H!
#1809162
1<!
#1809171
#1809196
#1809229
0@!
#1809245
1B!
#1809255
#1809264
0K!
#1809280
1C!
#1809291
0A!
#1809307
1:!
#1809324
#1809333
#1809342
0J!
#1809358
1?!
#1809368
#1809385
#1809394
0>!
#1809410
1;!
#1809429
1!
#1809430
0!
#1809435
#1809455
#1809464
0E!
#1809480
1F!
#1809491
0B!
#1809507
1=!
#1809516
#1809526
0<!
#1809542
1I!
#1809552
#1809560
#1809577
#1809585
#1809594
#1809603
0C!
#1809619
1D!
#1809629
#1809638
0:!
#1809654
1G!
#1809672
#1809680
#1809689
#1809705
#1809714
#1809723
#1809731
#1809779
#1809789
0?!
#1809805
1H!
#1809830
#1809840
0;!
#1809856
1@!
#1809866
0=!
#1809882
1K!
#1809892
#1809901
0F!
#1809917
1A!
#1809928
0G!
#1809944
1J!
#1809961
#1809970
#1809978
#1809987
#1809996
#1810004
#1810013
0H!
#1810030
1>!
#1810039
#1810048
#1810057
0I!
#1810073
1E!
#1810091
#1810099
#1810132
#1810141
0@!
#1810157
1B!
#1810167
#1810176
0D!
#1810192
1<!
#1810210
#1810218
#1810235
#1810244
0A!
#1810260
1C!
#1810270
#1810294
#1810319
#1810328
0E!
#1810344
1:!
#1810354
0K!
#1810371
1?!
#1810388
#1810397
#1810406
0J!
#1810422
1;!
#1810432
#1810441
0<!
#1810457
1=!
#1810467
#1810476
0>!
#1810492
1F!
#1810510
#1810518
#1810535
#1810543
#1810552
#1810561
0B!
#1810577
1G!
#1810587
#1810611
#1810622
1!
#1810623
0!
#1810628
#1810640
0?!
#1810656
1H!
#1810682
#1810691
0;!
#1810707
1I!
#1810717
#1810726
0C!
#1810742
1@!
#1810752
#1810761
0F!
#1810777
1D!
#1810795
#1810803
#1810820
#1810829
#1810837
#1810846
0G!
#1810862
1A!
#1810872
#1810881
0:!
#1810897
1E!
#1810915
#1810924
#1810948
#1810957
0=!
#1810973
1K!
#1810983
#1810992
0@!
#1811008
1J!
#1811026
#1811035
#1811051
#1811068
#1811077
0E!
#1811093
1<!
#1811119
#1811136
0H!
#1811152
1>!
#1811162
#1811171
0K!
#1811187
1B!
#1811197
0I!
#1811213
1?!
#1811231
#1811240
#1811249
0D!
#1811265
1;!
#1811275
#1811291
#1811300
0A!
#1811317
1C!
#1811342
#1811359
#1811367
#1811376
#1811385
0J!
#1811401
1F!
#1811412
0>!
#1811428
1G!
#1811445
#1811454
#1811462
#1811479
#1811488
0?!
#1811504
1:!
#1811514
#1811523
#1811532
0<!
#1811548
1=!
#1811565
#1811574
#1811591
#1811600
0;!
#1811616
1@!
#1811641
#1811651
0C!
#1811667
1E!
#1811676
#1811686
0B!
#1811702
1H!
#1811711
#1811721
0F!
#1811737
1K!
#1811754
#1811763
#1811780
#1811788
#1811797
#1811806
0=!
#1811822
1I!
#1811832
#1811856
#1811867
1!
#1811868
0!
#1811872
#1811885
0G!
#1811901
1D!
#1811926
#1811936
0:!
#1811952
1A!
#1811962
#1811971
0H!
#1811987
1J!
#1811997
#1812006
0@!
#1812022
1>!
#1812039
#1812048
#1812065
#1812073
#1812082
#1812091
0E!
#1812107
1?!
#1812117
#1812141
#1812174
0D!
#1812191
1<!
#1812200
#1812209
0K!
#1812226
1;!
#1812236
0A!
#1812252
1C!
#1812270
#1812278
#1812287
0>!
#1812304
1B!
#1812313
#1812322
0I!
#1812339
1F!
#1812348
#1812358
0?!
#1812374
1=!
#1812391
#1812400
#1812416
#1812425
#1812433
#1812443
0;!
#1812459
1G!
#1812468
#1812478
0J!
#1812494
1:!
#1812511
#1812520
#1812529
#1812553
#1812562
#1812571
0F!
#1812587
1H!
#1812597
#1812621
#1812631
1!
#1812632
0!
#1812637
#1812650
0<!
#1812666
1@!
#1812691
#1812701
0C!
#1812717
1E!
#1812726
#1812736
0:!
#1812752
1D!
#1812761
#1812771
0B!
#1812787
1K!
#1812804
#1812813
#1812830
#1812838
#1812847
#1812856
0=!
#1812872
1A!
#1812882
#1812906
#1812939
0@!
#1812955
1>!
#1812965
#1812974
0G!
#1812990
1I!
#1813001
0E!
#1813017
1?!
#1813034
#1813043
#1813052
0K!
#1813069
1;!
#1813078
#1813087
0H!
#1813104
1J!
#1813113
#1813122
0A!
#1813139
1F!
#1813156
#1813165
#1813181
#1813190
#1813198
#1813208
0I!
#1813224
1<!
#1813233
#1813243
0D!
#1813259
1C!
#1813276
#1813285
#1813294
#1813318
#1813326
#1813336
0J!
#1813352
1:!
#1813361
#1813386
#1813396
1!
#1813397
0!
#1813402
#1813415
0>!
#1813431
1B!
#1813456
#1813466
0?!
#1813482
1=!
#1813491
#1813501
0C!
#1813517
1@!
#1813526
#1813536
0;!
#1813552
1G!
#1813569
#1813578
#1813594
#1813603
#1813612
#1813621
0F!
#1813637
1E!
#1813647
#1813671
#1813704
0B!
#1813720
1K!
#1813730
#1813739
0<!
#1813755
1H!
#1813766
0=!
#1813782
1A!
#1813799
#1813808
#1813817
0G!
#1813833
1I!
#1813843
#1813852
0:!
#1813868
1D!
#1813878
#1813887
0E!
#1813903
1J!
#1813921
#1813930
#1813946
#1813955
#1813963
#1813973
0H!
#1813989
1>!
#1813998
#1814008
0@!
#1814024
1?!
#1814041
#1814050
#1814058
#1814083
#1814091
#1814101
0D!
#1814117
1C!
#1814126
#1814151
#1814184
0K!
#1814200
1;!
#1814210
#1814219
0?!
#1814235
1F!
#1814245
0A!
#1814262
1B!
#1814279
#1814288
#1814297
0I!
#1814313
1<!
#1814323
#1814339
#1814349
0J!
#1814365
1=!
#1814390
#1814407
#1814415
#1814424
#1814433
0>!
#1814449
1G!
#1814460
0;!
#1814476
1:!
#1814493
#1814502
#1814511
#1814527
#1814536
0B!
#1814553
1E!
#1814562
#1814571
#1814580
0C!
#1814596
1H!
#1814614
#1814622
#1814639
#1814648
0<!
#1814664
1@!
#1814690
#1814699
0=!
#1814715
1D!
#1814725
#1814734
0F!
#1814750
1K!
#1814760
#1814769
0G!
#1814785
1?!
#1814803
#1814811
#1814828
#1814836
#1814845
#1814854
0H!
#1814870
1A!
#1814880
#1814890
1!
#1814891
0!
#1814896
#1814908
#1814941
0:!
#1814957
1I!
#1814975
0E!
#1814992
1J!
#1815001
#1815010
0K!
#1815027
1>!
#1815037
0@!
#1815053
1;!
#1815071
#1815079
#1815089
0D!
#1815105
1B!
#1815114
#1815131
#1815140
0?!
#1815156
1C!
#1815182
#1815198
#1815207
#1815215
#1815225
0A!
#1815241
1<!
#1815251
0I!
#1815267
1=!
#1815285
#1815294
#1815302
#1815319
#1815327
#1815336
#1815344
#1815354
0>!
#1815370
1F!
#1815379
#1815389
0J!
#1815405
1G!
#1815422
#1815431
#1815455
#1815465
0;!
#1815481
1H!
#1815506
#1815515
0B!
#1815532
1:!
#1815541
#1815558
#1815567
0C!
#1815583
1E!
#1815602
1!
#1815603
0!
#1815608
#1815621
0=!
#1815637
1K!
#1815654
#1815663
#1815672
#1815680
#1815689
#1815698
0<!
#1815714
1@!
#1815724
#1815733
0G!
#1815749
1D!
#1815767
#1815775
#1815800
#1815809
0H!
#1815825
1?!
#1815835
#1815844
0F!
#1815860
1A!
#1815878
#1815886
#1815903
#1815912
0:!
#1815928
1I!
#1815938
#1815962
#1815987
#1815996
0E!
#1816012
1>!
#1816023
0K!
#1816039
1J!
#1816056
#1816065
#1816074
0D!
#1816090
1;!
#1816100
#1816109
0@!
#1816125
1B!
#1816135
#1816144
0?!
#1816160
1C!
#1816178
#1816187
#1816203
#1816212
#1816220
#1816229
0I!
#1816246
1=!
#1816255
#1816264
0A!
#1816281
1<!
#1816298
#1816307
#1816331
#1816348
#1816357
0>!
#1816373
1G!
#1816399
#1816416
0J!
#1816432
1H!
#1816442
#1816451
0B!
#1816467
1F!
#1816477
0;!
#1816493
1:!
#1816511
#1816520
#1816529
0C!
#1816545
1E!
#1816555
#1816564
0<!
#1816580
1K!
#1816590
#1816599
0=!
#1816615
1D!
#1816633
#1816641
#1816658
#1816666
#1816675
#1816684
0G!
#1816700
1@!
#1816710
#1816720
1!
#1816721
0!
#1816726
#1816738
#1816755
#1816788
0H!
#1816804
1?!
#1816813
#1816822
#1816831
0F!
#1816847
1I!
#1816858
0:!
#1816874
1A!
#1816891
#1816900
#1816909
0E!
#1816925
1>!
#1816943
#1816952
0D!
#1816968
1J!
#1816978
#1816987
0K!
#1817003
1B!
#1817021
#1817029
#1817038
#1817047
#1817055
#1817065
0@!
#1817081
1;!
#1817106
#1817123
#1817131
#1817140
#1817149
0I!
#1817165
1C!
#1817175
#1817199
#1817232
0?!
#1817248
1<!
#1817258
#1817267
0B!
#1817283
1=!
#1817294
0A!
#1817310
1G!
#1817327
#1817336
#1817345
0>!
#1817362
1H!
#1817371
#1817388
#1817397
0J!
#1817413
1F!
#1817432
1!
#1817433
0!
#1817438
#1817458
#1817467
0;!
#1817484
1:!
#1817494
0<!
#1817510
1E!
#1817520
#1817529
0C!
#1817545
1D!
#1817555
#1817563
#1817580
#1817588
#1817597
#1817606
0=!
#1817622
1K!
#1817632
#1817641
0G!
#1817657
1@!
#1817675
#1817684
#1817692
#1817709
#1817717
#1817726
#1817734
#1817783
#1817792
0H!
#1817808
1I!
#1817833
#1817843
0F!
#1817859
1?!
#1817869
0E!
#1817885
1B!
#1817895
#1817904
0:!
#1817920
1A!
#1817931
0@!
#1817947
1>!
#1817964
#1817973
#1817982
#1817990
#1817999
#1818007
#1818017
0I!
#1818033
1J!
#1818042
#1818051
#1818060
0D!
#1818076
1;!
#1818094
#1818103
#1818135
#1818144
0?!
#1818160
1<!
#1818170
#1818179
0K!
#1818195
1C!
#1818213
#1818221
#1818238
#1818247
0A!
#1818263
1=!
#1818273
#1818297
#1818322
#1818331
0;!
#1818347
1G!
#1818358
0B!
#1818374
1H!
#1818391
#1818400
#1818409
0>!
#1818425
1F!
#1818435
#1818444
0C!
#1818460
1E!
#1818470
#1818479
0J!
#1818495
1:!
#1818513
#1818522
#1818538
#1818547
#1818555
#1818564
0<!
#1818581
1@!
#1818590
#1818615
#1818625
1!
#1818626
0!
#1818631
#1818643
0H!
#1818660
1I!
#1818685
#1818694
0F!
#1818710
1D!
#1818720
#1818729
0=!
#1818745
1?!
#1818755
#1818764
0:!
#1818781
1K!
#1818798
#1818807
#1818823
#1818832
#1818840
#1818850
0@!
#1818866
1A!
#1818875
#1818885
0G!
#1818901
1;!
#1818918
#1818927
#1818951
#1818960
0E!
#1818977
1B!
#1818986
#1818996
0?!
#1819012
1>!
#1819029
#1819038
#1819054
#1819071
#1819080
0;!
#1819096
1C!
#1819122
#1819139
0I!
#1819155
1J!
#1819165
#1819174
0B!
#1819190
1<!
#1819201
0D!
#1819217
1H!
#1819234
#1819243
#1819252
0K!
#1819268
1F!
#1819278
#1819294
#1819304
0A!
#1819320
1=!
#1819345
#1819362
#1819371
#1819379
#1819388
0>!
#1819404
1:!
#1819415
0J!
#1819431
1@!
#1819448
#1819457
#1819466
#1819482
#1819491
0H!
#1819508
1G!
#1819517
#1819526
#1819535
0C!
#1819551
1E!
#1819569
#1819577
#1819594
#1819603
0F!
#1819619
1?!
#1819645
#1819654
0=!
#1819670
1;!
#1819680
#1819689
0<!
#1819705
1I!
#1819715
#1819724
0:!
#1819740
1B!
#1819758
#1819766
#1819783
#1819791
#1819800
#1819809
0E!
#1819825
1D!
#1819835
#1819859
#1819870
1!
#1819871
0!
#1819876
#1819888
0@!
#1819904
1K!
#1819930
#1819939
0G!
#1819955
1A!
#1819965
#1819974
0I!
#1819990
1>!
#1820000
#1820009
0?!
#1820025
1J!
#1820043
#1820051
#1820068
#1820076
#1820085
#1820094
0;!
#1820110
1H!
#1820120
#1820145
#1820178
0K!
#1820194
1C!
#1820203
#1820213
0B!
#1820229
1F!
#1820239
0A!
#1820255
1=!
#1820273
#1820281
#1820291
0J!
#1820307
1<!
#1820316
#1820326
0D!
#1820342
1:!
#1820352
#1820361
0H!
#1820377
1E!
#1820394
#1820403
#1820420
#1820428
#1820437
#1820446
0F!
#1820462
1@!
#1820472
#1820481
0>!
#1820497
1G!
#1820515
#1820523
#1820532
#1820556
#1820565
#1820574
0:!
#1820590
1I!
#1820600
#1820624
#1820635
1!
#1820636
0!
#1820641
#1820653
0C!
#1820669
1?!
#1820695
#1820704
0=!
#1820720
1;!
#1820730
#1820739
0G!
#1820755
1K!
#1820765
#1820774
0<!
#1820790
1B!
#1820808
#1820816
#1820833
#1820841
#1820850
#1820859
0E!
#1820875
1A!
#1820885
#1820909
#1820943
0?!
#1820959
1J!
#1820968
#1820978
0@!
#1820994
1D!
#1821004
0;!
#1821020
1H!
#1821038
#1821046
#1821056
0B!
#1821072
1F!
#1821081
#1821091
0I!
#1821107
1>!
#1821116
#1821126
0A!
#1821142
1:!
#1821159
#1821168
#1821184
#1821193
#1821202
#1821211
0D!
#1821227
1C!
#1821237
#1821246
0K!
#1821262
1=!
#1821280
#1821288
#1821297
#1821321
#1821330
#1821339
0>!
#1821355
1G!
#1821365
#1821389
#1821400
1!
#1821401
0!
#1821405
#1821418
0J!
#1821434
1<!
#1821460
#1821469
0H!
#1821485
1E!
#1821495
#1821504
0=!
#1821520
1?!
#1821530
#1821539
0F!
#1821555
1@!
#1821573
#1821581
#1821598
#1821606
#1821615
#1821624
0:!
#1821640
1;!
#1821650
#1821674
#1821707
0<!
#1821724
1B!
#1821733
#1821742
0C!
#1821759
1I!
#1821769
0E!
#1821785
1A!
#1821803
#1821811
#1821821
0@!
#1821837
1D!
#1821846
#1821856
0G!
#1821872
1K!
#1821881
#1821891
0;!
#1821907
1>!
#1821924
#1821933
#1821949
#1821958
#1821967
#1821976
0I!
#1821992
1J!
#1822002
#1822011
0?!
#1822027
1H!
#1822044
#1822053
#1822062
#1822086
#1822095
#1822104
0K!
#1822120
1=!
#1822130
#1822154
#1822187
0B!
#1822203
1F!
#1822213
#1822222
0H!
#1822238
1:!
#1822249
0A!
#1822265
1<!
#1822282
#1822291
#1822300
0D!
#1822316
1C!
#1822326
#1822343
#1822352
0>!
#1822368
1E!
#1822394
#1822410
#1822419
#1822427
#1822437
0J!
#1822453
1@!
#1822463
0F!
#1822479
1G!
#1822497
#1822505
#1822514
#1822530
#1822540
0<!
#1822556
1;!
#1822565
#1822574
#1822583
0=!
#1822599
1I!
#1822617
#1822626
#1822642
#1822651
0C!
#1822667
1?!
#1822693
#1822702
0E!
#1822718
1K!
#1822728
#1822737
0:!
#1822753
1B!
#1822763
#1822772
0@!
#1822788
1H!
#1822806
#1822814
#1822831
#1822840
#1822848
#1822857
0I!
#1822874
1A!
#1822883
#1822894
1!
#1822895
0!
#1822899
#1822911
#1822944
0G!
#1822960
1D!
#1822979
0;!
#1822995
1>!
#1823004
#1823014
0B!
#1823030
1J!
#1823040
0?!
#1823056
1F!
#1823074
#1823082
#1823092
0K!
#1823108
1<!
#1823118
#1823134
#1823143
0H!
#1823160
1=!
#1823185
#1823202
#1823210
#1823219
#1823228
0A!
#1823244
1C!
#1823254
0D!
#1823271
1E!
#1823288
#1823297
#1823305
#1823322
#1823330
#1823339
#1823348
#1823357
0J!
#1823373
1:!
#1823383
#1823392
0>!
#1823408
1@!
#1823426
#1823434
#1823459
#1823468
0F!
#1823484
1I!
#1823509
#1823519
0<!
#1823535
1G!
#1823544
#1823561
#1823570
0=!
#1823586
1;!
#1823606
1!
#1823607
0!
#1823611
#1823624
0E!
#1823640
1B!
#1823658
#1823666
#1823675
#1823684
#1823692
#1823701
0C!
#1823717
1?!
#1823727
#1823736
0@!
#1823753
1K!
#1823770
#1823779
#1823803
#1823812
0I!
#1823828
1H!
#1823838
#1823847
0:!
#1823863
1A!
#1823881
#1823890
#1823906
#1823915
0G!
#1823931
1D!
#1823941
#1823966
#1823990
#1823999
0;!
#1824015
1J!
#1824026
0B!
#1824042
1>!
#1824059
#1824068
#1824077
0K!
#1824094
1F!
#1824103
#1824112
0?!
#1824129
1<!
#1824138
#1824147
0H!
#1824164
1=!
#1824181
#1824190
#1824206
#1824215
#1824223
#1824233
0D!
#1824249
1E!
#1824258
#1824268
0A!
#1824284
1C!
#1824301
#1824310
#1824334
#1824351
#1824360
0J!
#1824376
1@!
#1824402
#1824419
0>!
#1824435
1I!
#1824445
#1824454
0<!
#1824470
1:!
#1824481
0F!
#1824497
1G!
#1824514
#1824523
#1824532
0=!
#1824548
1;!
#1824558
#1824567
0C!
#1824583
1B!
#1824593
#1824602
0E!
#1824618
1K!
#1824636
#1824645
#1824661
#1824670
#1824678
#1824687
0@!
#1824704
1?!
#1824713
#1824724
1!
#1824725
0!
#1824729
#1824741
#1824758
#1824791
0I!
#1824807
1H!
#1824817
#1824825
#1824834
0:!
#1824851
1D!
#1824861
0G!
#1824877
1A!
#1824895
#1824903
#1824913
0;!
#1824929
1J!
#1824946
#1824955
0K!
#1824972
1>!
#1824981
#1824990
0B!
#1825007
1<!
#1825024
#1825033
#1825041
#1825050
#1825059
#1825068
0?!
#1825084
1F!
#1825109
#1825126
#1825134
#1825143
#1825152
0D!
#1825168
1=!
#1825178
#1825202
#1825236
0H!
#1825252
1C!
#1825261
#1825271
0<!
#1825287
1E!
#1825297
0A!
#1825313
1@!
#1825331
#1825339
#1825349
0J!
#1825365
1I!
#1825374
#1825391
#1825400
0>!
#1825416
1:!
#1825436
1!
#1825437
0!
#1825442
#1825461
#1825471
0F!
#1825487
1G!
#1825497
0C!
#1825513
1;!
#1825523
#1825532
0=!
#1825548
1K!
#1825558
#1825567
#1825583
#1825592
#1825600
#1825610
0E!
#1825626
1B!
#1825635
#1825645
0@!
#1825661
1?!
#1825678
#1825687
#1825695
#1825712
#1825721
#1825729
#1825738
#1825786
#1825795
0I!
#1825811
1D!
#1825837
#1825846
0:!
#1825862
1H!
#1825873
0;!
#1825889
1<!
#1825898
#1825908
0G!
#1825924
1A!
#1825934
0?!
#1825950
1J!
#1825968
#1825976
#1825985
#1825994
#1826002
#1826011
#1826020
0D!
#1826036
1>!
#1826046
#1826054
#1826064
0K!
#1826080
1F!
#1826097
#1826106
#1826138
#1826147
0H!
#1826163
1C!
#1826173
#1826182
0B!
#1826198
1=!
#1826216
#1826225
#1826241
#1826250
0A!
#1826267
1E!
#1826276
#1826301
#1826325
#1826334
0F!
#1826351
1@!
#1826361
0<!
#1826377
1I!
#1826395
#1826403
#1826412
0J!
#1826429
1:!
#1826438
#1826447
0=!
#1826464
1;!
#1826473
#1826483
0>!
#1826499
1G!
#1826516
#1826525
#1826541
#1826550
#1826558
#1826568
0C!
#1826584
1?!
#1826593
#1826618
#1826628
1!
#1826629
0!
#1826634
#1826647
0I!
#1826663
1D!
#1826688
#1826698
0:!
#1826714
1K!
#1826723
#1826733
0E!
#1826749
1H!
#1826758
#1826768
0G!
#1826784
1B!
#1826801
#1826810
#1826826
#1826835
#1826844
#1826853
0?!
#1826869
1A!
#1826879
#1826888
0@!
#1826904
1F!
#1826922
#1826930
#1826954
#1826964
0;!
#1826980
1<!
#1826990
#1826999
0H!
#1827015
1J!
#1827032
#1827041
#1827058
#1827074
#1827083
0F!
#1827100
1=!
#1827125
#1827142
0D!
#1827158
1>!
#1827168
#1827177
0<!
#1827193
1C!
#1827204
0K!
#1827220
1I!
#1827237
#1827246
#1827255
0B!
#1827272
1:!
#1827281
#1827298
#1827307
0A!
#1827323
1E!
#1827349
#1827365
#1827374
#1827382
#1827392
0J!
#1827408
1G!
#1827418
0>!
#1827434
1?!
#1827452
#1827460
#1827469
#1827485
#1827495
0I!
#1827511
1@!
#1827520
#1827529
#1827538
0=!
#1827554
1;!
#1827572
#1827581
#1827597
#1827606
0:!
#1827622
1H!
#1827648
#1827657
0E!
#1827673
1F!
#1827683
#1827692
0C!
#1827708
1D!
#1827718
#1827727
0G!
#1827743
1<!
#1827761
#1827770
#1827786
#1827795
#1827803
#1827812
0;!
#1827829
1K!
#1827838
#1827863
#1827873
1!
#1827874
0!
#1827879
#1827891
0?!
#1827908
1B!
#1827933
#1827942
0@!
#1827958
1A!
#1827968
#1827977
0D!
#1827993
1J!
#1828003
#1828012
0H!
#1828028
1>!
#1828046
#1828055
#1828071
#1828080
#1828088
#1828098
0F!
#1828114
1I!
#1828123
#1828148
#1828181
0B!
#1828197
1=!
#1828207
#1828216
0<!
#1828232
1:!
#1828242
0A!
#1828259
1E!
#1828276
#1828285
#1828294
0>!
#1828310
1C!
#1828320
#1828329
0K!
#1828345
1G!
#1828355
#1828364
0I!
#1828380
1;!
#1828398
#1828406
#1828423
#1828431
#1828440
#1828449
0:!
#1828465
1?!
#1828475
#1828484
0J!
#1828500
1@!
#1828518
#1828527
#1828535
#1828560
#1828568
#1828577
0G!
#1828593
1D!
#1828603
#1828628
#1828638
1!
#1828639
0!
#1828644
#1828656
0=!
#1828672
1H!
#1828698
#1828707
0E!
#1828723
1F!
#1828733
#1828742
0@!
#1828758
1B!
#1828768
#1828777
0C!
#1828793
1<!
#1828811
#1828820
#1828836
#1828845
#1828853
#1828862
0;!
#1828879
1A!
#1828888
#1828913
#1828946
0H!
#1828962
1>!
#1828972
#1828981
0?!
#1828997
1K!
#1829007
0F!
#1829023
1I!
#1829041
#1829050
#1829059
0<!
#1829075
1:!
#1829085
#1829094
0D!
#1829110
1J!
#1829120
#1829129
0A!
#1829145
1G!
#1829163
#1829171
#1829188
#1829196
#1829205
#1829214
0K!
#1829230
1=!
#1829240
#1829249
0B!
#1829265
1E!
#1829283
#1829291
#1829300
#1829324
#1829333
#1829342
0J!
#1829358
1@!
#1829368
#1829392
#1829403
1!
#1829404
0!
#1829409
#1829421
0>!
#1829437
1C!
#1829463
#1829472
0I!
#1829488
1;!
#1829498
#1829507
0E!
#1829523
1H!
#1829533
#1829542
0:!
#1829558
1?!
#1829576
#1829584
#1829601
#1829610
#1829618
#1829627
0G!
#1829643
1F!
#1829653
#1829678
#1829711
0C!
#1829727
1<!
#1829736
#1829746
0=!
#1829762
1D!
#1829772
0;!
#1829788
1A!
#1829806
#1829814
#1829824
0?!
#1829840
1K!
#1829850
#1829859
0@!
#1829875
1B!
#1829885
#1829894
0F!
#1829910
1J!
#1829927
#1829936
#1829953
#1829961
#1829970
#1829979
0D!
#1829995
1>!
#1830005
#1830014
0H!
#1830030
1I!
#1830048
#1830056
#1830065
#1830089
#1830098
#1830107
0B!
#1830123
1E!
#1830133
#1830157
#1830190
0<!
#1830207
1:!
#1830216
#1830225
0I!
#1830242
1G!
#1830252
0A!
#1830268
1C!
#1830286
#1830294
#1830304
0K!
#1830320
1=!
#1830329
#1830346
#1830355
0J!
#1830371
1;!
#1830397
#1830413
#1830422
#1830431
#1830440
0>!
#1830456
1?!
#1830466
0:!
#1830482
1@!
#1830500
#1830509
#1830517
#1830534
#1830543
0C!
#1830559
1F!
#1830569
#1830577
#1830586
0E!
#1830603
1D!
#1830620
#1830629
#1830645
#1830655
0=!
#1830671
1H!
#1830696
#1830705
0;!
#1830722
1B!
#1830731
#1830740
0G!
#1830757
1<!
#1830766
#1830775
0?!
#1830792
1I!
#1830809
#1830818
#1830834
#1830843
#1830851
#1830861
0D!
#1830877
1A!
#1830886
#1830897
1!
#1830898
0!
#1830903
#1830914
#1830948
0@!
#1830964
1K!
#1830982
0F!
#1830998
1J!
#1831008
#1831017
0<!
#1831033
1>!
#1831043
0H!
#1831060
1:!
#1831077
#1831086
#1831095
0B!
#1831111
1C!
#1831121
#1831137
#1831147
0I!
#1831163
1E!
#1831188
#1831205
#1831213
#1831222
#1831231
0A!
#1831247
1=!
#1831258
0K!
#1831274
1;!
#1831291
#1831300
#1831309
#1831325
#1831334
#1831342
#1831351
#1831360
0>!
#1831376
1G!
#1831386
#1831395
0J!
#1831411
1?!
#1831429
#1831437
#1831462
#1831471
0:!
#1831487
1D!
#1831513
#1831522
0C!
#1831538
1@!
#1831548
#1831564
#1831573
0E!
#1831590
1F!
#1831609
1!
#1831610
0!
#1831615
#1831627
0;!
#1831643
1<!
#1831661
#1831670
#1831678
#1831687
#1831695
#1831705
0=!
#1831721
1H!
#1831730
#1831740
0?!
#1831756
1B!
#1831773
#1831782
#1831806
#1831816
0D!
#1831832
1I!
#1831841
#1831851
0G!
#1831867
1A!
#1831884
#1831893
#1831909
#1831919
0@!
#1831935
1K!
#1831944
#1831969
#1831993
#1832003
0F!
#1832019
1>!
#1832029
0<!
#1832045
1J!
#1832063
#1832071
#1832081
0B!
#1832097
1:!
#1832106
#1832116
0H!
#1832132
1C!
#1832141
#1832151
0I!
#1832167
1E!
#1832184
#1832193
#1832210
#1832218
#1832227
#1832236
0K!
#1832252
1;!
#1832262
#1832271
0A!
#1832287
1=!
#1832305
#1832313
#1832338
#1832354
#1832363
0>!
#1832380
1?!
#1832405
#1832422
0J!
#1832438
1D!
#1832448
#1832457
0C!
#1832473
1G!
#1832484
0:!
#1832500
1@!
#1832517
#1832526
#1832535
0E!
#1832552
1F!
#1832561
#1832570
0=!
#1832587
1<!
#1832596
#1832605
0;!
#1832622
1B!
#1832639
#1832648
#1832664
#1832673
#1832681
#1832691
0?!
#1832707
1H!
#1832716
#1832727
1!
#1832728
0!
#1832733
#1832745
#1832761
#1832794
0D!
#1832810
1I!
#1832820
#1832828
#1832838
0G!
#1832854
1K!
#1832864
0@!
#1832880
1A!
#1832898
#1832906
#1832916
0F!
#1832932
1>!
#1832949
#1832959
0B!
#1832975
1J!
#1832984
#1832994
0<!
#1833010
1C!
#1833027
#1833036
#1833045
#1833053
#1833062
#1833071
0H!
#1833087
1:!
#1833113
#1833129
#1833138
#1833146
#1833155
0K!
#1833172
1E!
#1833181
#1833206
#1833239
0I!
#1833255
1=!
#1833265
#1833274
0C!
#1833290
1;!
#1833300
0A!
#1833316
1?!
#1833334
#1833343
#1833352
0>!
#1833368
1D!
#1833378
#1833394
#1833404
0J!
#1833420
1G!
#1833439
1!
#1833440
0!
#1833445
#1833465
#1833474
0:!
#1833490
1@!
#1833500
0=!
#1833517
1F!
#1833526
#1833535
0E!
#1833552
1B!
#1833561
#1833570
#1833586
#1833595
#1833604
#1833613
0;!
#1833629
1<!
#1833639
#1833648
0?!
#1833664
1H!
#1833681
#1833690
#1833699
#1833715
#1833724
#1833732
#1833741
#1833789
#1833798
0D!
#1833815
1K!
#1833840
#1833849
0G!
#1833865
1I!
#1833876
0F!
#1833892
1C!
#1833902
#1833911
0@!
#1833927
1A!
#1833937
0H!
#1833953
1>!
#1833971
#1833980
#1833988
#1833997
#1834005
#1834014
#1834023
0K!
#1834039
1J!
#1834049
#1834058
#1834067
0B!
#1834083
1:!
#1834100
#1834109
#1834141
#1834151
0I!
#1834167
1=!
#1834176
#1834186
0<!
#1834202
1E!
#1834219
#1834228
#1834244
#1834254
0A!
#1834270
1;!
#1834279
#1834304
#1834328
#1834338
0:!
#1834354
1?!
#1834364
0C!
#1834380
1D!
#1834398
#1834406
#1834416
0>!
#1834432
1G!
#1834441
#1834451
0E!
#1834467
1F!
#1834477
#1834486
0J!
#1834502
1@!
#1834519
#1834528
#1834545
#1834553
#1834562
#1834571
0=!
#1834587
1H!
#1834597
#1834621
#1834632
1!
#1834633
0!
#1834637
#1834650
0D!
#1834666
1K!
#1834692
#1834701
0G!
#1834717
1B!
#1834727
#1834736
0;!
#1834752
1I!
#1834762
#1834771
0@!
#1834787
1<!
#1834805
#1834813
#1834830
#1834838
#1834847
#1834856
0H!
#1834872
1A!
#1834882
#1834891
0?!
#1834907
1:!
#1834925
#1834933
#1834958
#1834967
0F!
#1834983
1C!
#1834993
#1835002
0I!
#1835018
1>!
#1835036
#1835044
#1835061
#1835077
#1835087
0:!
#1835103
1E!
#1835128
#1835146
0K!
#1835162
1J!
#1835171
#1835181
0C!
#1835197
1=!
#1835207
0B!
#1835223
1D!
#1835241
#1835249
#1835259
0<!
#1835275
1G!
#1835284
#1835301
#1835310
0A!
#1835326
1;!
#1835352
#1835368
#1835377
#1835386
#1835395
0>!
#1835411
1@!
#1835421
0J!
#1835437
1H!
#1835455
#1835464
#1835472
#1835489
#1835498
0D!
#1835514
1?!
#1835524
#1835532
#1835542
0E!
#1835558
1F!
#1835575
#1835584
#1835600
#1835610
0G!
#1835626
1I!
#1835651
#1835660
0;!
#1835677
1:!
#1835686
#1835695
0=!
#1835712
1K!
#1835721
#1835730
0@!
#1835747
1C!
#1835764
#1835773
#1835789
#1835798
#1835806
#1835816
0F!
#1835832
1B!
#1835841
#1835866
#1835876
1!
#1835877
0!
#1835882
#1835895
0H!
#1835911
1<!
#1835936
#1835946
0?!
#1835962
1A!
#1835971
#1835981
0K!
#1835997
1>!
#1836006
#1836016
0I!
#1836032
1J!
#1836049
#1836058
#1836074
#1836083
#1836092
#1836101
0:!
#1836117
1D!
#1836127
#1836151
#1836184
0<!
#1836200
1E!
#1836210
#1836219
0C!
#1836235
1G!
#1836246
0A!
#1836262
1;!
#1836279
#1836288
#1836297
0J!
#1836313
1=!
#1836323
#1836332
0B!
#1836348
1@!
#1836358
#1836367
0D!
#1836383
1F!
#1836401
#1836410
#1836426
#1836435
#1836443
#1836452
0G!
#1836469
1H!
#1836478
#1836487
0>!
#1836504
1?!
#1836521
#1836530
#1836538
#1836563
#1836571
#1836581
0@!
#1836597
1K!
#1836606
#1836631
#1836641
1!
#1836642
0!
#1836647
#1836660
0E!
#1836676
1I!
#1836701
#1836710
0;!
#1836727
1:!
#1836736
#1836745
0?!
#1836762
1<!
#1836771
#1836780
0=!
#1836797
1C!
#1836814
#1836823
#1836839
#1836848
#1836856
#1836866
0F!
#1836882
1A!
#1836891
#1836916
#1836949
0I!
#1836965
1J!
#1836975
#1836984
0H!
#1837000
1B!
#1837011
0:!
#1837027
1D!
#1837044
#1837053
#1837062
0C!
#1837078
1G!
#1837088
#1837097
0K!
#1837113
1>!
#1837123
#1837132
0A!
#1837148
1@!
#1837166
#1837174
#1837191
#1837200
#1837208
#1837217
0B!
#1837234
1E!
#1837243
#1837252
0<!
#1837269
1;!
#1837286
#1837295
#1837303
#1837328
#1837336
#1837345
0>!
#1837362
1?!
#1837371
#1837396
#1837406
1!
#1837407
0!
#1837412
#1837424
0J!
#1837441
1=!
#1837466
#1837475
0D!
#1837491
1F!
#1837501
#1837510
0;!
#1837526
1I!
#1837536
#1837545
0G!
#1837562
1H!
#1837579
#1837588
#1837604
#1837613
#1837621
#1837631
0@!
#1837647
1:!
#1837656
#1837681
#1837714
0=!
#1837730
1C!
#1837740
#1837749
0E!
#1837765
1K!
#1837775
0F!
#1837792
1A!
#1837809
#1837818
#1837827
0H!
#1837843
1B!
#1837853
#1837862
0?!
#1837878
1<!
#1837888
#1837897
0:!
#1837913
1>!
#1837931
#1837939
#1837956
#1837964
#1837973
#1837982
0K!
#1837998
1J!
#1838008
#1838017
0I!
#1838033
1D!
#1838051
#1838060
#1838068
#1838093
#1838101
#1838110
0<!
#1838127
1;!
#1838136
#1838161
#1838194
0C!
#1838210
1G!
#1838219
#1838229
0D!
#1838245
1@!
#1838255
0A!
#1838271
1=!
#1838289
#1838298
#1838307
0B!
#1838323
1E!
#1838333
#1838349
#1838358
0>!
#1838375
1F!
#1838400
#1838417
#1838425
#1838434
#1838443
0J!
#1838459
1H!
#1838470
0G!
#1838486
1?!
#1838503
#1838512
#1838520
#1838537
#1838546
0=!
#1838562
1:!
#1838572
#1838580
#1838590
0;!
#1838606
1K!
#1838623
#1838632
#1838649
#1838658
0E!
#1838674
1I!
#1838699
#1838709
0F!
#1838725
1<!
#1838734
#1838744
0@!
#1838760
1C!
#1838769
#1838779
0H!
#1838795
1D!
#1838812
#1838821
#1838837
#1838846
#1838855
#1838864
0K!
#1838880
1A!
#1838890
#1838900
1!
#1838901
0!
#1838906
#1838918
#1838951
0?!
#1838967
1B!
#1838985
0:!
#1839001
1>!
#1839011
#1839020
0C!
#1839036
1J!
#1839047
0I!
#1839063
1G!
#1839080
#1839089
#1839098
0<!
#1839114
1=!
#1839124
#1839141
#1839150
0D!
#1839166
1;!
#1839192
#1839208
#1839217
#1839225
#1839234
0A!
#1839251
1E!
#1839261
0B!
#1839277
1F!
#1839295
#1839303
#1839312
#1839328
#1839337
#1839346
#1839354
#1839363
0J!
#1839379
1@!
#1839389
#1839398
0>!
#1839415
1H!
#1839432
#1839441
#1839465
#1839474
0G!
#1839490
1K!
#1839516
#1839525
0=!
#1839541
1?!
#1839551
#1839567
#1839577
0;!
#1839593
1:!
#1839612
1!
#1839613
0!
#1839618
#1839631
0F!
#1839647
1C!
#1839664
#1839673
#1839681
#1839690
#1839699
#1839708
0E!
#1839724
1I!
#1839734
#1839743
0H!
#1839759
1<!
#1839777
#1839785
#1839810
#1839819
0K!
#1839835
1D!
#1839845
#1839854
0@!
#1839870
1A!
#1839887
#1839896
#1839913
#1839922
0?!
#1839938
1B!
#1839948
#1839972
#1839997
#1840006
0:!
#1840022
1J!
#1840032
0C!
#1840048
1>!
#1840066
#1840075
#1840084
0<!
#1840100
1G!
#1840110
#1840119
0I!
#1840135
1=!
#1840145
#1840154
0D!
#1840170
1;!
#1840188
#1840196
#1840213
#1840221
#1840230
#1840239
0B!
#1840255
1F!
#1840265
#1840274
0A!
#1840290
1E!
#1840308
#1840316
#1840341
#1840357
#1840367
0J!
#1840383
1H!
#1840408
#1840426
0>!
#1840442
1K!
#1840451
#1840461
0=!
#1840477
1@!
#1840487
0G!
#1840503
1?!
#1840521
#1840529
#1840539
0;!
#1840555
1:!
#1840564
#1840574
0E!
#1840590
1C!
#1840599
#1840609
0F!
#1840625
1<!
#1840642
#1840651
#1840668
#1840676
#1840685
#1840694
0H!
#1840710
1I!
#1840720
#1840730
1!
#1840731
0!
#1840736
#1840748
#1840764
#1840797
0K!
#1840814
1D!
#1840823
#1840832
#1840841
0@!
#1840857
1B!
#1840867
0?!
#1840884
1A!
#1840901
#1840910
#1840919
0:!
#1840935
1J!
#1840953
#1840962
0<!
#1840978
1>!
#1840988
#1840997
0C!
#1841013
1=!
#1841031
#1841039
#1841048
#1841056
#1841065
#1841074
0I!
#1841090
1G!
#1841116
#1841132
#1841141
#1841149
#1841159
0B!
#1841175
1;!
#1841184
#1841209
#1841242
0D!
#1841258
1E!
#1841268
#1841277
0=!
#1841293
1F!
#1841304
0A!
#1841320
1H!
#1841337
#1841346
#1841355
0J!
#1841371
1K!
#1841381
#1841398
#1841407
0>!
#1841423
1@!
#1841442
1!
#1841443
0!
#1841448
#1841468
#1841477
0G!
#1841493
1?!
#1841504
0E!
#1841520
1:!
#1841529
#1841539
0;!
#1841555
1<!
#1841565
#1841573
#1841590
#1841598
#1841607
#1841616
0F!
#1841632
1C!
#1841642
#1841651
0H!
#1841667
1I!
#1841685
#1841693
#1841702
#1841718
#1841727
#1841736
#1841744
#1841792
#1841802
0K!
#1841818
1B!
#1841843
#1841853
0@!
#1841869
1D!
#1841879
0:!
#1841895
1=!
#1841905
#1841914
0?!
#1841930
1A!
#1841941
0I!
#1841957
1J!
#1841974
#1841983
#1841991
#1842000
#1842009
#1842017
#1842026
0B!
#1842043
1>!
#1842052
#1842061
#1842070
0<!
#1842086
1G!
#1842104
#1842112
#1842145
#1842154
0D!
#1842170
1E!
#1842180
#1842189
0C!
#1842205
1;!
#1842223
#1842231
#1842248
#1842257
0A!
#1842273
1F!
#1842283
#1842307
#1842332
#1842341
0G!
#1842357
1H!
#1842367
0=!
#1842384
1K!
#1842401
#1842410
#1842419
0J!
#1842435
1@!
#1842445
#1842454
0;!
#1842470
1:!
#1842480
#1842489
0>!
#1842505
1?!
#1842523
#1842531
#1842548
#1842556
#1842565
#1842574
0E!
#1842590
1I!
#1842600
#1842624
#1842635
1!
#1842636
0!
#1842641
#1842653
0K!
#1842669
1B!
#1842695
#1842704
0@!
#1842720
1<!
#1842730
#1842739
0F!
#1842755
1D!
#1842765
#1842774
0?!
#1842790
1C!
#1842808
#1842816
#1842833
#1842842
#1842850
#1842859
0I!
#1842875
1A!
#1842885
#1842894
0H!
#1842910
1G!
#1842928
#1842937
#1842961
#1842970
0:!
#1842986
1=!
#1842996
#1843005
0D!
#1843021
1J!
#1843039
#1843048
#1843064
#1843081
#1843090
0G!
#1843106
1;!
#1843132
#1843149
0B!
#1843165
1>!
#1843175
#1843184
0=!
#1843200
1E!
#1843210
0<!
#1843226
1K!
#1843244
#1843253
#1843262
0C!
#1843278
1@!
#1843288
#1843304
#1843313
0A!
#1843330
1F!
#1843355
#1843372
#1843380
#1843389
#1843398
0J!
#1843414
1?!
#1843425
0>!
#1843441
1I!
#1843458
#1843467
#1843475
#1843492
#1843501
0K!
#1843517
1H!
#1843527
#1843536
#1843545
0;!
#1843561
1:!
#1843578
#1843587
#1843604
#1843613
0@!
#1843629
1D!
#1843654
#1843664
0F!
#1843680
1G!
#1843689
#1843699
0E!
#1843715
1B!
#1843724
#1843734
0?!
#1843750
1=!
#1843767
#1843776
#1843793
#1843801
#1843810
#1843819
0:!
#1843835
1<!
#1843845
#1843869
#1843880
1!
#1843881
0!
#1843885
#1843898
0I!
#1843914
1C!
#1843939
#1843949
0H!
#1843965
1A!
#1843975
#1843984
0B!
#1844000
1J!
#1844010
#1844019
0D!
#1844035
1>!
#1844052
#1844061
#1844078
#1844086
#1844095
#1844104
0G!
#1844120
1K!
#1844130
#1844154
#1844187
0C!
#1844204
1;!
#1844213
#1844222
0=!
#1844239
1@!
#1844249
0A!
#1844265
1F!
#1844283
#1844291
#1844300
0>!
#1844317
1E!
#1844326
#1844335
0<!
#1844352
1?!
#1844361
#1844371
0K!
#1844387
1:!
#1844404
#1844413
#1844429
#1844438
#1844446
#1844456
0@!
#1844472
1I!
#1844481
#1844491
0J!
#1844507
1H!
#1844524
#1844533
#1844542
#1844566
#1844575
#1844584
0?!
#1844600
1B!
#1844610
#1844634
#1844644
1!
#1844645
0!
#1844650
#1844663
0;!
#1844679
1D!
#1844704
#1844714
0F!
#1844730
1G!
#1844739
#1844749
0H!
#1844765
1C!
#1844774
#1844784
0E!
#1844800
1=!
#1844817
#1844826
#1844843
#1844851
#1844860
#1844869
0:!
#1844885
1A!
#1844895
#1844919
#1844952
0D!
#1844968
1>!
#1844978
#1844987
0I!
#1845003
1<!
#1845014
0G!
#1845030
1K!
#1845047
#1845056
#1845065
0=!
#1845082
1@!
#1845091
#1845100
0B!
#1845117
1J!
#1845126
#1845135
0A!
#1845152
1?!
#1845169
#1845178
#1845194
#1845203
#1845211
#1845221
0<!
#1845237
1;!
#1845246
#1845256
0C!
#1845272
1F!
#1845289
#1845298
#1845307
#1845331
#1845339
#1845349
0J!
#1845365
1H!
#1845374
#1845399
#1845409
1!
#1845410
0!
#1845415
#1845428
0>!
#1845444
1E!
#1845469
#1845479
0K!
#1845495
1:!
#1845504
#1845514
0F!
#1845530
1D!
#1845539
#1845549
0@!
#1845565
1I!
#1845582
#1845591
#1845607
#1845616
#1845625
#1845634
0?!
#1845650
1G!
#1845660
#1845684
#1845717
0E!
#1845733
1=!
#1845743
#1845752
0;!
#1845768
1B!
#1845779
0:!
#1845795
1A!
#1845812
#1845821
#1845830
0I!
#1845846
1<!
#1845856
#1845865
0H!
#1845881
1C!
#1845891
#1845900
0G!
#1845916
1J!
#1845934
#1845943
#1845959
#1845968
#1845976
#1845986
0B!
#1846002
1>!
#1846011
#1846021
0D!
#1846037
1K!
#1846054
#1846063
#1846071
#1846096
#1846104
#1846114
0C!
#1846130
1F!
#1846139
#1846164
#1846197
0=!
#1846213
1@!
#1846223
#1846232
0K!
#1846248
1?!
#1846258
0A!
#1846275
1E!
#1846292
#1846301
#1846310
0<!
#1846326
1;!
#1846336
#1846352
#1846362
0J!
#1846378
1:!
#1846403
#1846420
#1846428
#1846437
#1846446
0>!
#1846462
1I!
#1846473
0@!
#1846489
1H!
#1846506
#1846515
#1846524
#1846540
#1846549
0E!
#1846566
1G!
#1846575
#1846584
#1846593
0F!
#1846609
1B!
#1846627
#1846635
#1846652
#1846661
0;!
#1846677
1D!
#1846703
#1846712
0:!
#1846728
1C!
#1846738
#1846747
0?!
#1846763
1=!
#1846773
#1846782
0I!
#1846798
1K!
#1846816
#1846824
#1846841
#1846849
#1846858
#1846867
0B!
#1846883
1A!
#1846893
#1846903
1!
#1846904
0!
#1846909
#1846921
#1846954
0H!
#1846970
1<!
#1846988
0G!
#1847005
1J!
#1847014
#1847023
0=!
#1847040
1>!
#1847050
0D!
#1847066
1@!
#1847084
#1847092
#1847102
0C!
#1847118
1E!
#1847127
#1847144
#1847153
0K!
#1847169
1F!
#1847195
#1847211
#1847220
#1847228
#1847238
0A!
#1847254
1;!
#1847264
0<!
#1847280
1:!
#1847298
#1847307
#1847315
#1847332
#1847340
#1847349
#1847357
#1847367
0>!
#1847383
1?!
#1847392
#1847402
0J!
#1847418
1I!
#1847435
#1847444
#1847468
#1847478
0@!
#1847494
1B!
#1847519
#1847528
0E!
#1847545
1H!
#1847554
#1847571
#1847580
0F!
#1847596
1G!
#1847615
1!
#1847616
0!
#1847621
#1847634
0:!
#1847650
1=!
#1847667
#1847676
#1847685
#1847693
#1847702
#1847711
0;!
#1847727
1D!
#1847737
#1847746
0I!
#1847762
1C!
#1847780
#1847788
#1847813
#1847822
0B!
#1847838
1K!
#1847848
#1847857
0?!
#1847873
1A!
#1847891
#1847899
#1847916
#1847925
0H!
#1847941
1<!
#1847951
#1847975
#1848000
#1848009
0G!
#1848025
1>!
#1848036
0=!
#1848052
1J!
#1848069
#1848078
#1848087
0C!
#1848103
1@!
#1848113
#1848122
0D!
#1848138
1E!
#1848148
#1848157
0K!
#1848173
1F!
#1848191
#1848200
#1848216
#1848225
#1848233
#1848242
0<!
#1848259
1:!
#1848268
#1848277
0A!
#1848294
1;!
#1848311
#1848320
#1848344
#1848361
#1848370
0>!
#1848386
1I!
#1848412
#1848429
0J!
#1848445
1B!
#1848455
#1848464
0E!
#1848480
1?!
#1848490
0@!
#1848506
1H!
#1848524
#1848533
#1848542
0F!
#1848558
1G!
#1848568
#1848577
0;!
#1848593
1=!
#1848603
#1848612
0:!
#1848628
1C!
#1848646
#1848654
#1848671
#1848679
#1848688
#1848697
0I!
#1848713
1D!
#1848723
#1848733
1!
#1848734
0!
#1848739
#1848751
#1848768
#1848801
0B!
#1848817
1K!
#1848826
#1848835
#1848844
0?!
#1848860
1<!
#1848871
0H!
#1848887
1A!
#1848904
#1848913
#1848922
0G!
#1848938
1>!
#1848956
#1848965
0C!
#1848981
1J!
#1848991
#1849000
0=!
#1849016
1E!
#1849034
#1849042
#1849051
#1849060
#1849068
#1849078
0D!
#1849094
1@!
#1849119
#1849136
#1849144
#1849153
#1849162
0<!
#1849178
1F!
#1849188
#1849212
#1849245
0K!
#1849261
1;!
#1849271
#1849280
0E!
#1849296
1:!
#1849307
0A!
#1849323
1I!
#1849340
#1849349
#1849358
0>!
#1849375
1B!
#1849384
#1849401
#1849410
0J!
#1849426
1?!
#1849445
1!
#1849446
0!
#1849451
#1849471
#1849480
0@!
#1849497
1H!
#1849507
0;!
#1849523
1G!
#1849533
#1849542
0F!
#1849558
1C!
#1849568
#1849576
#1849593
#1849601
#1849610
#1849619
0:!
#1849635
1=!
#1849645
#1849654
0I!
#1849670
1D!
#1849688
#1849697
#1849705
#1849722
#1849730
#1849739
#1849747
#1849796
#1849805
0B!
#1849821
1<!
#1849846
#1849856
0?!
#1849872
1K!
#1849882
0G!
#1849898
1E!
#1849908
#1849917
0H!
#1849933
1A!
#1849944
0D!
#1849960
1>!
#1849977
#1849986
#1849995
#1850003
#1850012
#1850020
#1850030
0<!
#1850046
1J!
#1850055
#1850064
#1850073
0C!
#1850089
1@!
#1850107
#1850116
#1850148
#1850157
0K!
#1850173
1;!
#1850183
#1850192
0=!
#1850208
1F!
#1850226
#1850234
#1850251
#1850260
0A!
#1850276
1:!
#1850286
#1850310
#1850335
#1850344
0@!
#1850360
1I!
#1850371
0E!
#1850387
1B!
#1850404
#1850413
#1850422
0>!
#1850438
1?!
#1850448
#1850457
0F!
#1850473
1G!
#1850483
#1850492
0J!
#1850508
1H!
#1850526
#1850535
#1850551
#1850560
#1850568
#1850577
0;!
#1850594
1D!
#1850603
#1850628
#1850638
1!
#1850639
0!
#1850644
#1850656
0B!
#1850673
1<!
#1850698
#1850707
0?!
#1850723
1C!
#1850733
#1850742
0:!
#1850758
1K!
#1850768
#1850777
0H!
#1850794
1=!
#1850811
#1850820
#1850836
#1850845
#1850853
#1850863
0D!
#1850879
1A!
#1850888
#1850898
0I!
#1850914
1@!
#1850931
#1850940
#1850964
#1850973
0G!
#1850990
1E!
#1850999
#1851009
0K!
#1851025
1>!
#1851042
#1851051
#1851067
#1851084
#1851093
0@!
#1851109
1F!
#1851135
#1851152
0<!
#1851168
1J!
#1851178
#1851187
0E!
#1851203
1;!
#1851214
0C!
#1851230
1B!
#1851247
#1851256
#1851265
0=!
#1851281
1?!
#1851291
#1851307
#1851317
0A!
#1851333
1:!
#1851358
#1851375
#1851384
#1851392
#1851401
0>!
#1851417
1H!
#1851428
0J!
#1851444
1D!
#1851461
#1851470
#1851479
#1851495
#1851504
0B!
#1851521
1I!
#1851530
#1851539
#1851548
0F!
#1851564
1G!
#1851582
#1851590
#1851607
#1851616
0?!
#1851632
1K!
#1851658
#1851667
0:!
#1851683
1@!
#1851693
#1851702
0;!
#1851718
1<!
#1851728
#1851737
0H!
#1851753
1E!
#1851771
#1851779
#1851796
#1851804
#1851813
#1851822
0G!
#1851838
1C!
#1851848
#1851872
#1851883
1!
#1851884
0!
#1851889
#1851901
0D!
#1851917
1=!
#1851943
#1851952
0I!
#1851968
1A!
#1851978
#1851987
0<!
#1852003
1>!
#1852013
#1852022
0K!
#1852038
1J!
#1852056
#1852064
#1852081
#1852089
#1852098
#1852107
0@!
#1852123
1B!
#1852133
#1852158
#1852191
0=!
#1852207
1F!
#1852216
#1852226
0E!
#1852242
1?!
#1852252
0A!
#1852268
1:!
#1852286
#1852294
#1852304
0J!
#1852320
1;!
#1852329
#1852339
0C!
#1852355
1H!
#1852365
#1852374
0B!
#1852390
1G!
#1852407
#1852416
#1852433
#1852441
#1852450
#1852459
0?!
#1852475
1D!
#1852485
#1852494
0>!
#1852510
1I!
#1852528
#1852536
#1852545
#1852569
#1852578
#1852587
0H!
#1852603
1<!
#1852613
#1852637
#1852648
1!
#1852649
0!
#1852654
#1852666
0F!
#1852682
1K!
#1852708
#1852717
0:!
#1852733
1@!
#1852743
#1852752
0I!
#1852768
1=!
#1852778
#1852787
0;!
#1852803
1E!
#1852821
#1852829
#1852846
#1852854
#1852863
#1852872
0G!
#1852888
1A!
#1852898
#1852922
#1852956
0K!
#1852972
1J!
#1852981
#1852991
0D!
#1853007
1C!
#1853017
0@!
#1853033
1B!
#1853051
#1853059
#1853069
0E!
#1853085
1?!
#1853094
#1853104
0<!
#1853120
1>!
#1853129
#1853139
0A!
#1853155
1H!
#1853172
#1853181
#1853197
#1853206
#1853215
#1853224
0C!
#1853240
1F!
#1853250
#1853259
0=!
#1853275
1:!
#1853293
#1853301
#1853310
#1853334
#1853343
#1853352
0>!
#1853368
1I!
#1853378
#1853402
#1853413
1!
#1853414
0!
#1853418
#1853431
0J!
#1853447
1;!
#1853473
#1853482
0B!
#1853498
1G!
#1853508
#1853517
0:!
#1853533
1K!
#1853543
#1853552
0?!
#1853568
1D!
#1853586
#1853594
#1853611
#1853619
#1853628
#1853637
0H!
#1853653
1@!
#1853663
#1853687
#1853720
0;!
#1853737
1E!
#1853746
#1853755
0F!
#1853772
1<!
#1853782
0G!
#1853798
1A!
#1853816
#1853824
#1853834
0D!
#1853850
1C!
#1853859
#1853869
0I!
#1853885
1=!
#1853894
#1853904
0@!
#1853920
1>!
#1853937
#1853946
#1853962
#1853971
#1853980
#1853989
0<!
#1854005
1J!
#1854015
#1854024
0K!
#1854040
1B!
#1854057
#1854066
#1854075
#1854099
#1854108
#1854117
0=!
#1854133
1:!
#1854143
#1854167
#1854200
0E!
#1854216
1?!
#1854226
#1854235
0B!
#1854251
1H!
#1854262
0A!
#1854278
1;!
#1854295
#1854304
#1854313
0C!
#1854329
1F!
#1854339
#1854356
#1854365
0>!
#1854381
1G!
#1854407
#1854423
#1854432
#1854440
#1854450
0J!
#1854466
1D!
#1854476
0?!
#1854492
1I!
#1854510
#1854518
#1854527
#1854543
#1854553
0;!
#1854569
1@!
#1854578
#1854587
#1854596
0:!
#1854612
1<!
#1854630
#1854639
#1854655
#1854664
0F!
#1854680
1K!
#1854706
#1854715
0G!
#1854731
1=!
#1854741
#1854750
0H!
#1854766
1E!
#1854776
#1854785
0D!
#1854801
1B!
#1854819
#1854827
#1854844
#1854853
#1854861
#1854870
0<!
#1854887
1A!
#1854896
#1854907
1!
#1854908
0!
#1854912
#1854924
#1854957
0I!
#1854973
1C!
#1854992
0@!
#1855008
1>!
#1855017
#1855027
0E!
#1855043
1J!
#1855053
0K!
#1855069
1?!
#1855087
#1855095
#1855105
0=!
#1855121
1;!
#1855131
#1855147
#1855156
0B!
#1855173
1:!
#1855198
#1855215
#1855223
#1855232
#1855241
0A!
#1855257
1F!
#1855267
0C!
#1855284
1G!
#1855301
#1855310
#1855318
#1855335
#1855343
#1855352
#1855361
#1855370
0J!
#1855386
1H!
#1855396
#1855405
0>!
#1855421
1D!
#1855439
#1855447
#1855472
#1855481
0?!
#1855497
1<!
#1855522
#1855532
0;!
#1855548
1I!
#1855557
#1855574
#1855583
0:!
#1855599
1@!
#1855619
1!
#1855620
0!
#1855624
#1855637
0G!
#1855653
1E!
#1855671
#1855679
#1855688
#1855697
#1855705
#1855714
0F!
#1855730
1K!
#1855740
#1855749
0D!
#1855766
1=!
#1855783
#1855792
#1855816
#1855825
0<!
#1855841
1B!
#1855851
#1855860
0H!
#1855876
1A!
#1855894
#1855903
#1855919
#1855928
0I!
#1855944
1C!
#1855954
#1855979
#1856003
#1856012
0@!
#1856028
1J!
#1856039
0E!
#1856055
1>!
#1856072
#1856081
#1856090
0=!
#1856107
1?!
#1856116
#1856125
0K!
#1856142
1;!
#1856151
#1856160
0B!
#1856177
1:!
#1856194
#1856203
#1856219
#1856228
#1856236
#1856246
0C!
#1856262
1G!
#1856271
#1856281
0A!
#1856297
1F!
#1856314
#1856323
#1856347
#1856364
#1856373
0J!
#1856389
1D!
#1856415
#1856432
0>!
#1856448
1<!
#1856458
#1856467
0;!
#1856483
1H!
#1856494
0?!
#1856510
1I!
#1856527
#1856536
#1856545
0:!
#1856561
1@!
#1856571
#1856580
0F!
#1856596
1E!
#1856606
#1856615
0G!
#1856631
1=!
#1856649
#1856658
#1856674
#1856683
#1856691
#1856700
0D!
#1856717
1K!
#1856726
#1856737
1!
#1856738
0!
#1856742
#1856754
#1856771
#1856804
0<!
#1856820
1B!
#1856830
#1856838
#1856847
0H!
#1856864
1C!
#1856874
0I!
#1856890
1A!
#1856908
#1856916
#1856926
0@!
#1856942
1J!
#1856959
#1856968
0=!
#1856985
1>!
#1856994
#1857003
0E!
#1857020
1;!
#1857037
#1857046
#1857054
#1857063
#1857072
#1857081
0K!
#1857097
1?!
#1857122
#1857139
#1857147
#1857156
#1857165
0C!
#1857181
1:!
#1857191
#1857215
#1857249
0B!
#1857265
1F!
#1857274
#1857284
0;!
#1857300
1G!
#1857310
0A!
#1857326
1D!
#1857344
#1857352
#1857362
0J!
#1857378
1<!
#1857387
#1857404
#1857413
0>!
#1857429
1H!
#1857449
1!
#1857450
0!
#1857455
#1857474
#1857484
0?!
#1857500
1I!
#1857510
0F!
#1857526
1@!
#1857536
#1857545
0:!
#1857561
1=!
#1857571
#1857580
#1857596
#1857605
#1857613
#1857623
0G!
#1857639
1E!
#1857648
#1857658
0D!
#1857674
1K!
#1857691
#1857700
#1857708
#1857725
#1857734
#1857742
#1857751
#1857799
#1857808
0<!
#1857824
1C!
#1857850
#1857859
0H!
#1857875
1B!
#1857886
0@!
#1857902
1;!
#1857911
#1857921
0I!
#1857937
1A!
#1857947
0K!
#1857963
1J!
#1857981
#1857989
#1857998
#1858007
#1858015
#1858024
#1858033
0C!
#1858049
1>!
#1858059
#1858067
#1858077
0=!
#1858093
1?!
#1858110
#1858119
#1858151
#1858160
0B!
#1858176
1F!
#1858186
#1858195
0E!
#1858211
1:!
#1858229
#1858238
#1858254
#1858263
0A!
#1858280
1G!
#1858289
#1858314
#1858339
0?!
#1858355
1D!
#1858365
0;!
#1858381
1<!
#1858392
0:!
#1858408
1H!
#1858418
0J!
#1858434
1@!
#1858453
0>!
#1858469
1I!
#1858479
#1858487
#1858496
#1858505
#1858515
1!
#1858516
0!
#1858521
#1858540
0F!
#1858556
1K!
#1858566
#1858576
#1858646
0G!
#1858659
1"
#1858674
0@!
#1858688
1$
#1858700
#1858711
0D!
#1858725
1*
#1858741
09!
#1858756
1&
#1858767
0I!
#1858783
1'
#1858793
0K!
#1858810
1(
#1858820
0H!
#1858837
1%
#1858848
0<!
#1858866
1#
#1858975
0"
#1858997
1C!
#1859008
0&
#1859021
1=!
#1859031
0(
#1859045
1B!
#1859055
#1859064
0*
#1859078
1E!
#1859089
0%
#1859104
1A!
#1859116
0$
#1859132
1?!
#1859142
0'
#1859158
1;!
#1859167
#1859176
#1859184
#1859193
#1859202
#1859210
#1859219
#1859228
0#
#1859244
1:!
#1859254
#1859270
#1859288
0C!
#1859304
1J!
#1859313
#1859329
0B!
#1859346
1>!
#1859355
#1859380
#1859389
0A!
#1859405
1F!
#1859416
#1859481
0J!
#1859494
1"
#1859504
0E!
#1859518
1)
#1859530
1!
#1859531
0!
#1859536
#1859548
0:!
#1859563
1&
#1859573
0?!
#1859589
1(
#1859604
0>!
#1859620
1*
#1859631
0=!
#1859648
1%
#1859658
0;!
#1859675
1$
#1859686
#1859703
0)
#1859720
1'
#1859737
0F!
#1859755
1#
#1859853
0"
#1859876
1G!
#1859886
0%
#1859900
1@!
#1859910
0&
#1859924
1D!
#1859934
0(
#1859949
19!
#1859959
0$
#1859974
1I!
#1859984
0*
#1859999
1K!
#1860015
0'
#1860031
1H!
#1860041
0#
#1860057
1<!
#1860072
#1860079
#1860098
#1860164
0K!
#1860177
1"
#1860188
0G!
#1860202
1)
#1860213
#1860224
0H!
#1860239
1%
#1860253
0@!
#1860268
1&
#1860279
0D!
#1860295
1(
#1860305
09!
#1860322
1$
#1860337
0<!
#1860355
1*
#1860365
0I!
#1860383
1'
#1860394
1!
#1860395
0!
#1860400
#1860495
0"
#1860517
1C!
#1860528
0)
#1860541
1B!
#1860551
0%
#1860565
1A!
#1860576
0*
#1860590
1J!
#1860600
0&
#1860615
1E!
#1860625
0(
#1860641
1:!
#1860651
0$
#1860667
1?!
#1860677
0'
#1860693
1>!
#1860703
#1860718
#1860725
#1860738
#1860746
#1860755
#1860764
0J!
#1860780
1=!
#1860805
#1860854
0=!
#1860867
1"
#1860898
0:!
#1860912
1#
#1860923
0?!
#1860938
1)
#1860948
0>!
#1860963
1%
#1860974
0C!
#1860990
1*
#1861000
0A!
#1861017
1&
#1861032
0B!
#1861050
1(
#1861060
0"
#1861073
1"
#1861083
0E!
#1861101
1$
#1861112
#1861208
0"
#1861231
1;!
#1861241
0$
#1861255
1F!
#1861265
0#
#1861279
1K!
#1861289
0)
#1861304
1G!
#1861314
0%
#1861329
1H!
#1861339
0*
#1861354
1@!
#1861365
0(
#1861380
1D!
#1861391
0&
#1861407
19!
#1861415
#1861427
x@!
#1861455
#1861472
0@!
#1861485
1<!
#1861496
#1861542
1!
#1861543
0!
#1861547
#1861561
0K!
#1861574
1"
#1861598
09!
#1861613
1'
#1861623
0;!
#1861638
1$
#1861657
0<!
#1861673
1#
#1861683
0D!
#1861699
1)
#1861709
0F!
#1861726
1%
#1861736
0"
#1861749
1"
#1861760
0G!
#1861777
1*
#1861787
0H!
#1861805
1(
#1861815
0)
#1861833
1&
#1861845
#1861956
0"
#1861979
1I!
#1861989
0*
#1862003
1J!
#1862013
0(
#1862027
1=!
#1862037
0$
#1862052
1:!
#1862062
0%
#1862077
1?!
#1862085
#1862098
x=!
#1862113
0&
#1862128
1>!
#1862138
0'
#1862153
1C!
#1862171
#1862185
0=!
#1862199
1A!
#1862209
0#
#1862225
1B!
#1862236
#1862296
0I!
#1862309
1"
#1862325
0C!
#1862339
1)
#1862349
0J!
#1862364
1*
#1862374
0A!
#1862390
1(
#1862404
0>!
#1862420
1$
#1862430
0:!
#1862447
1%
#1862457
0?!
#1862475
1&
#1862485
0"
#1862498
1"
#1862508
0B!
#1862526
1'
#1862538
1!
#1862539
0!
#1862543
#1862557
#1862653
0"
#1862676
1E!
#1862686
0*
#1862699
1K!
#1862710
0(
#1862724
19!
#1862734
0'
#1862748
1;!
#1862759
0$
#1862773
1<!
#1862784
0)
#1862799
1D!
#1862809
0%
#1862825
1F!
#1862835
0&
#1862851
1G!
#1862868
#1862924
0G!
#1862937
1"
#1862953
0;!
#1862967
1#
#1862978
#1863003
0F!
#1863018
1*
#1863028
0E!
#1863044
1(
#1863054
09!
#1863070
1'
#1863097
0<!
#1863114
1$
#1863131
0D!
#1863148
1)
#1863159
0K!
#1863177
1%
#1863279
0"
#1863302
1H!
#1863312
0%
#1863325
1I!
#1863336
0'
#1863350
1C!
#1863360
0*
#1863374
1J!
#1863384
#1863402
0$
#1863417
1A!
#1863427
0)
#1863443
1>!
#1863457
xC!
#1863469
0#
#1863484
1:!
#1863492
#1863500
#1863510
1!
#1863511
0!
#1863516
#1863538
0(
#1863553
1?!
#1863564
0C!
#1863577
1B!
#1863585
#1863618
#1863662
0A!
#1863675
1"
#1863686
0>!
#1863700
1&
#1863710
0B!
#1863725
1%
#1863739
0&
#1863754
1'
#1863764
0J!
#1863780
1*
#1863790
0H!
#1863806
1$
#1863820
0I!
#1863837
1)
#1863847
0%
#1863864
1#
#1863874
0:!
#1863891
1(
#1863902
0*
#1863919
1&
#1863929
0$
#1863947
1%
#1863957
0?!
#1863975
1*
#1863985
0"
#1863998
1"
#1864026
#1864138
0"
#1864161
1G!
#1864171
0%
#1864185
1;!
#1864195
0*
#1864209
1F!
#1864219
0)
#1864234
1E!
#1864244
0'
#1864259
19!
#1864269
0&
#1864284
1<!
#1864303
0(
#1864318
1D!
#1864331
xG!
#1864343
0#
#1864359
1K!
#1864372
xD!
#1864384
0G!
#1864397
1A!
#1864412
#1864422
#1864477
0K!
#1864490
1"
#1864510
0E!
#1864524
1$
#1864535
#1864546
0D!
#1864558
1%
#1864569
0;!
#1864584
1*
#1864594
0F!
#1864611
1)
#1864629
1!
#1864630
0!
#1864635
#1864660
09!
#1864677
1'
#1864687
0<!
#1864704
1&
#1864715
0A!
#1864732
1(
#1864806
0"
#1864829
1>!
#1864839
0(
#1864853
1B!
#1864863
0'
#1864877
1J!
#1864887
0&
#1864902
1H!
#1864912
0*
#1864927
1I!
#1864937
0)
#1864952
1:!
#1864963
0$
#1864978
1?!
#1864988
#1865038
0%
#1865051
1"
#1865061
0B!
#1865076
1#
#1865087
#1865134
0H!
#1865149
1(
#1865159
0?!
#1865175
1'
#1865192
0J!
#1865208
1&
#1865218
0I!
#1865235
1*
#1865245
0:!
#1865263
1)
#1865273
0>!
#1865291
1$
#1865378
1!
#1865379
0!
#1865384
#1865397
0"
#1865419
1K!
#1865432
0(
#1865446
1E!
#1865456
0*
#1865470
1;!
#1865480
0)
#1865495
1F!
#1865505
0'
#1865520
19!
#1865530
0$
#1865545
1<!
#1865572
#1865581
0&
#1865597
1A!
#1865608
#1865658
0#
#1865671
1"
#1865690
0F!
#1865705
1%
#1865716
#1865727
0A!
#1865742
1(
#1865752
0<!
#1865768
1*
#1865783
0E!
#1865799
1)
#1865809
0;!
#1865826
1'
#1865836
09!
#1865854
1$
#1865871
0*
#1865888
1&
#1865898
0K!
#1865916
1#
#1866027
0"
#1866049
1B!
#1866060
0'
#1866073
1H!
#1866083
0%
#1866097
1?!
#1866108
0$
#1866122
1J!
#1866132
0&
#1866147
1I!
#1866157
0)
#1866173
1:!
#1866181
#1866193
xI!
#1866207
x:!
#1866217
#1866226
#1866269
0J!
#1866282
1"
#1866303
0(
#1866318
1*
#1866328
0:!
#1866341
1'
#1866351
0H!
#1866367
1%
#1866378
0?!
#1866394
1$
#1866406
#1866417
0I!
#1866431
1&
#1866442
0#
#1866459
1)
#1866469
0B!
#1866487
1(
#1866499
1!
#1866500
0!
#1866504
#1866599
0"
#1866622
1>!
#1866632
0(
#1866645
1F!
#1866656
0*
#1866670
1A!
#1866680
0'
#1866694
1<!
#1866705
0%
#1866719
1E!
#1866730
0$
#1866745
1;!
#1866753
#1866762
0&
#1866778
19!
#1866788
0)
#1866805
1K!
#1866814
#1866826
xE!
#1866841
x;!
#1866878
0E!
#1866892
1J!
#1866911
#1866952
0;!
#1866963
1"
#1866984
#1867000
0<!
#1867014
1#
#1867025
0K!
#1867040
1(
#1867050
0>!
#1867066
1*
#1867076
09!
#1867092
1'
#1867121
0F!
#1867138
1%
#1867148
0A!
#1867166
1$
#1867190
0J!
#1867208
1&
#1867309
0"
#1867332
1H!
#1867342
0*
#1867356
1?!
#1867366
0'
#1867380
1B!
#1867390
0(
#1867405
1<!
#1867415
0%
#1867430
1K!
#1867440
0$
#1867455
1>!
#1867475
x<!
#1867487
#1867527
0&
#1867540
1"
#1867559
0<!
#1867572
1)
#1867585
0#
#1867600
1*
#1867611
0K!
#1867626
1'
#1867638
1!
#1867639
0!
#1867643
#1867663
0?!
#1867679
1(
#1867689
0B!
#1867706
1%
#1867716
0>!
#1867733
1$
#1867745
#1867756
0H!
#1867773
1&
#1867784
0$
#1867802
1#
#1867910
0"
#1867933
19!
#1867943
0(
#1867956
1F!
#1867967
0%
#1867981
1A!
#1867991
0)
#1868005
1J!
#1868016
0'
#1868030
1K!
#1868046
xF!
#1868056
#1868070
#1868103
0#
#1868116
1"
#1868126
0*
#1868141
1$
#1868165
0K!
#1868180
1(
#1868192
#1868203
0&
#1868218
1%
#1868229
0F!
#1868242
1)
#1868252
0A!
#1868269
1'
#1868279
0J!
#1868297
1#
#1868314
09!
#1868332
1*
#1868435
1!
#1868436
0!
#1868441
#1868469
0"
#1868492
1?!
#1868502
0*
#1868515
1B!
#1868526
0%
#1868540
1>!
#1868550
0)
#1868564
1H!
#1868575
0'
#1868589
1K!
#1868605
xB!
#1868621
xK!
#1868633
0#
#1868647
1A!
#1868657
0(
#1868672
1J!
#1868683
0$
#1868698
19!
#1868712
x>!
#1868724
0B!
#1868738
1&
#1868748
0>!
#1868762
1*
#1868772
#1868819
0K!
#1868830
1"
#1868840
0A!
#1868856
1%
#1868869
0?!
#1868886
1)
#1868896
09!
#1868913
1'
#1868924
#1868935
0J!
#1868952
1#
#1868963
0H!
#1868980
1(
#1869105
0"
#1869128
1A!
#1869138
0&
#1869151
1?!
#1869162
0*
#1869176
19!
#1869186
0(
#1869200
1J!
#1869213
0)
#1869228
1H!
#1869238
0'
#1869256
1$
#1869272
#1869322
0A!
#1869335
1"
#1869345
0%
#1869361
1&
#1869371
0J!
#1869387
1*
#1869398
#1869409
0#
#1869425
1(
#1869436
0H!
#1869452
1)
#1869466
09!
#1869484
1'
#1869494
0?!
#1869512
1%
#1869530
1!
#1869531
0!
#1869536
#1869622
0"
#1869644
1A!
#1869655
0(
#1869668
1J!
#1869678
0)
#1869692
1H!
#1869703
0$
#1869717
19!
#1869727
0%
#1869742
1?!
#1869752
0'
#1869770
1#
#1869780
0&
#1869797
1(
#1869811
xJ!
#1869833
x?!
#1869845
0*
#1869861
1)
#1869885
0?!
#1869900
1$
#1869928
#1869977
0J!
#1869987
1"
#1869998
0H!
#1870014
1%
#1870025
09!
#1870042
1'
#1870068
0A!
#1870086
1&
#1870097
#1870222
0"
#1870245
1H!
#1870255
0$
#1870269
19!
#1870279
0(
#1870293
1A!
#1870306
xH!
#1870318
0%
#1870335
1*
#1870355
0'
#1870372
1$
#1870390
0&
#1870407
1(
#1870421
xA!
#1870434
0#
#1870450
1%
#1870461
0)
#1870477
1'
#1870489
1!
#1870490
0!
#1870495
#1870510
0H!
#1870525
1&
#1870543
0&
#1870560
1#
#1870571
0A!
#1870586
1)
#1870614
0)
#1870631
1&
#1871381
1!
#1871382
0!
#1871387
#1872383
1!
#1872384
0!
#1872389
#1873375
1!
#1873376
0!
#1873381
#1874375
1!
#1874376
0!
#1874381
#1875376
1!
#1875377
0!
#1875382
#1876377
1!
#1876378
0!
#1876383
#1877379
1!
#1877380
0!
#1877385
#1878380
1!
#1878381
0!
#1878386
#1879382
1!
#1879383
0!
#1879388
#1880384
1!
#1880385
0!
#1880389
#1881375
1!
#1881376
0!
#1881381
#1882375
1!
#1882376
0!
#1882381
#1883376
1!
#1883377
0!
#1883382
#1884378
1!
#1884379
0!
#1884384
#1885380
1!
#1885381
0!
#1885385
#1886381
1!
#1886382
0!
#1886387
#1886627
#1886660
09!
#1886673
1"
#1886688
#1886701
#1886734
#1886767
#1886827
0"
#1886840
1"
#1886856
0"
#1886869
1"
#1886885
0"
#1886898
1"
#1886914
0"
#1886927
1"
#1886943
0"
#1886956
1"
#1886973
0"
#1886986
1"
#1887002
0"
#1887015
1"
#1887031
0"
#1887044
1"
#1887163
#1887272
0_!
#1887363
0`!
#1887382
1!
#1887383
0!
#1887387
#1887481
0a!
#1887573
0b!
#1887664
0c!
#1887756
0d!
#1887847
0e!
#1887939
0f!
#1888031
0g!
#1888122
0h!
#1888214
0i!
#1888305
0j!
#1888375
1!
#1888376
0!
#1888381
#1888423
0k!
#1888515
0l!
#1888606
0m!
#1888698
0n!
#1888789
0o!
#1888881
0p!
#1888935
0"
#1888958
19!
#1888968
0'
#1888982
1_!
#1888992
0(
#1889006
1`!
#1889016
0&
#1889031
1a!
#1889041
0#
#1889056
1b!
#1889066
0*
#1889081
1c!
#1889092
0$
#1889107
1d!
#1889117
#1889125
#1889135
0%
#1889151
1e!
#1889160
#1889169
#1889178
0_!
#1889194
1f!
#1889204
#1889213
#1889226
x9!
#1889238
0b!
#1889254
1g!
#1889264
0c!
#1889280
1h!
#1889290
0d!
#1889306
1i!
#1889315
#1889324
0`!
#1889340
1j!
#1889350
0a!
#1889366
1k!
#1889376
#1889385
0f!
#1889401
1l!
#1889410
#1889419
#1889428
09!
#1889442
1m!
#1889451
#1889461
0i!
#1889477
1n!
#1889488
1!
#1889489
0!
#1889494
#1889506
#1889514
#1889523
#1889532
#1889541
0j!
#1889557
1o!
#1889567
0k!
#1889583
1p!
#1889594
0g!
#1889610
1_!
#1889620
0h!
#1889636
1b!
#1889646
#1889655
#1889664
0n!
#1889680
1c!
#1889690
#1889698
#1889707
0e!
#1889724
1d!
#1889734
0o!
#1889750
1`!
#1889760
0p!
#1889777
1a!
#1889786
#1889795
0m!
#1889812
1f!
#1889822
0l!
#1889838
1i!
#1889848
#1889856
#1889865
#1889874
#1889882
#1889891
#1889900
0_!
#1889916
1j!
#1889926
#1889934
#1889943
#1889952
0a!
#1889968
1k!
#1889978
#1889987
0f!
#1890003
1g!
#1890013
#1890022
#1890030
#1890039
#1890047
#1890056
#1890065
#1890074
0j!
#1890090
1h!
#1890100
0b!
#1890116
1n!
#1890126
#1890135
0k!
#1890152
1e!
#1890161
#1890170
#1890179
0c!
#1890195
1o!
#1890205
#1890214
0g!
#1890230
1p!
#1890241
0d!
#1890257
1m!
#1890267
0`!
#1890283
1l!
#1890293
#1890301
#1890310
#1890319
#1890327
#1890336
#1890344
#1890354
0h!
#1890370
1_!
#1890379
#1890388
#1890397
0p!
#1890413
1a!
#1890423
#1890432
#1890440
#1890451
1!
#1890452
0!
#1890456
#1890468
#1890478
0e!
#1890494
1f!
#1890504
0n!
#1890520
1j!
#1890530
#1890538
#1890548
0m!
#1890564
1b!
#1890574
0l!
#1890590
1k!
#1890601
0_!
#1890617
1c!
#1890626
#1890635
#1890644
#1890652
#1890661
0o!
#1890678
1g!
#1890687
#1890696
#1890704
#1890713
#1890722
0i!
#1890738
1d!
#1890748
#1890757
0f!
#1890773
1`!
#1890783
#1890792
0a!
#1890809
1h!
#1890818
#1890827
#1890836
0b!
#1890852
1p!
#1890863
0k!
#1890879
1e!
#1890889
0c!
#1890905
1n!
#1890915
#1890923
#1890932
#1890941
#1890949
#1890958
#1890966
#1890975
#1890984
#1890993
0g!
#1891009
1m!
#1891019
#1891028
0`!
#1891044
1l!
#1891054
0j!
#1891070
1_!
#1891081
0n!
#1891097
1o!
#1891107
#1891115
#1891125
0d!
#1891141
1i!
#1891150
#1891159
#1891167
#1891177
0h!
#1891193
1f!
#1891203
#1891212
0m!
#1891228
1a!
#1891238
#1891246
#1891255
#1891263
#1891273
0p!
#1891289
1b!
#1891299
#1891307
#1891316
0f!
#1891333
1k!
#1891342
#1891351
0l!
#1891368
1c!
#1891377
#1891386
#1891394
#1891403
#1891412
#1891421
0b!
#1891437
1g!
#1891447
0e!
#1891464
1`!
#1891473
#1891482
0o!
#1891499
1j!
#1891508
#1891517
#1891525
#1891534
#1891543
0c!
#1891559
1n!
#1891570
0_!
#1891586
1d!
#1891596
#1891604
#1891613
0i!
#1891630
1h!
#1891639
#1891648
#1891657
0a!
#1891673
1m!
#1891683
#1891692
0j!
#1891708
1p!
#1891718
#1891726
#1891737
1!
#1891738
0!
#1891743
#1891755
#1891763
#1891772
#1891780
#1891790
0m!
#1891806
1f!
#1891815
#1891824
#1891833
#1891842
0g!
#1891858
1l!
#1891868
0`!
#1891884
1b!
#1891895
0n!
#1891911
1e!
#1891921
#1891929
#1891938
#1891946
#1891955
#1891964
0d!
#1891980
1o!
#1891990
#1891999
0p!
#1892015
1c!
#1892025
#1892034
0e!
#1892051
1_!
#1892060
#1892069
#1892077
#1892087
0h!
#1892103
1i!
#1892112
#1892121
#1892130
0f!
#1892146
1a!
#1892157
0k!
#1892173
1j!
#1892183
0c!
#1892199
1m!
#1892209
#1892218
#1892226
#1892235
#1892243
#1892252
#1892261
#1892269
#1892278
0a!
#1892295
1g!
#1892304
#1892313
#1892322
0_!
#1892338
1`!
#1892349
0o!
#1892365
1n!
#1892375
0m!
#1892391
1d!
#1892401
#1892409
#1892418
#1892427
#1892435
#1892445
0l!
#1892461
1p!
#1892470
#1892479
#1892488
0g!
#1892504
1e!
#1892515
0j!
#1892531
1h!
#1892541
0`!
#1892557
1f!
#1892567
#1892576
#1892584
#1892593
#1892602
0i!
#1892618
1k!
#1892628
0b!
#1892645
1c!
#1892654
#1892663
0d!
#1892680
1a!
#1892689
#1892698
#1892706
#1892715
#1892724
0f!
#1892741
1_!
#1892751
0n!
#1892767
1o!
#1892777
#1892785
#1892794
#1892802
#1892812
0e!
#1892828
1m!
#1892839
1!
#1892840
0!
#1892845
#1892857
#1892866
#1892874
#1892883
0a!
#1892900
1l!
#1892910
0o!
#1892926
1g!
#1892936
0_!
#1892952
1j!
#1892962
#1892971
#1892979
#1892988
#1892997
#1893005
#1893014
0m!
#1893030
1`!
#1893040
#1893049
0l!
#1893066
1i!
#1893075
#1893084
#1893092
#1893101
#1893110
#1893118
#1893127
#1893136
0h!
#1893152
1b!
#1893162
0p!
#1893179
1d!
#1893188
#1893197
#1893206
0`!
#1893222
1f!
#1893232
#1893241
0j!
#1893257
1n!
#1893267
#1893276
#1893285
0c!
#1893301
1e!
#1893311
#1893319
#1893328
0k!
#1893345
1a!
#1893354
#1893363
#1893371
#1893381
0b!
#1893397
1o!
#1893407
0d!
#1893423
1_!
#1893433
#1893442
#1893451
0i!
#1893467
1m!
#1893477
0g!
#1893493
1l!
#1893505
1!
#1893506
0!
#1893511
#1893523
#1893532
0n!
#1893548
1h!
#1893558
#1893566
#1893575
#1893583
#1893592
#1893601
#1893610
0_!
#1893626
1p!
#1893636
#1893644
#1893653
0m!
#1893670
1`!
#1893679
#1893688
#1893697
0h!
#1893713
1j!
#1893723
#1893732
#1893741
0a!
#1893757
1c!
#1893767
0e!
#1893783
1k!
#1893793
#1893802
0f!
#1893818
1b!
#1893828
#1893837
#1893845
#1893855
0`!
#1893871
1d!
#1893881
0l!
#1893897
1i!
#1893907
#1893915
#1893924
#1893933
#1893942
0o!
#1893958
1g!
#1893968
#1893977
0j!
#1893993
1n!
#1894003
#1894011
#1894020
#1894029
#1894037
#1894046
#1894055
0d!
#1894071
1_!
#1894081
0i!
#1894098
1m!
#1894107
#1894117
0b!
#1894133
1h!
#1894142
#1894152
0n!
#1894168
1a!
#1894177
#1894186
#1894195
#1894204
0p!
#1894220
1e!
#1894230
#1894238
#1894248
0g!
#1894264
1f!
#1894273
#1894283
0_!
#1894299
1`!
#1894308
#1894317
#1894326
#1894334
#1894343
#1894351
#1894361
0e!
#1894377
1l!
#1894386
#1894395
#1894404
0h!
#1894420
1o!
#1894430
#1894439
0a!
#1894455
1j!
#1894465
#1894476
1!
#1894477
0!
#1894481
#1894493
#1894502
#1894510
#1894520
0c!
#1894536
1d!
#1894546
0k!
#1894562
1i!
#1894573
0`!
#1894589
1b!
#1894599
0m!
#1894615
1n!
#1894625
#1894633
#1894642
#1894651
0l!
#1894667
1p!
#1894677
#1894686
#1894694
#1894703
#1894712
0j!
#1894728
1g!
#1894738
#1894747
#1894755
#1894764
#1894773
0d!
#1894789
1_!
#1894799
#1894808
0b!
#1894824
1e!
#1894834
0n!
#1894851
1h!
#1894861
0o!
#1894877
1a!
#1894887
#1894895
#1894904
#1894913
#1894921
#1894930
#1894938
#1894947
#1894956
0p!
#1894972
1c!
#1894982
#1894991
0g!
#1895007
1k!
#1895017
#1895026
#1895035
0e!
#1895051
1`!
#1895061
0h!
#1895078
1m!
#1895087
#1895096
#1895104
#1895113
#1895122
0a!
#1895138
1l!
#1895149
0f!
#1895165
1j!
#1895175
#1895184
0_!
#1895200
1d!
#1895210
0i!
#1895226
1b!
#1895237
0k!
#1895253
1n!
#1895263
#1895271
#1895280
#1895288
#1895297
#1895306
#1895314
#1895323
#1895331
#1895341
0m!
#1895357
1o!
#1895367
0n!
#1895383
1p!
#1895393
#1895401
#1895411
0`!
#1895427
1g!
#1895438
1!
#1895439
0!
#1895444
#1895456
#1895465
#1895473
#1895482
0l!
#1895499
1e!
#1895508
#1895517
#1895526
0c!
#1895542
1h!
#1895552
#1895561
0j!
#1895577
1a!
#1895587
#1895596
#1895605
0p!
#1895621
1f!
#1895631
#1895639
#1895648
#1895656
#1895665
#1895674
#1895683
0g!
#1895699
1_!
#1895709
0o!
#1895725
1i!
#1895735
#1895744
0e!
#1895760
1k!
#1895771
0b!
#1895787
1m!
#1895797
#1895806
0d!
#1895822
1n!
#1895832
#1895841
0h!
#1895857
1`!
#1895867
#1895875
#1895884
#1895893
0a!
#1895909
1l!
#1895919
#1895928
#1895936
#1895945
#1895953
#1895962
#1895971
0f!
#1895987
1c!
#1895997
#1896006
#1896014
#1896023
0_!
#1896040
1j!
#1896050
0i!
#1896066
1p!
#1896076
0l!
#1896093
1g!
#1896102
#1896111
0n!
#1896128
1o!
#1896137
#1896146
#1896154
#1896163
#1896172
#1896181
0k!
#1896197
1e!
#1896207
0m!
#1896223
1b!
#1896234
0`!
#1896250
1d!
#1896260
#1896268
#1896277
#1896286
0g!
#1896302
1h!
#1896312
#1896320
#1896329
#1896338
#1896346
#1896355
#1896364
0c!
#1896380
1a!
#1896390
#1896398
#1896407
#1896416
0j!
#1896432
1f!
#1896443
0p!
#1896459
1_!
#1896470
1!
#1896471
0!
#1896476
#1896488
#1896497
#1896505
#1896514
0h!
#1896531
1i!
#1896541
0b!
#1896557
1l!
#1896567
0e!
#1896584
1n!
#1896593
#1896602
#1896610
#1896619
#1896628
#1896637
0o!
#1896653
1k!
#1896663
#1896671
#1896681
0i!
#1896697
1m!
#1896706
#1896716
0a!
#1896732
1`!
#1896741
#1896751
0d!
#1896767
1g!
#1896777
0l!
#1896793
1c!
#1896803
#1896812
#1896820
#1896829
#1896837
#1896846
#1896855
#1896864
0f!
#1896880
1j!
#1896890
0_!
#1896906
1p!
#1896917
0`!
#1896933
1h!
#1896943
#1896951
#1896960
#1896969
0k!
#1896985
1b!
#1896995
#1897003
#1897013
0n!
#1897029
1e!
#1897038
#1897048
0j!
#1897064
1o!
#1897073
#1897082
#1897091
#1897099
#1897108
#1897117
0m!
#1897133
1i!
#1897143
#1897152
#1897161
0e!
#1897177
1a!
#1897187
#1897196
0h!
#1897212
1d!
#1897222
#1897230
#1897239
#1897247
#1897256
#1897265
0i!
#1897282
1l!
#1897291
#1897300
#1897309
0o!
#1897325
1f!
#1897335
0p!
#1897352
1_!
#1897362
0d!
#1897378
1`!
#1897388
#1897396
#1897406
0g!
#1897422
1k!
#1897432
0c!
#1897448
1n!
#1897458
#1897466
#1897475
#1897484
#1897492
#1897501
#1897509
#1897519
0f!
#1897535
1j!
#1897545
0_!
#1897561
1m!
#1897572
0`!
#1897588
1e!
#1897597
#1897606
#1897615
#1897624
0b!
#1897640
1h!
#1897650
#1897658
#1897667
0a!
#1897684
1i!
#1897693
#1897703
0j!
#1897719
1o!
#1897728
#1897737
#1897747
1!
#1897748
0!
#1897753
#1897765
#1897774
#1897782
#1897791
#1897800
0i!
#1897816
1p!
#1897826
#1897834
#1897843
#1897852
0k!
#1897868
1d!
#1897879
0n!
#1897895
1g!
#1897905
0e!
#1897921
1c!
#1897931
#1897940
#1897948
#1897957
#1897965
#1897975
0m!
#1897991
1f!
#1898001
#1898010
0o!
#1898026
1_!
#1898036
#1898045
0c!
#1898061
1`!
#1898071
#1898079
#1898088
#1898097
0h!
#1898113
1b!
#1898123
#1898131
#1898141
0p!
#1898157
1a!
#1898167
0l!
#1898183
1j!
#1898194
0_!
#1898210
1i!
#1898219
#1898228
#1898237
#1898245
#1898254
#1898263
#1898271
#1898280
#1898289
0a!
#1898305
1k!
#1898315
#1898323
#1898333
0`!
#1898349
1n!
#1898359
0f!
#1898375
1e!
#1898386
0i!
#1898402
1m!
#1898411
#1898420
#1898429
#1898437
#1898446
#1898455
0d!
#1898471
1o!
#1898481
#1898489
#1898499
0k!
#1898515
1c!
#1898525
0j!
#1898541
1h!
#1898552
0n!
#1898568
1p!
#1898577
#1898586
#1898595
#1898603
#1898613
0b!
#1898629
1l!
#1898639
0g!
#1898655
1_!
#1898665
#1898674
0m!
#1898690
1a!
#1898700
#1898708
#1898717
#1898726
#1898735
0p!
#1898751
1`!
#1898761
0e!
#1898777
1f!
#1898787
#1898796
#1898804
#1898813
#1898822
0c!
#1898838
1i!
#1898850
1!
#1898851
0!
#1898856
#1898867
#1898876
#1898885
#1898894
0a!
#1898910
1d!
#1898920
0f!
#1898936
1k!
#1898947
0`!
#1898963
1j!
#1898973
#1898981
#1898990
#1898998
#1899007
#1899016
#1899025
0i!
#1899041
1n!
#1899051
#1899060
0d!
#1899076
1b!
#1899086
#1899094
#1899103
#1899111
#1899120
#1899129
#1899137
#1899146
0h!
#1899163
1g!
#1899173
0o!
#1899189
1m!
#1899199
#1899207
#1899217
0n!
#1899233
1p!
#1899242
#1899252
0j!
#1899268
1e!
#1899277
#1899286
#1899295
0_!
#1899312
1c!
#1899321
#1899330
#1899339
0l!
#1899355
1a!
#1899365
#1899373
#1899382
#1899392
1!
#1899393
0!
#1899398
#1899410
#1899419
#1899428
0b!
#1899444
1f!
#1899454
0k!
#1899470
1`!
#1899481
0e!
#1899497
1i!
#1899507
#1899515
#1899525
0g!
#1899541
1d!
#1899550
#1899559
#1899568
0m!
#1899584
1h!
#1899595
0c!
#1899611
1o!
#1899621
0f!
#1899637
1n!
#1899647
#1899655
#1899664
#1899673
#1899681
#1899690
#1899698
#1899707
#1899716
#1899725
0p!
#1899741
1j!
#1899751
#1899760
0i!
#1899776
1_!
#1899786
0`!
#1899803
1l!
#1899813
0n!
#1899829
1b!
#1899839
#1899847
#1899857
0a!
#1899873
1k!
#1899882
#1899891
#1899900
#1899909
0d!
#1899925
1e!
#1899935
#1899944
0j!
#1899960
1g!
#1899970
#1899978
#1899987
#1899996
#1900005
0h!
#1900021
1m!
#1900031
#1900039
#1900048
0e!
#1900065
1c!
#1900074
#1900084
0_!
#1900100
1f!
#1900109
#1900118
#1900127
#1900135
#1900144
#1900153
0m!
#1900169
1p!
#1900179
0o!
#1900196
1i!
#1900205
#1900214
0b!
#1900231
1`!
#1900240
#1900249
#1900257
#1900266
#1900275
0f!
#1900292
1n!
#1900302
0l!
#1900318
1a!
#1900328
#1900336
#1900345
0k!
#1900362
1d!
#1900371
#1900380
#1900389
0g!
#1900405
1j!
#1900415
#1900424
0`!
#1900440
1h!
#1900450
#1900459
#1900469
1!
#1900470
0!
#1900475
#1900487
#1900495
#1900504
#1900512
#1900522
0j!
#1900538
1e!
#1900547
#1900556
#1900565
#1900574
0p!
#1900590
1_!
#1900600
0i!
#1900617
1m!
#1900627
0n!
#1900643
1o!
#1900653
#1900661
#1900670
#1900678
#1900687
#1900696
0a!
#1900712
1b!
#1900722
#1900731
0h!
#1900748
1f!
#1900757
#1900766
0o!
#1900783
1l!
#1900792
#1900801
#1900809
#1900819
0d!
#1900835
1k!
#1900844
#1900853
#1900862
0e!
#1900878
1g!
#1900889
0c!
#1900905
1`!
#1900915
0f!
#1900931
1j!
#1900941
#1900950
#1900958
#1900967
#1900975
#1900984
#1900993
#1901001
#1901011
0g!
#1901027
1p!
#1901036
#1901045
#1901054
0l!
#1901070
1i!
#1901081
0b!
#1901097
1n!
#1901107
0j!
#1901123
1a!
#1901133
#1901142
#1901150
#1901159
#1901167
#1901177
0_!
#1901193
1h!
#1901202
#1901211
#1901220
0p!
#1901236
1o!
#1901247
0`!
#1901263
1d!
#1901273
0i!
#1901289
1e!
#1901299
#1901308
#1901316
#1901325
#1901333
#1901343
0k!
#1901359
1c!
#1901369
0m!
#1901385
1f!
#1901395
#1901404
0a!
#1901420
1g!
#1901430
#1901438
#1901447
#1901456
#1901465
0e!
#1901481
1l!
#1901491
0n!
#1901508
1b!
#1901517
#1901526
#1901534
#1901543
#1901552
0o!
#1901568
1j!
#1901578
#1901587
#1901595
#1901605
0g!
#1901621
1_!
#1901630
#1901639
#1901648
0l!
#1901664
1p!
#1901674
#1901683
#1901691
#1901700
#1901708
#1901718
0j!
#1901734
1`!
#1901745
1!
#1901746
0!
#1901751
#1901764
0h!
#1901780
1i!
#1901789
#1901798
#1901807
0_!
#1901823
1k!
#1901834
0b!
#1901850
1m!
#1901860
0d!
#1901876
1a!
#1901886
#1901894
#1901903
#1901912
#1901920
#1901930
0p!
#1901946
1e!
#1901955
#1901964
#1901973
#1901981
#1901990
#1901998
#1902007
0c!
#1902024
1n!
#1902033
#1902043
0a!
#1902059
1o!
#1902069
0i!
#1902085
1g!
#1902095
#1902104
0k!
#1902120
1l!
#1902130
0m!
#1902147
1j!
#1902157
0`!
#1902173
1h!
#1902183
#1902191
#1902201
0f!
#1902217
1_!
#1902227
#1902235
#1902244
#1902252
#1902262
0g!
#1902278
1b!
#1902287
#1902296
#1902305
#1902314
0o!
#1902330
1d!
#1902340
0n!
#1902356
1p!
#1902366
#1902375
#1902383
#1902392
#1902400
#1902410
0e!
#1902426
1c!
#1902435
#1902444
#1902453
0l!
#1902470
1a!
#1902480
0j!
#1902496
1i!
#1902506
#1902514
#1902523
#1902531
#1902541
0h!
#1902557
1k!
#1902568
1!
#1902569
0!
#1902574
#1902587
0b!
#1902603
1m!
#1902612
#1902621
#1902630
#1902638
#1902647
#1902656
0c!
#1902672
1`!
#1902682
#1902690
#1902699
#1902708
#1902717
0d!
#1902733
1f!
#1902743
#1902752
0a!
#1902768
1g!
#1902778
0i!
#1902794
1o!
#1902805
0k!
#1902821
1n!
#1902831
#1902839
#1902849
0p!
#1902865
1e!
#1902875
0_!
#1902891
1l!
#1902901
#1902910
0m!
#1902926
1j!
#1902936
#1902944
#1902953
#1902962
#1902971
0f!
#1902987
1h!
#1902997
#1903005
#1903014
#1903022
#1903031
#1903040
0`!
#1903056
1b!
#1903066
#1903075
#1903083
#1903092
#1903101
0j!
#1903117
1c!
#1903127
#1903136
0g!
#1903152
1d!
#1903163
0o!
#1903179
1a!
#1903189
0n!
#1903205
1i!
#1903215
#1903224
0e!
#1903240
1k!
#1903251
0l!
#1903267
1p!
#1903277
#1903285
#1903294
#1903303
0h!
#1903319
1_!
#1903329
#1903337
#1903346
#1903355
#1903363
#1903372
#1903380
#1903389
#1903398
0b!
#1903414
1m!
#1903425
0a!
#1903441
1f!
#1903451
0d!
#1903467
1`!
#1903477
#1903486
#1903495
0c!
#1903511
1j!
#1903521
#1903530
0i!
#1903546
1g!
#1903556
#1903564
#1903573
#1903582
#1903590
#1903599
0k!
#1903616
1o!
#1903625
#1903636
1!
#1903637
0!
#1903641
#1903653
#1903662
#1903671
0j!
#1903687
1n!
#1903698
0p!
#1903714
1e!
#1903724
0m!
#1903740
1l!
#1903750
#1903758
#1903767
#1903776
#1903784
#1903793
#1903801
#1903810
#1903819
0`!
#1903835
1h!
#1903846
0f!
#1903862
1b!
#1903872
0l!
#1903888
1a!
#1903898
#1903907
#1903915
#1903924
0o!
#1903941
1d!
#1903950
#1903959
#1903968
0g!
#1903984
1c!
#1903994
#1904002
#1904012
0h!
#1904028
1i!
#1904037
#1904046
#1904055
#1904063
#1904072
#1904081
0n!
#1904097
1k!
#1904107
#1904116
#1904125
0c!
#1904141
1j!
#1904151
0_!
#1904167
1p!
#1904178
0a!
#1904194
1m!
#1904204
#1904212
#1904221
#1904229
#1904238
#1904247
0d!
#1904263
1`!
#1904274
0e!
#1904290
1f!
#1904299
#1904309
0i!
#1904325
1l!
#1904335
0b!
#1904351
1o!
#1904361
#1904370
#1904378
#1904387
#1904396
0m!
#1904412
1g!
#1904422
#1904431
#1904439
#1904448
#1904456
#1904465
#1904473
#1904483
0l!
#1904499
1h!
#1904509
0o!
#1904525
1n!
#1904535
#1904544
0j!
#1904560
1c!
#1904572
1!
#1904573
0!
#1904578
#1904590
0k!
#1904606
1_!
#1904616
#1904625
0g!
#1904641
1a!
#1904651
#1904660
#1904668
#1904677
#1904686
0p!
#1904702
1d!
#1904713
0`!
#1904729
1e!
#1904738
#1904747
#1904755
#1904764
#1904773
#1904782
0a!
#1904798
1i!
#1904808
#1904816
#1904825
#1904834
0h!
#1904850
1b!
#1904861
0n!
#1904877
1m!
#1904887
0d!
#1904903
1l!
#1904913
#1904921
#1904930
#1904939
#1904947
#1904956
#1904964
#1904974
0c!
#1904990
1o!
#1905000
0f!
#1905016
1j!
#1905027
0i!
#1905043
1k!
#1905052
#1905061
#1905070
#1905078
#1905088
0l!
#1905104
1g!
#1905114
0_!
#1905130
1p!
#1905140
#1905148
#1905157
#1905166
#1905174
#1905183
0k!
#1905200
1`!
#1905209
#1905218
#1905226
#1905236
0b!
#1905252
1a!
#1905262
0m!
#1905278
1h!
#1905289
0g!
#1905305
1n!
#1905314
#1905323
#1905331
#1905340
#1905349
#1905357
#1905366
0j!
#1905383
1d!
#1905392
#1905401
0o!
#1905418
1c!
#1905427
#1905436
#1905445
#1905455
1!
#1905456
0!
#1905461
#1905473
#1905482
0`!
#1905498
1f!
#1905508
#1905516
#1905525
#1905533
#1905543
0n!
#1905559
1i!
#1905569
0d!
#1905585
1l!
#1905596
0a!
#1905612
1_!
#1905622
0h!
#1905638
1k!
#1905648
#1905656
#1905665
#1905674
0c!
#1905690
1b!
#1905700
#1905709
#1905717
#1905727
0p!
#1905743
1m!
#1905752
#1905762
0f!
#1905778
1g!
#1905787
#1905797
0i!
#1905813
1j!
#1905823
#1905831
#1905840
#1905849
0e!
#1905865
1o!
#1905875
0l!
#1905892
1`!
#1905902
0_!
#1905918
1n!
#1905928
#1905936
#1905945
#1905953
#1905962
#1905971
0m!
#1905988
1d!
#1905997
#1906006
#1906015
0b!
#1906031
1a!
#1906041
#1906050
0g!
#1906066
1h!
#1906076
#1906085
#1906093
#1906102
#1906110
#1906120
0j!
#1906136
1c!
#1906145
#1906154
#1906163
0n!
#1906179
1p!
#1906190
0k!
#1906206
1f!
#1906216
0h!
#1906232
1i!
#1906242
#1906251
#1906259
#1906268
0o!
#1906285
1e!
#1906294
#1906303
#1906312
0d!
#1906328
1l!
#1906338
#1906347
0p!
#1906363
1_!
#1906373
#1906381
#1906390
#1906399
#1906407
#1906417
0e!
#1906433
1m!
#1906443
0`!
#1906459
1b!
#1906469
#1906478
0a!
#1906494
1g!
#1906504
#1906512
#1906521
#1906531
1!
#1906532
0!
#1906537
#1906549
#1906558
0i!
#1906575
1j!
#1906585
0f!
#1906601
1n!
#1906611
#1906619
#1906628
#1906636
#1906646
0l!
#1906662
1k!
#1906672
#1906680
#1906689
0_!
#1906706
1h!
#1906715
#1906724
#1906733
0j!
#1906749
1o!
#1906759
#1906767
#1906776
#1906785
#1906793
#1906802
0g!
#1906819
1d!
#1906828
#1906837
#1906845
#1906855
0h!
#1906871
1p!
#1906881
0n!
#1906897
1e!
#1906908
0o!
#1906924
1`!
#1906933
#1906942
#1906951
#1906960
0m!
#1906976
1a!
#1906986
#1906994
#1907004
0k!
#1907020
1i!
#1907029
#1907039
0p!
#1907055
1f!
#1907064
#1907073
#1907082
#1907090
#1907099
#1907108
0a!
#1907124
1l!
#1907135
0b!
#1907151
1_!
#1907160
#1907170
0d!
#1907186
1j!
#1907196
0c!
#1907212
1g!
#1907222
#1907230
#1907239
#1907248
0e!
#1907264
1h!
#1907275
0`!
#1907291
1n!
#1907301
#1907309
#1907318
#1907326
#1907335
#1907344
0j!
#1907360
1o!
#1907370
#1907379
#1907387
#1907396
0f!
#1907413
1m!
#1907422
#1907431
#1907440
0n!
#1907456
1k!
#1907466
#1907475
#1907483
#1907492
#1907500
#1907510
0o!
#1907526
1p!
#1907537
1!
#1907538
0!
#1907543
#1907556
0i!
#1907572
1a!
#1907581
#1907590
#1907599
0m!
#1907615
1b!
#1907626
0h!
#1907642
1d!
#1907652
0g!
#1907668
1c!
#1907678
#1907686
#1907695
#1907704
#1907712
#1907722
0k!
#1907738
1e!
#1907747
#1907756
#1907764
#1907773
#1907782
#1907790
#1907799
0l!
#1907816
1`!
#1907825
#1907834
0c!
#1907851
1j!
#1907861
0a!
#1907877
1f!
#1907887
#1907896
0b!
#1907912
1n!
#1907922
0d!
#1907939
1o!
#1907949
0p!
#1907965
1i!
#1907975
#1907983
#1907993
0_!
#1908009
1m!
#1908018
#1908027
#1908036
#1908044
#1908054
0f!
#1908070
1h!
#1908079
#1908088
#1908097
#1908106
0j!
#1908122
1g!
#1908132
0`!
#1908148
1k!
#1908158
#1908167
#1908175
#1908184
#1908192
#1908202
0e!
#1908218
1l!
#1908227
#1908236
#1908245
#1908254
0n!
#1908270
1c!
#1908280
0o!
#1908296
1a!
#1908307
0g!
#1908323
1b!
#1908333
#1908341
#1908350
#1908358
#1908367
#1908376
#1908384
#1908393
0i!
#1908410
1d!
#1908421
1!
#1908422
0!
#1908427
#1908439
0h!
#1908455
1p!
#1908466
0m!
#1908482
1_!
#1908492
0l!
#1908508
1f!
#1908518
#1908527
#1908535
#1908544
#1908552
#1908561
#1908570
#1908578
#1908587
#1908596
0c!
#1908612
1j!
#1908622
0a!
#1908639
1`!
#1908649
0f!
#1908665
1e!
#1908675
#1908683
#1908692
#1908701
0b!
#1908717
1n!
#1908727
#1908736
#1908745
0d!
#1908761
1o!
#1908771
#1908780
0j!
#1908796
1g!
#1908806
#1908814
#1908823
#1908831
#1908841
0k!
#1908857
1i!
#1908866
#1908875
#1908884
0n!
#1908901
1h!
#1908910
#1908919
0o!
#1908936
1m!
#1908945
#1908955
0p!
#1908971
1l!
#1908981
0_!
#1908997
1c!
#1909007
#1909015
#1909024
#1909033
#1909041
#1909050
#1909058
#1909068
0h!
#1909084
1a!
#1909093
#1909103
0e!
#1909119
1f!
#1909129
0`!
#1909145
1b!
#1909156
0g!
#1909172
1d!
#1909181
#1909190
#1909199
0i!
#1909216
1j!
#1909225
#1909234
#1909242
#1909252
0l!
#1909268
1k!
#1909277
#1909287
0m!
#1909303
1n!
#1909312
#1909321
#1909330
#1909338
#1909348
0j!
#1909364
1o!
#1909374
0c!
#1909390
1p!
#1909400
#1909409
0a!
#1909425
1_!
#1909435
#1909443
#1909452
#1909461
0f!
#1909478
1h!
#1909487
#1909496
#1909504
#1909513
#1909523
1!
#1909524
0!
#1909529
#1909542
0d!
#1909558
1e!
#1909568
0b!
#1909584
1`!
#1909594
#1909602
#1909611
#1909620
#1909629
0n!
#1909645
1g!
#1909655
#1909663
#1909672
#1909681
0k!
#1909697
1i!
#1909707
#1909716
0h!
#1909732
1l!
#1909742
#1909751
#1909759
#1909768
#1909777
0o!
#1909793
1m!
#1909804
0p!
#1909820
1j!
#1909829
#1909839
0e!
#1909855
1c!
#1909864
#1909873
#1909882
#1909890
#1909900
0l!
#1909916
1a!
#1909926
0`!
#1909942
1f!
#1909952
#1909960
#1909969
#1909978
#1909987
0g!
#1910003
1d!
#1910013
0_!
#1910029
1b!
#1910039
#1910048
0c!
#1910064
1n!
#1910074
#1910083
#1910091
#1910100
#1910109
0a!
#1910125
1k!
#1910136
0f!
#1910152
1h!
#1910161
#1910170
#1910179
#1910187
#1910197
0d!
#1910213
1o!
#1910222
#1910231
#1910239
#1910249
0n!
#1910265
1p!
#1910274
#1910283
#1910292
0k!
#1910309
1e!
#1910318
#1910327
#1910335
#1910344
#1910353
#1910362
0o!
#1910378
1l!
#1910388
0b!
#1910404
1`!
#1910414
#1910423
0p!
#1910439
1g!
#1910450
0h!
#1910466
1_!
#1910476
0e!
#1910492
1c!
#1910502
#1910511
#1910520
0i!
#1910536
1a!
#1910546
#1910554
#1910563
#1910572
#1910581
0g!
#1910597
1f!
#1910607
#1910615
#1910624
#1910632
#1910642
0m!
#1910658
1d!
#1910667
#1910677
0c!
#1910693
1n!
#1910702
#1910712
0l!
#1910728
1k!
#1910739
1!
#1910740
0!
#1910745
#1910757
#1910766
#1910774
#1910783
#1910791
#1910801
0f!
#1910817
1o!
#1910827
0_!
#1910843
1b!
#1910853
#1910862
0n!
#1910878
1p!
#1910888
#1910897
#1910905
#1910914
#1910923
0`!
#1910939
1h!
#1910950
0a!
#1910966
1e!
#1910975
#1910984
#1910992
#1911001
#1911010
#1911019
0p!
#1911035
1i!
#1911045
#1911053
#1911062
#1911071
0o!
#1911087
1g!
#1911098
0b!
#1911114
1m!
#1911124
0h!
#1911140
1c!
#1911150
#1911158
#1911167
#1911176
#1911184
#1911193
#1911202
0j!
#1911218
1l!
#1911228
#1911237
0k!
#1911253
1f!
#1911263
#1911272
#1911280
#1911289
0c!
#1911306
1_!
#1911316
0e!
#1911332
1n!
#1911342
#1911351
0i!
#1911367
1`!
#1911377
#1911385
#1911394
#1911402
#1911411
#1911420
#1911429
0g!
#1911445
1a!
#1911455
0m!
#1911472
1p!
#1911482
0f!
#1911498
1o!
#1911509
1!
#1911510
0!
#1911515
#1911527
#1911536
0d!
#1911553
1b!
#1911563
0l!
#1911579
1h!
#1911589
#1911598
0n!
#1911614
1j!
#1911624
#1911632
#1911641
#1911649
#1911659
0_!
#1911675
1k!
#1911685
#1911693
#1911702
#1911710
#1911719
#1911728
0`!
#1911744
1c!
#1911754
#1911763
#1911771
#1911780
#1911789
0j!
#1911805
1e!
#1911815
#1911824
0a!
#1911840
1i!
#1911850
0p!
#1911867
1g!
#1911877
0o!
#1911893
1m!
#1911903
#1911912
0b!
#1911928
1f!
#1911939
0h!
#1911955
1d!
#1911964
#1911973
#1911982
#1911991
0k!
#1912007
1l!
#1912017
#1912025
#1912034
#1912042
#1912051
#1912060
#1912068
#1912077
#1912086
0c!
#1912102
1n!
#1912113
0g!
#1912129
1_!
#1912139
0i!
#1912155
1`!
#1912165
#1912173
#1912182
#1912191
0e!
#1912207
1j!
#1912217
#1912226
0m!
#1912242
1a!
#1912252
#1912261
0l!
#1912278
1p!
#1912287
#1912296
#1912304
#1912313
#1912322
#1912331
0j!
#1912347
1o!
#1912357
0d!
#1912374
1b!
#1912383
#1912392
0f!
#1912409
1h!
#1912418
#1912427
#1912436
0n!
#1912452
1k!
#1912462
#1912471
#1912479
#1912488
#1912496
#1912506
0`!
#1912522
1c!
#1912532
0_!
#1912548
1g!
#1912558
#1912567
0a!
#1912583
1i!
#1912593
#1912602
0k!
#1912618
1e!
#1912628
#1912637
#1912645
#1912656
1!
#1912657
0!
#1912661
#1912673
#1912682
#1912690
#1912699
#1912708
#1912716
#1912726
0e!
#1912742
1m!
#1912752
0g!
#1912768
1l!
#1912778
0c!
#1912795
1j!
#1912804
#1912813
#1912821
#1912831
0o!
#1912847
1d!
#1912856
#1912865
#1912874
0i!
#1912890
1f!
#1912901
0p!
#1912917
1n!
#1912927
#1912935
#1912944
#1912953
0h!
#1912969
1`!
#1912980
0b!
#1912996
1_!
#1913005
#1913014
#1913023
#1913031
#1913040
#1913049
0m!
#1913065
1a!
#1913076
0l!
#1913092
1k!
#1913101
#1913110
#1913119
#1913127
#1913136
0f!
#1913153
1e!
#1913162
#1913171
#1913179
#1913189
0j!
#1913205
1g!
#1913214
#1913223
#1913232
0a!
#1913248
1c!
#1913258
#1913267
#1913275
#1913284
#1913292
#1913302
0e!
#1913318
1o!
#1913328
0n!
#1913344
1i!
#1913354
#1913363
0g!
#1913379
1p!
#1913390
0k!
#1913406
1h!
#1913415
#1913425
0d!
#1913441
1b!
#1913451
#1913460
0c!
#1913476
1m!
#1913486
#1913494
#1913505
1!
#1913506
0!
#1913510
#1913522
#1913531
#1913539
#1913548
#1913557
#1913566
0p!
#1913582
1l!
#1913592
#1913600
#1913609
0i!
#1913626
1f!
#1913636
0`!
#1913652
1j!
#1913662
#1913671
0m!
#1913687
1a!
#1913697
#1913705
#1913714
#1913723
#1913731
#1913740
0o!
#1913757
1e!
#1913766
#1913776
0l!
#1913792
1n!
#1913802
0h!
#1913818
1g!
#1913828
#1913836
#1913845
#1913854
#1913862
#1913871
0b!
#1913888
1k!
#1913898
0_!
#1913914
1d!
#1913924
#1913933
0j!
#1913949
1c!
#1913959
0f!
#1913976
1p!
#1913985
#1913994
#1914002
#1914011
#1914020
0a!
#1914036
1i!
#1914047
0g!
#1914063
1`!
#1914073
#1914081
#1914090
#1914098
#1914108
0n!
#1914124
1m!
#1914133
#1914143
0e!
#1914159
1o!
#1914169
#1914177
#1914186
#1914194
#1914203
#1914211
#1914220
#1914229
0k!
#1914245
1l!
#1914256
0d!
#1914272
1h!
#1914282
0i!
#1914298
1b!
#1914308
#1914317
0p!
#1914333
1_!
#1914344
0c!
#1914360
1j!
#1914370
#1914378
#1914387
#1914395
#1914404
#1914413
#1914422
0m!
#1914438
1f!
#1914448
#1914456
#1914466
0b!
#1914482
1a!
#1914491
#1914500
#1914509
#1914517
#1914526
#1914535
0o!
#1914551
1g!
#1914563
1!
#1914564
0!
#1914568
#1914581
0l!
#1914597
1n!
#1914607
#1914615
#1914625
0f!
#1914641
1e!
#1914651
0`!
#1914667
1k!
#1914677
0a!
#1914694
1d!
#1914703
#1914712
#1914720
#1914729
#1914738
#1914746
#1914756
0_!
#1914772
1i!
#1914781
#1914790
#1914799
0e!
#1914815
1p!
#1914825
#1914833
#1914843
0d!
#1914859
1c!
#1914869
#1914877
#1914886
#1914895
0j!
#1914911
1m!
#1914921
#1914929
#1914939
0g!
#1914955
1b!
#1914964
#1914974
0p!
#1914990
1o!
#1915000
0k!
#1915016
1l!
#1915026
#1915035
0n!
#1915051
1f!
#1915061
#1915070
0i!
#1915087
1`!
#1915096
#1915105
#1915113
#1915122
#1915131
#1915140
0m!
#1915156
1a!
#1915166
0h!
#1915182
1_!
#1915192
#1915201
0f!
#1915217
1e!
#1915227
#1915236
#1915244
#1915254
0c!
#1915270
1d!
#1915279
#1915288
#1915297
#1915305
#1915314
#1915322
#1915332
0o!
#1915348
1j!
#1915358
0l!
#1915374
1g!
#1915384
#1915393
0b!
#1915409
1p!
#1915419
#1915428
0d!
#1915444
1k!
#1915454
#1915463
#1915472
0a!
#1915488
1n!
#1915498
#1915508
1!
#1915509
0!
#1915514
#1915526
#1915534
#1915543
#1915552
#1915561
0j!
#1915577
1i!
#1915587
#1915595
#1915604
#1915612
#1915622
0e!
#1915638
1m!
#1915647
#1915657
0k!
#1915673
1h!
#1915682
#1915692
0p!
#1915708
1f!
#1915718
#1915726
#1915735
#1915743
#1915752
#1915760
#1915770
0i!
#1915786
1c!
#1915796
0g!
#1915812
1o!
#1915822
#1915831
0m!
#1915847
1l!
#1915858
0_!
#1915874
1b!
#1915884
0h!
#1915900
1d!
#1915910
#1915919
#1915928
0n!
#1915944
1a!
#1915954
#1915962
#1915971
#1915980
#1915988
#1915997
#1916006
0c!
#1916022
1j!
#1916032
0o!
#1916049
1e!
#1916059
0d!
#1916075
1k!
#1916085
#1916093
#1916102
#1916111
#1916119
#1916128
0f!
#1916145
1p!
#1916155
0`!
#1916171
1i!
#1916181
#1916190
0j!
#1916206
1g!
#1916216
#1916224
#1916233
#1916242
#1916251
0k!
#1916267
1m!
#1916277
0e!
#1916293
1_!
#1916303
#1916312
#1916320
#1916329
#1916338
0p!
#1916354
1h!
#1916364
#1916373
#1916381
#1916390
0g!
#1916406
1n!
#1916416
#1916425
#1916434
0m!
#1916450
1c!
#1916460
#1916468
#1916477
#1916486
#1916494
#1916503
0h!
#1916520
1o!
#1916531
1!
#1916532
0!
#1916537
#1916549
0l!
#1916566
1d!
#1916575
#1916584
#1916593
0n!
#1916609
1f!
#1916619
0_!
#1916636
1`!
#1916646
0i!
#1916662
1j!
#1916672
#1916680
#1916689
#1916698
#1916706
#1916715
0c!
#1916732
1k!
#1916741
#1916750
#1916758
#1916767
#1916775
#1916784
#1916793
0a!
#1916809
1e!
#1916819
#1916828
0j!
#1916844
1p!
#1916855
0d!
#1916871
1g!
#1916881
#1916890
0f!
#1916906
1m!
#1916916
0`!
#1916932
1h!
#1916943
0o!
#1916959
1l!
#1916969
#1916977
#1916987
0b!
#1917003
1n!
#1917012
#1917021
#1917029
#1917038
#1917047
0g!
#1917064
1_!
#1917073
#1917082
#1917090
#1917100
0p!
#1917116
1i!
#1917126
0e!
#1917142
1c!
#1917152
#1917160
#1917169
#1917178
#1917186
#1917196
0k!
#1917212
1a!
#1917221
#1917230
#1917238
#1917248
0m!
#1917264
1j!
#1917274
0h!
#1917290
1d!
#1917301
0i!
#1917317
1f!
#1917326
#1917335
#1917344
#1917352
#1917361
#1917369
#1917378
#1917387
0l!
#1917403
1`!
#1917415
1!
#1917416
0!
#1917421
#1917433
0_!
#1917449
1o!
#1917460
0n!
#1917476
1b!
#1917486
0a!
#1917502
1g!
#1917512
#1917521
#1917529
#1917538
#1917546
#1917555
#1917563
#1917572
#1917581
#1917590
0j!
#1917606
1p!
#1917616
0d!
#1917632
1e!
#1917643
0g!
#1917659
1k!
#1917669
#1917677
#1917686
#1917695
0f!
#1917711
1m!
#1917721
#1917729
#1917739
0`!
#1917755
1h!
#1917765
#1917774
0p!
#1917790
1i!
#1917800
#1917808
#1917817
#1917825
#1917835
0c!
#1917851
1l!
#1917860
#1917869
#1917878
0m!
#1917894
1_!
#1917904
#1917913
0h!
#1917929
1n!
#1917939
#1917948
0o!
#1917965
1a!
#1917975
0b!
#1917991
1j!
#1918001
#1918009
#1918018
#1918026
#1918035
#1918044
#1918052
#1918062
0_!
#1918078
1d!
#1918087
#1918097
0k!
#1918113
1g!
#1918123
0e!
#1918139
1f!
#1918150
0i!
#1918166
1`!
#1918175
#1918184
#1918193
0l!
#1918209
1p!
#1918219
#1918228
#1918236
#1918245
0a!
#1918262
1c!
#1918271
#1918280
0n!
#1918297
1m!
#1918306
#1918315
#1918324
#1918332
#1918341
0p!
#1918358
1h!
#1918368
0j!
#1918384
1o!
#1918394
#1918403
0d!
#1918419
1b!
#1918429
#1918437
#1918446
#1918455
0g!
#1918471
1_!
#1918481
#1918490
#1918498
#1918507
#1918517
1!
#1918518
0!
#1918523
#1918535
0`!
#1918552
1k!
#1918562
0f!
#1918578
1e!
#1918588
#1918596
#1918605
#1918614
#1918623
0m!
#1918639
1i!
#1918649
#1918657
#1918666
#1918675
0c!
#1918691
1l!
#1918701
#1918710
0_!
#1918726
1a!
#1918736
#1918745
#1918753
#1918762
#1918771
0h!
#1918787
1n!
#1918797
0o!
#1918814
1p!
#1918823
#1918832
0k!
#1918849
1j!
#1918858
#1918867
#1918875
#1918884
#1918893
0a!
#1918910
1d!
#1918920
0e!
#1918936
1g!
#1918946
#1918954
#1918963
#1918971
#1918981
0i!
#1918997
1`!
#1919007
0b!
#1919023
1f!
#1919033
#1919042
0j!
#1919058
1m!
#1919068
#1919077
#1919085
#1919094
#1919103
0d!
#1919119
1c!
#1919130
0g!
#1919146
1_!
#1919155
#1919164
#1919173
#1919181
#1919190
0`!
#1919207
1h!
#1919216
#1919225
#1919233
#1919243
0m!
#1919259
1o!
#1919268
#1919277
#1919286
0c!
#1919302
1k!
#1919312
#1919321
#1919329
#1919338
#1919346
#1919356
0h!
#1919372
1a!
#1919382
0f!
#1919398
1e!
#1919408
#1919417
0o!
#1919433
1i!
#1919444
0_!
#1919460
1b!
#1919470
0k!
#1919486
1j!
#1919496
#1919505
#1919514
0l!
#1919530
1d!
#1919540
#1919548
#1919557
#1919565
#1919575
0i!
#1919591
1g!
#1919600
#1919609
#1919618
#1919626
#1919635
0n!
#1919652
1`!
#1919661
#1919671
0j!
#1919687
1m!
#1919696
#1919706
0a!
#1919722
1c!
#1919733
1!
#1919734
0!
#1919739
#1919751
#1919760
#1919768
#1919777
#1919785
#1919795
0g!
#1919811
1h!
#1919821
0b!
#1919837
1f!
#1919847
#1919856
0m!
#1919872
1o!
#1919882
#1919890
#1919899
#1919908
#1919917
0e!
#1919933
1_!
#1919943
0d!
#1919960
1k!
#1919969
#1919978
#1919986
#1919995
#1920004
#1920013
0o!
#1920029
1l!
#1920039
#1920047
#1920056
#1920065
0h!
#1920081
1i!
#1920091
0f!
#1920108
1n!
#1920118
0_!
#1920134
1j!
#1920144
#1920152
#1920161
#1920169
#1920178
#1920187
#1920196
0p!
#1920212
1a!
#1920222
#1920231
0c!
#1920247
1g!
#1920257
#1920265
#1920274
#1920283
0j!
#1920299
1b!
#1920310
0k!
#1920326
1m!
#1920335
#1920345
0l!
#1920361
1e!
#1920371
#1920379
#1920388
#1920396
#1920405
#1920414
#1920423
0i!
#1920439
1d!
#1920449
0n!
#1920465
1o!
#1920476
0g!
#1920492
1h!
#1920503
1!
#1920504
0!
#1920509
#1920521
#1920530
0`!
#1920546
1f!
#1920557
0a!
#1920573
1_!
#1920582
#1920592
0m!
#1920608
1p!
#1920618
#1920626
#1920635
#1920643
#1920653
0b!
#1920669
1c!
#1920678
#1920687
#1920696
#1920704
#1920713
#1920722
0e!
#1920738
1j!
#1920748
#1920756
#1920765
#1920774
#1920783
0p!
#1920799
1k!
#1920809
#1920818
0d!
#1920834
1l!
#1920844
0o!
#1920860
1i!
#1920871
0h!
#1920887
1n!
#1920897
#1920906
0f!
#1920922
1g!
#1920932
0_!
#1920949
1`!
#1920958
#1920967
#1920975
#1920985
0c!
#1921001
1a!
#1921011
#1921019
#1921028
#1921036
#1921045
#1921053
#1921062
#1921071
#1921080
0j!
#1921096
1m!
#1921106
0i!
#1921123
1b!
#1921133
0l!
#1921149
1e!
#1921159
#1921167
#1921176
#1921185
0k!
#1921201
1p!
#1921211
#1921220
0n!
#1921236
1d!
#1921246
#1921255
0a!
#1921271
1o!
#1921281
#1921290
#1921298
#1921307
#1921315
#1921325
0p!
#1921341
1h!
#1921351
0`!
#1921367
1f!
#1921377
#1921386
0g!
#1921402
1_!
#1921412
#1921421
#1921430
0m!
#1921446
1c!
#1921456
#1921464
#1921473
#1921482
#1921490
#1921499
0e!
#1921516
1j!
#1921526
0b!
#1921542
1i!
#1921552
#1921561
0d!
#1921577
1l!
#1921587
#1921596
0c!
#1921612
1k!
#1921622
#1921630
#1921639
#1921650
1!
#1921651
0!
#1921655
#1921667
#1921676
#1921684
#1921693
#1921701
#1921710
#1921719
0k!
#1921736
1n!
#1921746
0i!
#1921762
1a!
#1921772
0j!
#1921788
1p!
#1921798
#1921807
#1921815
#1921825
0h!
#1921841
1`!
#1921850
#1921859
#1921868
0l!
#1921884
1g!
#1921895
0o!
#1921911
1m!
#1921920
#1921929
#1921938
#1921947
0_!
#1921963
1e!
#1921973
0f!
#1921990
1b!
#1921999
#1922008
#1922016
#1922025
#1922034
#1922043
0n!
#1922059
1d!
#1922069
0a!
#1922086
1c!
#1922095
#1922104
#1922112
#1922121
#1922130
0g!
#1922146
1k!
#1922156
#1922165
#1922173
#1922182
0p!
#1922199
1i!
#1922208
#1922217
#1922226
0d!
#1922242
1j!
#1922252
#1922260
#1922269
#1922278
#1922286
#1922296
0k!
#1922312
1h!
#1922322
0m!
#1922338
1l!
#1922348
#1922357
0i!
#1922373
1o!
#1922383
0c!
#1922400
1_!
#1922409
#1922419
0`!
#1922435
1f!
#1922444
#1922454
0j!
#1922470
1n!
#1922479
#1922488
#1922498
1!
#1922499
0!
#1922504
#1922516
#1922525
#1922533
#1922542
#1922550
#1922560
0o!
#1922576
1a!
#1922585
#1922594
#1922603
0l!
#1922619
1g!
#1922630
0e!
#1922646
1p!
#1922656
#1922665
0n!
#1922681
1d!
#1922691
#1922699
#1922708
#1922716
#1922725
#1922734
0h!
#1922750
1k!
#1922760
#1922769
0a!
#1922786
1m!
#1922796
0_!
#1922812
1i!
#1922822
#1922830
#1922839
#1922847
#1922856
#1922865
0f!
#1922881
1c!
#1922892
0b!
#1922908
1`!
#1922917
#1922927
0p!
#1922943
1j!
#1922953
0g!
#1922969
1o!
#1922979
#1922988
#1922996
#1923005
#1923014
0d!
#1923030
1l!
#1923041
0i!
#1923057
1e!
#1923066
#1923075
#1923084
#1923092
#1923101
0m!
#1923118
1n!
#1923127
#1923137
0k!
#1923153
1h!
#1923162
#1923171
#1923180
#1923188
#1923197
#1923205
#1923214
#1923223
0c!
#1923239
1a!
#1923250
0`!
#1923266
1_!
#1923276
0l!
#1923292
1f!
#1923302
#1923311
0o!
#1923327
1b!
#1923338
0j!
#1923354
1p!
#1923363
#1923372
#1923381
#1923389
#1923398
#1923406
#1923416
0n!
#1923432
1g!
#1923441
#1923450
#1923459
0f!
#1923476
1d!
#1923485
#1923494
#1923502
#1923511
#1923520
#1923529
0h!
#1923545
1i!
#1923556
1!
#1923557
0!
#1923562
#1923575
0a!
#1923591
1m!
#1923601
#1923609
#1923618
0g!
#1923635
1k!
#1923645
0e!
#1923661
1c!
#1923671
0d!
#1923687
1`!
#1923697
#1923706
#1923714
#1923723
#1923731
#1923740
#1923749
0b!
#1923766
1l!
#1923775
#1923784
#1923793
0k!
#1923809
1o!
#1923819
#1923827
#1923837
0`!
#1923853
1j!
#1923862
#1923871
#1923880
#1923889
0p!
#1923905
1n!
#1923915
#1923923
#1923932
0i!
#1923949
1f!
#1923958
#1923968
0o!
#1923984
1h!
#1923994
0c!
#1924010
1a!
#1924020
#1924029
0m!
#1924045
1g!
#1924055
#1924064
0l!
#1924080
1e!
#1924090
#1924099
#1924107
#1924116
#1924124
#1924134
0n!
#1924150
1d!
#1924160
0_!
#1924176
1b!
#1924186
#1924195
0g!
#1924211
1k!
#1924221
#1924230
#1924238
#1924247
0j!
#1924264
1`!
#1924273
#1924282
#1924290
#1924299
#1924308
#1924316
#1924325
0h!
#1924342
1p!
#1924352
0a!
#1924368
1i!
#1924378
#1924387
0f!
#1924403
1o!
#1924413
#1924422
0`!
#1924438
1c!
#1924448
#1924456
#1924466
0d!
#1924482
1m!
#1924492
#1924502
1!
#1924503
0!
#1924508
#1924520
#1924528
#1924537
#1924545
#1924555
0p!
#1924571
1l!
#1924580
#1924589
#1924598
#1924606
#1924615
0k!
#1924632
1n!
#1924641
#1924651
0c!
#1924667
1_!
#1924676
#1924686
0o!
#1924702
1g!
#1924711
#1924720
#1924729
#1924737
#1924746
#1924754
#1924764
0l!
#1924780
1j!
#1924790
0i!
#1924806
1h!
#1924816
#1924825
0n!
#1924841
1a!
#1924852
0b!
#1924868
1f!
#1924878
0_!
#1924894
1`!
#1924904
#1924912
#1924922
0m!
#1924938
1d!
#1924948
#1924956
#1924965
#1924973
#1924982
#1924991
#1925000
0j!
#1925016
1p!
#1925026
0h!
#1925042
1k!
#1925053
0`!
#1925069
1c!
#1925079
#1925087
#1925096
#1925104
#1925113
#1925122
0g!
#1925138
1o!
#1925149
0e!
#1925165
1l!
#1925175
#1925184
0p!
#1925200
1i!
#1925210
#1925218
#1925227
#1925235
#1925245
0c!
#1925261
1n!
#1925271
0k!
#1925287
1b!
#1925297
#1925305
#1925314
#1925323
#1925332
0o!
#1925348
1_!
#1925358
#1925366
#1925375
#1925384
0i!
#1925400
1m!
#1925410
#1925419
#1925428
0n!
#1925444
1j!
#1925454
#1925462
#1925471
#1925479
#1925488
#1925497
0_!
#1925513
1h!
#1925524
0l!
#1925540
1`!
#1925550
#1925559
0m!
#1925575
1g!
#1925585
0b!
#1925601
1e!
#1925612
0j!
#1925628
1p!
#1925638
#1925646
#1925655
0a!
#1925672
1c!
#1925681
#1925690
#1925698
#1925707
#1925716
0g!
#1925732
1k!
#1925742
#1925751
#1925759
#1925768
#1925777
0d!
#1925793
1o!
#1925803
#1925812
0p!
#1925828
1i!
#1925838
#1925847
0h!
#1925863
1n!
#1925875
1!
#1925876
0!
#1925881
#1925893
#1925901
#1925910
#1925918
#1925927
#1925936
0k!
#1925952
1_!
#1925963
0e!
#1925979
1l!
#1925988
#1925998
0i!
#1926014
1m!
#1926023
#1926032
#1926041
#1926049
#1926059
0`!
#1926075
1b!
#1926085
0c!
#1926101
1j!
#1926111
#1926119
#1926128
#1926137
#1926145
#1926154
0m!
#1926171
1a!
#1926180
#1926189
#1926197
#1926207
0_!
#1926223
1g!
#1926233
0l!
#1926249
1d!
#1926260
0b!
#1926276
1p!
#1926285
#1926294
#1926302
#1926311
#1926320
#1926328
#1926338
0f!
#1926354
1h!
#1926363
#1926373
0n!
#1926389
1k!
#1926398
#1926407
#1926416
#1926426
1!
#1926427
0!
#1926432
#1926444
#1926453
0a!
#1926469
1e!
#1926479
#1926487
#1926496
#1926504
#1926514
0p!
#1926530
1i!
#1926540
0h!
#1926556
1`!
#1926567
0g!
#1926583
1c!
#1926593
0d!
#1926609
1m!
#1926619
#1926628
#1926636
#1926645
0k!
#1926662
1_!
#1926671
#1926680
#1926688
#1926698
0j!
#1926714
1l!
#1926723
#1926733
0e!
#1926749
1b!
#1926758
#1926768
0i!
#1926784
1f!
#1926794
#1926802
#1926811
#1926820
0o!
#1926836
1n!
#1926846
0`!
#1926863
1a!
#1926873
0c!
#1926889
1p!
#1926899
#1926907
#1926916
#1926925
#1926933
#1926942
0l!
#1926959
1h!
#1926968
#1926977
#1926986
0_!
#1927002
1g!
#1927012
#1927021
0b!
#1927037
1d!
#1927047
#1927056
#1927064
#1927073
#1927081
#1927091
0f!
#1927107
1k!
#1927116
#1927125
#1927134
0p!
#1927150
1j!
#1927161
0m!
#1927177
1e!
#1927187
0d!
#1927203
1i!
#1927213
#1927222
#1927230
#1927239
0n!
#1927256
1o!
#1927265
#1927274
#1927283
0h!
#1927299
1`!
#1927309
#1927318
0j!
#1927334
1c!
#1927344
#1927352
#1927361
#1927370
#1927378
#1927388
0o!
#1927404
1l!
#1927414
0a!
#1927430
1_!
#1927440
#1927449
0g!
#1927465
1b!
#1927475
#1927484
#1927492
#1927503
1!
#1927504
0!
#1927508
#1927520
#1927529
0i!
#1927546
1f!
#1927556
0e!
#1927572
1p!
#1927582
#1927590
#1927599
#1927608
#1927617
0`!
#1927633
1m!
#1927643
#1927651
#1927660
0c!
#1927677
1d!
#1927686
#1927695
#1927704
0f!
#1927720
1n!
#1927730
#1927738
#1927747
#1927756
#1927764
#1927774
0b!
#1927790
1h!
#1927799
#1927808
#1927816
#1927826
0d!
#1927842
1j!
#1927852
0p!
#1927868
1o!
#1927879
0n!
#1927895
1a!
#1927904
#1927913
#1927922
#1927931
0l!
#1927947
1g!
#1927957
#1927965
#1927975
0m!
#1927991
1i!
#1928000
#1928010
0j!
#1928026
1e!
#1928035
#1928044
#1928053
#1928061
#1928070
#1928079
0g!
#1928095
1`!
#1928106
0_!
#1928122
1c!
#1928131
#1928141
0h!
#1928157
1f!
#1928167
0k!
#1928183
1b!
#1928193
#1928201
#1928210
#1928219
0o!
#1928236
1d!
#1928246
0a!
#1928262
1p!
#1928272
#1928280
#1928289
#1928297
#1928306
#1928315
0f!
#1928331
1n!
#1928341
#1928350
#1928358
#1928368
0e!
#1928384
1l!
#1928393
#1928402
#1928411
0p!
#1928427
1m!
#1928437
#1928446
#1928454
#1928463
#1928471
#1928481
0n!
#1928497
1j!
#1928507
0b!
#1928523
1g!
#1928533
#1928542
0l!
#1928558
1_!
#1928569
0d!
#1928585
1h!
#1928595
0m!
#1928611
1k!
#1928621
#1928629
#1928639
0i!
#1928655
1o!
#1928665
#1928673
#1928682
#1928690
#1928700
0_!
#1928716
1a!
#1928725
#1928734
#1928743
#1928751
#1928760
0`!
#1928777
1f!
#1928786
#1928795
0k!
#1928812
1e!
#1928821
#1928831
0j!
#1928847
1p!
#1928858
1!
#1928859
0!
#1928864
#1928876
#1928884
#1928893
#1928902
#1928910
#1928920
0a!
#1928936
1n!
#1928946
0h!
#1928962
1b!
#1928972
#1928981
0e!
#1928997
1l!
#1929007
#1929015
#1929024
#1929033
#1929042
0g!
#1929058
1d!
#1929068
0o!
#1929085
1m!
#1929094
#1929103
#1929111
#1929120
#1929129
#1929138
0l!
#1929154
1i!
#1929164
#1929172
#1929181
#1929190
0n!
#1929206
1_!
#1929216
0b!
#1929233
1`!
#1929243
0d!
#1929259
1k!
#1929269
#1929277
#1929286
#1929294
#1929303
#1929312
#1929321
0c!
#1929337
1j!
#1929347
#1929356
0p!
#1929372
1a!
#1929382
#1929390
#1929399
#1929409
1!
#1929410
0!
#1929415
#1929427
#1929436
0i!
#1929452
1h!
#1929462
#1929471
#1929479
#1929488
#1929497
0k!
#1929513
1e!
#1929524
0j!
#1929540
1g!
#1929550
0_!
#1929566
1o!
#1929576
0`!
#1929593
1l!
#1929602
#1929611
#1929619
#1929629
0a!
#1929645
1n!
#1929655
#1929663
#1929672
#1929681
0m!
#1929697
1b!
#1929707
#1929716
0h!
#1929732
1d!
#1929742
#1929751
0e!
#1929767
1c!
#1929777
#1929786
#1929794
#1929803
0f!
#1929820
1p!
#1929830
0g!
#1929846
1i!
#1929856
0o!
#1929872
1k!
#1929882
#1929891
#1929899
#1929908
#1929916
#1929926
0b!
#1929942
1j!
#1929952
#1929960
#1929969
0n!
#1929986
1_!
#1929995
#1930004
0d!
#1930021
1`!
#1930030
#1930039
#1930047
#1930056
#1930065
#1930074
0c!
#1930090
1a!
#1930100
#1930108
#1930118
0k!
#1930134
1m!
#1930144
0l!
#1930160
1h!
#1930171
0`!
#1930187
1e!
#1930196
#1930205
#1930214
#1930223
0p!
#1930239
1f!
#1930249
#1930257
#1930266
0j!
#1930283
1g!
#1930292
#1930301
0m!
#1930318
1o!
#1930327
#1930336
#1930344
#1930353
#1930362
#1930371
0f!
#1930387
1b!
#1930397
0i!
#1930414
1n!
#1930423
#1930432
0_!
#1930449
1d!
#1930458
#1930467
#1930475
#1930486
1!
#1930487
0!
#1930492
#1930504
#1930513
0e!
#1930529
1c!
#1930539
0h!
#1930555
1k!
#1930565
#1930574
#1930582
#1930591
#1930600
0g!
#1930616
1l!
#1930626
#1930635
#1930644
0o!
#1930660
1`!
#1930670
#1930678
#1930687
0c!
#1930704
1p!
#1930713
#1930722
#1930730
#1930739
#1930748
#1930757
0d!
#1930773
1j!
#1930783
#1930791
#1930800
#1930809
0`!
#1930825
1m!
#1930836
0k!
#1930852
1f!
#1930862
0p!
#1930878
1i!
#1930888
#1930896
#1930905
#1930914
0b!
#1930930
1_!
#1930940
#1930949
#1930958
0l!
#1930974
1e!
#1930984
#1930993
0m!
#1931009
1h!
#1931019
#1931027
#1931036
#1931045
#1931053
#1931062
0_!
#1931079
1g!
#1931089
0n!
#1931105
1o!
#1931115
#1931124
0j!
#1931140
1c!
#1931150
0a!
#1931167
1d!
#1931176
#1931185
#1931193
#1931203
0f!
#1931219
1`!
#1931229
0i!
#1931245
1k!
#1931255
#1931264
#1931272
#1931281
#1931289
#1931299
0c!
#1931315
1p!
#1931324
#1931333
#1931342
#1931351
0h!
#1931367
1b!
#1931377
#1931385
#1931395
0k!
#1931411
1l!
#1931420
#1931429
#1931438
#1931446
#1931455
#1931464
0p!
#1931480
1m!
#1931490
0d!
#1931507
1_!
#1931516
#1931525
0b!
#1931542
1n!
#1931552
0`!
#1931568
1j!
#1931578
0l!
#1931595
1a!
#1931604
#1931613
#1931622
0e!
#1931638
1f!
#1931648
#1931656
#1931665
#1931674
#1931683
0n!
#1931699
1i!
#1931709
#1931717
#1931726
#1931734
#1931744
0g!
#1931760
1c!
#1931770
#1931779
0a!
#1931795
1h!
#1931805
#1931814
0m!
#1931830
1k!
#1931842
1!
#1931843
0!
#1931847
#1931859
#1931868
#1931876
#1931885
#1931894
#1931903
0i!
#1931919
1p!
#1931929
0j!
#1931945
1d!
#1931955
#1931964
0h!
#1931981
1b!
#1931990
#1931999
#1932007
#1932016
#1932025
0_!
#1932041
1`!
#1932052
0f!
#1932068
1l!
#1932078
#1932086
#1932095
#1932103
#1932112
#1932121
0b!
#1932137
1e!
#1932147
#1932155
#1932164
#1932173
0p!
#1932189
1n!
#1932200
0d!
#1932216
1g!
#1932226
0`!
#1932242
1a!
#1932252
#1932261
#1932269
#1932278
#1932286
#1932295
#1932304
0o!
#1932320
1m!
#1932330
#1932339
0k!
#1932355
1i!
#1932365
#1932374
#1932382
#1932393
1!
#1932394
0!
#1932398
#1932410
#1932420
0e!
#1932436
1j!
#1932445
#1932454
#1932463
#1932471
#1932480
0a!
#1932497
1h!
#1932507
0m!
#1932523
1_!
#1932533
0n!
#1932549
1f!
#1932560
0g!
#1932576
1b!
#1932586
#1932594
#1932603
#1932612
0i!
#1932628
1p!
#1932638
#1932646
#1932655
#1932664
0l!
#1932680
1d!
#1932690
#1932699
0j!
#1932716
1`!
#1932725
#1932735
0h!
#1932751
1o!
#1932760
#1932769
#1932777
#1932787
0c!
#1932803
1k!
#1932813
0_!
#1932829
1e!
#1932840
0f!
#1932856
1a!
#1932865
#1932874
#1932883
#1932891
#1932900
#1932909
0d!
#1932925
1m!
#1932935
#1932943
#1932953
0p!
#1932969
1n!
#1932979
#1932988
0`!
#1933004
1g!
#1933014
#1933022
#1933031
#1933039
#1933048
#1933057
0o!
#1933073
1i!
#1933083
#1933092
#1933101
0a!
#1933117
1l!
#1933127
0b!
#1933144
1j!
#1933154
0g!
#1933170
1h!
#1933180
#1933188
#1933197
#1933206
0k!
#1933222
1c!
#1933232
#1933240
#1933250
0m!
#1933266
1_!
#1933276
#1933285
0l!
#1933301
1f!
#1933311
#1933319
#1933328
#1933336
#1933345
#1933354
0c!
#1933370
1d!
#1933381
0e!
#1933397
1p!
#1933407
#1933416
0n!
#1933432
1`!
#1933442
#1933450
#1933459
#1933469
1!
#1933470
0!
#1933475
#1933487
#1933496
0h!
#1933512
1o!
#1933523
0j!
#1933539
1a!
#1933548
#1933557
#1933566
#1933574
#1933584
0_!
#1933600
1b!
#1933609
#1933618
#1933627
0f!
#1933643
1g!
#1933653
#1933661
#1933671
0o!
#1933687
1k!
#1933697
#1933705
#1933714
#1933722
#1933731
#1933740
0`!
#1933756
1m!
#1933766
#1933775
#1933783
#1933792
0g!
#1933809
1l!
#1933819
0a!
#1933835
1c!
#1933845
0k!
#1933862
1e!
#1933871
#1933880
#1933888
#1933898
0d!
#1933914
1n!
#1933923
#1933932
#1933941
0b!
#1933957
1h!
#1933967
#1933976
0l!
#1933992
1j!
#1934002
#1934011
#1934019
#1934028
#1934037
#1934046
0n!
#1934062
1_!
#1934072
0p!
#1934088
1f!
#1934098
#1934107
0m!
#1934123
1o!
#1934134
0i!
#1934150
1`!
#1934160
#1934168
#1934177
#1934186
0c!
#1934202
1g!
#1934213
0e!
#1934229
1a!
#1934238
#1934247
#1934256
#1934264
#1934273
#1934282
0o!
#1934298
1k!
#1934308
#1934316
#1934325
#1934334
0j!
#1934350
1d!
#1934360
#1934369
#1934378
0a!
#1934394
1b!
#1934404
#1934412
#1934421
#1934429
#1934438
#1934447
0k!
#1934463
1l!
#1934474
0`!
#1934490
1n!
#1934500
#1934509
0d!
#1934525
1p!
#1934535
0g!
#1934551
1m!
#1934562
0b!
#1934578
1i!
#1934588
#1934596
#1934605
0h!
#1934622
1c!
#1934631
#1934640
#1934648
#1934657
#1934666
0p!
#1934682
1e!
#1934692
#1934701
#1934709
#1934718
#1934727
0_!
#1934743
1o!
#1934753
#1934762
0i!
#1934778
1j!
#1934788
#1934797
0l!
#1934813
1a!
#1934825
1!
#1934826
0!
#1934831
#1934843
#1934851
#1934860
#1934868
#1934877
#1934886
0e!
#1934902
1k!
#1934913
0m!
#1934929
1`!
#1934938
#1934948
0j!
#1934964
1d!
#1934974
#1934982
#1934991
#1934999
#1935009
0n!
#1935025
1g!
#1935035
0c!
#1935051
1b!
#1935061
#1935069
#1935078
#1935087
#1935095
#1935104
0d!
#1935121
1h!
#1935130
#1935139
#1935147
#1935157
0k!
#1935173
1p!
#1935183
0`!
#1935199
1_!
#1935210
0g!
#1935226
1i!
#1935235
#1935244
#1935253
#1935261
#1935270
#1935278
#1935288
0f!
#1935304
1l!
#1935313
#1935323
0a!
#1935339
1e!
#1935348
#1935357
#1935366
#1935375
0i!
#1935391
1m!
#1935401
0b!
#1935418
1j!
#1935427
#1935438
1!
#1935439
0!
#1935443
#1935455
#1935464
0h!
#1935481
1n!
#1935490
#1935499
#1935507
#1935516
#1935525
#1935534
0o!
#1935550
1c!
#1935560
0l!
#1935576
1d!
#1935587
0p!
#1935603
1k!
#1935613
0_!
#1935629
1`!
#1935639
#1935648
#1935656
#1935665
0e!
#1935682
1g!
#1935691
#1935700
#1935708
#1935718
0j!
#1935734
1f!
#1935744
#1935753
0n!
#1935769
1a!
#1935779
#1935788
0m!
#1935804
1i!
#1935814
#1935822
#1935831
#1935839
#1935848
#1935857
0k!
#1935873
1b!
#1935883
#1935892
#1935900
#1935909
#1935918
0f!
#1935934
1h!
#1935944
#1935953
0a!
#1935969
1o!
#1935979
#1935988
0g!
#1936004
1l!
#1936014
#1936023
#1936031
#1936041
0c!
#1936057
1p!
#1936067
0d!
#1936083
1_!
#1936093
0b!
#1936110
1e!
#1936120
0`!
#1936136
1j!
#1936146
#1936154
#1936163
#1936172
0i!
#1936188
1n!
#1936198
#1936207
#1936215
#1936224
#1936233
0o!
#1936249
1m!
#1936259
#1936267
#1936276
#1936285
#1936294
0h!
#1936310
1k!
#1936320
#1936329
0e!
#1936345
1f!
#1936355
0j!
#1936372
1a!
#1936382
0l!
#1936398
1g!
#1936408
#1936416
#1936425
#1936434
#1936443
0p!
#1936459
1c!
#1936469
#1936479
1!
#1936480
0!
#1936485
#1936497
#1936505
#1936514
#1936522
#1936532
0m!
#1936548
1d!
#1936557
#1936566
#1936575
#1936583
#1936593
0k!
#1936609
1b!
#1936618
#1936628
0f!
#1936644
1`!
#1936654
0a!
#1936670
1i!
#1936681
0g!
#1936697
1o!
#1936706
#1936715
#1936724
#1936732
#1936741
#1936749
#1936759
0c!
#1936775
1h!
#1936785
0_!
#1936801
1e!
#1936811
#1936820
0b!
#1936836
1j!
#1936846
#1936854
#1936863
#1936872
0d!
#1936889
1l!
#1936898
#1936907
#1936915
#1936924
#1936932
#1936941
#1936950
0`!
#1936967
1p!
#1936977
0i!
#1936993
1m!
#1937003
#1937012
0o!
#1937028
1k!
#1937038
0n!
#1937055
1f!
#1937065
0l!
#1937081
1a!
#1937091
#1937099
#1937109
0h!
#1937125
1g!
#1937134
#1937143
#1937152
#1937160
#1937169
#1937177
#1937186
#1937195
0p!
#1937211
1c!
#1937222
0m!
#1937238
1_!
#1937248
0a!
#1937264
1b!
#1937274
#1937283
#1937291
#1937300
#1937308
#1937318
0k!
#1937334
1d!
#1937343
#1937352
#1937361
#1937370
0c!
#1937386
1`!
#1937396
#1937404
#1937413
0b!
#1937430
1i!
#1937439
#1937448
#1937456
#1937465
#1937474
#1937483
0d!
#1937499
1o!
#1937509
0f!
#1937526
1n!
#1937535
#1937544
0`!
#1937561
1l!
#1937571
0_!
#1937587
1h!
#1937597
0i!
#1937613
1p!
#1937623
#1937632
#1937641
0j!
#1937657
1m!
#1937667
#1937675
#1937684
#1937693
#1937702
0l!
#1937718
1a!
#1937728
#1937736
#1937745
#1937753
#1937763
0g!
#1937779
1k!
#1937789
0e!
#1937805
1c!
#1937816
0p!
#1937832
1b!
#1937841
#1937850
#1937859
#1937867
#1937876
0o!
#1937893
1d!
#1937904
1!
#1937905
0!
#1937910
#1937922
0h!
#1937939
1f!
#1937948
#1937957
0a!
#1937974
1`!
#1937983
#1937993
0b!
#1938009
1_!
#1938018
#1938027
#1938036
#1938044
#1938053
#1938061
#1938071
0d!
#1938087
1i!
#1938096
#1938106
0`!
#1938122
1j!
#1938131
#1938140
#1938149
#1938157
#1938166
#1938174
#1938183
#1938192
0n!
#1938208
1l!
#1938219
0m!
#1938235
1g!
#1938244
#1938253
#1938262
0i!
#1938278
1e!
#1938288
#1938297
0_!
#1938314
1p!
#1938323
#1938332
#1938341
0c!
#1938357
1o!
#1938367
#1938375
#1938385
0k!
#1938401
1h!
#1938411
#1938419
#1938428
#1938438
1!
#1938439
0!
#1938444
#1938456
#1938464
#1938474
0j!
#1938490
1a!
#1938500
0f!
#1938516
1b!
#1938527
0p!
#1938543
1d!
#1938552
#1938561
#1938570
0l!
#1938586
1`!
#1938596
#1938605
#1938614
0g!
#1938630
1n!
#1938640
0o!
#1938657
1m!
#1938667
0a!
#1938683
1i!
#1938693
#1938701
#1938710
#1938718
#1938727
#1938736
#1938744
#1938753
#1938761
#1938771
0e!
#1938787
1_!
#1938796
#1938806
0d!
#1938822
1c!
#1938832
0b!
#1938848
1k!
#1938859
0i!
#1938875
1j!
#1938884
#1938893
#1938902
0h!
#1938919
1f!
#1938928
#1938937
#1938945
#1938955
0`!
#1938971
1p!
#1938980
#1938990
0_!
#1939006
1l!
#1939015
#1939024
#1939033
#1939041
#1939051
0n!
#1939067
1g!
#1939076
#1939085
#1939094
0p!
#1939110
1o!
#1939120
#1939129
0c!
#1939145
1a!
#1939155
#1939164
#1939172
#1939181
#1939189
#1939199
0g!
#1939215
1e!
#1939225
0m!
#1939241
1d!
#1939251
#1939260
0j!
#1939276
1b!
#1939286
#1939295
#1939303
#1939312
#1939321
0a!
#1939337
1i!
#1939348
0k!
#1939364
1h!
#1939373
#1939382
#1939391
0f!
#1939407
1`!
#1939417
#1939426
#1939435
0l!
#1939451
1_!
#1939461
#1939470
0b!
#1939486
1n!
#1939496
#1939504
#1939515
1!
#1939516
0!
#1939520
#1939532
#1939541
#1939550
#1939558
#1939567
0_!
#1939584
1p!
#1939593
#1939602
#1939610
#1939620
0e!
#1939636
1c!
#1939646
0d!
#1939662
1g!
#1939673
0i!
#1939689
1m!
#1939698
#1939707
#1939716
#1939724
#1939733
#1939742
0h!
#1939758
1j!
#1939768
#1939777
0n!
#1939793
1a!
#1939803
#1939812
0m!
#1939828
1k!
#1939838
#1939847
#1939855
#1939864
0`!
#1939881
1f!
#1939890
#1939899
#1939908
0p!
#1939924
1l!
#1939935
0o!
#1939951
1b!
#1939961
0a!
#1939977
1_!
#1939987
#1939995
#1940004
#1940013
#1940021
#1940030
#1940038
#1940047
#1940056
0l!
#1940072
1e!
#1940082
#1940091
#1940100
0k!
#1940116
1d!
#1940126
0j!
#1940143
1i!
#1940153
0_!
#1940169
1h!
#1940179
#1940187
#1940196
#1940205
#1940213
#1940222
0c!
#1940239
1n!
#1940248
#1940257
#1940266
0e!
#1940282
1m!
#1940292
0b!
#1940309
1`!
#1940319
0d!
#1940335
1p!
#1940345
#1940353
#1940362
#1940371
#1940379
#1940388
0f!
#1940405
1o!
#1940415
0g!
#1940431
1a!
#1940441
#1940450
0h!
#1940466
1l!
#1940476
#1940484
#1940493
#1940501
#1940511
0p!
#1940527
1k!
#1940537
0i!
#1940553
1j!
#1940563
#1940572
#1940580
#1940589
#1940598
0m!
#1940614
1_!
#1940624
#1940632
#1940641
#1940650
0l!
#1940666
1c!
#1940676
#1940685
#1940694
0k!
#1940710
1e!
#1940720
#1940728
#1940737
#1940746
#1940754
#1940763
0_!
#1940780
1b!
#1940791
1!
#1940792
0!
#1940797
#1940809
0n!
#1940825
1d!
#1940835
#1940844
#1940853
0c!
#1940869
1f!
#1940879
0j!
#1940896
1g!
#1940906
0`!
#1940922
1h!
#1940932
#1940940
#1940949
#1940957
#1940966
#1940975
0e!
#1940991
1p!
#1941001
#1941010
#1941018
#1941027
#1941035
#1941044
#1941053
0o!
#1941069
1i!
#1941079
#1941088
0h!
#1941104
1m!
#1941115
0d!
#1941131
1l!
#1941141
#1941150
0f!
#1941166
1k!
#1941176
0g!
#1941192
1_!
#1941203
0b!
#1941219
1n!
#1941229
#1941237
#1941246
0a!
#1941263
1c!
#1941272
#1941281
#1941289
#1941298
#1941307
0l!
#1941323
1j!
#1941333
#1941342
#1941350
#1941360
0m!
#1941376
1`!
#1941386
0i!
#1941402
1e!
#1941412
#1941422
1!
#1941423
0!
#1941428
#1941440
#1941448
#1941457
#1941466
#1941474
#1941483
#1941492
0p!
#1941508
1o!
#1941519
0_!
#1941535
1h!
#1941545
0k!
#1941561
1d!
#1941571
#1941579
#1941588
#1941597
0j!
#1941613
1f!
#1941623
#1941632
0n!
#1941648
1g!
#1941658
#1941667
0`!
#1941684
1b!
#1941694
0c!
#1941710
1a!
#1941720
#1941728
#1941737
#1941745
#1941755
0f!
#1941771
1l!
#1941781
#1941789
#1941798
#1941806
#1941816
0e!
#1941832
1m!
#1941841
#1941851
0o!
#1941867
1i!
#1941876
#1941885
#1941894
0d!
#1941911
1p!
#1941921
0h!
#1941937
1_!
#1941947
#1941955
#1941964
#1941973
0g!
#1941989
1k!
#1941999
#1942008
#1942016
#1942025
#1942034
0i!
#1942050
1j!
#1942060
#1942068
#1942077
#1942086
#1942095
0b!
#1942111
1n!
#1942121
#1942130
0p!
#1942146
1`!
#1942156
0_!
#1942172
1c!
#1942183
0k!
#1942199
1f!
#1942209
#1942217
#1942226
#1942234
#1942243
#1942252
0l!
#1942268
1e!
#1942278
#1942287
#1942296
0n!
#1942312
1o!
#1942322
#1942331
0j!
#1942347
1d!
#1942357
#1942365
#1942374
#1942383
#1942391
#1942401
0e!
#1942417
1h!
#1942427
0a!
#1942443
1g!
#1942453
#1942462
0`!
#1942478
1i!
#1942488
#1942496
#1942505
#1942514
#1942523
0d!
#1942539
1b!
#1942549
0c!
#1942565
1p!
#1942575
#1942584
#1942593
0m!
#1942609
1_!
#1942619
#1942627
#1942637
0f!
#1942653
1k!
#1942662
#1942672
0i!
#1942688
1l!
#1942697
#1942706
#1942716
1!
#1942717
0!
#1942722
#1942734
#1942743
#1942751
#1942760
#1942769
0k!
#1942785
1n!
#1942795
#1942804
#1942812
#1942821
0h!
#1942838
1j!
#1942848
0g!
#1942864
1e!
#1942874
0b!
#1942890
1a!
#1942900
#1942909
#1942917
#1942926
#1942935
#1942944
0p!
#1942960
1`!
#1942970
#1942979
0l!
#1942995
1d!
#1943005
#1943014
0a!
#1943030
1c!
#1943040
#1943048
#1943057
#1943066
0_!
#1943082
1m!
#1943092
#1943101
#1943110
0n!
#1943126
1f!
#1943136
0o!
#1943152
1i!
#1943163
0d!
#1943179
1k!
#1943189
#1943197
#1943206
#1943214
#1943223
#1943232
#1943240
#1943249
#1943258
0f!
#1943274
1h!
#1943284
#1943292
#1943302
0c!
#1943318
1g!
#1943328
0`!
#1943344
1b!
#1943355
0k!
#1943371
1p!
#1943380
#1943389
#1943398
#1943406
#1943415
#1943424
0j!
#1943440
1l!
#1943450
#1943458
#1943468
0h!
#1943484
1a!
#1943494
0i!
#1943510
1_!
#1943521
0g!
#1943537
1n!
#1943546
#1943555
#1943564
#1943572
#1943582
0m!
#1943598
1o!
#1943608
0e!
#1943624
1d!
#1943634
#1943643
0p!
#1943659
1f!
#1943669
#1943677
#1943686
#1943695
#1943704
0n!
#1943720
1c!
#1943730
0b!
#1943747
1`!
#1943756
#1943765
#1943773
#1943782
#1943791
0a!
#1943807
1k!
#1943819
1!
#1943820
0!
#1943825
#1943837
#1943845
#1943854
#1943863
0f!
#1943879
1j!
#1943889
0`!
#1943906
1h!
#1943916
0c!
#1943932
1i!
#1943942
#1943950
#1943959
#1943968
#1943976
#1943985
#1943994
0k!
#1944010
1g!
#1944020
#1944029
0j!
#1944045
1m!
#1944055
#1944063
#1944072
#1944081
#1944089
#1944098
#1944106
#1944116
0_!
#1944132
1e!
#1944142
0l!
#1944158
1p!
#1944168
#1944176
#1944186
0g!
#1944202
1n!
#1944211
#1944221
0i!
#1944237
1b!
#1944247
#1944255
#1944264
0d!
#1944281
1a!
#1944290
#1944299
#1944308
0o!
#1944324
1f!
#1944334
#1944342
#1944351
#1944360
0e!
#1944377
1`!
#1944387
0p!
#1944403
1c!
#1944413
#1944421
#1944430
0m!
#1944447
1k!
#1944457
0h!
#1944473
1j!
#1944484
1!
#1944485
0!
#1944490
#1944502
#1944511
0b!
#1944528
1_!
#1944537
#1944546
#1944554
#1944563
#1944572
#1944580
#1944589
0c!
#1944606
1l!
#1944615
#1944624
#1944633
0k!
#1944649
1g!
#1944659
#1944667
#1944677
0_!
#1944693
1i!
#1944703
#1944711
#1944720
0f!
#1944737
1d!
#1944747
0a!
#1944763
1o!
#1944773
#1944782
0n!
#1944798
1e!
#1944808
#1944816
#1944825
#1944834
0g!
#1944850
1p!
#1944861
0j!
#1944877
1m!
#1944886
#1944895
#1944904
#1944912
#1944922
0`!
#1944938
1h!
#1944947
#1944957
0i!
#1944973
1b!
#1944982
#1944991
#1945000
#1945008
#1945017
#1945025
#1945035
0p!
#1945051
1c!
#1945061
0m!
#1945077
1k!
#1945087
#1945096
0e!
#1945112
1_!
#1945122
#1945131
0b!
#1945147
1f!
#1945157
#1945166
#1945174
#1945183
0l!
#1945200
1a!
#1945209
#1945218
#1945227
0h!
#1945243
1n!
#1945253
#1945262
0c!
#1945278
1g!
#1945288
#1945297
#1945305
#1945314
#1945322
#1945331
#1945340
0a!
#1945356
1j!
#1945366
#1945375
#1945384
0_!
#1945400
1`!
#1945410
#1945419
0f!
#1945435
1i!
#1945445
#1945455
1!
#1945456
0!
#1945461
#1945473
#1945481
#1945490
#1945499
0d!
#1945515
1p!
#1945526
0o!
#1945542
1m!
#1945552
0g!
#1945568
1e!
#1945579
0k!
#1945595
1b!
#1945604
#1945613
#1945622
#1945631
0j!
#1945647
1l!
#1945657
#1945665
#1945674
#1945682
#1945692
0i!
#1945708
1h!
#1945718
#1945726
#1945735
#1945743
#1945753
0p!
#1945769
1c!
#1945778
#1945788
0e!
#1945804
1a!
#1945814
0b!
#1945830
1_!
#1945841
0`!
#1945857
1f!
#1945866
#1945875
#1945884
#1945892
#1945901
#1945909
#1945918
#1945927
#1945936
0l!
#1945952
1d!
#1945962
#1945971
0h!
#1945987
1o!
#1945997
#1946005
#1946015
0a!
#1946031
1g!
#1946041
0_!
#1946057
1k!
#1946067
#1946075
#1946084
#1946093
#1946102
0f!
#1946118
1j!
#1946128
0n!
#1946145
1i!
#1946154
#1946163
0c!
#1946180
1p!
#1946190
0m!
#1946206
1e!
#1946216
0o!
#1946232
1b!
#1946242
#1946251
#1946259
#1946268
#1946277
#1946285
#1946294
#1946302
#1946311
#1946320
0k!
#1946336
1`!
#1946347
0b!
#1946363
1l!
#1946372
#1946381
#1946390
0g!
#1946406
1h!
#1946418
1!
#1946419
0!
#1946424
#1946436
#1946444
#1946453
#1946462
0j!
#1946478
1a!
#1946488
#1946496
#1946506
0d!
#1946522
1_!
#1946531
#1946541
0i!
#1946557
1f!
#1946567
#1946575
#1946584
0l!
#1946601
1n!
#1946610
#1946619
#1946627
#1946636
#1946645
#1946653
#1946662
0h!
#1946679
1c!
#1946689
0`!
#1946705
1m!
#1946715
#1946724
0a!
#1946740
1o!
#1946750
0e!
#1946767
1k!
#1946776
#1946785
0p!
#1946802
1b!
#1946811
#1946821
0_!
#1946837
1g!
#1946846
#1946855
#1946864
#1946873
0f!
#1946889
1j!
#1946899
#1946907
#1946916
#1946924
#1946933
#1946942
#1946951
0n!
#1946967
1d!
#1946977
#1946985
#1946994
#1947003
0c!
#1947019
1i!
#1947030
0m!
#1947046
1l!
#1947056
0j!
#1947072
1h!
#1947082
#1947091
0b!
#1947107
1`!
#1947117
#1947125
#1947134
#1947143
#1947151
#1947160
0o!
#1947177
1a!
#1947187
0k!
#1947203
1e!
#1947213
0g!
#1947230
1p!
#1947239
#1947248
#1947256
#1947266
0h!
#1947282
1_!
#1947291
#1947300
#1947309
#1947317
#1947326
#1947334
#1947344
0d!
#1947360
1f!
#1947369
#1947378
#1947387
#1947396
0i!
#1947412
1n!
#1947422
0l!
#1947439
1c!
#1947450
1!
#1947451
0!
#1947456
#1947468
#1947476
#1947485
#1947494
0_!
#1947510
1m!
#1947521
0e!
#1947537
1j!
#1947547
0a!
#1947563
1b!
#1947573
#1947581
#1947590
#1947599
#1947607
#1947616
0`!
#1947633
1o!
#1947642
#1947651
#1947660
0m!
#1947676
1k!
#1947686
#1947695
0f!
#1947711
1g!
#1947721
#1947730
0p!
#1947746
1h!
#1947757
0j!
#1947773
1d!
#1947783
#1947791
#1947800
#1947808
#1947817
#1947826
#1947834
#1947843
0n!
#1947860
1i!
#1947870
0c!
#1947886
1l!
#1947896
0g!
#1947912
1_!
#1947922
#1947931
#1947939
#1947949
0o!
#1947965
1e!
#1947974
#1947983
#1947992
0b!
#1948008
1a!
#1948018
#1948027
0i!
#1948043
1`!
#1948053
#1948062
#1948070
#1948079
#1948087
#1948097
0k!
#1948113
1m!
#1948123
#1948131
#1948140
0a!
#1948157
1f!
#1948166
#1948175
0_!
#1948192
1p!
#1948201
#1948210
#1948218
#1948227
#1948236
#1948245
0m!
#1948261
1j!
#1948271
#1948279
#1948289
0`!
#1948305
1n!
#1948315
0l!
#1948331
1c!
#1948342
0p!
#1948358
1g!
#1948367
#1948376
#1948385
0h!
#1948401
1o!
#1948412
0d!
#1948428
1b!
#1948437
#1948446
#1948455
#1948463
#1948472
#1948480
#1948489
#1948498
0n!
#1948514
1i!
#1948525
0c!
#1948541
1k!
#1948551
0g!
#1948567
1a!
#1948577
#1948586
#1948594
#1948603
0e!
#1948620
1_!
#1948629
#1948638
#1948647
0f!
#1948663
1m!
#1948673
#1948682
0i!
#1948698
1`!
#1948708
#1948717
#1948727
1!
#1948728
0!
#1948733
#1948745
#1948753
#1948762
#1948770
#1948780
0m!
#1948796
1l!
#1948805
#1948814
#1948823
#1948832
0o!
#1948848
1p!
#1948858
0b!
#1948875
1h!
#1948885
0a!
#1948901
1d!
#1948911
#1948919
#1948928
#1948936
#1948945
#1948954
0k!
#1948970
1n!
#1948980
#1948989
0`!
#1949006
1c!
#1949015
#1949024
0d!
#1949041
1g!
#1949050
#1949059
#1949067
#1949077
0_!
#1949093
1e!
#1949102
#1949111
#1949120
0l!
#1949136
1f!
#1949147
0j!
#1949163
1i!
#1949173
0c!
#1949189
1m!
#1949199
#1949208
#1949216
#1949225
#1949233
#1949242
#1949251
#1949259
#1949269
0f!
#1949285
1o!
#1949294
#1949303
#1949312
0g!
#1949328
1b!
#1949339
0n!
#1949355
1a!
#1949365
0m!
#1949381
1k!
#1949391
#1949400
#1949408
#1949417
#1949425
#1949435
0p!
#1949451
1`!
#1949460
#1949469
#1949478
0o!
#1949494
1d!
#1949505
0i!
#1949521
1_!
#1949531
0b!
#1949547
1l!
#1949557
#1949566
#1949574
#1949583
#1949592
0e!
#1949608
1j!
#1949619
0h!
#1949635
1c!
#1949644
#1949654
0k!
#1949670
1f!
#1949679
#1949688
#1949697
#1949705
#1949714
0l!
#1949731
1g!
#1949741
0a!
#1949757
1n!
#1949767
#1949775
#1949784
#1949793
#1949802
0d!
#1949818
1m!
#1949829
1!
#1949830
0!
#1949835
#1949847
#1949856
#1949864
#1949873
0f!
#1949890
1p!
#1949900
0n!
#1949916
1o!
#1949926
0g!
#1949943
1i!
#1949952
#1949961
#1949969
#1949978
#1949987
#1949995
#1950004
0m!
#1950021
1b!
#1950030
#1950040
0p!
#1950056
1e!
#1950065
#1950074
#1950082
#1950091
#1950100
#1950108
#1950117
#1950126
0_!
#1950142
1h!
#1950153
0`!
#1950169
1k!
#1950178
#1950187
#1950196
0b!
#1950212
1l!
#1950222
#1950231
0i!
#1950247
1a!
#1950257
#1950266
#1950275
0c!
#1950291
1d!
#1950301
#1950309
#1950319
0j!
#1950335
1f!
#1950344
#1950353
#1950362
#1950371
0h!
#1950387
1n!
#1950397
0k!
#1950413
1g!
#1950423
#1950432
#1950441
0e!
#1950457
1m!
#1950467
0o!
#1950484
1p!
#1950495
1!
#1950496
0!
#1950501
#1950513
#1950522
0a!
#1950538
1_!
#1950548
#1950556
#1950565
#1950573
#1950582
#1950591
#1950600
0g!
#1950616
1`!
#1950626
#1950634
#1950644
0m!
#1950660
1b!
#1950669
#1950678
#1950687
0_!
#1950703
1i!
#1950713
#1950722
#1950731
0f!
#1950747
1c!
#1950757
0d!
#1950774
1j!
#1950783
#1950792
0l!
#1950809
1h!
#1950818
#1950827
#1950835
#1950845
0b!
#1950861
1k!
#1950871
0p!
#1950887
1e!
#1950897
#1950906
#1950914
#1950923
#1950932
0n!
#1950948
1o!
#1950958
#1950967
0i!
#1950983
1a!
#1950993
#1951001
#1951010
#1951019
#1951027
#1951036
#1951045
0k!
#1951061
1g!
#1951072
0e!
#1951088
1m!
#1951097
#1951107
0h!
#1951123
1_!
#1951132
#1951142
0a!
#1951158
1f!
#1951168
#1951176
#1951185
#1951194
0`!
#1951210
1d!
#1951220
#1951228
#1951238
0o!
#1951254
1l!
#1951263
#1951273
0g!
#1951289
1b!
#1951298
#1951307
#1951316
#1951324
#1951333
#1951341
#1951351
0d!
#1951367
1p!
#1951376
#1951385
#1951394
0_!
#1951410
1n!
#1951420
#1951429
0f!
#1951446
1i!
#1951455
#1951466
1!
#1951467
0!
#1951471
#1951483
#1951492
#1951500
#1951510
0c!
#1951526
1k!
#1951536
0j!
#1951552
1e!
#1951563
0b!
#1951579
1h!
#1951589
0m!
#1951605
1a!
#1951615
#1951624
#1951632
#1951641
0p!
#1951658
1`!
#1951667
#1951676
#1951684
#1951693
#1951702
0i!
#1951718
1o!
#1951728
#1951737
#1951745
#1951754
#1951763
0k!
#1951779
1g!
#1951789
#1951798
0h!
#1951814
1d!
#1951825
0a!
#1951841
1_!
#1951851
0n!
#1951867
1f!
#1951877
#1951885
#1951894
#1951903
#1951911
#1951920
#1951929
#1951937
#1951946
0`!
#1951963
1c!
#1951972
#1951981
0o!
#1951998
1j!
#1952007
#1952016
#1952025
0d!
#1952041
1b!
#1952052
0_!
#1952068
1m!
#1952077
#1952086
#1952095
#1952103
#1952112
0f!
#1952129
1p!
#1952139
0l!
#1952155
1i!
#1952165
#1952174
0g!
#1952190
1k!
#1952200
0e!
#1952217
1h!
#1952227
0j!
#1952243
1a!
#1952253
#1952261
#1952270
#1952279
#1952287
#1952296
#1952304
#1952313
#1952321
#1952331
0m!
#1952347
1n!
#1952357
0a!
#1952373
1`!
#1952383
#1952392
#1952401
0b!
#1952417
1o!
#1952428
1!
#1952429
0!
#1952434
#1952446
#1952455
#1952463
#1952473
0p!
#1952489
1d!
#1952498
#1952507
#1952516
0c!
#1952532
1_!
#1952542
#1952551
0i!
#1952567
1f!
#1952577
#1952586
#1952595
0`!
#1952611
1l!
#1952621
#1952629
#1952638
#1952646
#1952655
#1952664
#1952673
0o!
#1952689
1g!
#1952699
0n!
#1952716
1e!
#1952725
#1952734
0d!
#1952751
1j!
#1952761
0h!
#1952777
1m!
#1952787
#1952796
0k!
#1952812
1a!
#1952822
#1952831
0_!
#1952847
1b!
#1952857
#1952865
#1952874
#1952883
0f!
#1952900
1p!
#1952909
#1952918
#1952926
#1952935
#1952944
#1952952
#1952961
0l!
#1952978
1c!
#1952987
#1952996
#1953004
#1953014
0g!
#1953030
1i!
#1953040
0e!
#1953056
1`!
#1953067
0p!
#1953083
1o!
#1953092
#1953102
0a!
#1953118
1n!
#1953127
#1953136
#1953144
#1953153
#1953162
#1953171
0j!
#1953187
1d!
#1953197
0m!
#1953214
1h!
#1953224
0b!
#1953240
1k!
#1953250
#1953258
#1953267
#1953276
0o!
#1953292
1_!
#1953302
#1953311
#1953319
#1953328
#1953336
#1953345
#1953354
0c!
#1953370
1f!
#1953380
#1953389
#1953397
#1953406
0i!
#1953423
1l!
#1953433
0`!
#1953449
1g!
#1953460
1!
#1953461
0!
#1953466
#1953478
#1953487
#1953495
#1953505
0_!
#1953521
1e!
#1953531
0h!
#1953547
1p!
#1953557
0d!
#1953574
1a!
#1953583
#1953592
#1953601
#1953609
#1953618
#1953627
0n!
#1953643
1j!
#1953653
#1953661
#1953671
0e!
#1953687
1m!
#1953696
#1953706
0f!
#1953722
1b!
#1953731
#1953741
0k!
#1953757
1o!
#1953767
0p!
#1953783
1c!
#1953793
#1953802
#1953810
#1953819
#1953827
#1953836
#1953845
#1953854
0l!
#1953870
1i!
#1953880
0g!
#1953896
1`!
#1953907
0b!
#1953923
1_!
#1953933
#1953941
#1953950
#1953959
0j!
#1953975
1h!
#1953985
#1953993
#1954003
0a!
#1954019
1d!
#1954029
#1954038
0i!
#1954054
1n!
#1954064
#1954072
#1954081
#1954089
#1954098
#1954107
0m!
#1954123
1e!
#1954133
#1954142
#1954151
0d!
#1954167
1f!
#1954177
#1954186
0_!
#1954202
1k!
#1954212
#1954220
#1954229
#1954238
#1954246
#1954255
0e!
#1954272
1p!
#1954281
#1954290
#1954299
0n!
#1954315
1l!
#1954326
0`!
#1954342
1g!
#1954352
0k!
#1954368
1b!
#1954378
#1954386
#1954396
0o!
#1954412
1j!
#1954422
0c!
#1954438
1a!
#1954448
#1954457
#1954465
#1954474
#1954482
#1954491
#1954500
#1954509
0l!
#1954525
1i!
#1954535
0g!
#1954551
1m!
#1954562
0b!
#1954578
1d!
#1954588
#1954596
#1954605
#1954614
0h!
#1954630
1_!
#1954640
#1954648
#1954658
0f!
#1954674
1e!
#1954683
#1954693
0i!
#1954709
1n!
#1954718
#1954727
#1954737
1!
#1954738
0!
#1954743
#1954755
#1954764
#1954772
#1954781
#1954790
0e!
#1954806
1`!
#1954816
#1954825
#1954833
#1954842
0j!
#1954859
1k!
#1954869
0a!
#1954885
1o!
#1954895
0d!
#1954911
1c!
#1954921
#1954930
#1954938
#1954947
#1954956
#1954965
0m!
#1954981
1l!
#1954991
#1955000
0n!
#1955016
1g!
#1955026
#1955035
0c!
#1955051
1b!
#1955061
#1955069
#1955078
#1955087
0_!
#1955103
1h!
#1955113
#1955122
#1955131
0`!
#1955147
1f!
#1955157
0p!
#1955173
1i!
#1955184
0g!
#1955200
1e!
#1955210
#1955218
#1955227
#1955235
#1955244
#1955253
#1955261
#1955270
#1955279
0f!
#1955295
1j!
#1955305
#1955313
#1955323
0b!
#1955339
1a!
#1955349
0l!
#1955365
1d!
#1955376
0e!
#1955392
1m!
#1955401
#1955410
#1955419
#1955427
#1955436
#1955445
0k!
#1955461
1n!
#1955471
#1955479
#1955489
0j!
#1955505
1c!
#1955515
0i!
#1955531
1_!
#1955542
0a!
#1955558
1`!
#1955567
#1955576
#1955585
#1955593
#1955603
0h!
#1955619
1p!
#1955629
0o!
#1955645
1g!
#1955655
#1955664
0m!
#1955680
1f!
#1955690
#1955698
#1955707
#1955716
#1955725
0`!
#1955741
1b!
#1955751
0d!
#1955768
1l!
#1955777
#1955786
#1955794
#1955803
#1955812
0c!
#1955828
1e!
#1955840
1!
#1955841
0!
#1955846
#1955858
#1955866
#1955875
#1955884
0f!
#1955900
1k!
#1955910
0l!
#1955927
1j!
#1955937
0b!
#1955953
1i!
#1955963
#1955971
#1955980
#1955989
#1955997
#1956006
#1956015
0e!
#1956031
1a!
#1956041
#1956050
0k!
#1956066
1h!
#1956076
#1956084
#1956093
#1956102
#1956110
#1956119
#1956127
#1956137
0_!
#1956153
1o!
#1956163
0n!
#1956179
1m!
#1956189
#1956197
#1956207
0a!
#1956223
1`!
#1956232
#1956242
0i!
#1956258
1d!
#1956268
#1956276
#1956285
0g!
#1956302
1c!
#1956311
#1956320
#1956329
0p!
#1956345
1f!
#1956355
#1956363
#1956372
#1956381
0o!
#1956398
1l!
#1956408
0m!
#1956424
1b!
#1956434
#1956442
#1956451
0h!
#1956468
1e!
#1956478
0j!
#1956494
1k!
#1956505
1!
#1956506
0!
#1956511
#1956523
#1956532
0d!
#1956549
1_!
#1956558
#1956567
#1956575
#1956584
#1956593
#1956601
#1956610
0b!
#1956627
1n!
#1956636
#1956645
#1956654
0e!
#1956670
1a!
#1956680
#1956688
#1956698
0_!
#1956714
1i!
#1956724
#1956732
#1956741
0f!
#1956758
1g!
#1956768
0c!
#1956784
1p!
#1956794
#1956803
0`!
#1956819
1o!
#1956829
#1956837
#1956846
#1956855
0a!
#1956871
1m!
#1956882
0k!
#1956898
1h!
#1956907
#1956916
#1956925
#1956933
#1956943
0l!
#1956959
1j!
#1956968
#1956978
0i!
#1956994
1d!
#1957003
#1957012
#1957021
#1957029
#1957038
#1957046
#1957056
0m!
#1957072
1b!
#1957082
0h!
#1957098
1e!
#1957108
#1957117
0o!
#1957133
1_!
#1957143
#1957152
0d!
#1957168
1f!
#1957178
#1957187
#1957195
#1957204
0n!
#1957221
1c!
#1957230
#1957239
#1957248
0j!
#1957264
1`!
#1957274
#1957283
0b!
#1957299
1a!
#1957309
#1957318
#1957326
#1957335
#1957343
#1957352
#1957361
0c!
#1957377
1k!
#1957387
#1957396
#1957405
0_!
#1957421
1l!
#1957431
#1957440
0f!
#1957456
1i!
#1957466
#1957476
1!
#1957477
0!
#1957482
#1957494
#1957502
#1957511
#1957520
0g!
#1957536
1m!
#1957547
0p!
#1957563
1h!
#1957573
0a!
#1957589
1o!
#1957600
0e!
#1957616
1d!
#1957625
#1957634
#1957643
#1957652
0k!
#1957668
1n!
#1957678
#1957686
#1957695
#1957703
#1957713
0i!
#1957729
1j!
#1957739
#1957747
#1957756
#1957764
#1957774
0m!
#1957790
1b!
#1957799
#1957809
0o!
#1957825
1c!
#1957835
0d!
#1957851
1_!
#1957862
0l!
#1957878
1f!
#1957887
#1957896
#1957905
#1957913
#1957922
#1957930
#1957939
#1957948
#1957957
0n!
#1957973
1g!
#1957983
#1957992
0j!
#1958008
1p!
#1958018
#1958026
#1958036
0c!
#1958052
1a!
#1958062
0_!
#1958078
1e!
#1958088
#1958096
#1958105
#1958114
#1958123
0f!
#1958139
1k!
#1958149
0`!
#1958166
1i!
#1958175
#1958184
0b!
#1958201
1m!
#1958211
0h!
#1958227
1o!
#1958237
0p!
#1958253
1d!
#1958263
#1958272
#1958280
#1958289
#1958298
#1958306
#1958315
#1958323
#1958332
#1958341
0e!
#1958357
1l!
#1958368
0d!
#1958384
1n!
#1958393
#1958402
#1958411
0a!
#1958427
1j!
#1958439
1!
#1958440
0!
#1958445
#1958457
#1958465
#1958474
#1958483
0k!
#1958499
1c!
#1958509
#1958517
#1958527
0g!
#1958543
1_!
#1958552
#1958562
0i!
#1958578
1f!
#1958588
#1958596
#1958605
0n!
#1958622
1`!
#1958631
#1958640
#1958648
#1958657
#1958666
#1958674
#1958683
0j!
#1958700
1b!
#1958710
0l!
#1958726
1h!
#1958736
#1958745
0c!
#1958761
1p!
#1958771
0o!
#1958788
1e!
#1958797
#1958806
0m!
#1958823
1d!
#1958832
#1958842
0_!
#1958858
1a!
#1958867
#1958876
#1958885
#1958894
0f!
#1958910
1k!
#1958920
#1958928
#1958937
#1958945
#1958954
#1958963
#1958972
0`!
#1958988
1g!
#1958998
#1959006
#1959015
#1959024
0b!
#1959040
1i!
#1959051
0h!
#1959067
1n!
#1959077
0k!
#1959093
1j!
#1959103
#1959112
0d!
#1959128
1l!
#1959138
#1959146
#1959155
#1959164
#1959172
#1959181
0p!
#1959198
1c!
#1959208
0e!
#1959224
1o!
#1959234
0a!
#1959251
1m!
#1959260
#1959269
#1959277
#1959287
0j!
#1959303
1_!
#1959312
#1959321
#1959330
#1959338
#1959347
#1959355
#1959365
0g!
#1959381
1f!
#1959390
#1959399
#1959408
#1959417
0i!
#1959433
1`!
#1959443
0n!
#1959460
1b!
#1959471
1!
#1959472
0!
#1959477
#1959489
#1959497
#1959506
#1959515
0_!
#1959531
1h!
#1959542
0o!
#1959558
1k!
#1959568
0c!
#1959584
1d!
#1959594
#1959602
#1959611
#1959620
#1959628
#1959637
0l!
#1959654
1p!
#1959663
#1959672
#1959681
0h!
#1959697
1e!
#1959707
#1959716
0f!
#1959732
1a!
#1959742
#1959751
0m!
#1959767
1j!
#1959778
0k!
#1959794
1g!
#1959804
#1959812
#1959821
#1959829
#1959838
#1959847
#1959855
#1959864
0`!
#1959881
1i!
#1959891
0b!
#1959907
1n!
#1959917
0a!
#1959933
1_!
#1959943
#1959952
#1959960
#1959970
0p!
#1959986
1o!
#1959995
#1960004
#1960013
0d!
#1960029
1c!
#1960039
#1960048
0i!
#1960064
1l!
#1960074
#1960083
#1960091
#1960100
#1960108
#1960118
0e!
#1960134
1h!
#1960144
#1960152
#1960161
0c!
#1960178
1f!
#1960187
#1960196
0_!
#1960213
1m!
#1960222
#1960231
#1960239
#1960248
#1960257
#1960266
0h!
#1960282
1k!
#1960292
#1960300
#1960310
0l!
#1960326
1`!
#1960336
0n!
#1960352
1b!
#1960363
0m!
#1960379
1a!
#1960388
#1960397
#1960406
0j!
#1960422
1p!
#1960433
0g!
#1960449
1d!
#1960458
#1960467
#1960476
#1960484
#1960493
#1960501
#1960510
#1960519
0`!
#1960535
1i!
#1960546
0b!
#1960562
1e!
#1960572
0a!
#1960588
1c!
#1960598
#1960607
#1960615
#1960624
0o!
#1960641
1_!
#1960650
#1960659
#1960668
0f!
#1960684
1h!
#1960694
#1960703
0i!
#1960719
1l!
#1960729
#1960738
#1960748
1!
#1960749
0!
#1960754
#1960766
#1960774
#1960783
#1960791
#1960801
0h!
#1960817
1n!
#1960826
#1960835
#1960844
#1960853
0p!
#1960869
1m!
#1960879
0d!
#1960896
1j!
#1960906
0c!
#1960922
1g!
#1960932
#1960940
#1960949
#1960957
#1960966
#1960975
0e!
#1960991
1`!
#1961001
#1961010
0l!
#1961027
1b!
#1961036
#1961045
0g!
#1961062
1a!
#1961071
#1961080
#1961088
#1961098
0_!
#1961114
1o!
#1961123
#1961132
#1961141
0n!
#1961157
1f!
#1961168
0k!
#1961184
1i!
#1961194
0b!
#1961210
1h!
#1961220
#1961229
#1961237
#1961246
#1961254
#1961263
#1961272
#1961280
#1961290
0f!
#1961306
1p!
#1961315
#1961324
#1961333
0a!
#1961349
1d!
#1961360
0`!
#1961376
1c!
#1961386
0h!
#1961402
1e!
#1961412
#1961421
#1961429
#1961438
#1961446
#1961456
0m!
#1961472
1l!
#1961481
#1961490
#1961499
0p!
#1961515
1g!
#1961526
0i!
#1961542
1_!
#1961552
0d!
#1961568
1n!
#1961578
#1961587
#1961595
#1961604
#1961613
0o!
#1961629
1k!
#1961640
0j!
#1961656
1b!
#1961665
#1961675
0e!
#1961691
1f!
#1961700
#1961709
#1961718
#1961726
#1961735
0n!
#1961752
1a!
#1961762
0c!
#1961778
1`!
#1961788
#1961796
#1961805
#1961814
#1961823
0g!
#1961839
1h!
#1961850
1!
#1961851
0!
#1961856
#1961868
#1961877
#1961885
#1961894
0f!
#1961911
1m!
#1961921
0`!
#1961937
1p!
#1961947
0a!
#1961964
1i!
#1961973
#1961982
#1961990
#1961999
#1962008
#1962016
#1962025
0h!
#1962042
1d!
#1962051
#1962061
0m!
#1962077
1o!
#1962086
#1962095
#1962103
#1962112
#1962121
#1962129
#1962138
#1962147
0_!
#1962163
1j!
#1962174
0l!
#1962190
1e!
#1962199
#1962208
#1962217
0d!
#1962233
1n!
#1962243
#1962252
0i!
#1962268
1c!
#1962278
#1962287
#1962296
0b!
#1962312
1g!
#1962322
#1962330
#1962340
0k!
#1962356
1f!
#1962365
#1962374
#1962383
#1962393
1!
#1962394
0!
#1962399
#1962411
#1962419
#1962428
0o!
#1962445
1`!
#1962455
0p!
#1962471
1a!
#1962481
0c!
#1962498
1h!
#1962507
#1962516
#1962525
0j!
#1962541
1m!
#1962551
#1962559
#1962569
0e!
#1962585
1_!
#1962595
0g!
#1962611
1l!
#1962622
0`!
#1962638
1d!
#1962648
0a!
#1962664
1i!
#1962674
#1962683
#1962691
#1962700
#1962708
#1962717
#1962726
#1962735
0f!
#1962751
1b!
#1962761
#1962770
0h!
#1962786
1k!
#1962796
#1962804
#1962814
0d!
#1962830
1o!
#1962840
0i!
#1962856
1p!
#1962866
#1962874
#1962883
#1962892
0n!
#1962908
1c!
#1962918
#1962927
#1962935
#1962944
#1962953
0k!
#1962969
1j!
#1962979
#1962988
#1962996
#1963005
#1963014
0m!
#1963030
1e!
#1963040
#1963049
0o!
#1963065
1g!
#1963075
0p!
#1963092
1`!
#1963102
0c!
#1963118
1a!
#1963128
#1963136
#1963145
#1963154
#1963162
#1963171
0_!
#1963188
1f!
#1963197
#1963206
#1963215
0e!
#1963231
1h!
#1963241
#1963250
0j!
#1963266
1d!
#1963276
#1963285
#1963293
#1963302
#1963310
#1963320
0f!
#1963336
1i!
#1963346
0l!
#1963362
1n!
#1963372
#1963381
0g!
#1963397
1k!
#1963407
#1963431
0b!
#1963448
1m!
#1963462
xa!
#1963473
#1963482
#1963491
0`!
#1963507
1o!
#1963517
0d!
#1963533
1p!
#1963543
#1963551
#1963560
0a!
#1963574
1c!
#1963584
#1963592
#1963601
#1963609
#1963618
#1963627
0k!
#1963643
1_!
#1963653
#1963662
#1963671
0p!
#1963687
1e!
#1963697
#1963705
#1963716
1!
#1963717
0!
#1963721
#1963733
#1963743
0c!
#1963759
1j!
#1963769
0i!
#1963785
1f!
#1963796
0n!
#1963812
1l!
#1963821
#1963830
#1963838
#1963847
#1963856
#1963864
#1963873
#1963881
#1963891
0_!
#1963907
1g!
#1963917
0o!
#1963933
1b!
#1963944
0j!
#1963960
1`!
#1963969
#1963978
#1963987
#1963995
#1964004
#1964013
0h!
#1964029
1d!
#1964039
0e!
#1964056
1k!
#1964065
#1964074
#1964082
#1964091
#1964100
0f!
#1964116
1p!
#1964127
0l!
#1964143
1c!
#1964153
0g!
#1964169
1i!
#1964180
0b!
#1964196
1n!
#1964206
0`!
#1964222
1_!
#1964233
0m!
#1964249
1o!
#1964258
#1964267
#1964276
0d!
#1964292
1j!
#1964302
#1964311
#1964319
#1964328
#1964352
#1964361
0j!
#1964377
1h!
#1964387
#1964396
0n!
#1964412
1e!
#1964423
0_!
#1964439
1f!
#1964450
1!
#1964451
0!
#1964456
#1964468
#1964477
0k!
#1964493
1l!
#1964503
#1964512
#1964520
#1964533
xi!
#1964545
#1964554
0c!
#1964570
1g!
#1964580
0i!
#1964594
1b!
#1964603
#1964612
#1964620
#1964629
#1964638
0p!
#1964654
1`!
#1964664
#1964673
#1964697
0f!
#1964713
1m!
#1964724
0o!
#1964740
1d!
#1964750
0h!
#1964766
1j!
#1964780
xg!
#1964792
#1964801
#1964809
#1964818
#1964827
0l!
#1964843
1n!
#1964853
0e!
#1964869
1_!
#1964878
#1964902
#1964911
#1964919
#1964948
xd!
#1964959
#1964972
xj!
#1964984
#1964992
#1965002
0d!
#1965014
1k!
#1965025
0_!
#1965040
1c!
#1965049
#1965059
0j!
#1965072
1p!
#1965082
0n!
#1965098
1f!
#1965108
0g!
#1965122
1o!
#1965132
0b!
#1965148
1h!
#1965159
0`!
#1965175
1l!
#1965184
#1965193
#1965202
#1965210
#1965219
#1965227
#1965236
#1965245
#1965253
#1965262
0h!
#1965279
1e!
#1965289
0l!
#1965305
1_!
#1965315
0m!
#1965331
1n!
#1965342
0o!
#1965358
1b!
#1965368
#1965376
#1965385
#1965393
#1965402
#1965411
#1965420
0c!
#1965436
1`!
#1965446
0k!
#1965462
1h!
#1965472
#1965481
0f!
#1965498
1l!
#1965507
#1965516
#1965524
#1965534
0e!
#1965550
1m!
#1965561
1!
#1965562
0!
#1965567
#1965579
#1965588
#1965597
0m!
#1965613
1o!
#1965623
#1965631
#1965640
#1965648
#1965658
0h!
#1965674
1c!
#1965683
#1965692
#1965701
0n!
#1965717
1k!
#1965728
0_!
#1965744
1f!
#1965754
0p!
#1965770
1e!
#1965780
#1965789
#1965797
#1965807
0`!
#1965823
1m!
#1965832
#1965842
0l!
#1965858
1h!
#1965867
#1965877
0c!
#1965893
1n!
#1965903
0b!
#1965919
1_!
#1965929
#1965953
#1965966
xm!
#1965978
0o!
#1965994
1p!
#1966003
#1966012
#1966021
0m!
#1966035
1`!
#1966045
0p!
#1966061
1l!
#1966071
#1966080
0k!
#1966096
1c!
#1966107
0f!
#1966123
1b!
#1966133
#1966141
#1966150
#1966159
0e!
#1966175
1o!
#1966185
#1966193
#1966203
0n!
#1966219
1p!
#1966229
#1966252
#1966261
#1966270
#1966279
0`!
#1966295
1k!
#1966309
xh!
#1966321
#1966330
0l!
#1966346
1f!
#1966355
#1966380
0h!
#1966393
1e!
#1966418
#1966427
#1966435
#1966448
xf!
#1966461
0c!
#1966476
1n!
#1966487
0b!
#1966502
1`!
#1966516
xp!
#1966545
1!
#1966546
0!
#1966551
#1966565
#1966575
0p!
#1966588
1l!
#1966598
0o!
#1966614
1c!
#1966623
#1966633
0f!
#1966646
1b!
#1966656
#1966665
0l!
#1966681
1o!
#1966692
0e!
#1966708
1l!
#1966718
0b!
#1966734
1e!
#1966760
0`!
#1966776
1b!
#1966786
#1966794
#1966803
#1966816
xk!
#1966827
#1966837
0_!
#1966852
1`!
#1966863
0l!
#1966878
1_!
#1966889
0e!
#1966904
1l!
#1966918
xn!
#1966930
#1966954
0k!
#1966968
1e!
#1966978
0o!
#1966994
1o!
#1967003
#1967028
0n!
#1967042
1)
#1967052
#1967061
0c!
#1967077
1c!
#1967087
0b!
#1967103
1b!
#1967112
#1967121
#1967145
#1967169
0o!
#1967185
1o!
#1967195
0`!
#1967211
1`!
#1967225
xe!
#1967237
#1967265
xc!
#1967281
xb!
#1967293
#1967306
x`!
#1967318
0o!
#1967332
1o!
#1967342
0_!
#1967356
1_!
#1967370
xl!
#1967382
#1967391
0`!
#1967404
1'
#1967429
0e!
#1967443
1(
#1967453
0c!
#1967467
1&
#1967477
0b!
#1967492
1#
#1967506
x_!
#1967518
0l!
#1967533
1*
#1967544
1!
#1967545
0!
#1967550
#1967572
0o!
#1967585
1o!
#1967595
0_!
#1967611
1$
#1967668
0$
#1967681
1"
#1967692
0o!
#1967710
1%
#1967788
#1967851
0"
#1967864
1"
#1967882
0"
#1967895
1"
#1967921
0"
#1967934
1"
#1967961
0"
#1967974
1"
#1967992
0"
#1968005
1"
#1968032
0"
#1968045
1"
#1968071
0"
#1968084
1"
#1968102
0"
#1968115
1"
#1968238
#1968300
#1968362
#1968375
1!
#1968376
0!
#1968381
#1968512
0%"
#1968635
0&"
#1968738
0'"
#1968841
0("
#1968944
0)"
#1969046
0*"
#1969148
0+"
#1969249
0,"
#1969352
0-"
#1969392
1!
#1969393
0!
#1969398
#1969470
0."
#1969561
0/"
#1969654
00"
#1969746
01"
#1969839
02"
#1969931
03"
#1970024
04"
#1970117
05"
#1970210
06"
#1970308
0"
#1970330
1o!
#1970341
0*
#1970354
1%"
#1970364
0(
#1970378
1&"
#1970389
0)
#1970403
1'"
#1970413
0&
#1970428
1("
#1970438
0#
#1970454
1)"
#1970464
0%
#1970480
1*"
#1970490
0'
#1970506
1+"
#1970520
xo!
#1970532
#1970542
1!
#1970543
0!
#1970548
#1970561
#1970570
0o!
#1970584
1,"
#1970600
#1970609
#1970617
#1970633
#1970642
0,"
#1970658
1-"
#1970676
#1970704
#1970717
#1970726
#1970742
#1970752
#1970765
#1970775
#1970795
#1970810
#1970827
#1970842
#1970856
#1970869
#1970878
#1970888
#1970903
#1970916
#1970925
#1970933
#1970942
#1970950
#1970966
#1970974
#1971011
#1971027
#1971036
#1971191
0)"
#1971205
1."
#1971273
#1971349
0+"
#1971361
1/"
#1971371
#1971388
0&"
#1971401
10"
#1971442
1!
#1971443
0!
#1971446
#1971533
0("
#1971547
11"
#1971633
#1971662
#1971689
0*"
#1971702
12"
#1971722
#1971816
#1971900
#1971917
#1971949
#1971959
0%"
#1971972
13"
#1971982
#1972008
#1972037
#1972049
#1972070
#1972087
#1972097
#1972119
#1972131
#1972145
#1972155
#1972174
#1972193
#1972217
#1972233
#1972253
#1972292
#1972314
#1972573
00"
#1972585
14"
#1972596
#1972629
#1972639
0."
#1972655
15"
#1972673
1!
#1972674
0!
#1972679
#1972691
02"
#1972704
16"
#1972736
0/"
#1972749
1,"
#1972759
#1972836
#1972868
#1972885
05"
#1972899
1)"
#1972909
#1972931
#1972939
#1972964
#1973052
#1973081
#1973147
#1973159
#1973173
#1973183
#1973200
#1973293
#1973310
#1973326
#1973337
#1973349
#1973390
1!
#1973391
0!
#1973395
#1973474
01"
#1973488
1+"
#1973499
#1973629
#1973642
#1973652
#1973660
#1973669
#1973706
#1973730
#1973741
#1973754
#1973765
#1973781
#1973791
#1973800
#1973826
#1973850
#1973860
#1973880
#1973943
#1973955
#1973968
#1973977
#1973992
#1974001
#1974013
#1974023
#1974038
#1974053
#1974091
#1974156
#1974227
#1974239
#1974251
#1974264
#1974276
#1974288
#1974318
#1974335
#1974351
#1974363
#1974380
#1974389
#1974398
#1974415
#1974428
#1974510
#1974526
#1974536
#1974545
#1974555
#1974570
1!
#1974571
0!
#1974576
#1974594
#1974607
#1974617
#1974627
#1974640
#1974649
#1974678
#1974688
#1974753
#1974766
#1974799
#1974817
#1974834
#1974844
#1974855
#1974876
#1974889
#1974901
#1974915
#1974932
#1974941
#1974949
#1974965
#1974980
#1974990
#1975003
#1975012
#1975020
#1975029
#1975058
#1975077
#1975091
#1975118
#1975137
#1975153
#1975165
#1975180
#1975193
#1975203
#1975231
#1975244
#1975253
#1975261
#1975270
#1975279
#1975291
#1975308
#1975325
#1975338
#1975346
#1975372
#1975386
#1975403
#1975413
#1975433
#1975443
1!
#1975444
0!
#1975449
#1975462
#1975477
#1975490
#1975502
#1975512
#1975528
#1975536
#1975574
#1975591
#1975601
#1975613
#1975627
#1975657
#1975667
#1975682
#1975695
#1975710
#1975723
#1975733
#1975742
#1975757
#1975774
#1975787
#1975795
#1975808
#1975833
#1975853
#1975863
#1975878
#1975891
#1975906
#1975916
#1975936
#1975945
#1975957
#1975967
#1975979
#1975993
#1976010
#1976025
#1976042
#1976055
#1976072
#1976086
#1976098
#1976108
#1976116
#1976132
#1976156
#1976170
#1976190
#1976199
#1976211
#1976223
#1976242
#1976251
#1976283
#1976294
#1976304
#1976334
#1976346
#1976363
#1976373
#1976381
#1976407
#1976424
#1976434
#1976447
#1976459
#1976471
#1976486
1!
#1976487
0!
#1976492
#1976517
#1976526
#1976536
#1976553
#1976563
#1976578
#1976588
#1976615
#1976627
#1976638
#1976646
#1976656
#1976669
#1976702
#1976716
#1976726
#1976736
#1976749
#1976758
#1976783
#1976794
#1976802
#1976812
#1976829
#1976854
#1976867
#1976890
#1976902
#1976916
#1976926
#1976950
#1976964
#1976986
#1976999
#1977011
#1977021
#1977030
#1977038
#1977047
#1977069
#1977095
#1977107
#1977120
#1977130
#1977158
#1977171
#1977183
#1977193
#1977209
#1977231
#1977250
#1977264
#1977289
#1977304
#1977320
#1977330
#1977339
#1977349
#1977379
#1977390
#1977400
#1977413
#1977428
#1977437
#1977446
#1977454
#1977465
1!
#1977466
0!
#1977470
#1977482
#1977501
#1977511
#1977523
#1977540
#1977571
#1977592
#1977614
#1977631
#1977641
#1977649
#1977660
#1977686
#1977698
#1977709
#1977717
#1977729
#1977743
#1977753
#1977763
#1977776
#1977799
#1977807
#1977819
#1977840
#1977872
#1977887
#1977900
#1977912
#1977924
#1977944
#1977952
#1977961
#1977978
#1977999
#1978023
#1978033
#1978042
#1978050
#1978072
#1978085
#1978095
#1978107
#1978124
#1978136
#1978146
#1978183
#1978205
#1978222
#1978235
#1978252
#1978268
#1978278
#1978295
#1978312
#1978322
#1978335
#1978352
#1978365
#1978377
#1978394
#1978402
#1978418
#1978442
#1978456
#1978480
#1978490
#1978502
#1978512
#1978521
#1978533
#1978550
#1978560
1!
#1978561
0!
#1978566
#1978578
#1978602
#1978616
#1978629
#1978646
#1978659
#1978675
#1978685
#1978698
#1978707
#1978722
#1978762
#1978776
#1978845
#1978860
#1978881
#1978889
#1978960
#1978986
#1978995
0)"
#1979011
1*"
#1979025
#1979035
#1979050
#1979067
#1979082
#1979095
#1979110
#1979133
#1979215
0+"
#1979229
1&"
#1979239
#1979306
#1979315
0,"
#1979329
1("
#1979342
#1979390
#1979414
#1979440
#1979501
#1979514
#1979533
#1979543
#1979572
#1979584
#1979616
#1979684
#1979694
#1979704
#1979726
#1979740
1!
#1979741
0!
#1979746
#1979758
#1979770
#1979784
#1979801
#1979816
#1979829
#1979839
#1979854
#1979878
#1979894
#1979906
#1979919
#1979928
#1979938
#1979951
#1979966
#1979975
#1979987
#1980001
#1980011
#1980042
#1980058
#1980068
#1980077
#1980101
#1980121
#1980131
#1980144
#1980160
#1980170
#1980183
#1980191
#1980200
#1980212
#1980226
#1980243
#1980280
#1980295
#1980318
#1980332
#1980342
#1980351
#1980366
#1980376
#1980400
#1980414
#1980432
#1980445
#1980455
#1980475
#1980491
#1980503
#1980522
#1980534
#1980553
#1980563
#1980576
#1980594
1!
#1980595
0!
#1980600
#1980612
#1980622
#1980651
#1980664
#1980676
#1980686
#1980695
#1980703
#1980736
#1980746
#1980756
#1980769
#1980779
#1980803
#1980813
#1980822
#1980839
#1980865
#1980877
#1980887
#1980900
#1980910
#1980939
#1980958
#1980975
#1980998
#1981013
#1981028
#1981044
#1981058
#1981068
#1981078
#1981095
#1981105
#1981134
#1981146
#1981163
#1981176
#1981186
#1981194
#1981218
#1981231
#1981243
#1981254
#1981266
#1981300
#1981312
#1981325
#1981333
#1981342
#1981354
#1981366
#1981396
#1981413
#1981423
#1981450
#1981462
#1981472
#1981491
#1981503
1!
#1981504
0!
#1981509
#1981531
#1981541
#1981558
#1981585
#1981600
#1981611
#1981625
#1981642
#1981659
#1981671
#1981681
#1981703
#1981715
#1981727
#1981755
#1981777
#1981790
#1981802
#1981812
#1981821
#1981830
#1981859
#1981871
#1981881
#1981893
#1981903
#1981913
#1981926
#1981950
#1981963
#1981973
#1981987
#1981995
#1982012
#1982029
#1982046
#1982054
#1982070
#1982095
#1982107
#1982122
#1982142
#1982161
#1982171
#1982188
#1982201
#1982217
#1982229
#1982239
#1982247
#1982256
#1982266
#1982283
#1982296
#1982306
#1982346
#1982365
#1982381
#1982402
#1982420
#1982435
1!
#1982436
0!
#1982441
#1982470
#1982482
#1982495
#1982507
#1982517
#1982526
#1982541
#1982550
#1982558
#1982574
#1982612
#1982632
#1982642
#1982655
#1982715
#1982774
#1982786
#1982798
#1982825
#1982842
#1982858
#1982870
#1982890
#1982902
#1982913
#1982928
#1982940
#1982954
#1982971
#1982995
#1983008
#1983025
#1983046
#1983059
#1983068
#1983077
#1983092
#1983101
#1983111
#1983124
#1983132
#1983141
#1983167
#1983178
#1983198
#1983217
#1983229
#1983249
#1983261
#1983273
#1983303
#1983313
#1983323
#1983338
#1983358
#1983367
#1983375
#1983394
#1983406
1!
#1983407
0!
#1983412
#1983427
#1983437
#1983470
#1983482
#1983495
#1983503
#1983516
#1983548
#1983561
#1983569
#1983582
#1983592
#1983602
#1983619
#1983636
#1983668
#1983682
#1983692
#1983709
#1983726
#1983736
#1983744
#1983774
#1983862
#1983871
#1983946
03"
#1983959
1%"
#1983977
#1984007
#1984036
04"
#1984053
1."
#1984064
#1984080
#1984092
#1984107
#1984137
#1984147
#1984156
#1984168
#1984178
#1984194
#1984209
#1984219
#1984232
#1984242
#1984262
#1984274
#1984284
#1984303
#1984314
#1984322
#1984332
#1984352
#1984368
#1984376
#1984386
#1984399
#1984417
1!
#1984418
0!
#1984422
#1984434
#1984446
#1984456
#1984465
#1984489
#1984502
#1984518
#1984528
#1984554
#1984563
#1984573
#1984588
#1984604
#1984615
#1984623
#1984652
#1984662
#1984684
#1984697
#1984709
#1984719
#1984728
#1984740
#1984752
#1984771
#1984780
#1984795
#1984826
#1984839
#1984851
#1984863
#1984891
#1984911
#1984920
#1984939
#1984950
#1984962
#1984973
#1984986
#1984995
#1985068
#1985077
#1985089
#1985101
#1985120
#1985129
#1985139
#1985187
#1985203
#1985218
#1985231
#1985249
#1985266
#1985276
#1985286
#1985299
#1985373
#1985465
#1985491
#1985501
#1985515
0-"
#1985528
10"
#1985545
0'"
#1985562
12"
#1985578
#1985590
#1985616
#1985626
1!
#1985627
0!
#1985632
#1985644
#1985656
#1985677
#1985746
#1985768
#1985782
#1985806
#1985816
#1985829
#1985839
#1985848
#1985914
#1985929
#1985960
#1985976
#1985986
#1985997
#1986018
#1986035
#1986045
#1986057
#1986091
#1986105
#1986115
#1986125
#1986138
#1986147
#1986159
#1986169
#1986195
#1986205
#1986224
#1986245
#1986262
#1986280
#1986313
#1986327
#1986340
#1986349
#1986358
#1986373
#1986392
#1986406
#1986419
#1986431
#1986472
#1986482
#1986502
#1986514
#1986524
#1986536
#1986562
#1986575
#1986594
#1986613
1!
#1986614
0!
#1986619
#1986630
#1986704
#1986720
#1986731
#1986768
#1986784
#1986856
#1986874
#1986887
#1986910
02"
#1986926
1/"
#1986938
#1986951
#1986963
#1986973
#1986982
#1986990
#1987009
#1987019
#1987028
#1987036
#1987081
#1987109
#1987175
#1987188
#1987200
#1987210
#1987221
#1987237
#1987298
#1987307
#1987322
#1987331
#1987346
#1987358
#1987372
#1987396
#1987420
#1987492
#1987509
#1987528
1!
#1987529
0!
#1987533
#1987556
#1987574
#1987589
#1987602
#1987614
#1987624
#1987633
#1987642
#1987654
#1987685
#1987708
#1987718
#1987782
#1987790
#1987870
#1987882
#1987892
#1987909
#1987926
#1987943
#1988018
#1988100
#1988120
#1988132
#1988144
#1988164
0/"
#1988180
15"
#1988193
#1988204
#1988216
#1988226
#1988248
#1988285
#1988309
#1988322
#1988334
#1988344
#1988368
#1988381
#1988444
#1988535
#1988565
#1988582
#1988592
#1988658
#1988667
#1988675
#1988688
#1988700
1!
#1988701
0!
#1988705
#1988717
#1988733
#1988756
06"
#1988772
11"
#1988796
#1988820
#1988835
#1988950
#1988960
#1988973
#1988985
#1988999
#1989009
#1989018
#1989085
#1989099
#1989118
#1989128
#1989158
#1989175
#1989185
#1989197
#1989207
#1989223
#1989231
#1989341
00"
#1989355
1)"
#1989366
#1989398
#1989467
#1989536
#1989565
01"
#1989581
1+"
#1989591
#1989608
#1989638
1!
#1989639
0!
#1989644
#1989656
#1989673
#1989695
#1989708
0."
#1989724
1,"
#1989734
#1989744
#1989759
#1989774
#1989800
#1989809
#1989821
#1989831
#1989841
#1989854
#1989863
#1989872
#1989880
#1989896
#1989911
#1989921
#1989934
#1989950
#1989965
#1989982
#1989995
#1990137
0%"
#1990150
13"
#1990160
0&"
#1990174
14"
#1990183
#1990192
#1990200
#1990209
#1990263
#1990348
#1990372
#1990398
#1990459
#1990537
#1990550
#1990576
0)"
#1990592
1'"
#1990602
#1990612
#1990625
#1990637
#1990658
#1990675
#1990685
#1990707
#1990720
#1990746
#1990763
#1990773
#1990786
#1990797
1!
#1990798
0!
#1990803
#1990839
#1990853
#1990863
#1990872
#1990989
#1990997
#1991007
#1991022
#1991052
#1991069
#1991088
#1991100
#1991113
#1991122
#1991134
#1991157
#1991174
#1991198
#1991208
#1991224
#1991232
#1991242
#1991259
#1991273
#1991300
#1991310
#1991319
#1991329
#1991350
#1991377
#1991396
#1991408
1!
#1991409
0!
#1991414
#1991427
#1991444
#1991454
#1991463
#1991480
#1991493
#1991505
#1991539
#1991549
#1991562
#1991575
#1991592
#1991614
#1991633
#1991645
#1991658
#1991668
#1991688
#1991721
#1991735
#1991746
#1991759
#1991769
#1991783
#1991802
#1991812
#1991820
#1991829
#1991837
#1991863
#1991873
#1991890
#1991917
#1991926
#1991938
#1991948
#1991967
#1991992
#1992007
#1992024
#1992035
#1992048
#1992059
#1992072
#1992087
#1992103
#1992115
#1992140
#1992153
#1992162
#1992170
#1992179
#1992194
#1992205
#1992228
#1992238
#1992247
#1992257
#1992270
#1992289
#1992308
#1992338
#1992349
#1992362
#1992373
#1992392
#1992415
#1992423
#1992432
#1992444
#1992461
#1992478
1!
#1992479
0!
#1992484
#1992498
#1992510
#1992523
#1992540
#1992555
#1992565
#1992594
#1992610
#1992620
#1992629
#1992638
#1992657
#1992670
#1992680
#1992704
#1992717
#1992729
#1992746
#1992757
#1992770
#1992787
#1992813
#1992825
#1992839
#1992858
#1992871
#1992890
#1992900
#1992915
#1992926
#1992947
#1992964
#1992974
#1992986
#1992996
#1993034
#1993050
#1993060
#1993069
#1993077
#1993090
#1993100
#1993108
#1993117
#1993139
#1993156
#1993180
#1993190
#1993207
#1993224
#1993241
#1993258
#1993286
#1993301
#1993317
#1993327
#1993339
#1993350
#1993358
#1993367
#1993375
#1993386
#1993405
#1993438
#1993452
#1993469
#1993479
#1993507
#1993520
#1993532
#1993544
1!
#1993545
0!
#1993550
#1993570
#1993583
#1993592
#1993611
#1993625
#1993635
#1993643
#1993666
#1993676
#1993696
#1993708
#1993720
#1993733
#1993759
#1993775
#1993786
#1993802
#1993812
#1993836
#1993849
#1993858
#1993866
#1993879
#1993902
#1993928
#1993942
#1993954
#1993977
#1993989
#1994009
#1994017
#1994030
#1994050
#1994060
#1994091
#1994104
#1994113
#1994123
#1994136
#1994144
#1994156
#1994167
#1994182
#1994213
#1994236
#1994248
#1994264
#1994281
#1994307
#1994325
#1994375
1!
#1994376
0!
#1994380
#1994428
#1994461
#1994471
04"
#1994488
1-"
#1994499
#1994512
#1994531
#1994541
#1994550
#1994558
#1994589
#1994653
#1994663
#1994676
#1994692
#1994704
#1994716
#1994736
#1994744
#1994753
#1994762
#1994770
#1994779
#1994789
#1994805
#1994836
#1994846
#1994873
#1994883
#1994898
#1994911
#1994919
#1994928
#1994940
#1994952
#1994965
#1994980
#1994989
#1995018
#1995027
#1995039
#1995049
#1995059
#1995076
#1995113
#1995130
#1995145
#1995158
#1995166
#1995176
#1995190
#1995202
#1995215
#1995226
#1995234
#1995251
#1995271
#1995290
#1995308
#1995328
#1995359
#1995375
#1995389
#1995401
#1995414
#1995429
#1995445
#1995455
#1995468
#1995480
#1995490
#1995507
#1995524
#1995536
1!
#1995537
0!
#1995542
#1995555
#1995568
#1995584
#1995592
#1995601
#1995609
#1995628
#1995639
#1995658
#1995674
#1995691
#1995715
#1995733
#1995747
#1995757
#1995771
#1995791
#1995800
#1995808
#1995817
#1995826
#1995838
#1995868
#1995880
#1995891
#1995908
#1995920
#1995936
#1995948
#1995960
#1995974
#1995988
#1996010
#1996020
#1996037
#1996047
#1996071
#1996084
#1996114
#1996126
#1996136
#1996160
#1996176
#1996237
#1996246
#1996268
#1996277
#1996287
#1996317
#1996336
#1996349
#1996365
#1996377
#1996438
#1996497
#1996514
#1996541
#1996560
#1996579
1!
#1996580
0!
#1996585
#1996597
#1996607
#1996626
#1996697
#1996725
#1996755
#1996765
#1996776
#1996789
0,"
#1996805
12"
#1996822
#1996831
#1996839
#1996862
#1996874
#1996886
#1996958
#1996973
#1997006
#1997033
#1997050
#1997064
#1997081
#1997090
0*"
#1997106
1/"
#1997116
#1997145
#1997155
#1997169
#1997182
#1997191
#1997211
#1997221
#1997229
#1997255
#1997266
#1997284
#1997310
#1997331
#1997344
#1997354
#1997367
#1997376
#1997385
#1997400
#1997427
#1997440
#1997454
#1997523
#1997547
#1997574
1!
#1997575
0!
#1997579
#1997644
#1997664
#1997676
#1997686
#1997695
#1997707
#1997719
#1997749
#1997763
#1997783
#1997804
#1997821
#1997836
#1997848
#1997860
#1997880
#1997897
#1997917
#1997929
#1997939
#1997948
#1997974
#1997992
#1998009
#1998028
#1998040
#1998049
#1998065
#1998073
#1998083
#1998112
#1998125
#1998137
#1998147
#1998156
#1998164
#1998173
#1998192
#1998205
#1998233
#1998243
#1998260
#1998293
#1998306
#1998331
#1998348
#1998366
#1998383
#1998393
#1998410
1!
#1998411
0!
#1998416
#1998435
#1998445
#1998465
#1998477
#1998495
#1998508
#1998519
#1998542
#1998556
#1998566
#1998575
#1998583
#1998606
#1998621
#1998632
#1998644
#1998721
#1998733
#1998756
#1998766
#1998797
#1998805
#1998815
#1998828
#1998840
#1998923
#1998931
#1999000
#1999037
02"
#1999050
16"
#1999059
#1999075
#1999091
0/"
#1999107
10"
#1999118
#1999149
#1999169
#1999181
#1999194
#1999215
#1999225
#1999242
#1999266
#1999291
#1999362
#1999372
#1999441
0("
#1999454
1"
#1999465
03"
#1999479
1$
#1999490
#1999501
0'"
#1999516
1*
#1999526
06"
#1999542
1(
#1999557
0-"
#1999574
1)
#1999584
00"
#1999601
1&
#1999616
05"
#1999633
1#
#1999644
0+"
#1999661
1%
#1999673
1!
#1999674
0!
#1999679
#1999790
0"
#1999813
11"
#1999823
0$
#1999837
1."
#1999847
0(
#1999861
1%"
#1999874
0&
#1999888
1&"
#1999898
0%
#1999913
1)"
#1999926
#1999937
0*
#1999952
14"
#1999963
0)
#1999978
1,"
#1999990
#2000006
#2000018
#2000031
#2000041
#2000063
#2000076
#2000095
#2000115
#2000129
#2000139
#2000148
#2000163
#2000172
#2000182
#2000202
#2000210
#2000220
0#
#2000236
1*"
#2000263
#2000274
#2000289
#2000302
#2000312
#2000329
#2000353
#2000361
#2000370
#2000389
#2000406
#2000416
1!
#2000417
0!
#2000422
#2000434
#2000446
#2000456
#2000494
#2000516
#2000588
#2000604
#2000615
#2000623
#2000635
#2000645
#2000664
#2000676
#2000689
#2000705
#2000717
#2000749
#2000762
#2000771
#2000783
#2000793
#2000830
#2000838
#2000849
#2000921
#2000934
#2001002
#2001015
#2001027
#2001041
#2001051
#2001059
#2001076
#2001105
#2001121
#2001131
#2001140
#2001166
#2001180
#2001197
#2001207
#2001227
#2001237
#2001250
#2001258
#2001274
#2001282
#2001293
#2001313
#2001323
#2001336
#2001344
#2001370
#2001380
#2001389
#2001398
#2001408
#2001428
#2001460
#2001479
#2001507
#2001524
#2001534
#2001544
1!
#2001545
0!
#2001550
#2001562
#2001577
#2001588
#2001604
#2001618
#2001635
#2001643
#2001652
#2001669
#2001682
#2001701
#2001715
#2001732
#2001740
#2001771
#2001792
#2001809
#2001823
#2001836
#2001853
#2001862
#2001872
#2001885
#2001894
#2001911
#2001924
#2001934
#2001947
#2001956
#2001964
#2001980
#2002012
#2002029
#2002039
#2002054
#2002067
#2002091
#2002104
#2002113
#2002121
#2002133
#2002152
#2002165
#2002175
#2002188
#2002200
#2002214
#2002224
#2002233
#2002241
#2002274
#2002284
#2002293
#2002310
#2002338
#2002352
#2002366
#2002374
#2002383
#2002395
#2002419
#2002431
#2002449
#2002464
1!
#2002465
0!
#2002470
#2002484
#2002504
#2002512
#2002524
#2002538
#2002555
#2002586
#2002599
#2002611
#2002621
#2002629
#2002638
#2002650
#2002662
#2002695
#2002704
#2002723
#2002741
#2002763
#2002776
#2002788
#2002798
#2002807
#2002819
#2002831
#2002844
#2002852
#2002883
#2002906
#2002930
#2002940
#2002957
#2002974
#2002983
#2002993
#2003013
#2003021
#2003040
#2003054
#2003073
#2003086
#2003118
#2003132
#2003142
#2003151
#2003159
#2003170
#2003186
#2003203
#2003213
#2003226
#2003250
#2003263
#2003275
#2003296
#2003320
#2003336
#2003353
#2003370
#2003379
#2003396
1!
#2003397
0!
#2003402
#2003415
#2003428
#2003437
#2003449
#2003466
#2003490
#2003544
01"
#2003557
1"
#2003567
04"
#2003582
1'
#2003593
#2003619
0,"
#2003634
1$
#2003655
0."
#2003670
1(
#2003680
0%"
#2003696
1&
#2003707
0*"
#2003723
1%
#2003734
0&"
#2003751
1*
#2003761
0)"
#2003779
1)
#2003872
0"
#2003894
1/"
#2003905
0(
#2003918
12"
#2003928
0&
#2003942
1("
#2003953
0%
#2003967
13"
#2003977
0$
#2003992
1'"
#2004002
0*
#2004018
16"
#2004028
0)
#2004044
1-"
#2004057
#2004068
0'
#2004084
10"
#2004092
#2004110
#2004124
x3"
#2004138
#2004148
#2004162
#2004190
#2004200
03"
#2004213
15"
#2004303
#2004312
0/"
#2004326
1+"
#2004409
02"
#2004422
11"
#2004433
#2004464
#2004476
1!
#2004477
0!
#2004482
#2004493
#2004573
06"
#2004587
14"
#2004598
#2004684
#2004696
#2004708
#2004737
#2004803
#2004816
x4"
#2004827
#2004840
#2004850
#2004860
#2004877
#2004900
#2004923
#2004932
04"
#2004946
1,"
#2004971
#2004984
#2005112
#2005130
#2005145
#2005166
#2005179
#2005192
#2005202
#2005261
#2005277
#2005290
#2005305
#2005314
#2005326
#2005338
#2005351
#2005359
#2005368
#2005387
#2005406
#2005419
#2005431
#2005441
#2005460
#2005470
#2005499
#2005509
1!
#2005510
0!
#2005515
#2005529
#2005545
#2005555
#2005564
#2005576
#2005608
#2005625
#2005635
#2005659
#2005674
#2005695
#2005708
#2005717
#2005729
#2005739
#2005748
#2005756
#2005778
#2005791
#2005801
#2005833
#2005845
#2005866
#2005883
#2005904
#2005914
#2006009
#2006026
#2006055
#2006071
#2006130
#2006140
#2006153
#2006162
#2006179
#2006196
#2006206
#2006214
#2006225
#2006238
#2006254
01"
#2006270
1."
#2006286
#2006300
#2006313
#2006324
#2006337
#2006366
#2006379
#2006390
#2006414
#2006424
#2006443
#2006453
#2006486
#2006498
1!
#2006499
0!
#2006504
#2006517
#2006532
#2006546
#2006559
#2006576
#2006593
#2006614
#2006624
#2006632
#2006641
#2006649
#2006673
#2006686
#2006702
#2006721
#2006734
#2006746
#2006761
#2006781
#2006800
#2006810
#2006832
#2006844
#2006861
#2006870
#2006896
#2006907
#2006920
#2006929
#2006946
#2006966
#2006978
#2006990
#2007006
#2007017
#2007025
#2007041
#2007049
#2007059
#2007088
#2007111
#2007129
#2007143
#2007158
#2007170
#2007184
#2007194
#2007203
#2007211
#2007220
#2007228
#2007247
#2007278
#2007288
#2007309
#2007338
#2007351
#2007361
#2007374
#2007384
#2007404
#2007414
#2007427
#2007440
#2007456
#2007465
#2007477
#2007487
#2007496
#2007505
#2007513
#2007549
#2007568
#2007582
#2007595
#2007607
1!
#2007608
0!
#2007613
#2007633
#2007648
#2007678
#2007690
#2007705
#2007728
#2007745
#2007757
#2007767
#2007783
#2007793
#2007806
#2007815
#2007830
#2007839
#2007863
#2007886
#2007900
#2007910
#2007920
#2007933
#2007952
#2007969
#2007978
#2007993
#2008009
#2008019
#2008032
#2008042
#2008058
#2008082
#2008091
#2008108
#2008121
#2008131
#2008144
#2008160
#2008183
#2008200
#2008210
#2008221
#2008234
#2008253
#2008263
#2008271
#2008287
#2008299
#2008309
#2008318
#2008328
#2008348
#2008365
#2008378
#2008388
#2008411
#2008421
#2008430
#2008439
#2008461
#2008473
#2008490
#2008502
#2008514
1!
#2008515
0!
#2008520
#2008547
#2008568
#2008590
#2008603
#2008612
#2008620
#2008632
#2008649
#2008659
#2008679
#2008689
#2008720
#2008733
#2008747
#2008772
#2008792
#2008805
#2008823
#2008836
#2008855
#2008865
#2008877
#2008888
#2008903
#2008918
#2008929
#2008945
#2008962
#2008974
#2009000
#2009020
#2009028
#2009037
#2009049
#2009059
#2009088
#2009100
#2009117
#2009129
#2009141
#2009165
#2009190
#2009213
#2009225
#2009242
#2009255
#2009274
#2009294
#2009306
#2009316
#2009325
#2009333
#2009356
#2009386
#2009401
#2009477
1!
#2009478
0!
#2009483
#2009503
#2009583
#2009593
#2009606
#2009622
#2009632
#2009647
#2009660
05"
#2009677
1%"
#2009693
#2009753
#2009765
#2009775
#2009799
#2009812
#2009820
#2009833
#2009850
#2009867
#2009878
#2009891
#2009900
#2009915
#2009932
#2009945
#2009954
#2009964
#2009981
#2009998
#2010024
#2010037
#2010047
#2010056
#2010065
#2010073
#2010097
#2010117
#2010127
#2010147
#2010162
#2010173
#2010189
#2010206
#2010216
#2010238
#2010264
#2010273
#2010285
#2010295
#2010307
#2010318
#2010341
#2010355
#2010365
#2010378
#2010390
#2010400
#2010424
#2010437
#2010449
#2010459
#2010471
#2010495
#2010505
#2010520
1!
#2010521
0!
#2010526
#2010553
#2010566
#2010575
#2010583
#2010592
#2010602
#2010622
#2010641
#2010655
#2010665
#2010694
#2010702
#2010726
#2010748
#2010764
#2010775
#2010785
#2010798
#2010813
#2010825
#2010837
#2010861
#2010871
#2010879
#2010888
#2010898
#2010928
#2010947
#2010960
#2010975
#2010984
#2010992
#2011001
#2011018
#2011031
#2011194
0+"
#2011207
1*"
#2011217
0'"
#2011231
1&"
#2011299
#2011309
0,"
#2011322
1)"
#2011331
#2011343
#2011372
#2011398
#2011425
#2011438
#2011464
#2011489
#2011501
#2011511
#2011520
#2011542
#2011555
#2011587
#2011602
1!
#2011603
0!
#2011607
#2011619
#2011632
#2011645
#2011657
#2011670
#2011679
#2011696
#2011709
#2011717
#2011733
#2011743
#2011756
#2011778
#2011788
#2011816
#2011831
#2011847
#2011996
0-"
#2012009
1/"
#2012034
0&"
#2012047
12"
#2012119
#2012206
#2012234
#2012260
#2012273
#2012299
0)"
#2012315
16"
#2012325
#2012337
#2012351
#2012372
#2012385
#2012404
#2012475
#2012485
#2012498
#2012513
#2012525
#2012535
#2012548
#2012558
#2012575
1!
#2012576
0!
#2012581
#2012623
#2012644
#2012656
#2012677
#2012690
#2012702
#2012713
#2012738
#2012748
#2012761
#2012787
#2012803
#2012886
#2012903
#2012932
0."
#2012948
11"
#2012958
#2012970
#2012980
#2012996
#2013040
#2013130
#2013267
#2013279
#2013291
#2013306
#2013325
#2013385
#2013394
02"
#2013410
15"
#2013423
#2013434
#2013446
#2013456
#2013466
1!
#2013467
0!
#2013472
#2013629
01"
#2013642
1+"
#2013653
05"
#2013666
1'"
#2013735
#2013744
06"
#2013758
1,"
#2013783
#2013871
#2013901
#2013931
#2013944
#2013953
#2013961
#2013970
#2013978
#2013991
#2014001
#2014011
#2014031
#2014039
#2014058
#2014075
#2014092
#2014120
#2014137
#2014151
#2014161
#2014170
#2014185
#2014194
#2014204
#2014220
#2014252
#2014274
#2014287
#2014296
#2014308
#2014320
#2014333
#2014341
#2014350
#2014360
#2014373
#2014406
#2014416
#2014426
#2014448
1!
#2014449
0!
#2014453
#2014465
#2014476
#2014489
#2014504
#2014513
#2014521
#2014538
#2014555
#2014565
#2014582
#2014609
#2014621
#2014638
#2014655
#2014671
#2014681
#2014690
#2014700
#2014731
#2014749
#2014766
#2014784
#2014797
#2014806
#2014821
#2014830
#2014842
#2014852
#2014864
#2014874
#2014883
#2014892
#2014921
#2014938
#2014961
#2014971
#2014981
#2015001
#2015014
#2015039
#2015052
#2015064
#2015076
#2015089
#2015097
#2015113
#2015132
#2015142
#2015151
#2015181
#2015194
#2015203
#2015213
#2015228
#2015241
#2015263
#2015275
#2015287
#2015320
#2015410
#2015418
#2015487
0+"
#2015500
1&"
#2015509
#2015519
0,"
#2015532
1-"
#2015603
1!
#2015604
0!
#2015608
#2015624
#2015649
#2015662
#2015688
0("
#2015701
1)"
#2015735
#2015771
#2015783
#2015797
#2015828
#2015839
#2015856
#2015868
#2015888
#2015900
#2015910
#2015934
#2015947
#2015959
#2015969
#2015978
#2015987
#2015995
#2016012
#2016025
#2016034
#2016042
#2016073
#2016086
#2016105
#2016119
#2016130
#2016145
#2016158
#2016180
#2016189
#2016199
#2016233
#2016249
#2016258
#2016273
#2016282
#2016294
#2016365
#2016384
#2016405
#2016418
#2016489
#2016516
0*"
#2016532
1."
#2016548
#2016559
#2016572
#2016582
1!
#2016583
0!
#2016588
#2016607
#2016615
#2016631
#2016654
#2016824
0-"
#2016837
12"
#2016847
0'"
#2016861
11"
#2016874
#2016904
#2016933
#2016960
#2016988
#2017057
#2017074
#2017087
#2017097
#2017160
#2017225
#2017253
#2017263
#2017273
#2017290
#2017453
0/"
#2017466
15"
#2017491
02"
#2017504
16"
#2017660
0."
#2017674
1+"
#2017684
05"
#2017697
1,"
#2017768
#2017797
06"
#2017811
1("
#2017873
#2017901
#2017912
#2017940
#2017950
#2017979
#2017991
#2018001
#2018010
#2018018
#2018027
#2018037
#2018081
#2018094
#2018127
#2018137
#2018147
1!
#2018148
0!
#2018153
#2018166
#2018181
#2018201
#2018209
#2018222
#2018254
#2018267
#2018279
#2018293
#2018304
#2018331
#2018343
#2018353
#2018369
#2018384
#2018395
#2018408
#2018420
#2018430
#2018440
#2018453
#2018462
#2018470
#2018486
#2018496
#2018509
#2018531
#2018540
#2018548
#2018559
1!
#2018560
0!
#2018565
#2018592
#2018613
#2018630
#2018642
#2018655
#2018670
#2018682
#2018693
#2018701
#2018710
#2018729
#2018747
#2018775
#2018789
#2018797
#2018806
#2018818
#2018830
#2018843
#2018851
#2018867
#2018897
#2018925
#2018933
#2018942
#2018965
#2018991
#2019001
#2019069
#2019093
#2019222
#2019240
#2019304
#2019314
#2019334
#2019368
#2019437
#2019512
#2019539
0%"
#2019555
1*"
#2019569
#2019631
#2019646
1!
#2019647
0!
#2019652
#2019670
#2019681
#2019761
00"
#2019774
1"
#2019784
0&"
#2019798
1#
#2019810
#2019820
0)"
#2019835
1(
#2019846
0*"
#2019861
1&
#2019871
01"
#2019888
1%
#2019898
0("
#2019915
1$
#2019925
0,"
#2019942
1*
#2019952
0+"
#2019970
1)
#2020097
0"
#2020119
1-"
#2020130
0%
#2020143
1'"
#2020153
0$
#2020167
1/"
#2020178
0*
#2020192
12"
#2020202
0)
#2020217
1."
#2020228
#2020242
0&
#2020257
15"
#2020277
#2020344
#2020355
0#
#2020371
16"
#2020381
#2020390
0(
#2020406
1%"
#2020419
#2020440
#2020458
#2020475
#2020499
#2020518
#2020528
#2020540
#2020561
#2020571
#2020588
#2020604
#2020615
#2020627
#2020639
#2020655
#2020683
#2020695
1!
#2020696
0!
#2020700
#2020808
#2020898
#2020915
#2020924
06"
#2020940
10"
#2020990
x0"
#2021001
#2021070
#2021099
00"
#2021112
1&"
#2021126
#2021136
0."
#2021153
1)"
#2021162
#2021176
#2021190
#2021257
#2021339
#2021348
#2021358
#2021387
02"
#2021400
1*"
#2021410
#2021420
#2021449
05"
#2021466
11"
#2021477
1!
#2021478
0!
#2021483
#2021493
#2021516
#2021526
#2021539
#2021598
#2021622
#2021637
#2021650
#2021659
#2021667
#2021676
#2021684
#2021701
#2021730
#2021740
#2021751
#2021764
#2021772
#2021781
#2021796
#2021813
#2021826
#2021845
#2021871
#2021885
#2021898
#2021909
#2021922
#2021930
#2021939
#2021958
#2021968
#2021978
#2021991
#2022000
#2022008
#2022017
#2022026
#2022058
#2022084
#2022115
#2022125
#2022144
#2022155
#2022168
#2022185
#2022198
#2022290
#2022316
#2022326
0&"
#2022342
1("
#2022402
#2022412
#2022452
#2022470
1!
#2022471
0!
#2022476
#2022494
#2022510
#2022522
#2022637
#2022649
#2022715
#2022793
#2022802
#2022810
#2022833
#2022918
#2022944
#2022953
0("
#2022969
1,"
#2022980
#2023005
#2023017
#2023050
#2023111
#2023157
#2023283
#2023297
0-"
#2023313
1+"
#2023327
#2023337
#2023347
#2023360
#2023375
#2023384
#2023403
#2023415
1!
#2023416
0!
#2023421
#2023433
#2023443
#2023528
#2023544
#2023554
0'"
#2023567
16"
#2023594
#2023623
#2023637
#2023649
#2023662
#2023670
#2023684
#2023697
#2023714
#2023780
#2023810
#2023825
#2023838
#2023848
#2023865
#2023883
#2023896
#2023905
#2023914
#2023943
#2023952
#2023961
#2024031
#2024061
#2024075
#2024092
#2024111
#2024128
#2024137
0+"
#2024153
1."
#2024164
#2024188
#2024205
#2024222
#2024243
#2024267
#2024277
#2024285
#2024298
#2024309
#2024322
#2024351
#2024364
#2024382
#2024399
#2024409
#2024421
#2024431
#2024440
#2024448
#2024471
#2024488
#2024509
#2024522
#2024538
#2024550
#2024561
#2024576
#2024596
#2024608
#2024618
#2024637
#2024649
1!
#2024650
0!
#2024655
#2024677
#2024688
#2024707
#2024717
#2024732
#2024765
#2024776
#2024805
#2024819
#2024836
#2024846
#2024872
#2024882
#2024894
#2024905
#2024920
#2024932
#2024953
#2024970
#2025046
#2025079
#2025096
#2025127
#2025140
#2025148
#2025211
#2025221
#2025230
#2025245
#2025290
#2025305
#2025322
#2025332
#2025340
#2025400
#2025416
0/"
#2025432
12"
#2025450
#2025467
#2025477
#2025489
#2025501
#2025514
#2025522
#2025538
#2025553
#2025570
#2025587
#2025599
1!
#2025600
0!
#2025605
#2025617
#2025640
#2025655
#2025668
#2025677
#2025689
#2025699
#2025708
#2025716
#2025735
#2025749
#2025788
#2025812
#2025836
#2025905
#2025935
#2025949
0."
#2025965
15"
#2025975
#2025983
#2025995
#2026012
#2026045
#2026057
#2026070
#2026082
#2026094
#2026107
#2026115
#2026137
#2026148
#2026171
#2026181
#2026200
#2026210
#2026221
#2026234
#2026242
#2026252
#2026276
#2026293
#2026305
#2026315
#2026339
#2026367
#2026380
#2026393
#2026403
#2026415
#2026425
#2026434
#2026456
#2026480
1!
#2026481
0!
#2026486
#2026511
#2026521
#2026538
#2026555
#2026638
#2026671
#2026689
#2026702
#2026711
#2026781
#2026798
#2026807
#2026824
#2026838
05"
#2026854
1&"
#2026865
#2026878
#2026887
#2026909
#2026917
#2026928
#2026949
#2026964
#2026980
#2026997
#2027013
#2027025
#2027039
#2027066
#2027129
#2027142
#2027157
#2027167
#2027180
#2027192
#2027206
#2027216
#2027225
#2027234
#2027266
#2027285
#2027298
#2027320
#2027329
#2027341
#2027358
#2027368
#2027384
#2027424
1!
#2027425
0!
#2027430
#2027443
#2027460
#2027470
#2027480
#2027500
#2027519
#2027529
#2027538
#2027548
#2027568
#2027585
#2027598
#2027610
#2027624
#2027700
#2027710
#2027739
#2027747
#2027756
02"
#2027773
1("
#2027782
#2027806
#2027830
#2027841
#2027854
#2027870
#2027885
#2027895
#2027915
#2027927
#2027946
#2027959
#2027969
#2027989
#2027998
#2028006
#2028016
#2028029
#2028038
#2028047
#2028070
#2028083
#2028092
#2028104
#2028121
#2028131
#2028144
#2028153
#2028177
#2028190
#2028209
#2028219
#2028238
#2028248
#2028257
#2028272
#2028282
#2028317
#2028339
#2028353
#2028413
0*"
#2028426
1"
#2028436
0)"
#2028451
1'
#2028482
1!
#2028483
0!
#2028488
#2028501
0("
#2028516
1%
#2028526
0&"
#2028542
1$
#2028552
0,"
#2028568
1*
#2028578
0%"
#2028595
1)
#2028605
01"
#2028623
1&
#2028634
#2028645
06"
#2028663
1#
#2028787
0"
#2028810
1-"
#2028820
0*
#2028834
1'"
#2028844
0)
#2028858
1+"
#2028868
0&
#2028883
1/"
#2028893
0'
#2028908
1."
#2028918
0$
#2028933
15"
#2028945
#2028961
#2028971
#2028983
0%
#2028999
12"
#2029012
#2029040
#2029058
#2029115
0+"
#2029128
1"
#2029153
0'"
#2029168
1(
#2029179
#2029190
0/"
#2029206
1*
#2029216
0#
#2029232
1)
#2029242
0-"
#2029258
1&
#2029268
02"
#2029285
1'
#2029295
0."
#2029313
1$
#2029323
05"
#2029341
1%
#2029429
1!
#2029430
0!
#2029435
#2029448
0"
#2029471
1*"
#2029481
0)
#2029494
1)"
#2029505
0'
#2029519
1("
#2029529
0&
#2029543
1&"
#2029553
0$
#2029568
1,"
#2029579
0%
#2029594
1%"
#2029604
0(
#2029620
11"
#2029630
#2029641
#2029649
#2029658
#2029671
#2029684
0*
#2029701
16"
#2029710
#2029719
#2029728
06"
#2029744
1+"
#2029759
#2029775
#2029784
#2029793
#2029801
#2029868
#2029902
#2029914
#2029940
#2029950
#2029971
0,"
#2029987
1'"
#2030008
x'"
#2030024
#2030034
#2030058
#2030130
0'"
#2030143
1/"
#2030153
0&"
#2030167
1-"
#2030176
#2030185
#2030196
#2030281
#2030308
#2030329
#2030417
0*"
#2030431
12"
#2030501
1!
#2030502
0!
#2030507
#2030525
0+"
#2030539
1."
#2030552
#2030581
#2030608
#2030623
#2030645
#2030655
#2030667
#2030695
#2030705
#2030713
#2030739
#2030767
#2030785
#2030857
02"
#2030870
1"
#2030881
0("
#2030895
1#
#2030906
#2030917
0."
#2030932
1)
#2030942
0)"
#2030958
1'
#2030968
0/"
#2030984
1&
#2030994
0%"
#2031011
1$
#2031044
0-"
#2031061
1%
#2031078
01"
#2031096
1(
#2031198
0"
#2031221
15"
#2031231
0'
#2031245
16"
#2031258
0&
#2031271
1,"
#2031282
0$
#2031296
1&"
#2031306
0(
#2031321
1*"
#2031332
0#
#2031347
1+"
#2031357
0%
#2031373
12"
#2031384
#2031399
#2031417
#2031427
#2031443
#2031453
0)
#2031470
1("
#2031483
#2031493
#2031502
#2031525
#2031539
#2031555
#2031569
#2031577
#2031586
#2031594
#2031618
#2031631
#2031648
#2031708
0,"
#2031721
1"
#2031731
0*"
#2031745
1*
#2031757
#2031767
0&"
#2031782
1'
#2031808
0+"
#2031824
1&
#2031839
05"
#2031855
1$
#2031865
0("
#2031882
1(
#2031892
06"
#2031910
1#
#2031920
02"
#2031938
1%
#2031956
1!
#2031957
0!
#2031962
#2032066
0"
#2032089
1."
#2032099
0*
#2032112
1)"
#2032123
0$
#2032136
1/"
#2032147
0(
#2032161
1%"
#2032171
0#
#2032186
1-"
#2032197
0&
#2032212
11"
#2032222
0%
#2032238
1,"
#2032248
#2032259
#2032274
0'
#2032290
1*"
#2032369
#2032397
#2032412
x*"
#2032425
#2032438
0-"
#2032454
1&"
#2032471
0*"
#2032485
1+"
#2032496
1!
#2032497
0!
#2032502
#2032522
#2032534
#2032543
#2032553
#2032564
#2032580
#2032594
#2032604
#2032619
#2032635
#2032643
#2032666
#2032674
#2032683
#2032693
#2032710
#2032723
#2032737
#2032765
#2032775
#2032800
#2032817
#2032834
#2032858
#2032868
#2032878
#2032938
0/"
#2032951
1"
#2032971
0."
#2032985
1)
#2032997
#2033008
0%"
#2033022
1*
#2033033
01"
#2033048
1$
#2033069
0+"
#2033085
1(
#2033095
0)"
#2033112
1#
#2033122
0&"
#2033140
1&
#2033150
0,"
#2033168
1%
#2033291
0"
#2033313
15"
#2033324
0&
#2033337
1("
#2033348
0$
#2033361
16"
#2033372
0%
#2033386
12"
#2033396
0)
#2033411
1-"
#2033422
0(
#2033437
1/"
#2033449
#2033461
#2033473
#2033493
x("
#2033508
x6"
#2033521
#2033547
#2033558
0*
#2033573
1."
#2033583
06"
#2033596
1%"
#2033605
#2033635
1!
#2033636
0!
#2033641
#2033713
#2033748
0#
#2033764
11"
#2033774
0("
#2033787
1+"
#2033800
#2033810
#2033826
#2033841
05"
#2033857
1)"
#2033877
x."
#2033890
#2033903
#2033922
#2033931
#2033940
0."
#2033954
1&"
#2033984
#2033994
#2034007
#2034020
#2034030
#2034044
#2034052
#2034071
#2034081
#2034090
#2034100
#2034113
#2034135
#2034144
#2034154
#2034178
#2034196
#2034211
#2034224
#2034233
#2034248
#2034257
#2034265
#2034281
#2034293
#2034325
#2034390
#2034403
#2034415
#2034426
#2034436
#2034456
#2034473
#2034489
#2034501
1!
#2034502
0!
#2034507
#2034526
#2034538
#2034555
#2034567
#2034584
#2034593
#2034605
#2034630
#2034660
#2034672
#2034687
#2034700
#2034709
#2034717
#2034727
#2034747
#2034759
#2034769
#2034788
#2034798
#2034807
#2034826
#2034843
#2034860
#2034877
#2034894
#2034909
#2034928
#2034942
#2034953
#2034975
#2034995
#2035003
#2035016
#2035043
#2035053
#2035063
#2035085
#2035108
#2035118
#2035137
#2035147
#2035164
#2035178
#2035190
#2035200
#2035208
#2035224
#2035243
#2035260
#2035290
#2035307
#2035317
#2035327
#2035340
#2035349
#2035358
#2035373
#2035390
#2035418
1!
#2035419
0!
#2035424
#2035438
#2035452
#2035469
#2035479
#2035491
#2035526
#2035536
#2035548
#2035567
#2035580
#2035589
#2035604
#2035613
#2035625
#2035642
#2035724
01"
#2035737
1,"
#2035749
#2035777
#2035786
#2035857
#2035888
#2035903
#2035917
#2035934
#2035944
#2035954
#2035967
#2035976
#2035991
#2036000
#2036009
#2036024
#2036034
#2036047
#2036056
#2036068
#2036095
#2036114
#2036141
#2036151
#2036164
#2036173
#2036185
#2036196
#2036271
0%"
#2036284
1"
#2036295
0+"
#2036309
1'
#2036320
#2036331
02"
#2036346
1&
#2036361
0/"
#2036377
1$
#2036387
0,"
#2036403
1%
#2036414
0)"
#2036430
1)
#2036441
0&"
#2036458
1(
#2036468
0-"
#2036486
1*
#2036498
1!
#2036499
0!
#2036503
#2036598
0"
#2036621
15"
#2036631
0&
#2036644
11"
#2036655
0*
#2036669
1%"
#2036679
0$
#2036693
1+"
#2036704
0%
#2036718
12"
#2036729
0)
#2036744
1/"
#2036754
0(
#2036770
1,"
#2036780
0'
#2036796
1)"
#2036810
#2036820
#2036842
#2036859
#2036877
#2036901
#2036923
x,"
#2036943
#2036956
0,"
#2036970
1&"
#2036983
#2036992
#2037002
#2037022
#2037034
#2037048
#2037065
#2037074
#2037083
#2037091
#2037113
#2037275
01"
#2037288
1-"
#2037300
#2037380
02"
#2037393
11"
#2037406
#2037418
#2037445
#2037457
#2037490
#2037503
#2037511
#2037520
#2037530
#2037550
#2037560
1!
#2037561
0!
#2037566
#2037582
#2037592
#2037600
#2037611
#2037624
#2037632
#2037656
#2037669
#2037678
#2037686
#2037715
#2037726
#2037740
#2037753
#2037769
#2037779
#2037792
#2037800
#2037809
#2037835
#2037849
#2037865
#2037876
#2037899
#2037911
#2037927
#2037946
#2037966
#2037978
#2037997
#2038010
#2038018
#2038047
#2038057
#2038077
#2038089
#2038101
#2038114
#2038123
#2038133
#2038160
#2038168
#2038177
#2038185
#2038201
#2038209
#2038222
#2038239
#2038249
#2038265
#2038293
#2038305
#2038319
#2038332
#2038344
#2038361
#2038384
#2038392
#2038402
#2038415
#2038439
#2038456
#2038468
#2038522
0%"
#2038535
1"
#2038557
1!
#2038558
0!
#2038562
#2038581
05"
#2038596
1#
#2038606
0-"
#2038621
1&
#2038632
#2038643
0+"
#2038659
1*
#2038674
0)"
#2038690
1$
#2038701
0/"
#2038717
1%
#2038728
0&"
#2038745
1)
#2038755
0#
#2038772
1(
#2038790
01"
#2038807
1'
#2038891
0"
#2038914
12"
#2038924
0'
#2038937
1%"
#2038948
0%
#2038962
15"
#2038972
0)
#2038986
1-"
#2038997
0$
#2039011
1+"
#2039022
0(
#2039037
1)"
#2039047
0&
#2039063
1/"
#2039076
#2039087
0*
#2039103
1&"
#2039117
x5"
#2039134
#2039141
#2039149
#2039166
#2039176
#2039192
#2039219
05"
#2039233
11"
#2039246
#2039262
#2039277
#2039287
#2039309
#2039324
#2039340
#2039350
#2039359
#2039376
#2039393
#2039406
#2039437
#2039445
#2039458
#2039476
#2039536
0/"
#2039549
1"
#2039559
01"
#2039573
1#
#2039584
#2039595
02"
#2039610
1'
#2039626
0%"
#2039641
1%
#2039667
0&"
#2039683
1)
#2039718
0-"
#2039734
1$
#2039745
0+"
#2039762
1(
#2039772
0)"
#2039790
1&
#2039825
1!
#2039826
0!
#2039831
#2039926
0"
#2039949
1/"
#2039959
0%
#2039973
11"
#2039986
0(
#2040000
12"
#2040010
0&
#2040024
1%"
#2040036
#2040047
0'
#2040062
1&"
#2040072
0)
#2040087
1-"
#2040098
0#
#2040113
1+"
#2040124
0$
#2040140
1)"
#2040155
#2040179
#2040189
#2040196
#2040209
x1"
#2040219
#2040240
#2040250
#2040263
#2040271
#2040279
#2040291
#2040302
01"
#2040316
1*
#2040340
#2040350
#2040367
#2040383
#2040392
#2040402
1!
#2040403
0!
#2040408
#2040427
#2040444
#2040459
#2040473
#2040486
#2040495
#2040504
#2040519
#2040536
#2040549
#2040558
#2040566
#2040592
#2040611
#2040627
#2040637
#2040654
#2040667
#2040684
#2040704
#2040716
#2040726
#2040742
#2040757
#2040769
#2040788
#2040803
#2040816
#2040828
#2040845
#2040855
#2040868
#2040877
#2040892
#2040908
#2040917
#2041034
0+"
#2041049
1%
#2041121
#2041149
0%
#2041164
1+"
#2041175
0)"
#2041189
1(
#2041207
#2041231
#2041261
#2041324
#2041344
#2041352
#2041362
0(
#2041377
1)"
#2041391
#2041401
#2041418
#2041431
#2041441
1!
#2041442
0!
#2041447
#2041474
#2041487
#2041555
#2041570
#2041579
#2041591
#2041639
#2041653
0-"
#2041668
1-"
#2041740
#2041766
#2041776
#2041800
#2041810
#2041819
#2041843
#2041857
0)"
#2041872
1)"
#2041947
#2041970
#2042038
#2042047
0)"
#2042061
1&
#2042078
0%"
#2042093
1'
#2042120
#2042148
0&
#2042164
1%"
#2042177
#2042205
0*
#2042220
1)"
#2042289
#2042304
#2042324
#2042399
0+"
#2042414
1)
#2042427
#2042455
0)
#2042471
1+"
#2042480
#2042491
1!
#2042492
0!
#2042496
#2042559
#2042569
#2042589
#2042671
0+"
#2042685
1#
#2042706
#2042803
#2042820
#2042831
#2042845
#2042853
#2042865
#2042882
#2042908
#2042922
#2042932
#2042947
#2042971
#2043020
0%"
#2043033
1"
#2043043
0-"
#2043059
1$
#2043070
#2043081
02"
#2043097
1%
#2043123
0#
#2043139
1(
#2043149
0/"
#2043166
1&
#2043176
0&"
#2043193
1*
#2043204
0)"
#2043222
1)
#2043314
0"
#2043337
1+"
#2043347
0%
#2043360
1%"
#2043371
0'
#2043385
1-"
#2043395
0&
#2043409
12"
#2043420
0*
#2043434
1/"
#2043445
0$
#2043460
1&"
#2043470
0)
#2043486
1)"
#2043496
0(
#2043513
1#
#2043527
x-"
#2043545
#2043576
#2043591
#2043602
#2043612
1!
#2043613
0!
#2043618
#2043632
0-"
#2043646
1%
#2043664
#2043675
#2043705
#2043719
0%
#2043736
1'
#2043747
#2043778
#2043786
#2043795
#2043804
#2043829
#2043848
#2043862
#2043894
#2043917
#2043941
#2043951
#2043961
#2043993
#2044009
#2044026
#2044043
#2044056
#2044065
#2044073
#2044086
#2044103
#2044127
#2044153
#2044165
#2044188
#2044205
#2044231
#2044245
#2044255
#2044265
#2044325
0/"
#2044338
1"
#2044348
02"
#2044364
1&
#2044375
#2044386
0&"
#2044402
1*
#2044432
0)"
#2044449
1$
#2044558
0+"
#2044581
1/"
#2044592
0%"
#2044605
12"
#2044615
0&
#2044629
1&"
#2044639
0"
#2044651
1)"
#2044662
0$
#2044676
1+"
#2044692
0*
#2044707
1%"
#2044721
x+"
#2044733
0#
#2044750
1)
#2044766
0+"
#2044781
1(
#2044797
#2044810
#2044824
#2044840
#2044851
#2044859
#2044876
1!
#2044877
0!
#2044882
#2044894
#2044903
0'
#2044921
1%
#2044930
#2044939
#2044951
#2044982
#2045002
#2045012
#2045025
#2045034
#2045046
#2045060
#2045070
#2045078
#2045102
#2045132
#2045149
#2045160
#2045173
#2045183
#2045206
#2045217
#2045227
#2045240
#2045255
#2045274
#2045284
#2045300
#2045319
#2045331
#2045343
#2045352
#2045362
#2045382
#2045398
#2045413
#2045425
#2045437
1!
#2045438
0!
#2045443
#2045472
#2045486
#2045504
#2045535
#2045545
#2045564
#2045576
#2045596
#2045608
#2045618
#2045635
#2045652
#2045662
#2045679
#2045699
#2045707
#2045720
#2045740
#2045750
#2045781
#2045794
#2045806
#2045816
#2045828
#2045840
#2045860
#2045879
#2045889
#2045913
#2045928
#2045948
#2045956
#2045968
#2045979
#2046002
#2046022
#2046034
#2046046
#2046059
#2046068
#2046083
#2046095
#2046106
#2046114
#2046133
#2046161
#2046172
#2046199
#2046211
#2046222
#2046232
#2046246
#2046273
#2046283
#2046296
#2046305
#2046313
#2046332
#2046349
#2046359
#2046379
#2046396
#2046410
#2046422
#2046432
#2046440
#2046449
#2046468
#2046489
#2046514
#2046529
#2046542
#2046552
1!
#2046553
0!
#2046558
#2046571
#2046600
#2046657
0)"
#2046670
1"
#2046681
0/"
#2046697
1&
#2046708
#2046719
0%"
#2046736
1$
#2046746
02"
#2046763
1*
#2046774
0&"
#2046791
1#
#2046901
0"
#2046924
1)"
#2046934
0(
#2046948
1/"
#2046958
0)
#2046972
1%"
#2046982
0&
#2046996
12"
#2047007
0*
#2047022
1&"
#2047032
0%
#2047049
1'
#2047059
0$
#2047077
1(
#2047085
#2047101
#2047116
#2047157
0#
#2047170
1"
#2047186
0/"
#2047201
1)
#2047212
#2047228
02"
#2047245
1&
#2047259
0%"
#2047275
1*
#2047286
0&"
#2047303
1%
#2047313
0)"
#2047331
1$
#2047419
1!
#2047420
0!
#2047425
#2047438
0"
#2047461
1/"
#2047471
0)
#2047484
12"
#2047495
0*
#2047509
1%"
#2047519
0&
#2047533
1&"
#2047544
0%
#2047558
1)"
#2047569
0'
#2047586
1#
#2047596
0(
#2047614
1)
#2047626
x%"
#2047636
#2047644
#2047671
#2047680
0%"
#2047695
1*
#2047716
x/"
#2047729
#2047750
0$
#2047767
1&
#2047782
#2047794
#2047813
#2047834
0/"
#2047849
1%
#2047859
#2047891
#2047927
#2047939
#2047982
0)"
#2047995
1"
#2048014
02"
#2048031
1'
#2048041
0&"
#2048059
1(
#2048070
#2048212
0"
#2048234
1)"
#2048245
0%
#2048258
12"
#2048268
0&
#2048282
1&"
#2048293
0)
#2048310
1$
#2048320
0(
#2048338
1%
#2048348
#2048362
0'
#2048379
1&
#2048397
#2048406
0#
#2048424
1)
#2048437
#2048452
x&"
#2048465
1!
#2048466
0!
#2048471
#2048492
0&"
#2048507
1(
#2048517
0*
#2048535
1'
#2048545
0(
#2048563
1#
#2048573
#2048585
#2048628
#2048645
#2048670
#2048682
#2048692
#2048750
#2048762
#2048790
#2048802
#2048812
#2048942
02"
#2048957
1*
#2048985
#2049032
#2049041
0%
#2049054
12"
#2049074
#2049086
#2049122
0)"
#2049135
1"
#2049146
02"
#2049164
1(
#2049175
#2049271
0"
#2049294
1)"
#2049304
0*
#2049318
12"
#2049328
0#
#2049346
1%
#2049356
0'
#2049374
1*
#2049388
x)"
#2049400
0&
#2049417
1#
#2049433
0$
#2049450
1'
#2049461
0(
#2049478
1&
#2049489
1!
#2049490
0!
#2049495
#2049508
0)
#2049525
1$
#2049536
0)"
#2049551
1(
#2049570
#2049616
02"
#2049629
1"
#2049656
#2049669
#2049703
#2049737
#2049796
0"
#2049809
1"
#2049825
0"
#2049838
1"
#2049854
0"
#2049867
1"
#2049884
0"
#2049897
1"
#2049913
0"
#2049926
1"
#2049942
0"
#2049955
1"
#2049971
0"
#2049984
1"
#2050000
0"
#2050013
1"
